tarih,urun_kodu,urun_adi,satis_adedi,birim_fiyat,promosyon_var_mi,resmi_tatil_mi,yil,ay,ayin_gunu,haftanin_gunu,hafta_numarasi,ceyrek,hafta_sonu_mu,yaz_mevsimi_mi,fiyat_endeksi,lag_1,lag_7,lag_14,lag_28,hareketli_ortalama_7,hareketli_ortalama_28,hareketli_std_7
2022-01-29,SARDL,Sardalya Konservesi,347.0,23.11,0,0,2022,1,29,5,4,1,1,0,0.8707611152976639,450.0,304.0,244.0,203.0,404.7142857142857,388.05357142857144,65.35215958103278
2022-01-29,SOMON,Somon Konservesi,141.0,65.12,0,0,2022,1,29,5,4,1,1,0,0.8495759947814743,185.0,105.0,132.0,76.5,186.57142857142858,178.67857142857142,56.43833550243765
2022-01-29,TON160,Ton Balığı Konservesi 160g,425.0,49.2,0,0,2022,1,29,5,4,1,1,0,0.8696420680512594,543.0,390.0,413.0,255.6875,545.7142857142857,510.78794642857144,140.50351630915895
2022-01-29,TON80,Ton Balığı Konservesi 80g,643.0,27.85,0,0,2022,1,29,5,4,1,1,0,0.8434282253179891,854.0,695.0,641.0,428.75,807.7142857142857,811.9553571428571,121.66581865327417
2022-01-29,ZEYTY,Zeytinyağı 1L,262.0,210.41,0,0,2022,1,29,5,4,1,1,0,0.848,297.0,245.5,255.0,123.0,288.64285714285717,277.9107142857143,42.82202926621052
2022-01-30,SARDL,Sardalya Konservesi,299.0,22.62,0,0,2022,1,30,6,4,1,1,0,0.8522984174830446,347.0,328.0,315.0,291.0,410.85714285714283,393.19642857142856,55.60104486856526
2022-01-30,SOMON,Somon Konservesi,128.0,65.9,0,0,2022,1,30,6,4,1,1,0,0.8597521200260927,141.0,135.0,134.0,121.0,191.71428571428572,180.98214285714286,48.903695449029506
2022-01-30,TON160,Ton Balığı Konservesi 160g,566.5,49.53,0,0,2022,1,30,6,4,1,1,0,0.875475033141847,425.0,365.0,370.0,255.6875,550.7142857142857,516.8348214285714,134.53464768813805
2022-01-30,TON80,Ton Balığı Konservesi 80g,714.0,28.12,0,0,2022,1,30,6,4,1,1,0,0.8516050878255602,643.0,581.0,572.0,635.0,800.2857142857143,819.6071428571429,130.9296430475979
2022-01-30,ZEYTY,Zeytinyağı 1L,220.0,208.13,0,0,2022,1,30,6,4,1,1,0,0.8388110831234257,262.0,214.0,205.0,231.0,291.0,282.875,40.439254856306796
2022-01-31,SARDL,Sardalya Konservesi,454.0,22.61,0,0,2022,1,31,0,5,1,0,0,0.8519216277317258,299.0,418.0,429.0,458.0,406.7142857142857,393.48214285714283,63.34486110626056
2022-01-31,SOMON,Somon Konservesi,296.5,67.28,0,0,2022,1,31,0,5,1,0,0,0.8777560339204175,128.0,193.0,160.5,191.0,190.71428571428572,181.23214285714286,50.30809837297333
2022-01-31,TON160,Ton Balığı Konservesi 160g,708.0,48.22,1,0,2022,1,31,0,5,1,0,0,0.8523199292973928,566.5,768.0,824.1875,657.0,579.5,527.9352678571429,106.89285913162455
2022-01-31,TON80,Ton Balığı Konservesi 80g,971.0,26.78,0,0,2022,1,31,0,5,1,0,0,0.8110236220472441,714.0,897.0,1012.0,812.0,819.2857142857143,822.4285714285714,99.73918368376958
2022-01-31,ZEYTY,Zeytinyağı 1L,467.0,210.43,0,0,2022,1,31,0,5,1,0,0,0.848080604534005,220.0,307.0,259.0,318.0,291.85714285714283,282.48214285714283,38.554846523831344
2022-02-01,SARDL,Sardalya Konservesi,429.0,22.6,0,0,2022,2,1,1,5,1,0,0,0.851544837980407,454.0,475.0,426.0,416.0,411.85714285714283,393.3392857142857,65.82661207401513
2022-02-01,SOMON,Somon Konservesi,200.0,64.31,0,0,2022,2,1,1,5,1,0,0,0.8390084801043705,296.5,257.0,187.0,187.0,205.5,185.0,64.34347933810648
2022-02-01,TON160,Ton Balığı Konservesi 160g,767.0,47.56,1,0,2022,2,1,1,5,1,0,0,0.8406539991162174,708.0,587.0,532.0,556.0,570.9285714285714,529.7566964285714,90.39009374715266
2022-02-01,TON80,Ton Balığı Konservesi 80g,1005.0,28.99,1,0,2022,2,1,1,5,1,0,0,0.8779527559055117,971.0,891.0,785.0,902.0,829.8571428571429,828.1071428571429,112.45951652547161
2022-02-01,ZEYTY,Zeytinyağı 1L,322.0,210.73,0,0,2022,2,1,1,5,1,0,0,0.8492896725440806,467.0,317.0,327.0,290.0,314.7142857142857,287.80357142857144,77.14426806469871
2022-02-02,SARDL,Sardalya Konservesi,409.0,23.11,0,0,2022,2,2,2,5,1,0,0,0.8707611152976639,429.0,454.0,381.0,429.0,405.2857142857143,393.80357142857144,60.55772531426612
2022-02-02,SOMON,Somon Konservesi,181.0,67.98,0,0,2022,2,2,2,5,1,0,0,0.8868884540117417,200.0,255.0,243.0,185.0,197.35714285714286,185.46428571428572,60.21400327561846
2022-02-02,TON160,Ton Balığı Konservesi 160g,255.6875,48.35,0,0,2022,2,2,2,5,1,0,0,0.8546177640300486,767.0,522.0,519.0,567.0,596.6428571428571,537.2924107142857,117.31677710573277
2022-02-02,TON80,Ton Balığı Konservesi 80g,866.0,28.1,0,0,2022,2,2,2,5,1,0,0,0.8509993943064809,1005.0,882.0,873.0,944.0,846.1428571428571,831.7857142857143,129.71947755500258
2022-02-02,ZEYTY,Zeytinyağı 1L,341.0,204.95,0,0,2022,2,2,2,5,1,0,0,0.8259949622166246,322.0,334.0,310.0,302.0,315.42857142857144,288.94642857142856,77.19209187228343
2022-02-03,SARDL,Sardalya Konservesi,611.0,23.38,1,0,2022,2,3,3,5,1,0,0,0.8809344385832705,409.0,404.0,402.0,402.5,398.85714285714283,393.0892857142857,56.796210470501734
2022-02-03,SOMON,Somon Konservesi,171.0,66.25,0,0,2022,2,3,3,5,1,0,0,0.8643183300717546,181.0,176.0,204.0,195.0,186.78571428571428,185.32142857142858,54.64572043540795
2022-02-03,TON160,Ton Balığı Konservesi 160g,610.0,48.06,0,0,2022,2,3,3,5,1,0,0,0.8494918250110473,255.6875,645.0,546.0,534.0,558.5982142857143,526.1741071428571,174.70288713218633
2022-02-03,TON80,Ton Balığı Konservesi 80g,942.0,27.51,0,0,2022,2,3,3,5,1,0,0,0.8331314354936402,866.0,854.0,889.0,909.0,843.8571428571429,829.0,129.121943102155
2022-02-03,ZEYTY,Zeytinyağı 1L,284.0,214.96,0,0,2022,2,3,3,5,1,0,0,0.8663375314861461,341.0,306.0,293.0,312.0,316.42857142857144,290.3392857142857,77.51743275517049
2022-02-04,SARDL,Sardalya Konservesi,413.0,21.91,0,0,2022,2,4,4,5,1,0,0,0.8255463451394123,611.0,450.0,471.0,376.0,428.42857142857144,400.5357142857143,98.49848923182735
2022-02-04,SOMON,Somon Konservesi,207.0,64.51,0,0,2022,2,4,4,5,1,0,0,0.841617742987606,171.0,185.0,193.0,230.0,186.07142857142858,184.46428571428572,54.84252347360013
2022-02-04,TON160,Ton Balığı Konservesi 160g,626.0,49.46,0,0,2022,2,4,4,5,1,0,0,0.8742377375165709,610.0,543.0,527.0,473.5,553.5982142857143,528.8883928571429,172.30228651700506
2022-02-04,TON80,Ton Balığı Konservesi 80g,1018.0,27.68,0,0,2022,2,4,4,5,1,0,0,0.8382798304058146,942.0,854.0,942.0,926.0,856.4285714285714,830.1785714285714,134.44807813533697
2022-02-04,ZEYTY,Zeytinyağı 1L,291.0,202.71,0,0,2022,2,4,4,5,1,0,0,0.8169672544080605,284.0,297.0,277.0,282.0,313.2857142857143,289.3392857142857,78.45107665654709
2022-02-05,SARDL,Sardalya Konservesi,370.5,21.84,1,0,2022,2,5,5,5,1,1,0,0.8229088168801809,413.0,347.0,304.0,291.0,423.14285714285717,401.85714285714283,98.14008452450108
2022-02-05,SOMON,Somon Konservesi,148.0,66.23,0,0,2022,2,5,5,5,1,1,0,0.8640574037834312,207.0,141.0,105.0,132.0,189.21428571428572,183.64285714285714,55.39844849125375
2022-02-05,TON160,Ton Balığı Konservesi 160g,392.0,49.07,0,0,2022,2,5,5,5,1,1,0,0.8673442333186036,626.0,425.0,390.0,413.0,565.4553571428571,534.3348214285714,174.295735846366
2022-02-05,TON80,Ton Balığı Konservesi 80g,703.0,28.85,0,0,2022,2,5,5,5,1,1,0,0.8737129012719563,1018.0,643.0,695.0,706.0,879.8571428571429,833.4642857142857,147.60016776348692
2022-02-05,ZEYTY,Zeytinyağı 1L,272.0,211.39,0,0,2022,2,5,5,5,1,1,0,0.8519496221662468,291.0,262.0,245.5,221.0,312.42857142857144,289.6607142857143,78.69107772985265
2022-02-06,SARDL,Sardalya Konservesi,328.0,22.54,0,0,2022,2,6,6,5,1,1,0,0.8492840994724944,370.5,299.0,328.0,347.0,426.5,404.69642857142856,95.46683542815637
2022-02-06,SOMON,Somon Konservesi,113.0,67.2,0,0,2022,2,6,6,5,1,1,0,0.8767123287671232,148.0,128.0,135.0,134.0,190.21428571428572,184.21428571428572,54.437928829430085
2022-02-06,TON160,Ton Balığı Konservesi 160g,484.0,48.54,1,0,2022,2,6,6,5,1,1,0,0.8579761378700839,392.0,566.5,365.0,389.0,560.7410714285714,533.5848214285714,179.10774380626052
2022-02-06,TON80,Ton Balığı Konservesi 80g,580.0,28.74,0,0,2022,2,6,6,5,1,1,0,0.8703815869170198,703.0,714.0,581.0,611.0,888.4285714285714,833.3571428571429,132.52528959014705
2022-02-06,ZEYTY,Zeytinyağı 1L,193.0,214.79,0,0,2022,2,6,6,5,1,1,0,0.8656523929471033,272.0,220.0,214.0,228.0,313.85714285714283,291.48214285714283,77.70763276844937
2022-02-07,SARDL,Sardalya Konservesi,384.0,22.37,0,0,2022,2,7,0,6,1,0,0,0.8428786737000754,328.0,454.0,418.0,423.0,430.64285714285717,404.01785714285717,89.45143667828678
2022-02-07,SOMON,Somon Konservesi,194.0,64.22,0,0,2022,2,7,0,6,1,0,0,0.8378343118069145,113.0,296.5,193.0,176.0,188.07142857142858,183.46428571428572,57.50393361286149
2022-02-07,TON160,Ton Balığı Konservesi 160g,568.0,47.36,0,0,2022,2,7,0,6,1,0,0,0.8371188687582855,484.0,708.0,768.0,529.0,548.9553571428571,536.9776785714286,181.3657486523467
2022-02-07,TON80,Ton Balığı Konservesi 80g,928.0,28.04,0,0,2022,2,7,0,6,1,0,0,0.8491823137492428,580.0,971.0,897.0,884.0,869.2857142857143,832.25,167.090508692858
2022-02-07,ZEYTY,Zeytinyağı 1L,424.0,209.62,1,0,2022,2,7,0,6,1,0,0,0.844816120906801,193.0,467.0,307.0,326.0,310.0,290.23214285714283,83.5902705662168
2022-02-08,SARDL,Sardalya Konservesi,440.0,23.04,0,0,2022,2,8,1,6,1,0,0,0.8681235870384325,384.0,429.0,475.0,410.0,420.64285714285717,402.625,90.31367296157069
2022-02-08,SOMON,Somon Konservesi,174.0,63.58,0,0,2022,2,8,1,6,1,0,0,0.8294846705805609,194.0,200.0,257.0,186.0,173.42857142857142,184.10714285714286,33.210726895874764
2022-02-08,TON160,Ton Balığı Konservesi 160g,556.0,47.69,0,0,2022,2,8,1,6,1,0,0,0.8429518338488731,568.0,767.0,587.0,495.0,528.9553571428571,538.3705357142857,168.1411652478145
2022-02-08,TON80,Ton Balığı Konservesi 80g,944.0,27.66,0,0,2022,2,8,1,6,1,0,0,0.8376741368867352,928.0,1005.0,891.0,971.0,863.1428571428571,833.8214285714286,163.4792836737308
2022-02-08,ZEYTY,Zeytinyağı 1L,282.0,213.7,0,0,2022,2,8,1,6,1,0,0,0.8612594458438286,424.0,322.0,317.0,256.0,303.85714285714283,293.73214285714283,70.71875887727991
2022-02-09,SARDL,Sardalya Konservesi,502.0,23.31,0,0,2022,2,9,2,6,1,0,0,0.8782969103240391,440.0,409.0,454.0,461.0,422.2142857142857,403.69642857142856,90.57862935173017
2022-02-09,SOMON,Somon Konservesi,181.0,67.71,0,0,2022,2,9,2,6,1,0,0,0.8833659491193736,174.0,181.0,255.0,179.0,169.71428571428572,183.67857142857142,31.13258895816558
2022-02-09,TON160,Ton Balığı Konservesi 160g,517.0,49.7,0,0,2022,2,9,2,6,1,0,0,0.8784798939460893,556.0,255.6875,522.0,531.0,498.8125,540.5491071428571,133.7502190418768
2022-02-09,TON80,Ton Balığı Konservesi 80g,866.0,28.22,0,0,2022,2,9,2,6,1,0,0,0.8546335554209569,944.0,866.0,882.0,1002.0,854.4285714285714,832.8571428571429,156.11732462356318
2022-02-09,ZEYTY,Zeytinyağı 1L,297.0,212.12,0,0,2022,2,9,2,6,1,0,0,0.8548916876574307,282.0,341.0,334.0,341.0,298.14285714285717,294.6607142857143,70.62442582994585
2022-02-10,SARDL,Sardalya Konservesi,445.0,22.85,0,0,2022,2,10,3,6,1,0,0,0.8609645817633761,502.0,611.0,404.0,407.0,435.5,405.1607142857143,95.02850449558119
2022-02-10,SOMON,Somon Konservesi,189.0,66.79,0,0,2022,2,10,3,6,1,0,0,0.8713633398564905,181.0,171.0,176.0,193.0,169.71428571428572,183.75,31.13258895816558
2022-02-10,TON160,Ton Balığı Konservesi 160g,503.0,50.59,0,0,2022,2,10,3,6,1,0,0,0.8942112240388864,517.0,610.0,645.0,571.0,536.1428571428571,540.0491071428571,80.41647545005647
2022-02-10,TON80,Ton Balığı Konservesi 80g,925.0,28.77,0,0,2022,2,10,3,6,1,0,0,0.8712901271956389,866.0,942.0,854.0,862.0,854.4285714285714,828.0,156.11732462356318
2022-02-10,ZEYTY,Zeytinyağı 1L,322.0,208.06,0,0,2022,2,10,3,6,1,0,0,0.8385289672544081,297.0,284.0,306.0,316.0,291.85714285714283,293.0892857142857,68.08677936141144
2022-02-11,SARDL,Sardalya Konservesi,203.0,22.4,0,0,2022,2,11,4,6,1,0,0,0.8440090429540317,445.0,413.0,450.0,450.0,411.7857142857143,406.51785714285717,57.061266155230975
2022-02-11,SOMON,Somon Konservesi,164.0,64.98,0,0,2022,2,11,4,6,1,0,0,0.8477495107632094,189.0,207.0,185.0,258.0,172.28571428571428,183.60714285714286,31.988093022843575
2022-02-11,TON160,Ton Balığı Konservesi 160g,565.0,49.61,0,0,2022,2,11,4,6,1,0,0,0.8768890852850199,503.0,626.0,543.0,524.0,520.8571428571429,537.6205357142857,73.94689213985177
2022-02-11,TON80,Ton Balığı Konservesi 80g,976.0,28.17,0,0,2022,2,11,4,6,1,0,0,0.8531193216232587,925.0,1018.0,854.0,774.0,852.0,830.25,154.6533758657296
2022-02-11,ZEYTY,Zeytinyağı 1L,454.0,216.12,1,0,2022,2,11,4,6,1,0,0,0.8710125944584383,322.0,291.0,297.0,289.0,297.2857142857143,293.30357142857144,68.8663301517616
2022-02-12,SARDL,Sardalya Konservesi,330.0,23.28,0,0,2022,2,12,5,6,1,1,0,0.877166541070083,203.0,370.5,347.0,244.0,381.7857142857143,397.69642857142856,97.31900171722934
2022-02-12,SOMON,Somon Konservesi,151.0,66.21,0,0,2022,2,12,5,6,1,1,0,0.8637964774951075,164.0,148.0,141.0,132.0,166.14285714285714,180.25,28.10355002147454
2022-02-12,TON160,Ton Balığı Konservesi 160g,355.0,49.82,0,0,2022,2,12,5,6,1,1,0,0.8806009721608484,565.0,392.0,425.0,413.0,512.1428571428571,539.0848214285714,62.143459219853064
2022-02-12,TON80,Ton Balığı Konservesi 80g,669.0,27.77,0,0,2022,2,12,5,6,1,1,0,0.8410054512416716,976.0,703.0,643.0,641.0,846.0,837.4642857142857,147.802796545487
2022-02-12,ZEYTY,Zeytinyağı 1L,216.0,215.35,0,0,2022,2,12,5,6,1,1,0,0.8679093198992444,454.0,272.0,262.0,255.0,320.57142857142856,299.19642857142856,90.53518127015072
2022-02-13,SARDL,Sardalya Konservesi,275.0,22.35,0,0,2022,2,13,6,6,1,1,0,0.8421250941974379,330.0,328.0,299.0,315.0,376.0,400.76785714285717,99.28578280230586
2022-02-13,SOMON,Somon Konservesi,136.0,65.06,0,0,2022,2,13,6,6,1,1,0,0.8487932159165036,151.0,113.0,128.0,134.0,166.57142857142858,180.92857142857142,27.80202116667741
2022-02-13,TON160,Ton Balığı Konservesi 160g,385.0,50.92,0,0,2022,2,13,6,6,1,1,0,0.9000441891294741,355.0,484.0,566.5,370.0,506.85714285714283,537.0133928571429,74.42541808510636
2022-02-13,TON80,Ton Balığı Konservesi 80g,622.0,28.73,0,0,2022,2,13,6,6,1,1,0,0.8700787401574802,669.0,580.0,714.0,572.0,841.1428571428571,838.4642857142857,153.72532709503713
2022-02-13,ZEYTY,Zeytinyağı 1L,231.0,216.01,0,0,2022,2,13,6,6,1,1,0,0.8705692695214106,216.0,193.0,220.0,205.0,312.57142857142856,297.80357142857144,97.73067949362532
2022-02-14,SARDL,Sardalya Konservesi,575.0,22.53,1,0,2022,2,14,0,7,1,0,0,0.8489073097211757,275.0,384.0,454.0,429.0,368.42857142857144,399.3392857142857,105.3895269035418
2022-02-14,SOMON,Somon Konservesi,179.0,63.94,0,0,2022,2,14,0,7,1,0,0,0.8341813437703848,136.0,194.0,296.5,160.5,169.85714285714286,181.0,20.923898389390107
2022-02-14,TON160,Ton Balığı Konservesi 160g,610.0,49.35,0,0,2022,2,14,0,7,1,0,0,0.8722934158197083,385.0,568.0,708.0,824.1875,492.7142857142857,537.5491071428571,87.71300603999073
2022-02-14,TON80,Ton Balığı Konservesi 80g,1085.0,28.59,1,0,2022,2,14,0,7,1,0,0,0.8658388855239249,622.0,928.0,971.0,1012.0,847.1428571428571,840.25,142.22333208892326
2022-02-14,ZEYTY,Zeytinyağı 1L,405.0,213.61,1,0,2022,2,14,0,7,1,0,0,0.8608967254408061,231.0,424.0,467.0,259.0,318.0,298.73214285714283,90.79096871385393
2022-02-15,SARDL,Sardalya Konservesi,436.0,22.65,0,0,2022,2,15,1,7,1,0,0,0.8534287867370007,575.0,440.0,429.0,426.0,395.7142857142857,404.55357142857144,131.5671112470923
2022-02-15,SOMON,Somon Konservesi,201.0,66.41,0,0,2022,2,15,1,7,1,0,0,0.8664057403783431,179.0,174.0,200.0,187.0,167.71428571428572,181.66071428571428,18.687913078728002
2022-02-15,TON160,Ton Balığı Konservesi 160g,582.0,48.12,0,0,2022,2,15,1,7,1,0,0,0.8505523641184268,610.0,556.0,767.0,532.0,498.7142857142857,529.8995535714286,94.86607100840347
2022-02-15,TON80,Ton Balığı Konservesi 80g,880.0,28.94,0,0,2022,2,15,1,7,1,0,0,0.8764385221078134,1085.0,944.0,1005.0,785.0,869.5714285714286,842.8571428571429,167.27308723846065
2022-02-15,ZEYTY,Zeytinyağı 1L,317.0,210.99,0,0,2022,2,15,1,7,1,0,0,0.8503375314861461,405.0,282.0,322.0,327.0,315.2857142857143,303.94642857142856,87.31115676268466
2022-02-16,SARDL,Sardalya Konservesi,447.0,23.26,0,0,2022,2,16,2,7,1,0,0,0.8764129615674454,436.0,502.0,409.0,381.0,395.14285714285717,404.9107142857143,131.3512194733755
2022-02-16,SOMON,Somon Konservesi,159.0,66.72,0,0,2022,2,16,2,7,1,0,0,0.870450097847358,201.0,181.0,181.0,243.0,171.57142857142858,182.16071428571428,22.582125253225822
2022-02-16,TON160,Ton Balığı Konservesi 160g,607.0,47.97,0,0,2022,2,16,2,7,1,0,0,0.8479010163499778,582.0,517.0,255.6875,519.0,502.42857142857144,531.6852678571429,97.94191670382537
2022-02-16,TON80,Ton Balığı Konservesi 80g,968.0,28.13,0,0,2022,2,16,2,7,1,0,0,0.8519079345850998,880.0,866.0,866.0,873.0,860.4285714285714,846.25,164.248650063308
2022-02-16,ZEYTY,Zeytinyağı 1L,323.0,223.58,0,0,2022,2,16,2,7,1,0,0,0.9010780856423174,317.0,297.0,341.0,310.0,320.2857142857143,303.5892857142857,86.08080367831589
2022-02-17,SARDL,Sardalya Konservesi,346.0,23.09,0,0,2022,2,17,3,7,1,0,0,0.8700075357950264,447.0,445.0,611.0,402.0,387.2857142857143,407.26785714285717,125.40429855167679
2022-02-17,SOMON,Somon Konservesi,175.0,65.4,0,0,2022,2,17,3,7,1,0,0,0.853228962818004,159.0,189.0,171.0,204.0,168.42857142857142,179.16071428571428,22.58212525322581
2022-02-17,TON160,Ton Balığı Konservesi 160g,548.0,48.0,0,0,2022,2,17,3,7,1,0,0,0.8484312859036677,607.0,503.0,610.0,546.0,515.2857142857143,534.828125,105.76816516279735
2022-02-17,TON80,Ton Balığı Konservesi 80g,792.0,28.03,0,0,2022,2,17,3,7,1,0,0,0.8488794669897032,968.0,925.0,942.0,889.0,875.0,849.6428571428571,169.27295511490692
2022-02-17,ZEYTY,Zeytinyağı 1L,294.0,210.64,0,0,2022,2,17,3,7,1,0,0,0.8489269521410578,323.0,322.0,284.0,293.0,324.0,304.05357142857144,85.46734269103415
2022-02-18,SARDL,Sardalya Konservesi,403.0,22.12,0,0,2022,2,18,4,7,1,0,0,0.8334589299171064,346.0,203.0,413.0,471.0,373.14285714285717,405.26785714285717,123.37669765320156
2022-02-18,SOMON,Somon Konservesi,188.0,65.62,0,0,2022,2,18,4,7,1,0,0,0.856099151989563,175.0,164.0,207.0,193.0,166.42857142857142,178.125,21.022663507566747
2022-02-18,TON160,Ton Balığı Konservesi 160g,581.0,49.06,0,0,2022,2,18,4,7,1,0,0,0.867167476800707,548.0,565.0,626.0,527.0,521.7142857142857,534.8995535714286,106.26337450836378
2022-02-18,TON80,Ton Balığı Konservesi 80g,936.0,27.56,0,0,2022,2,18,4,7,1,0,0,0.8346456692913384,792.0,976.0,1018.0,942.0,856.0,846.1785714285714,170.1871518848195
2022-02-18,ZEYTY,Zeytinyağı 1L,370.0,211.22,0,0,2022,2,18,4,7,1,0,0,0.851264483627204,294.0,454.0,291.0,277.0,320.0,304.0892857142857,86.22837893253784
2022-02-19,SARDL,Sardalya Konservesi,363.5,22.57,0,0,2022,2,19,5,7,1,1,0,0.8504144687264507,403.0,330.0,370.5,304.0,401.7142857142857,402.8392857142857,97.94507693211585
2022-02-19,SOMON,Somon Konservesi,139.0,67.46,0,0,2022,2,19,5,7,1,1,0,0.8801043705153293,188.0,151.0,148.0,105.0,169.85714285714286,177.94642857142858,22.467966614928063
2022-02-19,TON160,Ton Balığı Konservesi 160g,516.5,50.69,0,0,2022,2,19,5,7,1,1,0,0.8959787892178523,581.0,355.0,392.0,390.0,524.0,536.828125,107.51434012880955
2022-02-19,TON80,Ton Balığı Konservesi 80g,727.0,27.72,0,0,2022,2,19,5,7,1,1,0,0.8394912174439733,936.0,669.0,703.0,695.0,850.2857142857143,845.9642857142857,166.10911502755667
2022-02-19,ZEYTY,Zeytinyağı 1L,242.0,211.68,0,0,2022,2,19,5,7,1,1,0,0.8531183879093199,370.0,216.0,272.0,245.5,308.0,307.4107142857143,68.49330867561687
2022-02-20,SARDL,Sardalya Konservesi,324.0,22.47,0,0,2022,2,20,6,7,1,1,0,0.846646571213263,363.5,275.0,328.0,328.0,406.5,404.9642857142857,94.61897272746097
2022-02-20,SOMON,Somon Konservesi,128.0,67.94,0,0,2022,2,20,6,7,1,1,0,0.8863666014350945,139.0,136.0,113.0,135.0,168.14285714285714,179.16071428571428,24.511416193470374
2022-02-20,TON160,Ton Balığı Konservesi 160g,452.0,49.9,0,0,2022,2,20,6,7,1,1,0,0.8820150243040211,516.5,385.0,484.0,365.0,547.0714285714286,541.3459821428571,78.66089062733604
2022-02-20,TON80,Ton Balığı Konservesi 80g,725.0,27.28,0,0,2022,2,20,6,7,1,1,0,0.8261659600242277,727.0,622.0,580.0,581.0,858.5714285714286,847.1071428571429,156.7416740402894
2022-02-20,ZEYTY,Zeytinyağı 1L,230.0,214.29000000000002,0,0,2022,2,20,6,7,1,1,0,0.8636372795969774,242.0,231.0,193.0,214.0,311.7142857142857,307.2857142857143,63.170969824528015
2022-02-21,SARDL,Sardalya Konservesi,389.0,22.52,0,0,2022,2,21,0,8,1,0,0,0.8485305199698568,324.0,575.0,384.0,418.0,413.5,404.82142857142856,84.54535272069467
2022-02-21,SOMON,Somon Konservesi,212.0,64.22,0,0,2022,2,21,0,8,1,0,0,0.8378343118069145,128.0,179.0,194.0,193.0,167.0,178.91071428571428,26.37549367626442
2022-02-21,TON160,Ton Balığı Konservesi 160g,522.0,48.97,0,0,2022,2,21,0,8,1,0,0,0.8655766681396376,452.0,610.0,568.0,768.0,556.6428571428571,544.453125,56.65003257259609
2022-02-21,TON80,Ton Balığı Konservesi 80g,1196.0,28.59,1,0,2022,2,21,0,8,1,0,0,0.8658388855239249,725.0,1085.0,928.0,897.0,873.2857142857143,852.25,134.01954370627462
2022-02-21,ZEYTY,Zeytinyağı 1L,301.0,216.9,0,0,2022,2,21,0,8,1,0,0,0.8741561712846347,230.0,405.0,424.0,307.0,311.57142857142856,307.85714285714283,63.38469095624786
2022-02-22,SARDL,Sardalya Konservesi,509.0,22.36,0,0,2022,2,22,1,8,1,0,0,0.8425018839487566,389.0,436.0,440.0,475.0,386.92857142857144,403.7857142857143,45.57633575609577
2022-02-22,SOMON,Somon Konservesi,179.0,66.68,0,0,2022,2,22,1,8,1,0,0,0.869928245270711,212.0,201.0,174.0,257.0,171.71428571428572,179.58928571428572,31.356627612645042
2022-02-22,TON160,Ton Balığı Konservesi 160g,629.0,47.13,0,0,2022,2,22,1,8,1,0,0,0.8330534688466638,522.0,582.0,556.0,587.0,544.0714285714286,535.6674107142857,52.44396102144706
2022-02-22,TON80,Ton Balığı Konservesi 80g,922.0,28.17,0,0,2022,2,22,1,8,1,0,0,0.8531193216232587,1196.0,880.0,944.0,891.0,889.1428571428571,862.9285714285714,165.9964141896128
2022-02-22,ZEYTY,Zeytinyağı 1L,357.0,210.85,0,0,2022,2,22,1,8,1,0,0,0.8497732997481108,301.0,317.0,282.0,317.0,296.7142857142857,307.64285714285717,48.20689537716324
2022-02-23,SARDL,Sardalya Konservesi,455.0,22.52,0,0,2022,2,23,2,8,1,0,0,0.8485305199698568,509.0,447.0,502.0,454.0,397.35714285714283,405.0,63.50243714858133
2022-02-23,SOMON,Somon Konservesi,203.0,66.71,0,0,2022,2,23,2,8,1,0,0,0.8703196347031962,179.0,159.0,181.0,255.0,168.57142857142858,176.80357142857142,28.941649013472706
2022-02-23,TON160,Ton Balığı Konservesi 160g,503.0,48.6,0,0,2022,2,23,2,8,1,0,0,0.8590366769774636,629.0,607.0,517.0,522.0,550.7857142857143,537.1674107142857,60.49921290318389
2022-02-23,TON80,Ton Balığı Konservesi 80g,972.0,28.47,0,0,2022,2,23,2,8,1,0,0,0.8622047244094487,922.0,968.0,866.0,882.0,895.1428571428571,864.0357142857143,166.36949697528536
2022-02-23,ZEYTY,Zeytinyağı 1L,335.0,217.87,0,0,2022,2,23,2,8,1,0,0,0.8780654911838791,357.0,323.0,297.0,334.0,302.42857142857144,309.07142857142856,53.131463192277906
2022-02-24,SARDL,Sardalya Konservesi,480.0,22.19,0,0,2022,2,24,3,8,1,0,0,0.8360964581763377,455.0,346.0,445.0,404.0,398.5,405.0357142857143,64.60714614756894
2022-02-24,SOMON,Somon Konservesi,179.0,66.31,0,0,2022,2,24,3,8,1,0,0,0.8651011089367253,203.0,175.0,189.0,176.0,174.85714285714286,174.94642857142858,31.205921294035242
2022-02-24,TON160,Ton Balığı Konservesi 160g,679.0,47.53,1,0,2022,2,24,3,8,1,0,0,0.8401237295625276,503.0,548.0,503.0,645.0,535.9285714285714,536.4888392857143,57.06606447167814
2022-02-24,TON80,Ton Balığı Konservesi 80g,904.0,28.56,0,0,2022,2,24,3,8,1,0,0,0.8649303452453058,972.0,792.0,925.0,854.0,895.7142857142857,867.25,166.66804761332648
2022-02-24,ZEYTY,Zeytinyağı 1L,327.0,217.09,0,0,2022,2,24,3,8,1,0,0,0.8749219143576826,335.0,294.0,322.0,306.0,304.14285714285717,309.10714285714283,54.090752664476064
2022-02-25,SARDL,Sardalya Konservesi,440.0,23.07,0,0,2022,2,25,4,8,1,0,0,0.8692539562923889,480.0,403.0,203.0,450.0,417.64285714285717,407.75,66.28895979328836
2022-02-25,SOMON,Somon Konservesi,194.0,65.59,0,0,2022,2,25,4,8,1,0,0,0.8557077625570776,179.0,188.0,164.0,185.0,175.42857142857142,175.05357142857142,31.245571114731007
2022-02-25,TON160,Ton Balığı Konservesi 160g,593.0,49.77,0,0,2022,2,25,4,8,1,0,0,0.8797171895713655,679.0,581.0,565.0,543.0,554.6428571428571,537.703125,78.96344844594996
2022-02-25,TON80,Ton Balığı Konservesi 80g,889.0,28.3,0,0,2022,2,25,4,8,1,0,0,0.8570563294972743,904.0,936.0,976.0,854.0,911.7142857142857,869.0357142857143,160.30670009465624
2022-02-25,ZEYTY,Zeytinyağı 1L,316.0,222.43,0,0,2022,2,25,4,8,1,0,0,0.8964433249370277,327.0,370.0,454.0,297.0,308.85714285714283,309.85714285714283,54.49595878420274
2022-02-26,SARDL,Sardalya Konservesi,321.0,23.1,0,0,2022,2,26,5,8,1,1,0,0.8703843255463453,440.0,363.5,330.0,347.0,422.92857142857144,407.39285714285717,66.40182513269039
2022-02-26,SOMON,Somon Konservesi,149.0,66.46,0,0,2022,2,26,5,8,1,1,0,0.8670580560991519,194.0,139.0,151.0,141.0,176.28571428571428,175.375,31.726509870633848
2022-02-26,TON160,Ton Balığı Konservesi 160g,394.0,49.52,0,0,2022,2,26,5,8,1,1,0,0.8752982766239505,593.0,516.5,355.0,425.0,556.3571428571429,539.4888392857143,79.75729553135686
2022-02-26,TON80,Ton Balığı Konservesi 80g,743.0,28.69,1,0,2022,2,26,5,8,1,1,0,0.8688673531193216,889.0,727.0,669.0,643.0,905.0,870.2857142857143,160.10413278030427
2022-02-26,ZEYTY,Zeytinyağı 1L,269.0,216.34,1,0,2022,2,26,5,8,1,1,0,0.8718992443324937,316.0,242.0,216.0,262.0,301.14285714285717,310.5357142857143,47.81014038684184
2022-02-27,SARDL,Sardalya Konservesi,396.0,23.29,1,0,2022,2,27,6,8,1,1,0,0.8775433308214017,321.0,324.0,275.0,299.0,416.85714285714283,406.4642857142857,74.22360040541597
2022-02-27,SOMON,Somon Konservesi,125.0,65.85,0,0,2022,2,27,6,8,1,1,0,0.8590998043052837,149.0,128.0,136.0,128.0,177.71428571428572,175.66071428571428,29.942802617180426
2022-02-27,TON160,Ton Balığı Konservesi 160g,368.0,47.68,0,0,2022,2,27,6,8,1,1,0,0.8427750773309766,394.0,452.0,385.0,566.5,538.8571428571429,538.3816964285714,100.66020162147602
2022-02-27,TON80,Ton Balığı Konservesi 80g,676.0,27.76,0,0,2022,2,27,6,8,1,1,0,0.840702604482132,743.0,725.0,622.0,714.0,907.2857142857143,873.8571428571429,157.22776926666418
2022-02-27,ZEYTY,Zeytinyağı 1L,204.0,210.41,0,0,2022,2,27,6,8,1,1,0,0.848,269.0,230.0,231.0,220.0,305.0,310.7857142857143,43.100657380910874
2022-02-28,SARDL,Sardalya Konservesi,433.0,22.63,0,0,2022,2,28,0,9,1,0,0,0.8526752072343632,396.0,389.0,575.0,454.0,427.14285714285717,409.92857142857144,63.41248187181189
2022-02-28,SOMON,Somon Konservesi,193.0,69.65,0,0,2022,2,28,0,9,1,0,0,0.908675799086758,125.0,212.0,179.0,296.5,177.28571428571428,175.55357142857142,30.782648173466605
2022-02-28,TON160,Ton Balığı Konservesi 160g,772.0,47.83,1,0,2022,2,28,0,9,1,0,0,0.8454264250994254,368.0,522.0,610.0,708.0,526.8571428571429,531.2924107142857,116.50097077053138
2022-02-28,TON80,Ton Balığı Konservesi 80g,880.0,28.63,0,0,2022,2,28,0,9,1,0,0,0.8670502725620834,676.0,1196.0,1085.0,971.0,900.2857142857143,872.5,167.45418705396625
2022-02-28,ZEYTY,Zeytinyağı 1L,251.0,219.46,0,0,2022,2,28,0,9,1,0,0,0.8844735516372796,204.0,301.0,405.0,467.0,301.2857142857143,310.2142857142857,51.031736157396175
2022-03-01,SARDL,Sardalya Konservesi,429.0,23.25,0,0,2022,3,1,1,9,1,0,0,0.8760361718161266,433.0,509.0,436.0,429.0,433.42857142857144,409.17857142857144,61.141522014795584
2022-03-01,SOMON,Somon Konservesi,198.0,67.37,0,0,2022,3,1,1,9,1,0,0,0.8789302022178734,193.0,179.0,201.0,200.0,174.57142857142858,171.85714285714286,27.915689392986742
2022-03-01,TON160,Ton Balığı Konservesi 160g,515.0,47.89,0,0,2022,3,1,1,9,1,0,0,0.8464869642068051,772.0,629.0,582.0,767.0,562.5714285714286,533.578125,148.64819445350057
2022-03-01,TON80,Ton Balığı Konservesi 80g,918.0,28.55,0,0,2022,3,1,1,9,1,0,0,0.8646274984857661,880.0,922.0,880.0,1005.0,855.1428571428571,869.25,105.62895526547699
2022-03-01,ZEYTY,Zeytinyağı 1L,240.0,212.35,0,0,2022,3,1,1,9,1,0,0,0.8558186397984886,251.0,357.0,317.0,322.0,294.14285714285717,302.5,54.462306755616375
2022-03-02,SARDL,Sardalya Konservesi,452.0,23.3,0,0,2022,3,2,2,9,1,0,0,0.8779201205727205,429.0,455.0,447.0,409.0,422.0,409.17857142857144,51.354973793522134
2022-03-02,SOMON,Somon Konservesi,186.0,66.53,0,0,2022,3,2,2,9,1,0,0,0.8679712981082843,198.0,203.0,159.0,181.0,177.28571428571428,171.78571428571428,29.307076993531105
2022-03-02,TON160,Ton Balığı Konservesi 160g,474.0,48.77,0,0,2022,3,2,2,9,1,0,0,0.8620415377817057,515.0,503.0,607.0,255.6875,546.2857142857143,524.578125,146.38501094228
2022-03-02,TON80,Ton Balığı Konservesi 80g,838.0,28.24,0,0,2022,3,2,2,9,1,0,0,0.8552392489400362,918.0,972.0,968.0,866.0,854.5714285714286,866.1428571428571,105.21700930752117
2022-03-02,ZEYTY,Zeytinyağı 1L,303.0,210.58,0,0,2022,3,2,2,9,1,0,0,0.8486851385390429,240.0,335.0,323.0,341.0,277.42857142857144,299.57142857142856,49.70196891759634
2022-03-03,SARDL,Sardalya Konservesi,371.0,22.85,0,0,2022,3,3,3,9,1,0,0,0.8609645817633761,452.0,480.0,346.0,611.0,421.57142857142856,410.7142857142857,51.045264693397954
2022-03-03,SOMON,Somon Konservesi,174.0,62.59,0,0,2022,3,3,3,9,1,0,0,0.8165688193085453,186.0,179.0,175.0,171.0,174.85714285714286,171.96428571428572,27.46772998404107
2022-03-03,TON160,Ton Balığı Konservesi 160g,731.0,49.01,1,0,2022,3,3,3,9,1,0,0,0.866283694211224,474.0,679.0,548.0,610.0,542.1428571428571,532.375,148.21316694930604
2022-03-03,TON80,Ton Balığı Konservesi 80g,823.0,28.67,0,0,2022,3,3,3,9,1,0,0,0.8682616596002423,838.0,904.0,792.0,942.0,835.4285714285714,865.1428571428571,91.60032231176366
2022-03-03,ZEYTY,Zeytinyağı 1L,325.0,220.14,0,0,2022,3,3,3,9,1,0,0,0.8872141057934508,303.0,327.0,294.0,284.0,272.85714285714283,298.2142857142857,44.749035637387635
2022-03-04,SARDL,Sardalya Konservesi,491.0,22.73,0,0,2022,3,4,4,9,1,0,0,0.8564431047475509,371.0,440.0,403.0,413.0,406.0,402.14285714285717,46.690470119715016
2022-03-04,SOMON,Somon Konservesi,149.0,66.76,0,0,2022,3,4,4,9,1,0,0,0.8709719504240052,174.0,194.0,188.0,207.0,174.14285714285714,172.07142857142858,27.40698555373895
2022-03-04,TON160,Ton Balığı Konservesi 160g,511.0,50.14,0,0,2022,3,4,4,9,1,0,0,0.8862571807335395,731.0,593.0,581.0,626.0,549.5714285714286,536.6964285714286,157.2438203797499
2022-03-04,TON80,Ton Balığı Konservesi 80g,772.0,28.8,0,0,2022,3,4,4,9,1,0,0,0.872198667474258,823.0,889.0,936.0,1018.0,823.8571428571429,860.8928571428571,86.4666189374612
2022-03-04,ZEYTY,Zeytinyağı 1L,342.0,210.71,0,0,2022,3,4,4,9,1,0,0,0.8492090680100756,325.0,316.0,370.0,291.0,272.57142857142856,299.67857142857144,44.350336875297565
2022-03-05,SARDL,Sardalya Konservesi,292.0,23.12,0,0,2022,3,5,5,9,1,1,0,0.8711379050489827,491.0,321.0,363.5,370.5,413.2857142857143,404.92857142857144,55.942572595219765
2022-03-05,SOMON,Somon Konservesi,145.5,66.44,0,0,2022,3,5,5,9,1,1,0,0.8667971298108283,149.0,149.0,139.0,148.0,167.71428571428572,170.0,27.250163826506217
2022-03-05,TON160,Ton Balığı Konservesi 160g,379.0,47.72,0,0,2022,3,5,5,9,1,1,0,0.8434821034025629,511.0,394.0,516.5,392.0,537.8571428571429,532.5892857142857,156.52202035861558
2022-03-05,TON80,Ton Balığı Konservesi 80g,662.0,29.17,0,0,2022,3,5,5,9,1,1,0,0.8834039975772259,772.0,743.0,727.0,703.0,807.1428571428571,852.1071428571429,83.01491546990889
2022-03-05,ZEYTY,Zeytinyağı 1L,226.0,214.43,0,0,2022,3,5,5,9,1,1,0,0.8642015113350127,342.0,269.0,242.0,272.0,276.2857142857143,301.5,49.395392112066084
2022-03-06,SARDL,Sardalya Konservesi,324.0,23.09,0,0,2022,3,6,6,9,1,1,0,0.8700075357950264,292.0,396.0,324.0,328.0,409.14285714285717,402.125,64.35689181283949
2022-03-06,SOMON,Somon Konservesi,142.0,67.47,0,0,2022,3,6,6,9,1,1,0,0.8802348336594911,145.5,125.0,128.0,113.0,167.21428571428572,169.91071428571428,27.67950075244785
2022-03-06,TON160,Ton Balığı Konservesi 160g,449.5,47.93,0,0,2022,3,6,6,9,1,1,0,0.8471939902783915,379.0,368.0,452.0,484.0,535.7142857142857,532.125,158.90428385846442
2022-03-06,TON80,Ton Balığı Konservesi 80g,688.0,28.74,0,0,2022,3,6,6,9,1,1,0,0.8703815869170198,662.0,676.0,725.0,580.0,795.5714285714286,850.6428571428571,97.77841810757101
2022-03-06,ZEYTY,Zeytinyağı 1L,207.0,209.26,0,0,2022,3,6,6,9,1,1,0,0.8433652392947103,226.0,204.0,230.0,193.0,270.14285714285717,299.85714285714283,52.99505817032555
2022-03-07,SARDL,Sardalya Konservesi,473.0,22.69,0,0,2022,3,7,0,10,1,0,0,0.8549359457422759,324.0,433.0,389.0,384.0,398.85714285714283,401.98214285714283,72.09583568979225
2022-03-07,SOMON,Somon Konservesi,214.0,67.66,0,0,2022,3,7,0,10,1,0,0,0.8827136333985648,142.0,193.0,212.0,194.0,169.64285714285714,170.94642857142858,23.837495474067516
2022-03-07,TON160,Ton Balığı Konservesi 160g,520.0,47.2,0,0,2022,3,7,0,10,1,0,0,0.83429076447194,449.5,772.0,522.0,568.0,547.3571428571429,530.8928571428571,147.1163695530725
2022-03-07,TON80,Ton Balığı Konservesi 80g,966.0,29.55,0,0,2022,3,7,0,10,1,0,0,0.8949121744397335,688.0,880.0,1196.0,928.0,797.2857142857143,854.5,95.40914401620364
2022-03-07,ZEYTY,Zeytinyağı 1L,317.0,210.95,0,0,2022,3,7,0,10,1,0,0,0.850176322418136,207.0,251.0,301.0,424.0,270.57142857142856,300.35714285714283,52.37956708124883
2022-03-08,SARDL,Sardalya Konservesi,393.0,23.22,0,0,2022,3,8,1,10,1,0,0,0.8749058025621703,473.0,429.0,509.0,440.0,404.57142857142856,405.1607142857143,76.69171433485529
2022-03-08,SOMON,Somon Konservesi,203.0,67.87,0,0,2022,3,8,1,10,1,0,0,0.8854533594259621,214.0,198.0,179.0,174.0,172.64285714285714,171.66071428571428,28.19088843006174
2022-03-08,TON160,Ton Balığı Konservesi 160g,571.0,47.730000000000004,0,0,2022,3,8,1,10,1,0,0,0.8436588599204596,520.0,515.0,629.0,556.0,511.35714285714283,529.1785714285714,108.83577624327495
2022-03-08,TON80,Ton Balığı Konservesi 80g,802.0,27.55,0,0,2022,3,8,1,10,1,0,0,0.8343428225317988,966.0,918.0,922.0,944.0,809.5714285714286,855.8571428571429,111.94024766641789
2022-03-08,ZEYTY,Zeytinyağı 1L,354.0,214.89,0,0,2022,3,8,1,10,1,0,0,0.8660554156171284,317.0,240.0,357.0,282.0,280.0,296.5357142857143,54.17871660840012
2022-03-09,SARDL,Sardalya Konservesi,417.0,23.39,0,0,2022,3,9,2,10,1,0,0,0.8813112283345893,393.0,452.0,455.0,502.0,399.42857142857144,403.48214285714283,75.98433422501672
2022-03-09,SOMON,Somon Konservesi,192.0,66.25,0,0,2022,3,9,2,10,1,0,0,0.8643183300717546,203.0,186.0,203.0,181.0,173.35714285714286,172.69642857142858,28.992404588262804
2022-03-09,TON160,Ton Balığı Konservesi 160g,471.0,48.26,0,0,2022,3,9,2,10,1,0,0,0.8530269553689791,571.0,474.0,503.0,517.0,519.3571428571429,529.7142857142857,111.18105140030025
2022-03-09,TON80,Ton Balığı Konservesi 80g,895.0,28.26,0,0,2022,3,9,2,10,1,0,0,0.8558449424591157,802.0,838.0,972.0,866.0,793.0,850.7857142857143,101.29330349698965
2022-03-09,ZEYTY,Zeytinyağı 1L,247.0,216.28,0,0,2022,3,9,2,10,1,0,0,0.8716574307304786,354.0,303.0,335.0,297.0,296.2857142857143,299.10714285714283,57.2005660977648
2022-03-10,SARDL,Sardalya Konservesi,396.0,22.92,0,0,2022,3,10,3,10,1,0,0,0.8636021100226074,417.0,371.0,480.0,445.0,394.42857142857144,400.44642857142856,73.04304014952903
2022-03-10,SOMON,Somon Konservesi,207.0,66.09,0,0,2022,3,10,3,10,1,0,0,0.8622309197651663,192.0,174.0,179.0,189.0,174.21428571428572,173.08928571428572,29.512507437323812
2022-03-10,TON160,Ton Balığı Konservesi 160g,561.0,48.88,0,0,2022,3,10,3,10,1,0,0,0.8639858594785683,471.0,731.0,679.0,503.0,518.9285714285714,528.0714285714286,111.39061471963903
2022-03-10,TON80,Ton Balığı Konservesi 80g,841.0,28.92,0,0,2022,3,10,3,10,1,0,0,0.8758328285887341,895.0,823.0,904.0,925.0,801.1428571428571,851.8214285714286,107.60797456729736
2022-03-10,ZEYTY,Zeytinyağı 1L,279.0,215.82,0,0,2022,3,10,3,10,1,0,0,0.8698035264483627,247.0,325.0,327.0,322.0,288.2857142857143,297.32142857142856,59.954744837847706
2022-03-11,SARDL,Sardalya Konservesi,426.0,23.3,0,0,2022,3,11,4,10,1,0,0,0.8779201205727205,396.0,491.0,440.0,203.0,398.0,398.69642857142856,72.31412955524897
2022-03-11,SOMON,Somon Konservesi,184.0,67.24,0,0,2022,3,11,4,10,1,0,0,0.8772341813437703,207.0,149.0,194.0,164.0,178.92857142857142,173.73214285714286,32.00316204615378
2022-03-11,TON160,Ton Balığı Konservesi 160g,520.0,48.82,0,0,2022,3,11,4,10,1,0,0,0.8629253203711886,561.0,511.0,593.0,565.0,494.64285714285717,530.1428571428571,67.22395052218775
2022-03-11,TON80,Ton Balığı Konservesi 80g,839.0,28.74,0,0,2022,3,11,4,10,1,0,0,0.8703815869170198,841.0,772.0,889.0,976.0,803.7142857142857,848.8214285714286,108.42926155749974
2022-03-11,ZEYTY,Zeytinyağı 1L,398.0,210.61,1,0,2022,3,11,4,10,1,0,0,0.8488060453400504,279.0,342.0,316.0,454.0,281.7142857142857,295.7857142857143,57.73997542348593
2022-03-12,SARDL,Sardalya Konservesi,294.0,23.33,0,0,2022,3,12,5,10,1,1,0,0.8790504898266767,426.0,292.0,321.0,330.0,388.7142857142857,406.6607142857143,61.7891961584285
2022-03-12,SOMON,Somon Konservesi,133.0,68.26,0,0,2022,3,12,5,10,1,1,0,0.8905414220482714,184.0,145.5,149.0,151.0,183.92857142857142,174.44642857142858,29.155371962739732
2022-03-12,TON160,Ton Balığı Konservesi 160g,394.0,48.45,0,0,2022,3,12,5,10,1,1,0,0.8563853292090146,520.0,379.0,394.0,355.0,495.92857142857144,528.5357142857143,67.67349836496118
2022-03-12,TON80,Ton Balığı Konservesi 80g,765.0,28.29,1,0,2022,3,12,5,10,1,1,0,0.8567534827377346,839.0,662.0,743.0,669.0,813.2857142857143,843.9285714285714,108.11986293879905
2022-03-12,ZEYTY,Zeytinyağı 1L,201.0,211.98,0,0,2022,3,12,5,10,1,1,0,0.8543274559193954,398.0,226.0,269.0,216.0,289.7142857142857,293.7857142857143,70.05168160178664
2022-03-13,SARDL,Sardalya Konservesi,289.0,22.72,0,0,2022,3,13,6,10,1,1,0,0.8560663149962321,294.0,324.0,396.0,275.0,389.0,405.375,61.26989472816151
2022-03-13,SOMON,Somon Konservesi,183.0,65.26,1,0,2022,3,13,6,10,1,1,0,0.8514024787997391,133.0,142.0,125.0,136.0,182.14285714285714,173.80357142857142,32.13216753467134
2022-03-13,TON160,Ton Balığı Konservesi 160g,380.0,48.25,0,0,2022,3,13,6,10,1,1,0,0.8528501988510826,394.0,449.5,368.0,385.0,498.07142857142856,529.9285714285714,63.46024252201059
2022-03-13,TON80,Ton Balığı Konservesi 80g,569.0,28.12,0,0,2022,3,13,6,10,1,1,0,0.8516050878255602,765.0,688.0,676.0,622.0,828.0,847.3571428571429,89.50605193691246
2022-03-13,ZEYTY,Zeytinyağı 1L,200.0,215.78,0,0,2022,3,13,6,10,1,1,0,0.8696423173803527,201.0,207.0,204.0,231.0,286.14285714285717,293.25,74.34699853037907
2022-03-14,SARDL,Sardalya Konservesi,407.0,23.22,0,0,2022,3,14,0,11,1,0,0,0.8749058025621703,289.0,473.0,433.0,575.0,384.0,405.875,68.4641025160874
2022-03-14,SOMON,Somon Konservesi,204.0,65.44,0,0,2022,3,14,0,11,1,0,0,0.8537508153946509,183.0,214.0,193.0,179.0,188.0,175.48214285714286,26.907248094147327
2022-03-14,TON160,Ton Balığı Konservesi 160g,490.0,49.87,0,0,2022,3,14,0,11,1,0,0,0.8814847547503313,380.0,520.0,772.0,610.0,488.14285714285717,529.75,76.43609219783684
2022-03-14,TON80,Ton Balığı Konservesi 80g,825.5,28.1,0,0,2022,3,14,0,11,1,0,0,0.8509993943064809,569.0,966.0,880.0,1085.0,811.0,845.4642857142857,124.8505773581628
2022-03-14,ZEYTY,Zeytinyağı 1L,372.0,216.5,0,0,2022,3,14,0,11,1,0,0,0.872544080604534,200.0,317.0,251.0,405.0,285.14285714285717,292.14285714285717,75.62501475796785
2022-03-15,SARDL,Sardalya Konservesi,413.0,22.95,0,0,2022,3,15,1,11,1,0,0,0.8647324792765637,407.0,393.0,429.0,436.0,374.57142857142856,399.875,57.89316926563127
2022-03-15,SOMON,Somon Konservesi,188.0,65.43,0,0,2022,3,15,1,11,1,0,0,0.8536203522504893,204.0,203.0,198.0,201.0,186.57142857142858,176.375,25.526829956323265
2022-03-15,TON160,Ton Balığı Konservesi 160g,468.0,49.11,0,0,2022,3,15,1,11,1,0,0,0.86805125939019,490.0,571.0,515.0,582.0,483.85714285714283,525.4642857142857,75.18295146159278
2022-03-15,TON80,Ton Balığı Konservesi 80g,1082.0,28.13,0,0,2022,3,15,1,11,1,0,0,0.8519079345850998,825.5,802.0,918.0,880.0,790.9285714285714,836.1964285714286,105.5866265882457
2022-03-15,ZEYTY,Zeytinyağı 1L,308.0,209.32,0,0,2022,3,15,1,11,1,0,0,0.8436070528967254,372.0,354.0,240.0,317.0,293.0,290.9642857142857,82.06907659608052
2022-03-16,SARDL,Sardalya Konservesi,371.0,23.25,0,0,2022,3,16,2,11,1,0,0,0.8760361718161266,413.0,417.0,452.0,447.0,377.42857142857144,399.05357142857144,59.42742672890216
2022-03-16,SOMON,Somon Konservesi,179.0,67.83,0,0,2022,3,16,2,11,1,0,0,0.884931506849315,188.0,192.0,186.0,159.0,184.42857142857142,175.91071428571428,24.527923834255592
2022-03-16,TON160,Ton Balığı Konservesi 160g,504.0,49.39,0,0,2022,3,16,2,11,1,0,0,0.8730004418912947,468.0,471.0,474.0,607.0,469.14285714285717,521.3928571428571,64.62308300555527
2022-03-16,TON80,Ton Balığı Konservesi 80g,907.0,28.96,0,0,2022,3,16,2,11,1,0,0,0.8770442156268927,1082.0,895.0,838.0,968.0,830.9285714285714,843.4107142857143,152.9113110519264
2022-03-16,ZEYTY,Zeytinyağı 1L,308.0,204.25,0,0,2022,3,16,2,11,1,0,0,0.8231738035264483,308.0,247.0,303.0,323.0,286.42857142857144,290.64285714285717,78.11712817484852
2022-03-17,SARDL,Sardalya Konservesi,491.0,23.17,0,0,2022,3,17,3,11,1,0,0,0.8730218538055766,371.0,396.0,371.0,346.0,370.85714285714283,396.3392857142857,56.80794713015813
2022-03-17,SOMON,Somon Konservesi,296.5,67.15,0,0,2022,3,17,3,11,1,0,0,0.8760600130463144,179.0,207.0,174.0,175.0,182.57142857142858,176.625,24.350613564187196
2022-03-17,TON160,Ton Balığı Konservesi 160g,482.0,50.19,0,0,2022,3,17,3,11,1,0,0,0.8871409633230225,504.0,561.0,731.0,548.0,473.85714285714283,517.7142857142857,65.9707727493235
2022-03-17,TON80,Ton Balığı Konservesi 80g,943.0,28.2,0,0,2022,3,17,3,11,1,0,0,0.8540278619018775,907.0,841.0,823.0,792.0,832.6428571428571,841.2321428571429,153.81393366816977
2022-03-17,ZEYTY,Zeytinyağı 1L,334.0,217.94,0,0,2022,3,17,3,11,1,0,0,0.8783476070528967,308.0,279.0,325.0,294.0,295.14285714285717,290.10714285714283,76.36846768884953
2022-03-18,SARDL,Sardalya Konservesi,410.0,23.63,0,0,2022,3,18,4,11,1,0,0,0.8903541823662396,491.0,426.0,491.0,403.0,384.42857142857144,401.51785714285717,72.88771534092037
2022-03-18,SOMON,Somon Konservesi,199.0,66.95,0,0,2022,3,18,4,11,1,0,0,0.8734507501630789,296.5,184.0,149.0,188.0,195.35714285714286,180.96428571428572,49.65943539559745
2022-03-18,TON160,Ton Balığı Konservesi 160g,600.0,49.63,0,0,2022,3,18,4,11,1,0,0,0.8772425983208131,482.0,520.0,511.0,581.0,462.57142857142856,515.3571428571429,54.30425748458782
2022-03-18,TON80,Ton Balığı Konservesi 80g,902.0,28.37,0,0,2022,3,18,4,11,1,0,0,0.8591762568140521,943.0,839.0,772.0,936.0,847.2142857142857,846.625,159.4652148962422
2022-03-18,ZEYTY,Zeytinyağı 1L,338.0,215.58,0,0,2022,3,18,4,11,1,0,0,0.8688362720403023,334.0,398.0,342.0,370.0,303.0,291.5357142857143,77.25498905140904
2022-03-19,SARDL,Sardalya Konservesi,315.0,23.3,0,0,2022,3,19,5,11,1,1,0,0.8779201205727205,410.0,294.0,292.0,363.5,382.14285714285717,401.76785714285717,71.60639769235833
2022-03-19,SOMON,Somon Konservesi,136.0,66.59,0,0,2022,3,19,5,11,1,1,0,0.868754076973255,199.0,133.0,145.5,139.0,197.5,181.35714285714286,49.410693849273756
2022-03-19,TON160,Ton Balığı Konservesi 160g,364.0,48.2,0,0,2022,3,19,5,11,1,1,0,0.8519664162615996,600.0,394.0,379.0,516.5,474.0,516.0357142857143,73.44839458195592
2022-03-19,TON80,Ton Balığı Konservesi 80g,633.0,30.18,0,0,2022,3,19,5,11,1,1,0,0.9139915202907328,902.0,765.0,662.0,727.0,856.2142857142857,845.4107142857143,160.69740122946826
2022-03-19,ZEYTY,Zeytinyağı 1L,256.0,226.28,0,0,2022,3,19,5,11,1,1,0,0.9119596977329975,338.0,201.0,226.0,242.0,294.42857142857144,290.39285714285717,67.69504448347047
2022-03-20,SARDL,Sardalya Konservesi,332.0,23.76,1,0,2022,3,20,6,11,1,1,0,0.8952524491333836,315.0,289.0,324.0,324.0,385.14285714285717,400.0357142857143,67.62748103009739
2022-03-20,SOMON,Somon Konservesi,133.0,67.26,0,0,2022,3,20,6,11,1,1,0,0.8774951076320939,136.0,183.0,142.0,128.0,197.92857142857142,181.25,48.76681639139851
2022-03-20,TON160,Ton Balığı Konservesi 160g,375.0,48.3,0,0,2022,3,20,6,11,1,1,0,0.8537339814405656,364.0,380.0,449.5,452.0,469.7142857142857,510.5892857142857,79.51879083108673
2022-03-20,TON80,Ton Balığı Konservesi 80g,602.0,29.38,0,0,2022,3,20,6,11,1,1,0,0.8897637795275589,633.0,569.0,688.0,725.0,837.3571428571429,842.0535714285714,179.79495596505518
2022-03-20,ZEYTY,Zeytinyağı 1L,199.0,213.13,0,0,2022,3,20,6,11,1,1,0,0.8589622166246851,256.0,200.0,207.0,230.0,302.2857142857143,290.89285714285717,57.46220289812043
2022-03-21,SARDL,Sardalya Konservesi,422.0,23.6,0,0,2022,3,21,0,12,1,0,0,0.8892238131122834,332.0,407.0,473.0,389.0,391.2857142857143,400.32142857142856,58.818121600161824
2022-03-21,SOMON,Somon Konservesi,211.0,67.87,0,0,2022,3,21,0,12,1,0,0,0.8854533594259621,133.0,204.0,214.0,212.0,190.78571428571428,181.42857142857142,54.62741767560276
2022-03-21,TON160,Ton Balığı Konservesi 160g,522.0,49.76,0,0,2022,3,21,0,12,1,0,0,0.8795404330534687,375.0,490.0,520.0,522.0,469.0,507.8392857142857,80.4756692009042
2022-03-21,TON80,Ton Balığı Konservesi 80g,1020.0,28.71,0,0,2022,3,21,0,12,1,0,0,0.8694730466384009,602.0,825.5,966.0,1196.0,842.0714285714286,837.6607142857143,171.84257053366898
2022-03-21,ZEYTY,Zeytinyağı 1L,467.0,213.7,0,0,2022,3,21,0,12,1,0,0,0.8612594458438286,199.0,372.0,317.0,301.0,302.14285714285717,289.7857142857143,57.759352984108595
2022-03-22,SARDL,Sardalya Konservesi,404.0,22.75,0,0,2022,3,22,1,12,1,0,0,0.8571966842501885,422.0,413.0,393.0,509.0,393.42857142857144,401.5,59.751867872776245
2022-03-22,SOMON,Somon Konservesi,217.0,65.47,0,0,2022,3,22,1,12,1,0,0,0.8541422048271362,211.0,188.0,203.0,179.0,191.78571428571428,181.39285714285714,54.97261222861881
2022-03-22,TON160,Ton Balığı Konservesi 160g,458.0,48.16,0,0,2022,3,22,1,12,1,0,0,0.8512593901900132,522.0,468.0,571.0,629.0,473.57142857142856,507.8392857142857,82.74429918501379
2022-03-22,TON80,Ton Balığı Konservesi 80g,1023.0,28.38,0,0,2022,3,22,1,12,1,0,0,0.8594791035735917,1020.0,1082.0,802.0,922.0,869.8571428571429,831.375,184.01035167568557
2022-03-22,ZEYTY,Zeytinyağı 1L,286.0,217.47,0,0,2022,3,22,1,12,1,0,0,0.8764534005037783,467.0,308.0,354.0,357.0,315.7142857142857,295.7142857142857,82.68960895161754
2022-03-23,SARDL,Sardalya Konservesi,410.0,22.5,0,0,2022,3,23,2,12,1,0,0,0.8477769404672193,404.0,371.0,417.0,455.0,392.14285714285717,397.75,59.35606841042331
2022-03-23,SOMON,Somon Konservesi,221.0,66.33,0,0,2022,3,23,2,12,1,0,0,0.8653620352250488,217.0,179.0,192.0,203.0,195.92857142857142,182.75,55.727333636965874
2022-03-23,TON160,Ton Balığı Konservesi 160g,620.0,50.86,0,0,2022,3,23,2,12,1,0,0,0.8989836500220945,458.0,504.0,471.0,503.0,472.14285714285717,501.73214285714283,82.94260781092078
2022-03-23,TON80,Ton Balığı Konservesi 80g,853.0,29.15,0,0,2022,3,23,2,12,1,0,0,0.8827983040581464,1023.0,907.0,895.0,972.0,861.4285714285714,834.9821428571429,173.73817191668712
2022-03-23,ZEYTY,Zeytinyağı 1L,337.0,215.28,0,0,2022,3,23,2,12,1,0,0,0.8676272040302268,286.0,308.0,247.0,335.0,312.57142857142856,293.17857142857144,83.44630437763983
2022-03-24,SARDL,Sardalya Konservesi,590.0,22.61,1,0,2022,3,24,3,12,1,0,0,0.8519216277317258,410.0,491.0,396.0,480.0,397.7142857142857,396.14285714285717,58.869104193723096
2022-03-24,SOMON,Somon Konservesi,201.0,66.37,0,0,2022,3,24,3,12,1,0,0,0.865883887801696,221.0,296.5,207.0,179.0,201.92857142857142,183.39285714285714,55.86175538134929
2022-03-24,TON160,Ton Balığı Konservesi 160g,511.0,49.85,0,0,2022,3,24,3,12,1,0,0,0.8811312417145382,620.0,482.0,561.0,679.0,488.7142857142857,505.9107142857143,100.16771649873749
2022-03-24,TON80,Ton Balığı Konservesi 80g,817.0,29.12,0,0,2022,3,24,3,12,1,0,0,0.8818897637795275,853.0,943.0,841.0,904.0,853.7142857142857,830.7321428571429,172.5724140621497
2022-03-24,ZEYTY,Zeytinyağı 1L,292.0,215.23,0,0,2022,3,24,3,12,1,0,0,0.8674256926952141,337.0,334.0,279.0,327.0,316.7142857142857,293.25,83.90016743271788
2022-03-25,SARDL,Sardalya Konservesi,422.0,23.39,0,0,2022,3,25,4,12,1,0,0,0.8813112283345893,590.0,410.0,426.0,440.0,411.85714285714283,400.07142857142856,89.12992122257745
2022-03-25,SOMON,Somon Konservesi,184.0,67.71,0,0,2022,3,25,4,12,1,0,0,0.8833659491193736,201.0,199.0,184.0,194.0,188.28571428571428,184.17857142857142,37.588625432499626
2022-03-25,TON160,Ton Balığı Konservesi 160g,588.0,50.05,0,0,2022,3,25,4,12,1,0,0,0.8846663720724701,511.0,600.0,520.0,593.0,492.85714285714283,499.9107142857143,100.44306608128576
2022-03-25,TON80,Ton Balığı Konservesi 80g,781.0,29.12,0,0,2022,3,25,4,12,1,0,0,0.8818897637795275,817.0,902.0,839.0,889.0,835.7142857142857,827.625,168.22377387051466
2022-03-25,ZEYTY,Zeytinyağı 1L,268.0,220.8,0,0,2022,3,25,4,12,1,0,0,0.8898740554156171,292.0,338.0,398.0,316.0,310.7142857142857,292.0,83.9597409193126
2022-03-26,SARDL,Sardalya Konservesi,294.0,23.81,0,0,2022,3,26,5,12,1,1,0,0.8971363978899773,422.0,315.0,294.0,321.0,413.57142857142856,399.42857142857144,89.20361940126489
2022-03-26,SOMON,Somon Konservesi,152.0,66.89,0,0,2022,3,26,5,12,1,1,0,0.8726679712981082,184.0,136.0,133.0,149.0,186.14285714285714,183.82142857142858,37.30249576739051
2022-03-26,TON160,Ton Balığı Konservesi 160g,529.0,49.07,1,0,2022,3,26,5,12,1,1,0,0.8673442333186036,588.0,364.0,394.0,394.0,491.14285714285717,499.73214285714283,98.39110490186367
2022-03-26,TON80,Ton Balığı Konservesi 80g,626.0,28.35,0,0,2022,3,26,5,12,1,1,0,0.8585705632949727,781.0,633.0,765.0,743.0,818.4285714285714,823.7678571428571,166.48509156764058
2022-03-26,ZEYTY,Zeytinyağı 1L,225.0,214.38,0,0,2022,3,26,5,12,1,1,0,0.864,268.0,256.0,201.0,269.0,300.7142857142857,290.2857142857143,84.33606244407801
2022-03-27,SARDL,Sardalya Konservesi,296.0,22.99,0,0,2022,3,27,6,12,1,1,0,0.8662396382818387,294.0,332.0,289.0,396.0,410.57142857142856,398.4642857142857,93.32891145987784
2022-03-27,SOMON,Somon Konservesi,131.0,66.39,0,0,2022,3,27,6,12,1,1,0,0.8661448140900195,152.0,133.0,183.0,125.0,188.42857142857142,183.92857142857142,34.06785945167444
2022-03-27,TON160,Ton Balığı Konservesi 160g,339.0,50.56,0,0,2022,3,27,6,12,1,1,0,0.8936809544851967,529.0,375.0,380.0,368.0,514.7142857142857,504.55357142857144,81.10017321336682
2022-03-27,TON80,Ton Balığı Konservesi 80g,670.0,28.74,0,0,2022,3,27,6,12,1,1,0,0.8703815869170198,626.0,602.0,569.0,676.0,817.4285714285714,819.5892857142857,167.80033486543564
2022-03-27,ZEYTY,Zeytinyağı 1L,229.0,215.94,0,0,2022,3,27,6,12,1,1,0,0.870287153652393,225.0,199.0,200.0,204.0,296.2857142857143,288.7142857142857,87.81745135168043
2022-03-28,SARDL,Sardalya Konservesi,455.0,23.41,0,0,2022,3,28,0,13,1,0,0,0.8820648078372268,296.0,422.0,407.0,433.0,405.42857142857144,394.89285714285717,99.18813293073782
2022-03-28,SOMON,Somon Konservesi,214.0,65.3,0,0,2022,3,28,0,13,1,0,0,0.8519243313763861,131.0,211.0,204.0,193.0,188.14285714285714,184.14285714285714,34.614200223937765
2022-03-28,TON160,Ton Balığı Konservesi 160g,533.0,50.34,0,0,2022,3,28,0,13,1,0,0,0.8897923110914715,339.0,522.0,490.0,772.0,509.57142857142856,503.51785714285717,91.86377077473138
2022-03-28,TON80,Ton Balığı Konservesi 80g,1077.0,28.89,1,0,2022,3,28,0,13,1,0,0,0.874924288310115,670.0,1020.0,825.5,880.0,827.1428571428571,819.375,154.7077121234625
2022-03-28,ZEYTY,Zeytinyağı 1L,315.0,218.57,0,0,2022,3,28,0,13,1,0,0,0.8808866498740554,229.0,467.0,372.0,251.0,300.57142857142856,289.60714285714283,82.87109898884559
2022-03-29,SARDL,Sardalya Konservesi,427.0,23.37,0,0,2022,3,29,1,13,1,0,0,0.8805576488319519,455.0,404.0,413.0,429.0,410.14285714285717,395.67857142857144,100.87686978263581
2022-03-29,SOMON,Somon Konservesi,209.0,66.22,0,0,2022,3,29,1,13,1,0,0,0.8639269406392693,214.0,217.0,188.0,198.0,188.57142857142858,184.89285714285714,34.96120298682112
2022-03-29,TON160,Ton Balığı Konservesi 160g,502.0,48.27,0,0,2022,3,29,1,13,1,0,0,0.8532037118868758,533.0,458.0,468.0,515.0,511.14285714285717,494.98214285714283,92.20525757140713
2022-03-29,TON80,Ton Balığı Konservesi 80g,937.0,29.02,0,0,2022,3,29,1,13,1,0,0,0.8788612961841308,1077.0,1023.0,1082.0,918.0,835.2857142857143,826.4107142857143,167.51986378308908
2022-03-29,ZEYTY,Zeytinyağı 1L,305.0,214.42,0,0,2022,3,29,1,13,1,0,0,0.86416120906801,315.0,286.0,308.0,240.0,278.85714285714283,291.89285714285717,41.66304746186384
2022-03-30,SARDL,Sardalya Konservesi,420.0,22.53,0,0,2022,3,30,2,13,1,0,0,0.8489073097211757,427.0,410.0,371.0,452.0,413.42857142857144,395.60714285714283,101.01791448856511
2022-03-30,SOMON,Somon Konservesi,208.0,66.08,0,0,2022,3,30,2,13,1,0,0,0.8621004566210044,209.0,221.0,179.0,186.0,187.42857142857142,185.28571428571428,33.99439729748189
2022-03-30,TON160,Ton Balığı Konservesi 160g,494.0,48.53,0,0,2022,3,30,2,13,1,0,0,0.8577993813521874,502.0,620.0,504.0,474.0,517.4285714285714,494.51785714285717,89.43686253974022
2022-03-30,TON80,Ton Balığı Konservesi 80g,1311.0,29.13,1,0,2022,3,30,2,13,1,0,0,0.8821926105390672,937.0,853.0,907.0,838.0,823.0,827.0892857142857,154.0724937597016
2022-03-30,ZEYTY,Zeytinyağı 1L,336.0,213.43,0,0,2022,3,30,2,13,1,0,0,0.8601712846347608,305.0,337.0,308.0,303.0,281.57142857142856,294.2142857142857,42.80910005616847
2022-03-31,SARDL,Sardalya Konservesi,466.0,23.84,0,0,2022,3,31,3,13,1,0,0,0.8982667671439337,420.0,590.0,491.0,371.0,414.85714285714283,394.4642857142857,101.03205526206123
2022-03-31,SOMON,Somon Konservesi,187.0,67.98,0,0,2022,3,31,3,13,1,0,0,0.8868884540117417,208.0,201.0,296.5,174.0,185.57142857142858,186.07142857142858,32.16031272058329
2022-03-31,TON160,Ton Balığı Konservesi 160g,568.0,51.15,0,0,2022,3,31,3,13,1,0,0,0.9041095890410958,494.0,511.0,482.0,731.0,499.42857142857144,495.23214285714283,77.19425095790746
2022-03-31,TON80,Ton Balığı Konservesi 80g,926.0,29.3,0,0,2022,3,31,3,13,1,0,0,0.8873410054512416,1311.0,817.0,943.0,823.0,888.4285714285714,843.9821428571429,241.42207655394526
2022-03-31,ZEYTY,Zeytinyağı 1L,337.0,213.35,0,0,2022,3,31,3,13,1,0,0,0.8598488664987405,336.0,292.0,334.0,325.0,281.42857142857144,295.39285714285717,42.594432902501595
2022-04-01,SARDL,Sardalya Konservesi,418.0,23.3,0,0,2022,4,1,4,13,2,0,0,0.8779201205727205,466.0,422.0,410.0,491.0,397.14285714285717,397.85714285714283,71.86660924107608
2022-04-01,SOMON,Somon Konservesi,180.0,65.94,0,0,2022,4,1,4,13,2,0,0,0.8602739726027396,187.0,184.0,199.0,149.0,183.57142857142858,186.53571428571428,31.468805415612973
2022-04-01,TON160,Ton Balığı Konservesi 160g,571.0,50.47,0,0,2022,4,1,4,13,2,0,0,0.8920901458241272,568.0,588.0,600.0,511.0,507.57142857142856,489.4107142857143,81.50430897168806
2022-04-01,TON80,Ton Balığı Konservesi 80g,775.0,28.79,0,0,2022,4,1,4,13,2,0,0,0.8718958207147183,926.0,781.0,902.0,772.0,904.0,847.6607142857143,239.5551432690741
2022-04-01,ZEYTY,Zeytinyağı 1L,408.0,216.3,1,0,2022,4,1,4,13,2,0,0,0.8717380352644837,337.0,268.0,338.0,342.0,287.85714285714283,295.82142857142856,47.56198962557026
2022-04-02,SARDL,Sardalya Konservesi,298.0,23.17,0,0,2022,4,2,5,13,2,1,0,0.8730218538055766,418.0,294.0,315.0,292.0,396.57142857142856,395.25,71.65160417570829
2022-04-02,SOMON,Somon Konservesi,148.0,66.05,0,0,2022,4,2,5,13,2,1,0,0.8617090671885191,180.0,152.0,136.0,145.5,183.0,187.64285714285714,31.49603149604722
2022-04-02,TON160,Ton Balığı Konservesi 160g,393.0,49.5,0,0,2022,4,2,5,13,2,1,0,0.8749447635881573,571.0,529.0,364.0,379.0,505.14285714285717,491.55357142857144,78.92069557775199
2022-04-02,TON80,Ton Balığı Konservesi 80g,649.0,29.09,0,0,2022,4,2,5,13,2,1,0,0.8809812235009085,775.0,626.0,633.0,662.0,903.1428571428571,847.7678571428571,240.07875691907748
2022-04-02,ZEYTY,Zeytinyağı 1L,212.0,218.96,0,0,2022,4,2,5,13,2,1,0,0.8824584382871536,408.0,225.0,256.0,226.0,307.85714285714283,298.17857142857144,64.30766820897946
2022-04-03,SARDL,Sardalya Konservesi,388.0,23.73,1,0,2022,4,3,6,13,2,1,0,0.8941220798794274,298.0,296.0,332.0,324.0,397.14285714285717,395.4642857142857,70.70697412897958
2022-04-03,SOMON,Somon Konservesi,124.0,67.18,0,0,2022,4,3,6,13,2,1,0,0.8764514024787997,148.0,131.0,133.0,142.0,182.42857142857142,187.73214285714286,32.18103552745074
2022-04-03,TON160,Ton Balığı Konservesi 160g,381.0,49.06,0,0,2022,4,3,6,13,2,1,0,0.867167476800707,393.0,339.0,375.0,449.5,485.7142857142857,492.05357142857144,88.25666034491742
2022-04-03,TON80,Ton Balığı Konservesi 80g,573.0,29.0,0,0,2022,4,3,6,13,2,1,0,0.8782556026650514,649.0,670.0,602.0,688.0,906.4285714285714,847.3035714285714,235.77238822139245
2022-04-03,ZEYTY,Zeytinyağı 1L,229.0,219.11,0,0,2022,4,3,6,13,2,1,0,0.8830629722921914,212.0,229.0,199.0,207.0,306.0,297.67857142857144,67.22102845588324
2022-04-04,SARDL,Sardalya Konservesi,413.0,23.62,0,0,2022,4,4,0,14,2,0,0,0.8899773926149209,388.0,455.0,422.0,473.0,410.2857142857143,397.75,55.73961573158506
2022-04-04,SOMON,Somon Konservesi,254.0,66.65,1,0,2022,4,4,0,14,2,0,0,0.8695368558382257,124.0,214.0,211.0,214.0,181.42857142857142,187.08928571428572,34.097199996759954
2022-04-04,TON160,Ton Balığı Konservesi 160g,594.0,48.07,0,0,2022,4,4,0,14,2,0,0,0.8496685815289439,381.0,533.0,522.0,520.0,491.7142857142857,489.60714285714283,77.37724533244973
2022-04-04,TON80,Ton Balığı Konservesi 80g,969.0,28.23,0,0,2022,4,4,0,14,2,0,0,0.8549364021804966,573.0,1077.0,1020.0,966.0,892.5714285714286,843.1964285714286,254.12061253327263
2022-04-04,ZEYTY,Zeytinyağı 1L,329.0,213.84,0,0,2022,4,4,0,14,2,0,0,0.861823677581864,229.0,315.0,467.0,317.0,306.0,298.4642857142857,67.22102845588324
2022-04-05,SARDL,Sardalya Konservesi,446.0,23.81,0,0,2022,4,5,1,14,2,0,0,0.8971363978899773,413.0,427.0,404.0,393.0,404.2857142857143,395.60714285714283,52.27719160307641
2022-04-05,SOMON,Somon Konservesi,187.0,64.14,0,0,2022,4,5,1,14,2,0,0,0.8367906066536203,254.0,209.0,217.0,203.0,187.14285714285714,188.51785714285714,42.7255917510359
2022-04-05,TON160,Ton Balığı Konservesi 160g,501.0,47.69,0,0,2022,4,5,1,14,2,0,0,0.8429518338488731,594.0,502.0,458.0,571.0,500.42857142857144,492.25,85.78045065331453
2022-04-05,TON80,Ton Balığı Konservesi 80g,942.0,28.84,0,0,2022,4,5,1,14,2,0,0,0.8734100545124166,969.0,937.0,1023.0,802.0,877.1428571428571,843.3035714285714,244.1395970692645
2022-04-05,ZEYTY,Zeytinyağı 1L,345.0,218.86,0,0,2022,4,5,1,14,2,0,0,0.8820554156171285,329.0,305.0,286.0,354.0,308.0,298.89285714285717,67.73969786370962
2022-04-06,SARDL,Sardalya Konservesi,420.0,22.85,0,0,2022,4,6,2,14,2,0,0,0.8609645817633761,446.0,420.0,410.0,417.0,407.0,397.5,54.114077034846815
2022-04-06,SOMON,Somon Konservesi,188.0,68.0,0,0,2022,4,6,2,14,2,0,0,0.8871493803000652,187.0,208.0,221.0,192.0,184.0,187.94642857142858,41.645327869201985
2022-04-06,TON160,Ton Balığı Konservesi 160g,553.0,51.49,0,0,2022,4,6,2,14,2,0,0,0.9101193106495802,501.0,494.0,620.0,471.0,500.2857142857143,489.75,85.77823011641577
2022-04-06,TON80,Ton Balığı Konservesi 80g,896.0,28.89,0,0,2022,4,6,2,14,2,0,0,0.874924288310115,942.0,1311.0,853.0,895.0,877.8571428571429,848.3035714285714,244.35113298381935
2022-04-06,ZEYTY,Zeytinyağı 1L,328.0,220.74,0,0,2022,4,6,2,14,2,0,0,0.889632241813602,345.0,336.0,337.0,247.0,313.7142857142857,298.57142857142856,69.11756719704546
2022-04-07,SARDL,Sardalya Konservesi,414.0,23.54,0,0,2022,4,7,3,14,2,0,0,0.8869630746043707,420.0,466.0,590.0,396.0,407.0,397.60714285714283,54.114077034846815
2022-04-07,SOMON,Somon Konservesi,198.0,67.39,0,0,2022,4,7,3,14,2,0,0,0.879191128506197,188.0,187.0,201.0,207.0,181.14285714285714,187.80357142857142,40.391536124245015
2022-04-07,TON160,Ton Balığı Konservesi 160g,575.0,49.69,0,0,2022,4,7,3,14,2,0,0,0.8783031374281925,553.0,568.0,511.0,561.0,508.7142857142857,492.67857142857144,87.92935476034972
2022-04-07,TON80,Ton Balığı Konservesi 80g,1157.0,29.43,1,0,2022,4,7,3,14,2,0,0,0.8912780133252574,896.0,926.0,817.0,841.0,818.5714285714286,848.3392857142857,156.18243301009352
2022-04-07,ZEYTY,Zeytinyağı 1L,378.0,211.74,0,0,2022,4,7,3,14,2,0,0,0.8533602015113351,328.0,337.0,292.0,279.0,312.57142857142856,301.4642857142857,68.75283543936483
2022-04-08,SARDL,Sardalya Konservesi,413.0,23.23,0,0,2022,4,8,4,14,2,0,0,0.8752825923134891,414.0,418.0,422.0,426.0,399.57142857142856,398.25,47.87433948319684
2022-04-08,SOMON,Somon Konservesi,202.0,66.61,0,0,2022,4,8,4,14,2,0,0,0.8690150032615785,198.0,180.0,184.0,184.0,182.71428571428572,187.48214285714286,40.868546527104364
2022-04-08,TON160,Ton Balığı Konservesi 160g,486.0,48.0,0,0,2022,4,8,4,14,2,0,0,0.8484312859036677,575.0,571.0,588.0,520.0,509.7142857142857,493.17857142857144,88.75192821513666
2022-04-08,TON80,Ton Balığı Konservesi 80g,861.0,28.95,0,0,2022,4,8,4,14,2,0,0,0.876741368867353,1157.0,775.0,781.0,839.0,851.5714285714286,859.625,200.71859002332687
2022-04-08,ZEYTY,Zeytinyağı 1L,340.0,210.61,0,0,2022,4,8,4,14,2,0,0,0.8488060453400504,378.0,408.0,268.0,398.0,318.42857142857144,305.0,72.8076395782227
2022-04-09,SARDL,Sardalya Konservesi,355.0,24.04,0,0,2022,4,9,5,14,2,1,0,0.905802562170309,413.0,298.0,294.0,294.0,398.85714285714283,397.7857142857143,47.590014959122705
2022-04-09,SOMON,Somon Konservesi,161.0,69.05,1,0,2022,4,9,5,14,2,1,0,0.9008480104370514,202.0,148.0,152.0,133.0,185.85714285714286,188.125,41.46656714120652
2022-04-09,TON160,Ton Balığı Konservesi 160g,362.0,49.11,0,0,2022,4,9,5,14,2,1,0,0.86805125939019,486.0,393.0,529.0,394.0,497.57142857142856,491.9642857142857,84.6913162468211
2022-04-09,TON80,Ton Balığı Konservesi 80g,623.0,28.65,0,0,2022,4,9,5,14,2,1,0,0.8676559660811628,861.0,649.0,626.0,765.0,863.8571428571429,860.4107142857143,197.86226570641554
2022-04-09,ZEYTY,Zeytinyağı 1L,204.0,218.64,0,0,2022,4,9,5,14,2,1,0,0.881168765743073,340.0,212.0,225.0,201.0,308.7142857142857,302.92857142857144,62.69958608506195
2022-04-10,SARDL,Sardalya Konservesi,305.0,23.91,0,0,2022,4,10,6,14,2,1,0,0.9009042954031651,355.0,388.0,296.0,289.0,407.0,399.9642857142857,28.507309004300442
2022-04-10,SOMON,Somon Konservesi,161.0,66.65,0,0,2022,4,10,6,14,2,1,0,0.8695368558382257,161.0,124.0,131.0,183.0,187.71428571428572,189.125,39.74382252088273
2022-04-10,TON160,Ton Balığı Konservesi 160g,406.0,49.49,0,0,2022,4,10,6,14,2,1,0,0.8747680070702607,362.0,381.0,339.0,380.0,493.14285714285717,490.82142857142856,91.59954252329108
2022-04-10,TON80,Ton Balığı Konservesi 80g,614.0,29.04,0,0,2022,4,10,6,14,2,1,0,0.87946698970321,623.0,573.0,670.0,569.0,860.1428571428571,855.3392857142857,202.75143120861773
2022-04-10,ZEYTY,Zeytinyağı 1L,224.0,216.3,0,0,2022,4,10,6,14,2,1,0,0.8717380352644837,204.0,229.0,229.0,200.0,307.57142857142856,303.0357142857143,64.79417963278578
2022-04-11,SARDL,Sardalya Konservesi,404.0,23.05,0,0,2022,4,11,0,15,2,0,0,0.8685003767897513,305.0,413.0,455.0,407.0,395.14285714285717,400.5357142857143,48.192076013346714
2022-04-11,SOMON,Somon Konservesi,190.0,67.37,0,0,2022,4,11,0,15,2,0,0,0.8789302022178734,161.0,254.0,214.0,204.0,193.0,188.33928571428572,31.453669632227772
2022-04-11,TON160,Ton Balığı Konservesi 160g,582.0,50.96,0,0,2022,4,11,0,15,2,0,0,0.9007512152010605,406.0,594.0,533.0,490.0,496.7142857142857,491.75,86.8633299801367
2022-04-11,TON80,Ton Balığı Konservesi 80g,830.0,29.65,0,0,2022,4,11,0,15,2,0,0,0.8979406420351301,614.0,969.0,1077.0,825.5,866.0,856.9464285714286,193.45283662949993
2022-04-11,ZEYTY,Zeytinyağı 1L,298.0,222.57,0,0,2022,4,11,0,15,2,0,0,0.8970075566750629,224.0,329.0,315.0,372.0,306.85714285714283,303.89285714285717,65.82408012125595
2022-04-12,SARDL,Sardalya Konservesi,625.0,23.96,1,0,2022,4,12,1,15,2,0,0,0.9027882441597589,404.0,446.0,427.0,413.0,393.85714285714283,400.42857142857144,47.75433164097459
2022-04-12,SOMON,Somon Konservesi,210.0,66.81,0,0,2022,4,12,1,15,2,0,0,0.871624266144814,190.0,187.0,209.0,188.0,183.85714285714286,187.83928571428572,16.527034130262322
2022-04-12,TON160,Ton Balığı Konservesi 160g,530.0,48.61,0,0,2022,4,12,1,15,2,0,0,0.8592134334953601,582.0,501.0,502.0,468.0,495.0,495.0357142857143,84.71520918150817
2022-04-12,TON80,Ton Balığı Konservesi 80g,1164.0,28.82,1,0,2022,4,12,1,15,2,0,0,0.8728043609933372,830.0,942.0,937.0,1082.0,846.1428571428571,857.1071428571429,188.18025806074743
2022-04-12,ZEYTY,Zeytinyağı 1L,257.0,215.84,0,0,2022,4,12,1,15,2,0,0,0.8698841309823677,298.0,345.0,305.0,308.0,302.42857142857144,301.25,65.12515423617599
2022-04-13,SARDL,Sardalya Konservesi,422.0,23.71,0,0,2022,4,13,2,15,2,0,0,0.8933685003767898,625.0,420.0,420.0,371.0,419.42857142857144,408.0,99.84464122301402
2022-04-13,SOMON,Somon Konservesi,205.0,65.92,0,0,2022,4,13,2,15,2,0,0,0.8600130463144161,210.0,188.0,208.0,179.0,187.14285714285714,188.625,19.30827604447173
2022-04-13,TON160,Ton Balığı Konservesi 160g,502.0,48.97,0,0,2022,4,13,2,15,2,0,0,0.8655766681396376,530.0,553.0,494.0,504.0,499.14285714285717,497.25,85.76018612275477
2022-04-13,TON80,Ton Balığı Konservesi 80g,908.0,29.78,0,0,2022,4,13,2,15,2,0,0,0.9018776499091459,1164.0,896.0,1311.0,907.0,877.8571428571429,860.0357142857143,222.5888800542595
2022-04-13,ZEYTY,Zeytinyağı 1L,289.0,224.57,0,0,2022,4,13,2,15,2,0,0,0.9050680100755667,257.0,328.0,336.0,308.0,289.85714285714283,299.42857142857144,64.02194564217426
2022-04-14,SARDL,Sardalya Konservesi,417.5,22.44,0,0,2022,4,14,3,15,2,0,0,0.8455162019593068,422.0,414.0,466.0,491.0,419.7142857142857,409.82142857142856,99.84941042342098
2022-04-14,SOMON,Somon Konservesi,179.0,66.83,0,0,2022,4,14,3,15,2,0,0,0.8718851924331376,205.0,198.0,187.0,296.5,189.57142857142858,189.55357142857142,20.46832628605419
2022-04-14,TON160,Ton Balığı Konservesi 160g,620.0,48.39,0,0,2022,4,14,3,15,2,0,0,0.855324790101635,502.0,575.0,568.0,482.0,491.85714285714283,497.17857142857144,82.52762885124923
2022-04-14,TON80,Ton Balığı Konservesi 80g,788.0,29.55,0,0,2022,4,14,3,15,2,0,0,0.8949121744397335,908.0,1157.0,926.0,943.0,879.5714285714286,860.0714285714286,222.79800802734385
2022-04-14,ZEYTY,Zeytinyağı 1L,313.0,218.53,0,0,2022,4,14,3,15,2,0,0,0.8807254408060453,289.0,378.0,337.0,334.0,284.2857142857143,298.75,61.80807467668027
2022-04-15,SARDL,Sardalya Konservesi,413.0,23.3,0,0,2022,4,15,4,15,2,0,0,0.8779201205727205,417.5,413.0,418.0,410.0,420.2142857142857,407.19642857142856,99.82478697817544
2022-04-15,SOMON,Somon Konservesi,190.0,66.91,0,0,2022,4,15,4,15,2,0,0,0.8729288975864318,179.0,202.0,180.0,199.0,186.85714285714286,185.35714285714286,20.424075429327374
2022-04-15,TON160,Ton Balığı Konservesi 160g,537.0,49.65,0,0,2022,4,15,4,15,2,0,0,0.8775961113566062,620.0,486.0,571.0,600.0,498.2857142857143,502.10714285714283,91.36322069212595
2022-04-15,TON80,Ton Balığı Konservesi 80g,957.0,29.11,0,0,2022,4,15,4,15,2,0,0,0.8815869170199878,788.0,861.0,775.0,902.0,826.8571428571429,854.5357142857143,186.99414302006758
2022-04-15,ZEYTY,Zeytinyağı 1L,336.0,216.75,0,0,2022,4,15,4,15,2,0,0,0.873551637279597,313.0,340.0,408.0,338.0,275.0,298.0,48.92170615721942
2022-04-16,SARDL,Sardalya Konservesi,316.0,22.98,0,0,2022,4,16,5,15,2,1,0,0.86586284853052,413.0,355.0,298.0,315.0,420.2142857142857,407.30357142857144,99.82478697817544
2022-04-16,SOMON,Somon Konservesi,148.0,66.57,0,0,2022,4,16,5,15,2,1,0,0.8684931506849314,190.0,161.0,148.0,136.0,185.14285714285714,185.03571428571428,19.420166249104433
2022-04-16,TON160,Ton Balığı Konservesi 160g,407.0,50.14,0,0,2022,4,16,5,15,2,1,0,0.8862571807335395,537.0,362.0,393.0,364.0,505.57142857142856,499.85714285714283,92.24940314686263
2022-04-16,TON80,Ton Balığı Konservesi 80g,693.0,29.01,0,0,2022,4,16,5,15,2,1,0,0.8785584494245912,957.0,623.0,649.0,633.0,840.5714285714286,856.5,193.32861242183566
2022-04-16,ZEYTY,Zeytinyağı 1L,230.0,224.51,0,0,2022,4,16,5,15,2,1,0,0.9048261964735516,336.0,204.0,212.0,256.0,274.42857142857144,297.92857142857144,48.05155960998944
2022-04-17,SARDL,Sardalya Konservesi,291.0,23.76,0,0,2022,4,17,6,15,2,1,0,0.8952524491333836,316.0,305.0,388.0,332.0,414.64285714285717,407.3392857142857,105.02409020700692
2022-04-17,SOMON,Somon Konservesi,186.0,66.27,1,0,2022,4,17,6,15,2,1,0,0.8645792563600782,148.0,161.0,124.0,133.0,183.28571428571428,185.46428571428572,22.492326733905507
2022-04-17,TON160,Ton Balığı Konservesi 160g,367.0,50.78,0,0,2022,4,17,6,15,2,1,0,0.8975695978789218,407.0,406.0,381.0,375.0,512.0,501.39285714285717,81.52095845036827
2022-04-17,TON80,Ton Balığı Konservesi 80g,710.0,28.68,0,0,2022,4,17,6,15,2,1,0,0.8685645063597819,693.0,614.0,573.0,602.0,850.5714285714286,858.6428571428571,181.65705522848734
2022-04-17,ZEYTY,Zeytinyağı 1L,231.0,220.17,0,0,2022,4,17,6,15,2,1,0,0.8873350125944583,230.0,224.0,229.0,199.0,278.14285714285717,297.0,42.369126225859866
2022-04-18,SARDL,Sardalya Konservesi,408.0,22.68,0,0,2022,4,18,0,16,2,0,0,0.8545591559909571,291.0,404.0,413.0,422.0,412.64285714285717,405.875,107.56266169296943
2022-04-18,SOMON,Somon Konservesi,193.0,68.01,0,0,2022,4,18,0,16,2,0,0,0.8872798434442271,186.0,190.0,254.0,211.0,186.85714285714286,187.35714285714286,20.235518043188012
2022-04-18,TON160,Ton Balığı Konservesi 160g,507.0,50.09,0,0,2022,4,18,0,16,2,0,0,0.8853733981440566,367.0,582.0,594.0,522.0,506.42857142857144,501.10714285714283,90.7796914565829
2022-04-18,TON80,Ton Balığı Konservesi 80g,1172.0,30.32,1,0,2022,4,18,0,16,2,0,0,0.9182313749242882,710.0,830.0,969.0,1020.0,864.2857142857143,862.5,163.5407332396777
2022-04-18,ZEYTY,Zeytinyağı 1L,304.0,221.81,0,0,2022,4,18,0,16,2,0,0,0.8939445843828715,231.0,298.0,329.0,467.0,279.14285714285717,298.14285714285717,40.93665257210844
2022-04-19,SARDL,Sardalya Konservesi,452.0,22.81,0,0,2022,4,19,1,16,2,0,0,0.859457422758101,408.0,625.0,446.0,404.0,413.2142857142857,405.375,107.5197102639237
2022-04-19,SOMON,Somon Konservesi,184.0,68.35,0,0,2022,4,19,1,16,2,0,0,0.8917155903457272,193.0,210.0,187.0,217.0,187.28571428571428,186.71428571428572,20.344649466254236
2022-04-19,TON160,Ton Balığı Konservesi 160g,549.0,49.52,0,0,2022,4,19,1,16,2,0,0,0.8752982766239505,507.0,530.0,501.0,458.0,495.7142857142857,500.57142857142856,84.58864046216911
2022-04-19,TON80,Ton Balığı Konservesi 80g,998.0,28.74,0,0,2022,4,19,1,16,2,0,0,0.8703815869170198,1172.0,1164.0,942.0,1023.0,913.1428571428571,867.9285714285714,198.862120216855
2022-04-19,ZEYTY,Zeytinyağı 1L,344.0,222.13,0,0,2022,4,19,1,16,2,0,0,0.8952342569269521,304.0,257.0,345.0,286.0,280.0,292.32142857142856,41.45680482944454
2022-04-20,SARDL,Sardalya Konservesi,496.0,23.3,0,0,2022,4,20,2,16,2,0,0,0.8779201205727205,452.0,422.0,420.0,410.0,388.5,407.0892857142857,60.19205373912178
2022-04-20,SOMON,Somon Konservesi,201.0,68.17,0,0,2022,4,20,2,16,2,0,0,0.8893672537508154,184.0,205.0,188.0,221.0,183.57142857142858,185.53571428571428,17.709292691099954
2022-04-20,TON160,Ton Balığı Konservesi 160g,552.0,49.87,0,0,2022,4,20,2,16,2,0,0,0.8814847547503313,549.0,502.0,553.0,620.0,498.42857142857144,503.82142857142856,86.16236058136056
2022-04-20,TON80,Ton Balığı Konservesi 80g,1156.0,29.92,1,0,2022,4,20,2,16,2,0,0,0.9061175045427013,998.0,908.0,896.0,853.0,889.4285714285714,867.0357142857143,172.05217923918428
2022-04-20,ZEYTY,Zeytinyağı 1L,299.0,222.24,0,0,2022,4,20,2,16,2,0,0,0.8956775818639798,344.0,289.0,328.0,337.0,292.42857142857144,294.39285714285717,46.18389742055531
2022-04-21,SARDL,Sardalya Konservesi,494.0,23.66,0,0,2022,4,21,3,16,2,0,0,0.891484551620196,496.0,417.5,414.0,590.0,399.07142857142856,410.1607142857143,72.33050795447505
2022-04-21,SOMON,Somon Konservesi,162.0,68.65,0,0,2022,4,21,3,16,2,0,0,0.8956294846705806,201.0,179.0,198.0,201.0,183.0,184.82142857142858,16.950909513454793
2022-04-21,TON160,Ton Balığı Konservesi 160g,521.0,50.53,0,0,2022,4,21,3,16,2,0,0,0.8931506849315068,552.0,620.0,575.0,511.0,505.57142857142856,501.39285714285717,88.54727013081236
2022-04-21,TON80,Ton Balığı Konservesi 80g,874.0,28.77,0,0,2022,4,21,3,16,2,0,0,0.8712901271956389,1156.0,788.0,1157.0,817.0,924.8571428571429,877.8571428571429,199.80859889022852
2022-04-21,ZEYTY,Zeytinyağı 1L,322.0,216.86,0,0,2022,4,21,3,16,2,0,0,0.8739949622166248,299.0,313.0,378.0,292.0,293.85714285714283,293.0357142857143,46.21481930949767
2022-04-22,SARDL,Sardalya Konservesi,351.0,22.67,0,0,2022,4,22,4,16,2,0,0,0.8541823662396384,494.0,413.0,413.0,422.0,410.0,406.73214285714283,80.85583879143589
2022-04-22,SOMON,Somon Konservesi,266.0,68.06,0,0,2022,4,22,4,16,2,0,0,0.8879321591650359,162.0,190.0,202.0,184.0,180.57142857142858,183.42857142857142,18.742617594288006
2022-04-22,TON160,Ton Balığı Konservesi 160g,642.0,49.93,0,0,2022,4,22,4,16,2,0,0,0.882545293857711,521.0,537.0,486.0,588.0,491.42857142857144,501.75,73.92306167644215
2022-04-22,TON80,Ton Balığı Konservesi 80g,994.0,28.24,0,0,2022,4,22,4,16,2,0,0,0.8552392489400362,874.0,957.0,861.0,781.0,937.1428571428571,879.8928571428571,192.50145330311034
2022-04-22,ZEYTY,Zeytinyağı 1L,467.0,211.7,0,0,2022,4,22,4,16,2,0,0,0.8531989924433249,322.0,336.0,340.0,268.0,295.14285714285717,294.10714285714283,46.95539930412178
2022-04-23,SARDL,Sardalya Konservesi,203.0,23.44,0,1,2022,4,23,5,16,2,1,0,0.8831951770911832,351.0,316.0,355.0,294.0,401.14285714285717,404.19642857142856,83.81413677781048
2022-04-23,SOMON,Somon Konservesi,76.5,66.84,0,1,2022,4,23,5,16,2,1,0,0.8720156555772994,266.0,148.0,161.0,152.0,191.42857142857142,186.35714285714286,37.62028328290085
2022-04-23,TON160,Ton Balığı Konservesi 160g,255.6875,52.67,0,1,2022,4,23,5,16,2,1,0,0.9309765797613787,642.0,407.0,362.0,529.0,506.42857142857144,503.67857142857144,92.92265088566434
2022-04-23,TON80,Ton Balığı Konservesi 80g,428.75,28.45,0,1,2022,4,23,5,16,2,1,0,0.8615990308903694,994.0,693.0,623.0,626.0,942.4285714285714,887.5,193.64215892797148
2022-04-23,ZEYTY,Zeytinyağı 1L,193.0,217.68,1,1,2022,4,23,5,16,2,1,0,0.8772997481108312,467.0,230.0,204.0,225.0,313.85714285714283,301.2142857142857,80.25257746936352
2022-04-24,SARDL,Sardalya Konservesi,341.0,23.28,0,0,2022,4,24,6,16,2,1,0,0.877166541070083,203.0,291.0,305.0,296.0,385.0,400.94642857142856,109.79981785048638
2022-04-24,SOMON,Somon Konservesi,163.0,66.47,0,0,2022,4,24,6,16,2,1,0,0.8671885192433136,76.5,186.0,161.0,131.0,181.21428571428572,183.66071428571428,56.39729392359851
2022-04-24,TON160,Ton Balığı Konservesi 160g,523.0,49.09,0,0,2022,4,24,6,16,2,1,0,0.8676977463543968,255.6875,367.0,406.0,339.0,484.8125,493.9174107142857,130.07816660409756
2022-04-24,TON80,Ton Balığı Konservesi 80g,781.0,29.02,0,0,2022,4,24,6,16,2,1,0,0.8788612961841308,428.75,710.0,614.0,670.0,904.6785714285714,880.4553571428571,263.5208212158685
2022-04-24,ZEYTY,Zeytinyağı 1L,313.0,215.29,0,0,2022,4,24,6,16,2,1,0,0.8676675062972292,193.0,231.0,224.0,229.0,308.57142857142856,300.07142857142856,87.58016735703188
2022-04-25,SARDL,Sardalya Konservesi,496.0,22.82,0,0,2022,4,25,0,17,2,0,0,0.8598342125094198,341.0,408.0,404.0,455.0,392.14285714285717,402.55357142857144,104.14641707939924
2022-04-25,SOMON,Somon Konservesi,293.0,68.33,0,0,2022,4,25,0,17,2,0,0,0.8914546640574037,163.0,193.0,190.0,214.0,177.92857142857142,184.80357142857142,56.74095270865405
2022-04-25,TON160,Ton Balığı Konservesi 160g,732.0,49.37,0,0,2022,4,25,0,17,2,0,0,0.8726469288555014,523.0,507.0,582.0,533.0,507.0982142857143,500.4888392857143,119.45982946436334
2022-04-25,TON80,Ton Balığı Konservesi 80g,987.0,29.95,0,0,2022,4,25,0,17,2,0,0,0.9070260448213203,781.0,1172.0,830.0,1077.0,914.8214285714286,884.4196428571429,256.0390072123499
2022-04-25,ZEYTY,Zeytinyağı 1L,467.0,215.24,0,0,2022,4,25,0,17,2,0,0,0.8674659949622167,313.0,304.0,298.0,315.0,320.2857142857143,303.07142857142856,80.68811206473623
2022-04-26,SARDL,Sardalya Konservesi,429.0,23.69,0,0,2022,4,26,1,17,2,0,0,0.8926149208741523,496.0,452.0,625.0,427.0,404.7142857142857,404.01785714285717,111.43565301062652
2022-04-26,SOMON,Somon Konservesi,239.0,66.71,0,0,2022,4,26,1,17,2,0,0,0.8703196347031962,293.0,184.0,210.0,209.0,192.21428571428572,187.625,71.7669011121289
2022-04-26,TON160,Ton Balığı Konservesi 160g,662.0,49.97,0,0,2022,4,26,1,17,2,0,0,0.8832523199292973,732.0,549.0,530.0,502.0,539.2410714285714,507.59598214285717,146.6131905435832
2022-04-26,TON80,Ton Balığı Konservesi 80g,1054.0,29.63,0,0,2022,4,26,1,17,2,0,0,0.8973349485160508,987.0,998.0,1164.0,937.0,888.3928571428571,881.2053571428571,233.63628504681418
2022-04-26,ZEYTY,Zeytinyağı 1L,467.0,220.88,0,0,2022,4,26,1,17,2,0,0,0.8901964735516372,467.0,344.0,257.0,305.0,343.57142857142856,308.5,97.06330776501349
2022-04-27,SARDL,Sardalya Konservesi,463.0,23.19,0,0,2022,4,27,2,17,2,0,0,0.8737754333082141,429.0,496.0,422.0,420.0,401.42857142857144,404.0892857142857,110.14060278095619
2022-04-27,SOMON,Somon Konservesi,216.0,67.5,0,0,2022,4,27,2,17,2,0,0,0.8806262230919765,239.0,201.0,205.0,208.0,200.07142857142858,188.69642857142858,73.70234537845933
2022-04-27,TON160,Ton Balığı Konservesi 160g,641.0,49.08,0,0,2022,4,27,2,17,2,0,0,0.8675209898365002,662.0,552.0,502.0,494.0,555.3839285714286,513.3102678571429,153.90632478243276
2022-04-27,TON80,Ton Balığı Konservesi 80g,1080.0,29.04,0,0,2022,4,27,2,17,2,0,0,0.87946698970321,1054.0,1156.0,908.0,1311.0,896.3928571428571,885.3839285714286,238.91402991552465
2022-04-27,ZEYTY,Zeytinyağı 1L,467.0,219.52,0,0,2022,4,27,2,17,2,0,0,0.8847153652392947,467.0,299.0,289.0,336.0,361.14285714285717,314.2857142857143,107.70395933828468
2022-04-28,SARDL,Sardalya Konservesi,430.0,23.05,0,0,2022,4,28,3,17,2,0,0,0.8685003767897513,463.0,494.0,417.5,466.0,396.7142857142857,405.625,106.04828190611146
2022-04-28,SOMON,Somon Konservesi,247.0,66.56,0,0,2022,4,28,3,17,2,0,0,0.8683626875407697,216.0,162.0,179.0,187.0,202.21428571428572,188.98214285714286,73.9514802324566
2022-04-28,TON160,Ton Balığı Konservesi 160g,659.5,49.46,0,0,2022,4,28,3,17,2,0,0,0.8742377375165709,641.0,521.0,620.0,568.0,568.0982142857143,518.5602678571429,157.22066771151532
2022-04-28,TON80,Ton Balığı Konservesi 80g,1106.0,28.42,0,0,2022,4,28,3,17,2,0,0,0.8606904906117504,1080.0,874.0,788.0,926.0,885.5357142857143,877.1339285714286,226.55759149034222
2022-04-28,ZEYTY,Zeytinyağı 1L,467.0,220.24,0,0,2022,4,28,3,17,2,0,0,0.8876171284634761,467.0,322.0,313.0,337.0,385.14285714285717,318.9642857142857,110.23675819409281
2022-04-29,SARDL,Sardalya Konservesi,484.0,23.38,0,0,2022,4,29,4,17,2,0,0,0.8809344385832705,430.0,351.0,413.0,418.0,387.57142857142856,404.3392857142857,98.77222474437016
2022-04-29,SOMON,Somon Konservesi,272.0,66.31,0,0,2022,4,29,4,17,2,0,0,0.8651011089367253,247.0,266.0,190.0,180.0,214.35714285714286,191.125,73.22267083226006
2022-04-29,TON160,Ton Balığı Konservesi 160g,678.0,49.03,0,0,2022,4,29,4,17,2,0,0,0.8666372072470172,659.5,642.0,537.0,571.0,587.8839285714286,521.828125,159.01035257083836
2022-04-29,TON80,Ton Balığı Konservesi 80g,1115.0,29.18,0,0,2022,4,29,4,17,2,0,0,0.8837068443367655,1106.0,994.0,957.0,775.0,918.6785714285714,883.5625,241.0920775988967
2022-04-29,ZEYTY,Zeytinyağı 1L,467.0,221.22,0,0,2022,4,29,4,17,2,0,0,0.8915667506297229,467.0,467.0,336.0,408.0,405.85714285714283,323.60714285714283,110.01731465460138
2022-04-30,SARDL,Sardalya Konservesi,309.0,23.09,0,0,2022,4,30,5,17,2,1,0,0.8700075357950264,484.0,203.0,316.0,298.0,406.57142857142856,406.69642857142856,103.25511632659682
2022-04-30,SOMON,Somon Konservesi,190.0,65.8,0,0,2022,4,30,5,17,2,1,0,0.8584474885844748,272.0,76.5,148.0,148.0,215.21428571428572,194.41071428571428,73.95936786667447
2022-04-30,TON160,Ton Balığı Konservesi 160g,518.0,48.79,0,0,2022,4,30,5,17,2,1,0,0.8623950508174988,678.0,255.6875,407.0,393.0,593.0267857142857,525.6495535714286,161.6132047172756
2022-04-30,TON80,Ton Balığı Konservesi 80g,704.0,29.26,0,0,2022,4,30,5,17,2,1,0,0.8861296184130829,1115.0,428.75,693.0,649.0,935.9642857142857,895.7053571428571,251.50531921857666
2022-04-30,ZEYTY,Zeytinyağı 1L,308.0,219.5,0,0,2022,4,30,5,17,2,1,0,0.8846347607052897,467.0,193.0,230.0,212.0,405.85714285714283,325.7142857142857,110.01731465460138
2022-05-01,SARDL,Sardalya Konservesi,203.0,23.58,0,1,2022,5,1,6,17,2,1,0,0.8884702336096458,309.0,341.0,291.0,388.0,421.7142857142857,407.0892857142857,71.23134676464262
2022-05-01,SOMON,Somon Konservesi,99.0,69.55,1,1,2022,5,1,6,17,2,1,0,0.9073711676451401,190.0,163.0,186.0,124.0,231.42857142857142,195.91071428571428,45.41239604211267
2022-05-01,TON160,Ton Balığı Konservesi 160g,255.6875,50.84,0,1,2022,5,1,6,17,2,1,0,0.8986301369863013,518.0,523.0,367.0,381.0,630.5,530.1138392857143,80.32693612149401
2022-05-01,TON80,Ton Balığı Konservesi 80g,428.75,28.73,0,1,2022,5,1,6,17,2,1,0,0.8700787401574802,704.0,781.0,710.0,573.0,975.2857142857143,897.6696428571429,165.95553047499854
2022-05-01,ZEYTY,Zeytinyağı 1L,145.0,213.72,0,1,2022,5,1,6,17,2,1,0,0.8613400503778338,308.0,313.0,231.0,229.0,422.2857142857143,329.14285714285717,76.37782026590888
2022-05-02,SARDL,Sardalya Konservesi,203.0,23.25,0,1,2022,5,2,0,18,2,0,0,0.8760361718161266,203.0,496.0,408.0,413.0,402.0,400.48214285714283,107.27223934146859
2022-05-02,SOMON,Somon Konservesi,101.0,67.4,0,1,2022,5,2,0,18,2,0,0,0.8793215916503588,99.0,293.0,193.0,254.0,222.28571428571428,195.01785714285714,64.08773747947478
2022-05-02,TON160,Ton Balığı Konservesi 160g,277.0,49.15,0,1,2022,5,2,0,18,2,0,0,0.8687582854617764,255.6875,732.0,507.0,594.0,592.3125,525.6383928571429,161.98490879425552
2022-05-02,TON80,Ton Balığı Konservesi 80g,428.75,28.75,0,1,2022,5,2,0,18,2,0,0,0.8706844336765596,428.75,987.0,1172.0,969.0,924.9642857142857,892.5178571428571,260.9201836997376
2022-05-02,ZEYTY,Zeytinyağı 1L,274.0,218.31,1,1,2022,5,2,0,18,2,0,0,0.8798387909319899,145.0,467.0,304.0,329.0,398.2857142857143,326.14285714285717,126.43405960646628
2022-05-03,SARDL,Sardalya Konservesi,203.0,23.99,0,1,2022,5,3,1,18,2,0,0,0.9039186134137152,203.0,429.0,452.0,446.0,360.14285714285717,392.98214285714283,120.7924232880916
2022-05-03,SOMON,Somon Konservesi,86.0,67.01,1,1,2022,5,3,1,18,2,0,0,0.8742335290280496,101.0,239.0,184.0,187.0,194.85714285714286,189.55357142857142,69.62621290727738
2022-05-03,TON160,Ton Balığı Konservesi 160g,255.6875,51.19,0,1,2022,5,3,1,18,2,0,0,0.9048166151126822,277.0,662.0,549.0,501.0,527.3125,514.3169642857143,186.08646693696815
2022-05-03,TON80,Ton Balığı Konservesi 80g,428.75,28.75,0,1,2022,5,3,1,18,2,0,0,0.8706844336765596,428.75,1054.0,998.0,942.0,845.2142857142857,873.2232142857143,317.8930122885761
2022-05-03,ZEYTY,Zeytinyağı 1L,134.0,225.75,0,1,2022,5,3,1,18,2,0,0,0.909823677581864,274.0,467.0,344.0,345.0,370.7142857142857,324.17857142857144,129.94705881718954
2022-05-04,SARDL,Sardalya Konservesi,203.0,24.22,0,1,2022,5,4,2,18,2,0,0,0.9125847776940467,203.0,463.0,496.0,420.0,327.85714285714283,384.30357142857144,129.229032562899
2022-05-04,SOMON,Somon Konservesi,103.0,66.3,1,1,2022,5,4,2,18,2,0,0,0.8649706457925636,86.0,216.0,201.0,188.0,173.0,185.94642857142858,77.07572034477961
2022-05-04,TON160,Ton Balığı Konservesi 160g,255.6875,48.54,0,1,2022,5,4,2,18,2,0,0,0.8579761378700839,255.6875,641.0,552.0,553.0,469.26785714285717,505.55580357142856,199.92673369693767
2022-05-04,TON80,Ton Balığı Konservesi 80g,428.75,29.96,0,1,2022,5,4,2,18,2,0,0,0.90732889158086,428.75,1080.0,1156.0,896.0,755.8928571428571,854.8928571428571,336.73397193800156
2022-05-04,ZEYTY,Zeytinyağı 1L,127.0,223.99,0,1,2022,5,4,2,18,2,0,0,0.9027304785894207,134.0,467.0,299.0,328.0,323.14285714285717,316.64285714285717,148.45810696559994
2022-05-05,SARDL,Sardalya Konservesi,203.0,24.27,0,1,2022,5,5,3,18,2,0,0,0.9144687264506406,203.0,430.0,494.0,414.0,290.7142857142857,376.55357142857144,121.01613430408645
2022-05-05,SOMON,Somon Konservesi,76.5,66.38,0,1,2022,5,5,3,18,2,0,0,0.8660143509458577,103.0,247.0,162.0,198.0,156.85714285714286,182.91071428571428,78.39096157812375
2022-05-05,TON160,Ton Balığı Konservesi 160g,255.6875,49.9,0,1,2022,5,5,3,18,2,0,0,0.8820150243040211,255.6875,659.5,521.0,575.0,414.2232142857143,494.9375,197.79595723726217
2022-05-05,TON80,Ton Balığı Konservesi 80g,428.75,28.66,0,1,2022,5,5,3,18,2,0,0,0.8679588128407025,428.75,1106.0,874.0,1157.0,662.8571428571429,838.2053571428571,321.9021867852761
2022-05-05,ZEYTY,Zeytinyağı 1L,126.0,215.03,0,1,2022,5,5,3,18,2,0,0,0.8666196473551637,127.0,467.0,322.0,378.0,274.57142857142856,309.4642857142857,149.16529661515
2022-05-06,SARDL,Sardalya Konservesi,400.0,23.32,0,0,2022,5,6,4,18,2,0,0,0.8786737000753579,203.0,484.0,351.0,413.0,258.2857142857143,369.01785714285717,107.08363442610953
2022-05-06,SOMON,Somon Konservesi,193.0,68.32,0,0,2022,5,6,4,18,2,0,0,0.8913242009132418,76.5,272.0,266.0,202.0,132.5,178.57142857142858,71.93689364065352
2022-05-06,TON160,Ton Balığı Konservesi 160g,526.0,50.48,0,0,2022,5,6,4,18,2,0,0,0.8922669023420238,255.6875,678.0,642.0,486.0,356.5357142857143,483.53348214285717,171.47272946274836
2022-05-06,TON80,Ton Balığı Konservesi 80g,939.0,28.83,0,0,2022,5,6,4,18,2,0,0,0.8731072077528769,428.75,1115.0,994.0,861.0,566.1071428571429,812.1964285714286,262.87916493541815
2022-05-06,ZEYTY,Zeytinyağı 1L,355.0,215.11,0,0,2022,5,6,4,18,2,0,0,0.8669420654911839,126.0,467.0,467.0,340.0,225.85714285714286,300.4642857142857,130.34240621203364
2022-05-07,SARDL,Sardalya Konservesi,345.0,23.27,0,0,2022,5,7,5,18,2,1,0,0.8767897513187641,400.0,309.0,203.0,355.0,246.28571428571428,368.55357142857144,78.45320109405772
2022-05-07,SOMON,Somon Konservesi,140.0,69.13,0,0,2022,5,7,5,18,2,1,0,0.9018917155903456,193.0,190.0,76.5,161.0,121.21428571428571,178.25,48.91817755434202
2022-05-07,TON160,Ton Balığı Konservesi 160g,435.0,51.08,0,0,2022,5,7,5,18,2,1,0,0.9028722934158196,526.0,518.0,255.6875,362.0,334.82142857142856,484.96205357142856,128.12472270585613
2022-05-07,TON80,Ton Balığı Konservesi 80g,561.0,29.28,0,0,2022,5,7,5,18,2,1,0,0.8867353119321623,939.0,704.0,428.75,623.0,540.9642857142857,814.9821428571429,203.2950661687866
2022-05-07,ZEYTY,Zeytinyağı 1L,235.0,222.16,0,0,2022,5,7,5,18,2,1,0,0.8953551637279596,355.0,308.0,193.0,204.0,209.85714285714286,301.0,98.88617795463686
2022-05-08,SARDL,Sardalya Konservesi,324.0,23.42,0,0,2022,5,8,6,18,2,1,0,0.8824415975885457,345.0,203.0,341.0,305.0,251.42857142857142,368.19642857142856,84.21768844856138
2022-05-08,SOMON,Somon Konservesi,129.0,68.19,0,0,2022,5,8,6,18,2,1,0,0.8896281800391388,140.0,99.0,163.0,161.0,114.07142857142857,177.5,40.04625302013188
2022-05-08,TON160,Ton Balığı Konservesi 160g,333.0,51.47,0,0,2022,5,8,6,18,2,1,0,0.909765797613787,435.0,255.6875,523.0,406.0,322.9642857142857,487.56919642857144,111.05020013221461
2022-05-08,TON80,Ton Balığı Konservesi 80g,730.0,30.07,0,0,2022,5,8,6,18,2,1,0,0.9106602059357964,561.0,428.75,781.0,614.0,520.5357142857143,812.7678571428571,190.99424230912823
2022-05-08,ZEYTY,Zeytinyağı 1L,189.0,224.18,0,0,2022,5,8,6,18,2,1,0,0.9034962216624686,235.0,145.0,313.0,224.0,199.42857142857142,302.10714285714283,90.28631705645634
2022-05-09,SARDL,Sardalya Konservesi,440.0,23.54,0,0,2022,5,9,0,19,2,0,0,0.8869630746043707,324.0,203.0,496.0,404.0,268.7142857142857,368.875,85.03472679972974
2022-05-09,SOMON,Somon Konservesi,185.0,67.47999999999999,0,0,2022,5,9,0,19,2,0,0,0.8803652968036527,129.0,101.0,293.0,190.0,118.35714285714286,176.35714285714286,39.76882603006483
2022-05-09,TON160,Ton Balığı Konservesi 160g,462.0,49.79,0,0,2022,5,9,0,19,2,0,0,0.8800707026071586,333.0,277.0,732.0,582.0,334.00892857142856,484.96205357142856,107.01521886373231
2022-05-09,TON80,Ton Balığı Konservesi 80g,866.0,28.82,0,0,2022,5,9,0,19,2,0,0,0.8728043609933372,730.0,428.75,987.0,830.0,563.5714285714286,816.9107142857143,200.56543582486725
2022-05-09,ZEYTY,Zeytinyağı 1L,382.0,221.41,1,0,2022,5,9,0,19,2,0,0,0.8923324937027708,189.0,274.0,467.0,298.0,205.71428571428572,300.85714285714283,87.34932605295062
2022-05-10,SARDL,Sardalya Konservesi,448.0,23.59,0,0,2022,5,10,1,19,2,0,0,0.8888470233609645,440.0,203.0,429.0,625.0,302.57142857142856,370.1607142857143,100.31759091813849
2022-05-10,SOMON,Somon Konservesi,188.0,66.77,0,0,2022,5,10,1,19,2,0,0,0.8711024135681669,185.0,86.0,239.0,210.0,130.35714285714286,176.17857142857142,45.86457809475146
2022-05-10,TON160,Ton Balığı Konservesi 160g,442.0,49.27,0,0,2022,5,10,1,19,2,0,0,0.8708793636765356,462.0,255.6875,662.0,530.0,360.4375,480.6763392857143,113.25189705916688
2022-05-10,TON80,Ton Balığı Konservesi 80g,918.0,29.35,0,0,2022,5,10,1,19,2,0,0,0.8888552392489399,866.0,428.75,1054.0,1164.0,626.0357142857143,818.1964285714286,218.83505149291025
2022-05-10,ZEYTY,Zeytinyağı 1L,416.0,218.87,1,0,2022,5,10,1,19,2,0,0,0.882095717884131,382.0,134.0,467.0,257.0,221.14285714285714,303.85714285714283,108.4180621044119
2022-05-11,SARDL,Sardalya Konservesi,422.0,23.08,0,0,2022,5,11,2,19,2,0,0,0.8696307460437076,448.0,203.0,463.0,422.0,337.57142857142856,363.8392857142857,102.50342619128563
2022-05-11,SOMON,Somon Konservesi,204.0,66.33,0,0,2022,5,11,2,19,2,0,0,0.8653620352250488,188.0,103.0,216.0,205.0,144.92857142857142,175.39285714285714,45.62567677254119
2022-05-11,TON160,Ton Balığı Konservesi 160g,557.0,50.5,0,0,2022,5,11,2,19,2,0,0,0.892620415377817,442.0,255.6875,641.0,502.0,387.05357142857144,477.53348214285717,106.20493179321991
2022-05-11,TON80,Ton Balığı Konservesi 80g,1038.0,29.58,0,0,2022,5,11,2,19,2,0,0,0.8958207147183523,918.0,428.75,1080.0,908.0,695.9285714285714,809.4107142857143,223.40512128034499
2022-05-11,ZEYTY,Zeytinyağı 1L,322.0,221.87,0,0,2022,5,11,2,19,2,0,0,0.8941863979848866,416.0,127.0,467.0,289.0,261.42857142857144,309.5357142857143,122.16226523611537
2022-05-12,SARDL,Sardalya Konservesi,437.0,23.61,0,0,2022,5,12,3,19,2,0,0,0.8896006028636021,422.0,203.0,430.0,417.5,368.85714285714283,363.8392857142857,86.80328060511023
2022-05-12,SOMON,Somon Konservesi,186.0,66.81,0,0,2022,5,12,3,19,2,0,0,0.871624266144814,204.0,76.5,247.0,179.0,159.35714285714286,175.35714285714286,46.12366916392139
2022-05-12,TON160,Ton Balığı Konservesi 160g,513.0,49.63,0,0,2022,5,12,3,19,2,0,0,0.8772425983208131,557.0,255.6875,659.5,620.0,430.0982142857143,479.49776785714283,105.14417097009313
2022-05-12,TON80,Ton Balığı Konservesi 80g,837.0,29.1,0,0,2022,5,12,3,19,2,0,0,0.8812840702604482,1038.0,428.75,1106.0,788.0,782.9642857142857,814.0535714285714,220.62828980415162
2022-05-12,ZEYTY,Zeytinyağı 1L,301.0,224.94,0,0,2022,5,12,3,19,2,0,0,0.9065591939546599,322.0,126.0,467.0,313.0,289.2857142857143,310.7142857142857,107.78638486332464
2022-05-13,SARDL,Sardalya Konservesi,602.0,23.26,1,0,2022,5,13,4,19,2,0,0,0.8764129615674454,437.0,400.0,484.0,413.0,402.2857142857143,364.5357142857143,49.19591543246351
2022-05-13,SOMON,Somon Konservesi,208.0,67.79,0,0,2022,5,13,4,19,2,0,0,0.8844096542726679,186.0,193.0,272.0,190.0,175.0,175.60714285714286,28.565713714171522
2022-05-13,TON160,Ton Balığı Konservesi 160g,503.0,50.4,0,0,2022,5,13,4,19,2,0,0,0.890852850198851,513.0,526.0,678.0,537.0,466.85714285714283,475.6763392857143,74.52835829720283
2022-05-13,TON80,Ton Balığı Konservesi 80g,842.0,28.41,0,0,2022,5,13,4,19,2,0,0,0.8603876438522107,837.0,939.0,1115.0,957.0,841.2857142857143,815.8035714285714,155.83293862949745
2022-05-13,ZEYTY,Zeytinyağı 1L,320.0,222.22,0,0,2022,5,13,4,19,2,0,0,0.8955969773299748,301.0,355.0,467.0,336.0,314.2857142857143,310.2857142857143,80.42328494848215
2022-05-14,SARDL,Sardalya Konservesi,278.0,23.12,0,0,2022,5,14,5,19,2,1,0,0.8711379050489827,602.0,345.0,309.0,316.0,431.14285714285717,371.2857142857143,89.9748642148251
2022-05-14,SOMON,Somon Konservesi,156.0,70.23,0,0,2022,5,14,5,19,2,1,0,0.9162426614481409,208.0,140.0,190.0,148.0,177.14285714285714,176.25,30.62911779896481
2022-05-14,TON160,Ton Balığı Konservesi 160g,353.0,49.02,0,0,2022,5,14,5,19,2,1,0,0.8664604507291207,503.0,435.0,518.0,407.0,463.57142857142856,474.46205357142856,71.94872512851843
2022-05-14,TON80,Ton Balığı Konservesi 80g,730.0,29.2,0,0,2022,5,14,5,19,2,1,0,0.8843125378558448,842.0,561.0,704.0,693.0,827.4285714285714,811.6964285714286,149.89536032719295
2022-05-14,ZEYTY,Zeytinyağı 1L,209.0,212.01,0,0,2022,5,14,5,19,2,1,0,0.854448362720403,320.0,235.0,308.0,230.0,309.2857142857143,309.7142857142857,78.53600933269243
2022-05-15,SARDL,Sardalya Konservesi,278.0,23.63,0,0,2022,5,15,6,19,2,1,0,0.8903541823662396,278.0,324.0,203.0,291.0,421.57142857142856,369.92857142857144,103.25027383798586
2022-05-15,SOMON,Somon Konservesi,132.0,66.12,0,0,2022,5,15,6,19,2,1,0,0.8626223091976517,156.0,129.0,99.0,186.0,179.42857142857142,176.53571428571428,27.867885596489952
2022-05-15,TON160,Ton Balığı Konservesi 160g,461.5,49.91,0,0,2022,5,15,6,19,2,1,0,0.8821917808219177,353.0,333.0,255.6875,367.0,451.85714285714283,472.53348214285717,83.17537410281315
2022-05-15,TON80,Ton Balığı Konservesi 80g,650.0,28.93,0,0,2022,5,15,6,19,2,1,0,0.8761356753482736,730.0,730.0,428.75,710.0,851.5714285714286,813.0178571428571,107.42417037590909
2022-05-15,ZEYTY,Zeytinyağı 1L,246.0,218.59,0,0,2022,5,15,6,19,2,1,0,0.8809672544080605,209.0,189.0,145.0,231.0,305.57142857142856,308.9642857142857,83.11609780473155
2022-05-16,SARDL,Sardalya Konservesi,653.0,23.63,0,0,2022,5,16,0,20,2,0,0,0.8903541823662396,278.0,440.0,203.0,408.0,415.0,369.4642857142857,111.61989070053784
2022-05-16,SOMON,Somon Konservesi,197.0,67.12,0,0,2022,5,16,0,20,2,0,0,0.8756686236138291,132.0,185.0,101.0,193.0,179.85714285714286,174.60714285714286,26.971766543483852
2022-05-16,TON160,Ton Balığı Konservesi 160g,570.0,49.75,0,0,2022,5,16,0,20,2,0,0,0.8793636765355722,461.5,462.0,277.0,507.0,470.2142857142857,475.90848214285717,64.6992124777276
2022-05-16,TON80,Ton Balığı Konservesi 80g,979.0,29.23,0,0,2022,5,16,0,20,2,0,0,0.8852210781344639,650.0,866.0,428.75,1172.0,840.1428571428571,810.875,125.28424824032277
2022-05-16,ZEYTY,Zeytinyağı 1L,286.0,221.35,0,0,2022,5,16,0,20,2,0,0,0.8920906801007557,246.0,382.0,274.0,304.0,313.7142857142857,309.5,71.81623373981277
2022-05-17,SARDL,Sardalya Konservesi,420.0,23.17,0,0,2022,5,17,1,20,2,0,0,0.8730218538055766,653.0,448.0,203.0,452.0,445.42857142857144,378.2142857142857,143.92805742552682
2022-05-17,SOMON,Somon Konservesi,182.0,68.33,0,0,2022,5,17,1,20,2,0,0,0.8914546640574037,197.0,188.0,86.0,184.0,181.57142857142858,174.75,27.723979649737355
2022-05-17,TON160,Ton Balığı Konservesi 160g,611.0,51.11,0,0,2022,5,17,1,20,2,0,0,0.9034025629695095,570.0,442.0,255.6875,549.0,485.64285714285717,478.15848214285717,74.54233376954038
2022-05-17,TON80,Ton Balığı Konservesi 80g,856.0,30.73,0,0,2022,5,17,1,20,2,0,0,0.9306480920654149,979.0,918.0,428.75,998.0,856.2857142857143,803.9821428571429,135.99352225469437
2022-05-17,ZEYTY,Zeytinyağı 1L,367.0,218.77,0,0,2022,5,17,1,20,2,0,0,0.8816926952141059,286.0,416.0,134.0,344.0,300.0,308.85714285714283,65.49045732013164
2022-05-18,SARDL,Sardalya Konservesi,418.0,22.76,0,0,2022,5,18,2,20,2,0,0,0.8575734740015073,420.0,422.0,203.0,496.0,441.42857142857144,377.07142857142856,144.23344173348198
2022-05-18,SOMON,Somon Konservesi,176.0,67.03,0,0,2022,5,18,2,20,2,0,0,0.874494455316373,182.0,204.0,103.0,201.0,180.71428571428572,174.67857142857142,27.584502205128985
2022-05-18,TON160,Ton Balığı Konservesi 160g,400.5,50.22,0,0,2022,5,18,2,20,2,0,0,0.8876712328767122,611.0,557.0,255.6875,552.0,509.7857142857143,480.37276785714283,84.72399165469471
2022-05-18,TON80,Ton Balığı Konservesi 80g,969.0,28.97,0,0,2022,5,18,2,20,2,0,0,0.8773470623864323,856.0,1038.0,428.75,1156.0,847.4285714285714,798.9107142857143,133.29648300293726
2022-05-18,ZEYTY,Zeytinyağı 1L,308.0,219.95,0,0,2022,5,18,2,20,2,0,0,0.886448362720403,367.0,322.0,127.0,299.0,293.0,309.67857142857144,52.319531088622284
2022-05-19,SARDL,Sardalya Konservesi,203.0,24.08,0,1,2022,5,19,3,20,2,0,0,0.907309721175584,418.0,437.0,203.0,494.0,440.85714285714283,374.2857142857143,144.3311338224578
2022-05-19,SOMON,Somon Konservesi,93.0,64.34,1,1,2022,5,19,3,20,2,0,0,0.8393998695368559,176.0,186.0,76.5,162.0,176.71428571428572,173.78571428571428,25.60412913128339
2022-05-19,TON160,Ton Balığı Konservesi 160g,255.6875,50.37,0,1,2022,5,19,3,20,2,0,0,0.8903225806451612,400.5,513.0,255.6875,521.0,487.42857142857144,474.96205357142856,90.63131751379184
2022-05-19,TON80,Ton Balığı Konservesi 80g,428.75,29.67,0,1,2022,5,19,3,20,2,0,0,0.8985463355542095,969.0,837.0,428.75,874.0,837.5714285714286,792.2321428571429,118.59575195154478
2022-05-19,ZEYTY,Zeytinyağı 1L,134.0,221.69,0,1,2022,5,19,3,20,2,0,0,0.8934609571788413,308.0,301.0,126.0,322.0,291.0,310.0,51.28352561983213
2022-05-20,SARDL,Sardalya Konservesi,653.0,23.37,1,0,2022,5,20,4,20,2,0,0,0.8805576488319519,203.0,602.0,400.0,351.0,407.42857142857144,363.89285714285717,170.16056842764442
2022-05-20,SOMON,Somon Konservesi,214.0,69.15,0,0,2022,5,20,4,20,2,0,0,0.9021526418786693,93.0,208.0,193.0,266.0,163.42857142857142,171.32142857142858,40.041050364416364
2022-05-20,TON160,Ton Balığı Konservesi 160g,531.0,49.82,0,0,2022,5,20,4,20,2,0,0,0.8806009721608484,255.6875,503.0,526.0,642.0,450.66964285714283,465.48660714285717,124.41577385615643
2022-05-20,TON80,Ton Balığı Konservesi 80g,1172.0,29.62,1,0,2022,5,20,4,20,2,0,0,0.8970321017565112,428.75,842.0,939.0,994.0,779.25,776.3303571428571,194.81385346016833
2022-05-20,ZEYTY,Zeytinyağı 1L,329.0,217.59,0,0,2022,5,20,4,20,2,0,0,0.8769370277078086,134.0,320.0,355.0,467.0,267.14285714285717,303.2857142857143,77.82978986529615
2022-05-21,SARDL,Sardalya Konservesi,342.0,23.04,0,0,2022,5,21,5,20,2,1,0,0.8681235870384325,653.0,278.0,345.0,203.0,414.7142857142857,374.67857142857144,180.64856700761504
2022-05-21,SOMON,Somon Konservesi,147.0,69.82,0,0,2022,5,21,5,20,2,1,0,0.910893672537508,214.0,156.0,140.0,76.5,164.28571428571428,169.46428571428572,41.201594976061806
2022-05-21,TON160,Ton Balığı Konservesi 160g,390.0,49.7,0,0,2022,5,21,5,20,2,1,0,0.8784798939460893,531.0,353.0,435.0,255.6875,454.66964285714283,461.52232142857144,126.80576268802977
2022-05-21,TON80,Ton Balığı Konservesi 80g,695.0,29.63,0,0,2022,5,21,5,20,2,1,0,0.8973349485160508,1172.0,730.0,561.0,428.75,826.3928571428571,782.6875,245.78869045817146
2022-05-21,ZEYTY,Zeytinyağı 1L,239.0,218.22,0,0,2022,5,21,5,20,2,1,0,0.8794760705289673,329.0,209.0,235.0,193.0,268.42857142857144,298.35714285714283,78.91526498478613
2022-05-22,SARDL,Sardalya Konservesi,311.0,23.41,0,0,2022,5,22,6,20,2,1,0,0.8820648078372268,342.0,278.0,324.0,341.0,423.85714285714283,379.64285714285717,174.07606438128192
2022-05-22,SOMON,Somon Konservesi,124.0,66.64,0,0,2022,5,22,6,20,2,1,0,0.8694063926940638,147.0,132.0,129.0,163.0,163.0,171.98214285714286,41.641325627314195
2022-05-22,TON160,Ton Balığı Konservesi 160g,360.0,50.0,0,0,2022,5,22,6,20,2,1,0,0.8837825894829872,390.0,461.5,333.0,523.0,459.95535714285717,466.31919642857144,122.5616060772143
2022-05-22,TON80,Ton Balığı Konservesi 80g,897.0,29.78,1,0,2022,5,22,6,20,2,1,0,0.9018776499091459,695.0,650.0,730.0,781.0,821.3928571428571,792.1964285714286,248.4183239829062
2022-05-22,ZEYTY,Zeytinyağı 1L,234.0,220.48,0,0,2022,5,22,6,20,2,1,0,0.8885843828715365,239.0,246.0,189.0,313.0,272.7142857142857,300.0,75.90721152765875
2022-05-23,SARDL,Sardalya Konservesi,415.0,24.16,0,0,2022,5,23,0,21,2,0,0,0.9103240391861341,311.0,653.0,440.0,496.0,428.57142857142856,378.57142857142856,169.86353065805227
2022-05-23,SOMON,Somon Konservesi,182.0,65.57,0,0,2022,5,23,0,21,2,0,0,0.855446836268754,124.0,197.0,185.0,293.0,161.85714285714286,170.58928571428572,42.72949243566484
2022-05-23,TON160,Ton Balığı Konservesi 160g,519.0,50.09,0,0,2022,5,23,0,21,2,0,0,0.8853733981440566,360.0,570.0,462.0,732.0,445.45535714285717,460.49776785714283,128.22182679855877
2022-05-23,TON80,Ton Balığı Konservesi 80g,978.0,29.93,0,0,2022,5,23,0,21,2,0,0,0.906420351302241,897.0,979.0,866.0,987.0,856.6785714285714,796.3392857142857,237.30969192376523
2022-05-23,ZEYTY,Zeytinyağı 1L,295.0,216.47,0,0,2022,5,23,0,21,2,0,0,0.8724231738035264,234.0,286.0,382.0,467.0,271.0,297.17857142857144,76.74199198179116
2022-05-24,SARDL,Sardalya Konservesi,462.0,23.86,0,0,2022,5,24,1,21,2,0,0,0.8990203466465713,415.0,420.0,448.0,429.0,394.57142857142856,375.67857142857144,138.35083079241835
2022-05-24,SOMON,Somon Konservesi,176.0,68.17,0,0,2022,5,24,1,21,2,0,0,0.8893672537508154,182.0,182.0,188.0,239.0,159.71428571428572,166.625,41.01509594330008
2022-05-24,TON160,Ton Balığı Konservesi 160g,486.0,47.62,0,0,2022,5,24,1,21,2,0,0,0.8417145382235969,519.0,611.0,442.0,662.0,438.16964285714283,452.890625,121.22355120833413
2022-05-24,TON80,Ton Balığı Konservesi 80g,941.0,30.13,0,0,2022,5,24,1,21,2,0,0,0.9124772864930344,978.0,856.0,918.0,1054.0,856.5357142857143,796.0178571428571,237.22406903299546
2022-05-24,ZEYTY,Zeytinyağı 1L,314.0,224.03,0,0,2022,5,24,1,21,2,0,0,0.9028916876574308,295.0,367.0,416.0,467.0,272.2857142857143,291.0357142857143,77.10969304766249
2022-05-25,SARDL,Sardalya Konservesi,405.0,23.26,0,0,2022,5,25,2,21,2,0,0,0.8764129615674454,462.0,418.0,422.0,463.0,400.57142857142856,376.85714285714283,140.53096591482029
2022-05-25,SOMON,Somon Konservesi,173.5,68.66,0,0,2022,5,25,2,21,2,0,0,0.8957599478147422,176.0,176.0,204.0,216.0,158.85714285714286,164.375,40.53158674181829
2022-05-25,TON160,Ton Balığı Konservesi 160g,595.0,50.36,0,0,2022,5,25,2,21,2,0,0,0.8901458241272646,486.0,400.5,557.0,641.0,420.3125,446.6049107142857,98.6206233186046
2022-05-25,TON80,Ton Balığı Konservesi 80g,905.0,29.23,0,0,2022,5,25,2,21,2,0,0,0.8852210781344639,941.0,969.0,1038.0,1080.0,868.6785714285714,791.9821428571429,239.35793952632048
2022-05-25,ZEYTY,Zeytinyağı 1L,308.0,221.2,0,0,2022,5,25,2,21,2,0,0,0.8914861460957179,314.0,308.0,322.0,467.0,264.7142857142857,285.57142857142856,68.3659620125741
2022-05-26,SARDL,Sardalya Konservesi,424.0,23.46,0,0,2022,5,26,3,21,2,0,0,0.8839487565938207,405.0,203.0,437.0,430.0,398.7142857142857,374.7857142857143,140.3480367820349
2022-05-26,SOMON,Somon Konservesi,171.0,67.45,0,0,2022,5,26,3,21,2,0,0,0.8799739073711677,173.5,93.0,186.0,247.0,158.5,162.85714285714286,40.366033576098154
2022-05-26,TON160,Ton Balığı Konservesi 160g,509.0,47.85,0,0,2022,5,26,3,21,2,0,0,0.8457799381352187,595.0,255.6875,513.0,659.5,448.0982142857143,444.96205357142856,117.66834049843156
2022-05-26,TON80,Ton Balığı Konservesi 80g,836.0,30.04,0,0,2022,5,26,3,21,2,0,0,0.9097516656571774,905.0,428.75,837.0,1106.0,859.5357142857143,785.7321428571429,236.08722031325217
2022-05-26,ZEYTY,Zeytinyağı 1L,301.0,223.97,0,0,2022,5,26,3,21,2,0,0,0.9026498740554156,308.0,134.0,301.0,467.0,264.7142857142857,279.89285714285717,68.3659620125741
2022-05-27,SARDL,Sardalya Konservesi,409.0,23.07,0,0,2022,5,27,4,21,2,0,0,0.8692539562923889,424.0,653.0,602.0,484.0,430.2857142857143,374.57142857142856,110.71241165848622
2022-05-27,SOMON,Somon Konservesi,192.0,70.0,0,0,2022,5,27,4,21,2,0,0,0.91324200913242,171.0,214.0,208.0,272.0,169.64285714285714,160.14285714285714,28.205664746811653
2022-05-27,TON160,Ton Balığı Konservesi 160g,586.0,50.74,0,0,2022,5,27,4,21,2,0,0,0.8968625718073354,509.0,531.0,503.0,678.0,484.2857142857143,439.58705357142856,82.25511997380342
2022-05-27,TON80,Ton Balığı Konservesi 80g,866.0,29.56,0,0,2022,5,27,4,21,2,0,0,0.8952150211992731,836.0,1172.0,842.0,1115.0,917.7142857142857,776.0892857142857,144.74542512714555
2022-05-27,ZEYTY,Zeytinyağı 1L,453.0,219.48,1,0,2022,5,27,4,21,2,0,0,0.8845541561712846,301.0,329.0,320.0,467.0,288.57142857142856,273.9642857142857,37.1701365025611
2022-05-28,SARDL,Sardalya Konservesi,300.0,21.95,0,0,2022,5,28,5,21,2,1,0,0.8270535041446873,409.0,342.0,278.0,309.0,395.42857142857144,371.89285714285717,51.461497396458526
2022-05-28,SOMON,Somon Konservesi,138.0,70.79,0,0,2022,5,28,5,21,2,1,0,0.9235485975212002,192.0,147.0,156.0,190.0,166.5,157.28571428571428,23.22534535085923
2022-05-28,TON160,Ton Balığı Konservesi 160g,370.0,49.9,0,0,2022,5,28,5,21,2,1,0,0.8820150243040211,586.0,390.0,353.0,518.0,492.14285714285717,436.3013392857143,89.74673359223841
2022-05-28,TON80,Ton Balığı Konservesi 80g,704.0,29.37,0,0,2022,5,28,5,21,2,1,0,0.8894609327680193,866.0,695.0,730.0,704.0,874.0,767.1964285714286,91.60058223977973
2022-05-28,ZEYTY,Zeytinyağı 1L,216.0,225.31,0,0,2022,5,28,5,21,2,1,0,0.9080503778337532,453.0,239.0,209.0,308.0,306.2857142857143,273.4642857142857,72.45162589782292
2022-05-29,SARDL,Sardalya Konservesi,267.0,24.02,0,0,2022,5,29,6,21,2,1,0,0.9050489826676714,300.0,311.0,278.0,203.0,389.42857142857144,371.57142857142856,60.40104067220783
2022-05-29,SOMON,Somon Konservesi,126.0,68.38,0,0,2022,5,29,6,21,2,1,0,0.8921069797782125,138.0,124.0,132.0,99.0,165.21428571428572,155.42857142857142,24.68781268638653
2022-05-29,TON160,Ton Balığı Konservesi 160g,416.0,51.56,0,0,2022,5,29,6,21,2,1,0,0.9113566062748564,370.0,360.0,461.5,255.6875,489.2857142857143,431.015625,93.76871241822326
2022-05-29,TON80,Ton Balığı Konservesi 80g,641.0,29.47,0,0,2022,5,29,6,21,2,1,0,0.892489400363416,704.0,897.0,650.0,428.75,875.2857142857143,767.1964285714286,88.68617758838226
2022-05-29,ZEYTY,Zeytinyağı 1L,312.0,228.85,1,0,2022,5,29,6,21,2,1,0,0.9223173803526448,216.0,234.0,246.0,145.0,303.0,270.17857142857144,76.42425443971733
2022-05-30,SARDL,Sardalya Konservesi,516.0,23.38,0,0,2022,5,30,0,22,2,0,0,0.8809344385832705,267.0,415.0,653.0,203.0,383.14285714285717,373.85714285714283,71.2400368973995
2022-05-30,SOMON,Somon Konservesi,167.0,67.61,0,0,2022,5,30,0,22,2,0,0,0.882061317677756,126.0,182.0,197.0,101.0,165.5,156.39285714285714,24.136763108033882
2022-05-30,TON160,Ton Balığı Konservesi 160g,527.0,51.22,0,0,2022,5,30,0,22,2,0,0,0.905346884666372,416.0,519.0,570.0,277.0,497.2857142857143,436.74107142857144,82.62710266757583
2022-05-30,TON80,Ton Balığı Konservesi 80g,948.0,28.57,0,0,2022,5,30,0,22,2,0,0,0.8652331920048455,641.0,978.0,979.0,428.75,838.7142857142857,774.7767857142857,123.99423949753223
2022-05-30,ZEYTY,Zeytinyağı 1L,325.0,215.69,0,0,2022,5,30,0,22,2,0,0,0.8692795969773299,312.0,295.0,286.0,274.0,314.14285714285717,276.14285714285717,70.11283423032847
2022-05-31,SARDL,Sardalya Konservesi,478.0,23.6,0,0,2022,5,31,1,22,2,0,0,0.8892238131122834,516.0,462.0,420.0,203.0,397.57142857142856,385.0357142857143,87.2063780978913
2022-05-31,SOMON,Somon Konservesi,203.0,66.37,0,0,2022,5,31,1,22,2,0,0,0.865883887801696,167.0,176.0,182.0,86.0,163.35714285714286,158.75,23.070027968691406
2022-05-31,TON160,Ton Balığı Konservesi 160g,462.0,51.49,0,0,2022,5,31,1,22,2,0,0,0.9101193106495802,527.0,486.0,611.0,255.6875,498.42857142857144,445.66964285714283,83.0318355468897
2022-05-31,TON80,Ton Balığı Konservesi 80g,1049.0,29.76,0,0,2022,5,31,1,22,2,0,0,0.9012719563900666,948.0,941.0,856.0,428.75,834.4285714285714,793.3214285714286,118.78672364488241
2022-05-31,ZEYTY,Zeytinyağı 1L,441.0,218.67,1,0,2022,5,31,1,22,2,0,0,0.8812896725440805,325.0,314.0,367.0,134.0,318.42857142857144,277.9642857142857,69.66313502098782
2022-06-01,SARDL,Sardalya Konservesi,648.0,23.14,0,0,2022,6,1,2,22,2,0,1,0.8718914845516202,478.0,405.0,418.0,203.0,399.85714285714283,394.85714285714283,89.35962654992944
2022-06-01,SOMON,Somon Konservesi,213.0,66.805,0,0,2022,6,1,2,22,2,0,1,0.8715590345727332,203.0,173.5,176.0,103.0,167.21428571428572,162.92857142857142,27.388953282386915
2022-06-01,TON160,Ton Balığı Konservesi 160g,708.0,51.52,0,0,2022,6,1,2,22,2,0,1,0.91064958020327,462.0,595.0,400.5,255.6875,495.0,453.03794642857144,84.11896337925249
2022-06-01,TON80,Ton Balığı Konservesi 80g,1229.0,29.21,0,0,2022,6,1,2,22,2,0,1,0.8846153846153846,1049.0,905.0,969.0,428.75,849.8571428571429,815.4732142857143,140.04693090940202
2022-06-01,ZEYTY,Zeytinyağı 1L,399.5,220.24,0,0,2022,6,1,2,22,2,0,1,0.8876171284634761,441.0,308.0,308.0,127.0,336.57142857142856,288.92857142857144,83.48424430764801
2022-06-02,SARDL,Sardalya Konservesi,653.0,23.07,1,0,2022,6,2,3,22,2,0,1,0.8692539562923889,648.0,424.0,203.0,203.0,434.57142857142856,410.75,129.7585670169247
2022-06-02,SOMON,Somon Konservesi,213.0,67.24,0,0,2022,6,2,3,22,2,0,1,0.8772341813437703,213.0,171.0,93.0,76.5,172.85714285714286,166.85714285714286,32.493222736588194
2022-06-02,TON160,Ton Balığı Konservesi 160g,658.0,50.53,0,0,2022,6,2,3,22,2,0,1,0.8931506849315068,708.0,509.0,255.6875,255.6875,511.14285714285717,469.1919642857143,112.54692143195003
2022-06-02,TON80,Ton Balığı Konservesi 80g,1358.75,29.55,0,0,2022,6,2,3,22,2,0,1,0.8949121744397335,1229.0,836.0,428.75,428.75,896.1428571428571,844.0535714285714,201.4079016750407
2022-06-02,ZEYTY,Zeytinyağı 1L,358.0,216.47,0,0,2022,6,2,3,22,2,0,1,0.8724231738035264,399.5,301.0,134.0,126.0,349.64285714285717,298.6607142857143,85.40624210487317
2022-06-03,SARDL,Sardalya Konservesi,653.0,24.03,0,0,2022,6,3,4,22,2,0,1,0.9054257724189902,653.0,409.0,653.0,400.0,467.2857142857143,426.82142857142856,153.36852598204368
2022-06-03,SOMON,Somon Konservesi,223.0,69.82,0,0,2022,6,3,4,22,2,0,1,0.910893672537508,213.0,192.0,214.0,193.0,178.85714285714286,171.73214285714286,35.80236757268335
2022-06-03,TON160,Ton Balığı Konservesi 160g,718.0,48.59,0,0,2022,6,3,4,22,2,0,1,0.8588599204595669,658.0,586.0,531.0,526.0,532.4285714285714,483.56026785714283,125.42707993472688
2022-06-03,TON80,Ton Balığı Konservesi 80g,1234.0,29.35,0,0,2022,6,3,4,22,2,0,1,0.8888552392489399,1358.75,866.0,1172.0,939.0,970.8214285714286,877.2678571428571,262.9134329285702
2022-06-03,ZEYTY,Zeytinyağı 1L,359.5,215.46,0,0,2022,6,3,4,22,2,0,1,0.8683526448362721,358.0,453.0,329.0,355.0,357.7857142857143,306.94642857142856,82.66894678115108
2022-06-04,SARDL,Sardalya Konservesi,616.0,23.48,1,0,2022,6,4,5,22,2,1,1,0.8847023360964582,653.0,300.0,342.0,345.0,502.14285714285717,435.85714285714283,165.1861864396544
2022-06-04,SOMON,Somon Konservesi,170.0,66.68,0,0,2022,6,4,5,22,2,1,1,0.869928245270711,223.0,138.0,147.0,140.0,183.28571428571428,172.80357142857142,39.43228070889083
2022-06-04,TON160,Ton Balığı Konservesi 160g,537.0,50.99,0,0,2022,6,4,5,22,2,1,1,0.9012814847547503,718.0,370.0,390.0,435.0,551.2857142857143,490.4174107142857,143.45116972418893
2022-06-04,TON80,Ton Balığı Konservesi 80g,875.0,29.78,0,0,2022,6,4,5,22,2,1,1,0.9018776499091459,1234.0,704.0,695.0,561.0,1023.3928571428571,887.8035714285714,274.9757510953944
2022-06-04,ZEYTY,Zeytinyağı 1L,361.0,222.25,1,0,2022,6,4,5,22,2,1,1,0.8957178841309824,359.5,216.0,239.0,235.0,344.42857142857144,307.10714285714283,71.5229733322499
2022-06-05,SARDL,Sardalya Konservesi,635.0,23.78,1,0,2022,6,5,6,22,2,1,1,0.8960060286360212,616.0,267.0,311.0,324.0,547.2857142857143,445.5357142857143,142.33495036440698
2022-06-05,SOMON,Somon Konservesi,163.0,70.67,0,0,2022,6,5,6,22,2,1,1,0.921983039791259,170.0,126.0,124.0,129.0,187.85714285714286,173.875,34.90190334556063
2022-06-05,TON160,Ton Balığı Konservesi 160g,523.0,51.05,0,0,2022,6,5,6,22,2,1,1,0.9023420238621298,537.0,416.0,360.0,333.0,575.1428571428571,494.06026785714283,120.29467786984368
2022-06-05,TON80,Ton Balığı Konservesi 80g,876.0,29.16,0,0,2022,6,5,6,22,2,1,1,0.8831011508176861,875.0,641.0,897.0,730.0,1047.8214285714287,899.0178571428571,248.16034443000592
2022-06-05,ZEYTY,Zeytinyağı 1L,250.0,219.15,0,0,2022,6,5,6,22,2,1,1,0.8832241813602015,361.0,312.0,234.0,189.0,365.14285714285717,311.60714285714283,43.723291167022424
2022-06-06,SARDL,Sardalya Konservesi,653.0,23.6,0,0,2022,6,6,0,23,2,0,1,0.8892238131122834,635.0,516.0,415.0,440.0,599.8571428571429,456.64285714285717,72.2759263089009
2022-06-06,SOMON,Somon Konservesi,242.0,69.55,0,0,2022,6,6,0,23,2,0,1,0.9073711676451401,163.0,167.0,182.0,185.0,193.14285714285714,175.08928571428572,25.510968696024065
2022-06-06,TON160,Ton Balığı Konservesi 160g,755.0,49.53,0,0,2022,6,6,0,23,2,0,1,0.875475033141847,523.0,527.0,519.0,462.0,590.4285714285714,500.84598214285717,102.12877025738453
2022-06-06,TON80,Ton Balığı Konservesi 80g,1108.0,30.07,0,0,2022,6,6,0,23,2,0,1,0.9106602059357964,876.0,948.0,978.0,866.0,1081.392857142857,904.2321428571429,193.92050868971114
2022-06-06,ZEYTY,Zeytinyağı 1L,354.0,225.51,0,0,2022,6,6,0,23,2,0,1,0.9088564231738034,250.0,325.0,295.0,382.0,356.2857142857143,313.7857142857143,59.658652028895084
2022-06-07,SARDL,Sardalya Konservesi,610.0,24.34,0,0,2022,6,7,1,23,2,0,1,0.917106254709872,653.0,478.0,462.0,448.0,619.4285714285714,464.25,63.84057524505257
2022-06-07,SOMON,Somon Konservesi,253.0,66.09,0,0,2022,6,7,1,23,2,0,1,0.8622309197651663,242.0,203.0,176.0,188.0,203.85714285714286,177.125,28.298578123459027
2022-06-07,TON160,Ton Balığı Konservesi 160g,775.0,49.43,0,0,2022,6,7,1,23,2,0,1,0.8737074679628811,755.0,462.0,486.0,442.0,623.0,511.31026785714283,114.1753038095361
2022-06-07,TON80,Ton Balığı Konservesi 80g,1140.0,29.52,0,0,2022,6,7,1,23,2,0,1,0.8940036341611144,1108.0,1049.0,941.0,918.0,1104.25,912.875,184.79183107846922
2022-06-07,ZEYTY,Zeytinyağı 1L,303.0,219.46,0,0,2022,6,7,1,23,2,0,1,0.8844735516372796,354.0,441.0,314.0,416.0,360.42857142857144,312.7857142857143,58.11083416729685
2022-06-08,SARDL,Sardalya Konservesi,580.0,23.69,0,0,2022,6,8,2,23,2,0,1,0.8926149208741523,610.0,648.0,405.0,422.0,638.2857142857143,470.0357142857143,18.490666886430883
2022-06-08,SOMON,Somon Konservesi,229.0,69.88,0,0,2022,6,8,2,23,2,0,1,0.9116764514024787,253.0,213.0,173.5,204.0,211.0,179.44642857142858,33.81814108827764
2022-06-08,TON160,Ton Balığı Konservesi 160g,709.0,50.41,0,0,2022,6,8,2,23,2,0,1,0.8910296067167476,775.0,708.0,595.0,557.0,667.7142857142857,523.203125,101.16276371227002
2022-06-08,TON80,Ton Balığı Konservesi 80g,1358.75,30.16,1,0,2022,6,8,2,23,2,0,1,0.9133858267716535,1140.0,1229.0,905.0,1038.0,1117.25,920.8035714285714,183.45327515928093
2022-06-08,ZEYTY,Zeytinyağı 1L,325.0,211.16,0,0,2022,6,8,2,23,2,0,1,0.8510226700251889,303.0,399.5,308.0,322.0,340.7142857142857,308.75,48.89943519003852
2022-06-09,SARDL,Sardalya Konservesi,606.0,23.84,0,0,2022,6,9,3,23,2,0,1,0.8982667671439337,580.0,653.0,424.0,437.0,628.5714285714286,475.67857142857144,27.969371002686028
2022-06-09,SOMON,Somon Konservesi,197.0,68.23,0,0,2022,6,9,3,23,2,0,1,0.8901500326157861,229.0,213.0,171.0,186.0,213.28571428571428,180.33928571428572,34.50948799829906
2022-06-09,TON160,Ton Balığı Konservesi 160g,769.0,51.38,0,0,2022,6,9,3,23,2,0,1,0.9081749889527176,709.0,658.0,509.0,513.0,667.8571428571429,528.6316964285714,101.22981868242185
2022-06-09,TON80,Ton Balığı Konservesi 80g,1244.0,29.13,0,0,2022,6,9,3,23,2,0,1,0.8821926105390672,1358.75,1358.75,836.0,837.0,1135.7857142857142,932.2589285714286,202.2209202709707
2022-06-09,ZEYTY,Zeytinyağı 1L,302.0,226.18,0,0,2022,6,9,3,23,2,0,1,0.9115566750629723,325.0,358.0,301.0,301.0,330.07142857142856,308.85714285714283,41.523515999399535
2022-06-10,SARDL,Sardalya Konservesi,632.0,23.71,0,0,2022,6,10,4,23,2,0,1,0.8933685003767898,606.0,653.0,409.0,602.0,621.8571428571429,481.7142857142857,26.742155057942302
2022-06-10,SOMON,Somon Konservesi,296.5,67.97,1,0,2022,6,10,4,23,2,0,1,0.8867579908675798,197.0,223.0,192.0,208.0,211.0,180.73214285714286,35.05709628591601
2022-06-10,TON160,Ton Balığı Konservesi 160g,665.0,51.3,0,0,2022,6,10,4,23,2,0,1,0.9067609368095447,769.0,718.0,586.0,503.0,683.7142857142857,537.7745535714286,107.90229266287422
2022-06-10,TON80,Ton Balığı Konservesi 80g,1201.0,30.4,0,0,2022,6,10,4,23,2,0,1,0.9206541490006056,1244.0,1234.0,866.0,842.0,1119.392857142857,946.7946428571429,185.0567400118399
2022-06-10,ZEYTY,Zeytinyağı 1L,307.0,224.14,0,0,2022,6,10,4,23,2,0,1,0.9033350125944584,302.0,359.5,453.0,320.0,322.07142857142856,308.89285714285717,40.630887851720026
2022-06-11,SARDL,Sardalya Konservesi,344.0,24.6,0,0,2022,6,11,5,23,2,1,1,0.9269027882441598,632.0,616.0,300.0,278.0,618.8571428571429,482.7857142857143,23.667337347978656
2022-06-11,SOMON,Somon Konservesi,156.0,66.93,0,0,2022,6,11,5,23,2,1,1,0.8731898238747554,296.5,170.0,138.0,156.0,221.5,183.89285714285714,47.90354892907184
2022-06-11,TON160,Ton Balığı Konservesi 160g,475.0,51.31,0,0,2022,6,11,5,23,2,1,1,0.9069376933274415,665.0,537.0,370.0,353.0,676.1428571428571,543.5602678571429,106.950812014103
2022-06-11,TON80,Ton Balığı Konservesi 80g,992.0,29.15,0,0,2022,6,11,5,23,2,1,1,0.8827983040581464,1201.0,875.0,704.0,730.0,1114.6785714285713,959.6160714285714,182.04639485843316
2022-06-11,ZEYTY,Zeytinyağı 1L,251.0,221.58,0,0,2022,6,11,5,23,2,1,1,0.8930176322418136,307.0,361.0,216.0,209.0,314.57142857142856,308.42857142857144,37.277594445176376
2022-06-12,SARDL,Sardalya Konservesi,434.0,23.46,0,0,2022,6,12,6,23,2,1,1,0.8839487565938207,344.0,635.0,267.0,278.0,580.0,485.14285714285717,106.71613436277315
2022-06-12,SOMON,Somon Konservesi,153.0,66.84,0,0,2022,6,12,6,23,2,1,1,0.8720156555772994,156.0,163.0,126.0,132.0,219.5,183.89285714285714,50.62690325640424
2022-06-12,TON160,Ton Balığı Konservesi 160g,450.0,51.35,0,0,2022,6,12,6,23,2,1,1,0.9076447193990278,475.0,523.0,416.0,461.5,667.2857142857143,547.9174107142857,121.91488053243505
2022-06-12,TON80,Ton Balığı Konservesi 80g,711.0,28.64,0,0,2022,6,12,6,23,2,1,1,0.8673531193216232,992.0,876.0,641.0,650.0,1131.392857142857,968.9732142857143,160.46494017014973
2022-06-12,ZEYTY,Zeytinyağı 1L,240.0,218.27,0,0,2022,6,12,6,23,2,1,1,0.8796775818639799,251.0,250.0,312.0,246.0,298.85714285714283,309.92857142857144,37.62724443550856
2022-06-13,SARDL,Sardalya Konservesi,649.0,24.4,0,0,2022,6,13,0,24,2,0,1,0.9193669932177845,434.0,653.0,516.0,653.0,551.2857142857143,490.7142857142857,116.08145744219807
2022-06-13,SOMON,Somon Konservesi,195.0,66.63,0,0,2022,6,13,0,24,2,0,1,0.8692759295499021,153.0,242.0,167.0,197.0,218.07142857142858,184.64285714285714,52.58994562606396
2022-06-13,TON160,Ton Balığı Konservesi 160g,665.0,50.48,0,0,2022,6,13,0,24,2,0,1,0.8922669023420238,450.0,755.0,527.0,570.0,656.8571428571429,547.5066964285714,138.33103842043556
2022-06-13,TON80,Ton Balığı Konservesi 80g,1159.0,29.76,0,0,2022,6,13,0,24,2,0,1,0.9012719563900666,711.0,1108.0,948.0,979.0,1107.8214285714287,971.1517857142857,209.0093057281244
2022-06-13,ZEYTY,Zeytinyağı 1L,351.0,219.42,0,0,2022,6,13,0,24,2,0,1,0.8843123425692695,240.0,354.0,325.0,286.0,297.42857142857144,309.7142857142857,39.911807538025215
2022-06-14,SARDL,Sardalya Konservesi,653.0,23.95,0,0,2022,6,14,1,24,2,0,1,0.9024114544084401,649.0,610.0,478.0,420.0,550.7142857142857,490.57142857142856,115.50572032835215
2022-06-14,SOMON,Somon Konservesi,210.0,68.97,0,0,2022,6,14,1,24,2,0,1,0.8998043052837572,195.0,253.0,203.0,182.0,211.35714285714286,184.57142857142858,52.0230031538246
2022-06-14,TON160,Ton Balığı Konservesi 160g,775.0,51.47,0,0,2022,6,14,1,24,2,0,1,0.909765797613787,665.0,775.0,462.0,611.0,644.0,550.8995535714286,131.71307199110183
2022-06-14,TON80,Ton Balığı Konservesi 80g,1276.0,28.91,0,0,2022,6,14,1,24,2,0,1,0.8755299818291944,1159.0,1140.0,1049.0,856.0,1115.107142857143,977.5803571428571,209.90354218976324
2022-06-14,ZEYTY,Zeytinyağı 1L,333.0,222.36,0,0,2022,6,14,1,24,2,0,1,0.8961612090680101,351.0,303.0,441.0,367.0,297.0,312.0357142857143,39.21309305151344
2022-06-15,SARDL,Sardalya Konservesi,653.0,23.64,0,0,2022,6,15,2,24,2,0,1,0.8907309721175585,653.0,580.0,648.0,418.0,556.8571428571429,498.89285714285717,120.23092859358722
2022-06-15,SOMON,Somon Konservesi,209.0,67.86,0,0,2022,6,15,2,24,2,0,1,0.8853228962818003,210.0,229.0,213.0,176.0,205.21428571428572,185.57142857142858,48.72016791745234
2022-06-15,TON160,Ton Balığı Konservesi 160g,721.0,50.81,0,0,2022,6,15,2,24,2,0,1,0.8980998674326116,775.0,709.0,708.0,400.5,644.0,556.7566964285714,131.71307199110183
2022-06-15,TON80,Ton Balığı Konservesi 80g,1153.0,29.66,0,0,2022,6,15,2,24,2,0,1,0.8982434887946699,1276.0,1358.75,1229.0,969.0,1134.5357142857142,992.5803571428571,218.70130070159996
2022-06-15,ZEYTY,Zeytinyağı 1L,467.0,228.29,1,0,2022,6,15,2,24,2,0,1,0.9200604534005038,333.0,325.0,399.5,308.0,301.2857142857143,310.82142857142856,41.548021556243604
2022-06-16,SARDL,Sardalya Konservesi,573.0,23.48,0,0,2022,6,16,3,24,2,0,1,0.8847023360964582,653.0,606.0,653.0,203.0,567.2857142857143,507.2857142857143,125.61809090216605
2022-06-16,SOMON,Somon Konservesi,231.0,72.28,0,0,2022,6,16,3,24,2,0,1,0.9429876060013046,209.0,197.0,213.0,93.0,202.35714285714286,186.75,47.66787377758927
2022-06-16,TON160,Ton Balığı Konservesi 160g,776.0,51.33,0,0,2022,6,16,3,24,2,0,1,0.9072912063632346,721.0,769.0,658.0,255.6875,645.7142857142857,568.203125,132.77388584320565
2022-06-16,TON80,Ton Balığı Konservesi 80g,1292.0,28.77,0,0,2022,6,16,3,24,2,0,1,0.8712901271956389,1153.0,1244.0,1358.75,428.75,1105.142857142857,999.1517857142857,196.21538214542807
2022-06-16,ZEYTY,Zeytinyağı 1L,330.0,218.4,0,0,2022,6,16,3,24,2,0,1,0.8802015113350126,467.0,302.0,358.0,134.0,321.57142857142856,316.5,75.69204525104152
2022-06-17,SARDL,Sardalya Konservesi,644.0,24.59,0,0,2022,6,17,4,24,2,0,1,0.926525998492841,573.0,632.0,653.0,653.0,562.5714285714286,520.5,124.53762101316667
2022-06-17,SOMON,Somon Konservesi,207.0,69.55,0,0,2022,6,17,4,24,2,0,1,0.9073711676451401,231.0,296.5,223.0,214.0,207.21428571428572,191.67857142857142,48.75094626676236
2022-06-17,TON160,Ton Balığı Konservesi 160g,683.0,50.67,0,0,2022,6,17,4,24,2,0,1,0.8956252761820592,776.0,665.0,718.0,531.0,646.7142857142857,586.7857142857143,133.8789431858919
2022-06-17,TON80,Ton Balığı Konservesi 80g,1198.0,29.92,0,0,2022,6,17,4,24,2,0,1,0.9061175045427013,1292.0,1201.0,1234.0,1172.0,1112.0,1029.982142857143,202.61128629307285
2022-06-17,ZEYTY,Zeytinyağı 1L,334.0,221.19,0,0,2022,6,17,4,24,2,0,1,0.8914458438287154,330.0,307.0,359.5,329.0,325.57142857142856,323.5,75.22379309513083
2022-06-18,SARDL,Sardalya Konservesi,408.0,24.05,0,0,2022,6,18,5,24,2,1,1,0.9061793519216278,644.0,344.0,616.0,342.0,564.2857142857143,520.1785714285714,125.72949042251325
2022-06-18,SOMON,Somon Konservesi,155.0,69.28,0,0,2022,6,18,5,24,2,1,1,0.9038486627527723,207.0,156.0,170.0,147.0,194.42857142857142,191.42857142857142,29.279441836990546
2022-06-18,TON160,Ton Balığı Konservesi 160g,433.0,51.31,0,0,2022,6,18,5,24,2,1,1,0.9069376933274415,683.0,475.0,537.0,390.0,649.2857142857143,592.2142857142857,134.46029684844245
2022-06-18,TON80,Ton Balığı Konservesi 80g,789.0,30.64,0,0,2022,6,18,5,24,2,1,1,0.9279224712295577,1198.0,992.0,875.0,695.0,1111.5714285714287,1030.9107142857142,202.3947110169118
2022-06-18,ZEYTY,Zeytinyağı 1L,244.0,232.79,0,0,2022,6,18,5,24,2,1,1,0.9381964735516373,334.0,251.0,361.0,239.0,329.42857142857144,323.67857142857144,74.80387053902396
2022-06-19,SARDL,Sardalya Konservesi,510.0,23.99,0,0,2022,6,19,6,24,2,1,1,0.9039186134137152,408.0,434.0,635.0,311.0,573.4285714285714,522.5357142857143,108.13703827837689
2022-06-19,SOMON,Somon Konservesi,182.0,67.54,0,0,2022,6,19,6,24,2,1,1,0.8811480756686236,155.0,153.0,163.0,124.0,194.28571428571428,191.71428571428572,29.4997982236844
2022-06-19,TON160,Ton Balığı Konservesi 160g,479.0,51.59,0,0,2022,6,19,6,24,2,1,1,0.9118868758285462,433.0,450.0,523.0,360.0,643.2857142857143,593.75,144.12345898073386
2022-06-19,TON80,Ton Balığı Konservesi 80g,1010.0,28.65,0,0,2022,6,19,6,24,2,1,1,0.8676559660811628,789.0,711.0,876.0,897.0,1082.5714285714287,1034.267857142857,234.3962863349571
2022-06-19,ZEYTY,Zeytinyağı 1L,467.0,212.64,0,0,2022,6,19,6,24,2,1,1,0.8569874055415616,244.0,240.0,250.0,234.0,328.42857142857144,323.85714285714283,76.06325688280154
2022-06-20,SARDL,Sardalya Konservesi,563.0,23.63,0,0,2022,6,20,0,25,2,0,1,0.8903541823662396,510.0,649.0,653.0,415.0,584.2857142857143,529.6428571428571,94.7975285994922
2022-06-20,SOMON,Somon Konservesi,230.0,69.42,0,0,2022,6,20,0,25,2,0,1,0.9056751467710371,182.0,195.0,242.0,182.0,198.42857142857142,193.78571428571428,24.31636720987963
2022-06-20,TON160,Ton Balığı Konservesi 160g,764.0,50.44,0,0,2022,6,20,0,25,2,0,1,0.8915598762704374,479.0,665.0,755.0,519.0,647.4285714285714,598.0,137.9249278204834
2022-06-20,TON80,Ton Balığı Konservesi 80g,1231.0,29.54,0,0,2022,6,20,0,25,2,0,1,0.8946093276801937,1010.0,1159.0,1108.0,978.0,1125.2857142857142,1038.3035714285713,175.15680050145065
2022-06-20,ZEYTY,Zeytinyağı 1L,323.0,213.17,0,0,2022,6,20,0,25,2,0,1,0.8591234256926952,467.0,351.0,354.0,295.0,360.85714285714283,332.17857142857144,80.34805239587052
2022-06-21,SARDL,Sardalya Konservesi,653.0,23.85,1,0,2022,6,21,1,25,2,0,1,0.8986435568952525,563.0,653.0,610.0,462.0,572.0,534.9285714285714,90.48756820690951
2022-06-21,SOMON,Somon Konservesi,198.0,67.32,0,0,2022,6,21,1,25,2,0,1,0.8782778864970644,230.0,210.0,253.0,176.0,203.42857142857142,195.5,26.949688574929876
2022-06-21,TON160,Ton Balığı Konservesi 160g,749.0,50.28,0,0,2022,6,21,1,25,2,0,1,0.8887317719840919,764.0,775.0,775.0,486.0,661.5714285714286,606.75,144.9251038098146
2022-06-21,TON80,Ton Balığı Konservesi 80g,1242.0,29.43,0,0,2022,6,21,1,25,2,0,1,0.8912780133252574,1231.0,1276.0,1140.0,941.0,1135.5714285714287,1047.3392857142858,179.52609572878055
2022-06-21,ZEYTY,Zeytinyağı 1L,309.0,212.99,0,0,2022,6,21,1,25,2,0,1,0.8583979848866499,323.0,333.0,303.0,314.0,356.85714285714283,333.17857142857144,81.60765603673195
2022-06-22,SARDL,Sardalya Konservesi,589.0,23.03,0,0,2022,6,22,2,25,2,0,1,0.8677467972871139,653.0,653.0,580.0,405.0,572.0,541.75,90.48756820690951
2022-06-22,SOMON,Somon Konservesi,210.0,68.6,0,0,2022,6,22,2,25,2,0,1,0.8949771689497715,198.0,209.0,229.0,173.5,201.71428571428572,196.28571428571428,26.843461560898238
2022-06-22,TON160,Ton Balığı Konservesi 160g,718.0,51.87,0,0,2022,6,22,2,25,2,0,1,0.9168360583296508,749.0,721.0,709.0,595.0,657.8571428571429,616.1428571428571,141.83373901794084
2022-06-22,TON80,Ton Balığı Konservesi 80g,428.75,28.84,0,0,2022,6,22,2,25,2,0,1,0.8734100545124166,1242.0,1153.0,1358.75,905.0,1130.7142857142858,1058.0892857142858,175.50851288538206
2022-06-22,ZEYTY,Zeytinyağı 1L,342.0,215.13,0,0,2022,6,22,2,25,2,0,1,0.8670226700251888,309.0,467.0,325.0,308.0,353.42857142857144,333.0,83.26435240216792
2022-06-23,SARDL,Sardalya Konservesi,576.0,23.55,0,0,2022,6,23,3,25,2,0,1,0.8873398643556896,589.0,573.0,606.0,424.0,562.8571428571429,548.3214285714286,83.93534927039353
2022-06-23,SOMON,Somon Konservesi,232.0,69.54,0,0,2022,6,23,3,25,2,0,1,0.9072407045009785,210.0,231.0,197.0,171.0,201.85714285714286,197.58928571428572,26.891315645443047
2022-06-23,TON160,Ton Balığı Konservesi 160g,824.1875,51.05,1,0,2022,6,23,3,25,2,0,1,0.9023420238621298,718.0,776.0,769.0,509.0,657.4285714285714,620.5357142857143,141.61550897042392
2022-06-23,TON80,Ton Balığı Konservesi 80g,1316.0,29.54,0,0,2022,6,23,3,25,2,0,1,0.8946093276801937,428.75,1292.0,1244.0,836.0,1027.25,1041.080357142857,316.79189409873914
2022-06-23,ZEYTY,Zeytinyağı 1L,340.0,221.95,0,0,2022,6,23,3,25,2,0,1,0.8945088161209067,342.0,330.0,302.0,301.0,335.57142857142856,334.2142857142857,66.58042040234045
2022-06-24,SARDL,Sardalya Konservesi,653.0,24.42,0,0,2022,6,24,4,25,2,0,1,0.9201205727204221,576.0,644.0,632.0,409.0,563.2857142857143,553.75,84.00340129168296
2022-06-24,SOMON,Somon Konservesi,235.0,68.81,0,0,2022,6,24,4,25,2,0,1,0.8977168949771689,232.0,207.0,296.5,192.0,202.0,199.76785714285714,27.073972741361633
2022-06-24,TON160,Ton Balığı Konservesi 160g,648.0,50.86,0,0,2022,6,24,4,25,2,0,1,0.8989836500220945,824.1875,683.0,665.0,586.0,664.3125,631.7924107142857,149.3024623387588
2022-06-24,TON80,Ton Balığı Konservesi 80g,1252.0,29.8,0,0,2022,6,24,4,25,2,0,1,0.9024833434282252,1316.0,1198.0,1201.0,866.0,1030.6785714285713,1058.2232142857142,320.2458272654813
2022-06-24,ZEYTY,Zeytinyağı 1L,295.0,221.55,0,0,2022,6,24,4,25,2,0,1,0.8928967254408061,340.0,334.0,307.0,453.0,337.0,335.60714285714283,66.54822812567348
2022-06-25,SARDL,Sardalya Konservesi,461.0,24.09,0,0,2022,6,25,5,25,2,1,1,0.9076865109269028,653.0,408.0,344.0,300.0,564.5714285714286,562.4642857142857,85.5002088552175
2022-06-25,SOMON,Somon Konservesi,147.0,69.01,0,0,2022,6,25,5,25,2,1,1,0.9003261578604045,235.0,155.0,156.0,138.0,206.0,201.30357142857142,29.860788111948025
2022-06-25,TON160,Ton Balığı Konservesi 160g,456.0,50.46,0,0,2022,6,25,5,25,2,1,1,0.8919133893062307,648.0,433.0,475.0,370.0,659.3125,634.0066964285714,149.15832000623755
2022-06-25,TON80,Ton Balığı Konservesi 80g,894.0,29.95,0,0,2022,6,25,5,25,2,1,1,0.9070260448213203,1252.0,789.0,992.0,704.0,1038.392857142857,1072.0089285714287,325.55452235195503
2022-06-25,ZEYTY,Zeytinyağı 1L,274.0,224.36,0,0,2022,6,25,5,25,2,1,1,0.9042216624685139,295.0,244.0,251.0,216.0,331.42857142857144,329.9642857142857,68.44671198057938
2022-06-26,SARDL,Sardalya Konservesi,415.0,23.73,0,0,2022,6,26,6,25,2,1,1,0.8941220798794274,461.0,510.0,434.0,267.0,572.1428571428571,568.2142857142857,70.3240797343008
2022-06-26,SOMON,Somon Konservesi,159.0,68.49,0,0,2022,6,26,6,25,2,1,1,0.893542074363992,147.0,182.0,153.0,126.0,204.85714285714286,201.625,32.19952676375097
2022-06-26,TON160,Ton Balığı Konservesi 160g,427.0,49.86,0,0,2022,6,26,6,25,2,1,1,0.8813079982324348,456.0,479.0,450.0,416.0,662.5982142857143,637.078125,143.48767666825813
2022-06-26,TON80,Ton Balığı Konservesi 80g,954.0,30.0,0,0,2022,6,26,6,25,2,1,1,0.9085402786190186,894.0,1010.0,711.0,641.0,1053.392857142857,1078.794642857143,314.375566836562
2022-06-26,ZEYTY,Zeytinyağı 1L,229.0,223.97,0,0,2022,6,26,6,25,2,1,1,0.9026498740554156,274.0,467.0,240.0,312.0,335.7142857142857,332.0357142857143,62.76334993639286
2022-06-27,SARDL,Sardalya Konservesi,622.0,24.57,0,0,2022,6,27,0,26,2,0,1,0.9257724189902035,415.0,563.0,649.0,516.0,558.5714285714286,573.5,90.56831149811251
2022-06-27,SOMON,Somon Konservesi,225.0,70.06,0,0,2022,6,27,0,26,2,0,1,0.9140247879973907,159.0,230.0,195.0,167.0,201.57142857142858,202.80357142857142,35.88340908580233
2022-06-27,TON160,Ton Balığı Konservesi 160g,808.0,51.06,0,0,2022,6,27,0,26,2,0,1,0.9025187803800265,427.0,764.0,665.0,527.0,655.1696428571429,637.4709821428571,155.42640740092838
2022-06-27,TON80,Ton Balığı Konservesi 80g,1276.0,29.75,0,0,2022,6,27,0,26,2,0,1,0.9009691096305269,954.0,1231.0,1159.0,948.0,1045.392857142857,1089.9732142857142,316.37003180423017
2022-06-27,ZEYTY,Zeytinyağı 1L,123.0,215.87,0,0,2022,6,27,0,26,2,0,1,0.8700050377833753,229.0,323.0,351.0,325.0,301.7142857142857,329.07142857142856,40.19831789894629
2022-06-28,SARDL,Sardalya Konservesi,653.0,23.6,0,0,2022,6,28,1,26,2,0,1,0.8892238131122834,622.0,653.0,653.0,478.0,567.0,577.2857142857143,93.73899935459147
2022-06-28,SOMON,Somon Konservesi,238.0,68.02,0,0,2022,6,28,1,26,2,0,1,0.8874103065883887,225.0,198.0,210.0,203.0,200.85714285714286,204.875,35.267683845264315
2022-06-28,TON160,Ton Balığı Konservesi 160g,767.0,50.35,0,0,2022,6,28,1,26,2,0,1,0.8899690676093681,808.0,749.0,775.0,462.0,661.4553571428571,647.5066964285714,161.33852025340803
2022-06-28,TON80,Ton Balığı Konservesi 80g,1358.75,29.59,1,0,2022,6,28,1,26,2,0,1,0.8961235614778921,1276.0,1242.0,1276.0,1049.0,1051.8214285714287,1101.6875,321.1905818683862
2022-06-28,ZEYTY,Zeytinyağı 1L,361.0,224.3,0,0,2022,6,28,1,26,2,0,1,0.9039798488664987,123.0,309.0,333.0,441.0,273.14285714285717,321.85714285714283,76.88395708561585
2022-06-29,SARDL,Sardalya Konservesi,653.0,23.79,0,0,2022,6,29,2,26,2,0,1,0.8963828183873399,653.0,589.0,653.0,648.0,567.0,583.5357142857143,93.73899935459147
2022-06-29,SOMON,Somon Konservesi,248.0,69.35,0,0,2022,6,29,2,26,2,0,1,0.9047619047619047,238.0,210.0,209.0,213.0,206.57142857142858,206.125,37.87196475343872
2022-06-29,TON160,Ton Balığı Konservesi 160g,644.0,51.97,0,0,2022,6,29,2,26,2,0,1,0.9186036235086168,767.0,718.0,721.0,708.0,664.0267857142857,658.3995535714286,163.1001891138938
2022-06-29,TON80,Ton Balığı Konservesi 80g,1358.75,29.25,0,0,2022,6,29,2,26,2,0,1,0.8858267716535432,1358.75,428.75,1153.0,1229.0,1068.5,1112.75,335.4276809785781
2022-06-29,ZEYTY,Zeytinyağı 1L,353.0,223.52,0,0,2022,6,29,2,26,2,0,1,0.9008362720403023,361.0,342.0,467.0,399.5,280.57142857142856,319.0,83.18024032757027
2022-06-30,SARDL,Sardalya Konservesi,653.0,23.64,0,0,2022,6,30,3,26,2,0,1,0.8907309721175585,653.0,576.0,573.0,653.0,576.1428571428571,583.7142857142857,99.20421458020975
2022-06-30,SOMON,Somon Konservesi,229.0,68.97,0,0,2022,6,30,3,26,2,0,1,0.8998043052837572,248.0,232.0,231.0,213.0,212.0,207.375,41.03656905736622
2022-06-30,TON160,Ton Balığı Konservesi 160g,768.0,49.84,0,0,2022,6,30,3,26,2,0,1,0.8809544851966417,644.0,824.1875,776.0,658.0,653.4553571428571,656.1138392857143,161.40823435487846
2022-06-30,TON80,Ton Balığı Konservesi 80g,1070.0,29.63,0,0,2022,6,30,3,26,2,0,1,0.8973349485160508,1358.75,1316.0,1292.0,1358.75,1201.357142857143,1117.3839285714287,194.2842557280694
2022-06-30,ZEYTY,Zeytinyağı 1L,346.0,225.58,0,0,2022,6,30,3,26,2,0,1,0.9091385390428212,353.0,340.0,330.0,358.0,282.14285714285717,317.3392857142857,84.62550555521756
2022-07-01,SARDL,Sardalya Konservesi,653.0,24.31,0,0,2022,7,1,4,26,3,0,1,0.9159758854559156,653.0,653.0,644.0,653.0,587.1428571428571,583.7142857142857,103.36735231111246
2022-07-01,SOMON,Somon Konservesi,210.0,70.49,0,0,2022,7,1,4,26,3,0,1,0.9196347031963469,229.0,235.0,207.0,223.0,211.57142857142858,207.94642857142858,40.80791239803503
2022-07-01,TON160,Ton Balığı Konservesi 160g,638.0,50.76,0,0,2022,7,1,4,26,3,0,1,0.8972160848431285,768.0,648.0,683.0,718.0,645.4285714285714,660.0424107142857,152.6628716517288
2022-07-01,TON80,Ton Balığı Konservesi 80g,1142.0,29.74,0,0,2022,7,1,4,26,3,0,1,0.9006662628709872,1070.0,1252.0,1198.0,1234.0,1166.2142857142858,1107.0714285714287,192.32992641614143
2022-07-01,ZEYTY,Zeytinyağı 1L,337.0,219.57,0,0,2022,7,1,4,26,3,0,1,0.8849168765743073,346.0,295.0,334.0,359.5,283.0,316.9107142857143,85.33658847958068
2022-07-02,SARDL,Sardalya Konservesi,444.0,23.51,0,0,2022,7,2,5,26,3,1,1,0.8858327053504146,653.0,461.0,408.0,616.0,587.1428571428571,583.7142857142857,103.36735231111246
2022-07-02,SOMON,Somon Konservesi,160.0,69.3,0,0,2022,7,2,5,26,3,1,1,0.9041095890410958,210.0,147.0,155.0,170.0,208.0,207.48214285714286,39.488394919689036
2022-07-02,TON160,Ton Balığı Konservesi 160g,526.0,50.22,0,0,2022,7,2,5,26,3,1,1,0.8876712328767122,638.0,456.0,433.0,537.0,644.0,657.1852678571429,152.68158587945865
2022-07-02,TON80,Ton Balığı Konservesi 80g,818.0,30.17,0,0,2022,7,2,5,26,3,1,1,0.9136886735311932,1142.0,894.0,789.0,875.0,1150.5,1103.7857142857142,188.61043405213186
2022-07-02,ZEYTY,Zeytinyağı 1L,238.0,218.79,0,0,2022,7,2,5,26,3,1,1,0.8817732997481108,337.0,274.0,244.0,361.0,289.0,316.10714285714283,87.76293826743328
2022-07-03,SARDL,Sardalya Konservesi,438.0,24.78,0,0,2022,7,3,6,26,3,1,1,0.9336850037678975,444.0,415.0,510.0,635.0,584.7142857142857,577.5714285714286,106.96216509544335
2022-07-03,SOMON,Somon Konservesi,155.0,68.97,0,0,2022,7,3,6,26,3,1,1,0.8998043052837572,160.0,159.0,182.0,163.0,209.85714285714286,207.125,36.3200062932655
2022-07-03,TON160,Ton Balığı Konservesi 160g,824.1875,50.08,0,0,2022,7,3,6,26,3,1,1,0.8851966416261599,526.0,427.0,479.0,523.0,654.0,656.7924107142857,140.0892572612184
2022-07-03,TON80,Ton Balığı Konservesi 80g,732.0,29.42,0,0,2022,7,3,6,26,3,1,1,0.8909751665657177,818.0,954.0,1010.0,876.0,1139.642857142857,1101.75,207.11600298015702
2022-07-03,ZEYTY,Zeytinyağı 1L,269.0,224.11,0,0,2022,7,3,6,26,3,1,1,0.903214105793451,238.0,229.0,467.0,250.0,283.85714285714283,311.7142857142857,89.81913042596304
2022-07-04,SARDL,Sardalya Konservesi,653.0,24.25,0,0,2022,7,4,0,27,3,0,1,0.913715146948003,438.0,622.0,563.0,653.0,588.0,570.5357142857143,101.07093218791177
2022-07-04,SOMON,Somon Konservesi,274.0,66.65,1,0,2022,7,4,0,27,3,0,1,0.8695368558382257,155.0,225.0,230.0,242.0,209.28571428571428,206.83928571428572,37.27248442535168
2022-07-04,TON160,Ton Balığı Konservesi 160g,698.0,50.58,0,0,2022,7,4,0,27,3,0,1,0.8940344675209898,824.1875,808.0,764.0,755.0,710.7410714285714,667.5491071428571,110.03631283066882
2022-07-04,TON80,Ton Balığı Konservesi 80g,974.0,29.43,0,0,2022,7,4,0,27,3,0,1,0.8912780133252574,732.0,1276.0,1231.0,1108.0,1107.9285714285713,1096.607142857143,252.33941734818046
2022-07-04,ZEYTY,Zeytinyağı 1L,345.0,216.87,0,0,2022,7,4,0,27,3,0,1,0.8740352644836272,269.0,123.0,323.0,354.0,289.57142857142856,312.39285714285717,86.97481846844533
2022-07-05,SARDL,Sardalya Konservesi,612.0,22.99,0,0,2022,7,5,1,27,3,0,1,0.8662396382818387,653.0,653.0,653.0,610.0,592.4285714285714,570.5357142857143,103.45990711842202
2022-07-05,SOMON,Somon Konservesi,228.0,70.5,0,0,2022,7,5,1,27,3,0,1,0.9197651663405088,274.0,238.0,198.0,253.0,216.28571428571428,207.98214285714286,44.597138494579966
2022-07-05,TON160,Ton Balığı Konservesi 160g,824.1875,50.785,0,0,2022,7,5,1,27,3,0,1,0.89765797613787,698.0,767.0,749.0,775.0,695.0267857142857,665.5133928571429,101.3429862183592
2022-07-05,TON80,Ton Balığı Konservesi 80g,1281.0,28.76,0,0,2022,7,5,1,27,3,0,1,0.8709872804360993,974.0,1358.75,1242.0,1140.0,1064.7857142857142,1091.8214285714287,244.5099873800076
2022-07-05,ZEYTY,Zeytinyağı 1L,352.0,229.37,0,0,2022,7,5,1,27,3,0,1,0.9244130982367759,345.0,361.0,309.0,303.0,321.2857142857143,312.07142857142856,47.737875548716616
2022-07-06,SARDL,Sardalya Konservesi,536.0,23.88,0,0,2022,7,6,2,27,3,0,1,0.8997739261492087,612.0,653.0,589.0,580.0,586.5714285714286,570.6071428571429,100.57974803252311
2022-07-06,SOMON,Somon Konservesi,202.0,71.61,0,0,2022,7,6,2,27,3,0,1,0.9342465753424657,228.0,248.0,210.0,229.0,214.85714285714286,207.08928571428572,43.940977729330385
2022-07-06,TON160,Ton Balığı Konservesi 160g,726.0,50.99,0,0,2022,7,6,2,27,3,0,1,0.9012814847547503,824.1875,644.0,718.0,709.0,703.1964285714286,667.2700892857143,110.04359001717829
2022-07-06,TON80,Ton Balığı Konservesi 80g,1249.0,30.18,0,0,2022,7,6,2,27,3,0,1,0.9139915202907328,1281.0,1358.75,428.75,1358.75,1053.6785714285713,1096.857142857143,230.28273899915382
2022-07-06,ZEYTY,Zeytinyağı 1L,327.5,226.55,0,0,2022,7,6,2,27,3,0,1,0.9130478589420655,352.0,353.0,342.0,325.0,320.0,313.82142857142856,46.59756789075291
2022-07-07,SARDL,Sardalya Konservesi,577.0,23.67,0,0,2022,7,7,3,27,3,0,1,0.8918613413715147,536.0,653.0,576.0,606.0,569.8571428571429,569.0357142857143,97.3711602947349
2022-07-07,SOMON,Somon Konservesi,241.0,68.95,0,0,2022,7,7,3,27,3,0,1,0.8995433789954338,202.0,229.0,232.0,197.0,208.28571428571428,206.125,41.53197276683051
2022-07-07,TON160,Ton Balığı Konservesi 160g,713.0,52.03,0,0,2022,7,7,3,27,3,0,1,0.9196641626159965,726.0,768.0,824.1875,769.0,714.9107142857143,667.8772321428571,107.014613105662
2022-07-07,TON80,Ton Balığı Konservesi 80g,1203.0,29.15,0,0,2022,7,7,3,27,3,0,1,0.8827983040581464,1249.0,1070.0,1316.0,1244.0,1038.0,1092.9375,208.78298142648822
2022-07-07,ZEYTY,Zeytinyağı 1L,303.0,228.7,0,0,2022,7,7,3,27,3,0,1,0.921712846347607,327.5,346.0,340.0,302.0,316.35714285714283,313.9107142857143,44.539041193947824
2022-07-08,SARDL,Sardalya Konservesi,539.0,24.3,0,0,2022,7,8,4,27,3,0,1,0.9155990957045969,577.0,653.0,653.0,632.0,559.0,568.0,90.55385138137466
2022-07-08,SOMON,Somon Konservesi,212.0,68.24,0,0,2022,7,8,4,27,3,0,1,0.8902804957599477,241.0,210.0,235.0,296.5,210.0,207.69642857142858,42.75901464408788
2022-07-08,TON160,Ton Balığı Konservesi 160g,640.0,53.14,0,0,2022,7,8,4,27,3,0,1,0.9392841361025187,713.0,638.0,648.0,665.0,707.0535714285714,665.8772321428571,104.45557287128733
2022-07-08,TON80,Ton Balığı Konservesi 80g,1096.0,29.73,0,0,2022,7,8,4,27,3,0,1,0.9003634161114475,1203.0,1142.0,1252.0,1201.0,1057.0,1091.4732142857142,218.0275211985864
2022-07-08,ZEYTY,Zeytinyağı 1L,332.0,216.8,0,0,2022,7,8,4,27,3,0,1,0.8737531486146096,303.0,337.0,295.0,307.0,310.2142857142857,313.94642857142856,42.696464669080996
2022-07-09,SARDL,Sardalya Konservesi,203.0,24.8,0,1,2022,7,9,5,27,3,1,1,0.9344385832705351,539.0,444.0,461.0,344.0,542.7142857142857,564.6785714285714,80.52683669790771
2022-07-09,SOMON,Somon Konservesi,76.5,68.63,0,1,2022,7,9,5,27,3,1,1,0.8953685583822569,212.0,160.0,147.0,156.0,210.28571428571428,204.67857142857142,42.76569608815867
2022-07-09,TON160,Ton Balığı Konservesi 160g,255.6875,50.03,0,1,2022,7,9,5,27,3,1,1,0.884312859036677,640.0,526.0,456.0,475.0,707.3392857142857,664.984375,104.23772070682729
2022-07-09,TON80,Ton Balığı Konservesi 80g,428.75,30.63,0,1,2022,7,9,5,27,3,1,1,0.927619624470018,1096.0,818.0,894.0,992.0,1050.4285714285713,1087.7232142857142,215.71961519748828
2022-07-09,ZEYTY,Zeytinyağı 1L,123.0,213.41,0,1,2022,7,9,5,27,3,1,1,0.8600906801007556,332.0,238.0,274.0,251.0,309.5,314.8392857142857,42.21275478651746
2022-07-10,SARDL,Sardalya Konservesi,261.0,23.4,1,1,2022,7,10,6,27,3,1,1,0.881688018085908,203.0,438.0,415.0,434.0,508.2857142857143,559.6428571428571,150.70469389473172
2022-07-10,SOMON,Somon Konservesi,76.5,69.79,0,1,2022,7,10,6,27,3,1,1,0.9105022831050228,76.5,155.0,159.0,153.0,198.35714285714286,201.83928571428572,64.99661163329608
2022-07-10,TON160,Ton Balığı Konservesi 160g,255.6875,52.28,0,1,2022,7,10,6,27,3,1,1,0.9240830755634114,255.6875,824.1875,427.0,450.0,668.7232142857143,657.1517857142857,194.01890229924652
2022-07-10,TON80,Ton Balığı Konservesi 80g,428.75,29.62,0,1,2022,7,10,6,27,3,1,1,0.8970321017565112,428.75,732.0,954.0,711.0,994.8214285714286,1067.607142857143,313.58832867463724
2022-07-10,ZEYTY,Zeytinyağı 1L,123.0,228.57,0,1,2022,7,10,6,27,3,1,1,0.9211889168765742,123.0,269.0,229.0,240.0,293.07142857142856,310.26785714285717,80.07518788167586
2022-07-11,SARDL,Sardalya Konservesi,249.0,24.2,0,1,2022,7,11,0,28,3,0,1,0.9118311981914092,261.0,653.0,622.0,649.0,483.0,553.4642857142857,177.01506527223418
2022-07-11,SOMON,Somon Konservesi,82.0,71.35,0,1,2022,7,11,0,28,3,0,1,0.9308545335942595,76.5,274.0,225.0,195.0,187.14285714285714,199.10714285714286,78.98982755483684
2022-07-11,TON160,Ton Balığı Konservesi 160g,325.0,49.98,0,1,2022,7,11,0,28,3,0,1,0.8834290764471939,255.6875,698.0,808.0,665.0,587.5089285714286,650.2120535714286,233.1376712054895
2022-07-11,TON80,Ton Balığı Konservesi 80g,428.75,29.88,0,1,2022,7,11,0,28,3,0,1,0.9049061175045426,428.75,974.0,1276.0,1159.0,951.5,1057.5267857142858,371.5396737451688
2022-07-11,ZEYTY,Zeytinyağı 1L,132.0,221.53,0,1,2022,7,11,0,28,3,0,1,0.892816120906801,123.0,345.0,123.0,351.0,272.2142857142857,306.0892857142857,103.09536731543625
2022-07-12,SARDL,Sardalya Konservesi,261.0,23.58,0,1,2022,7,12,1,28,3,0,1,0.8884702336096458,249.0,612.0,653.0,653.0,425.2857142857143,539.1785714285714,178.20654148647674
2022-07-12,SOMON,Somon Konservesi,88.0,66.18,0,1,2022,7,12,1,28,3,0,1,0.8634050880626223,82.0,228.0,238.0,210.0,159.71428571428572,195.07142857142858,77.11563673193297
2022-07-12,TON160,Ton Balığı Konservesi 160g,293.0,50.22,0,1,2022,7,12,1,28,3,0,1,0.8876712328767122,325.0,824.1875,767.0,775.0,534.2232142857143,638.0691964285714,245.94922636472086
2022-07-12,TON80,Ton Balığı Konservesi 80g,457.0,29.62,0,1,2022,7,12,1,28,3,0,1,0.8970321017565112,428.75,1281.0,1358.75,1276.0,873.6071428571429,1031.4464285714287,420.02789731612967
2022-07-12,ZEYTY,Zeytinyağı 1L,134.0,223.49,0,1,2022,7,12,1,28,3,0,1,0.9007153652392947,132.0,352.0,361.0,333.0,241.78571428571428,298.26785714285717,109.28016637022795
2022-07-13,SARDL,Sardalya Konservesi,422.0,23.99,0,0,2022,7,13,2,28,3,0,1,0.9039186134137152,261.0,536.0,653.0,653.0,375.14285714285717,525.1785714285714,165.86784756890867
2022-07-13,SOMON,Somon Konservesi,218.0,68.6,0,0,2022,7,13,2,28,3,0,1,0.8949771689497715,88.0,202.0,248.0,209.0,139.71428571428572,190.71428571428572,74.5664452814052
2022-07-13,TON160,Ton Balığı Konservesi 160g,486.5,52.39,0,0,2022,7,13,2,28,3,0,1,0.9260273972602739,293.0,726.0,644.0,721.0,458.3392857142857,620.8549107142857,222.39113048445697
2022-07-13,TON80,Ton Balığı Konservesi 80g,1181.0,29.18,0,0,2022,7,13,2,28,3,0,1,0.8837068443367655,457.0,1249.0,1358.75,1153.0,755.8928571428571,1002.1964285714286,401.8989522966466
2022-07-13,ZEYTY,Zeytinyağı 1L,328.0,225.82,0,0,2022,7,13,2,28,3,0,1,0.9101057934508816,134.0,327.5,353.0,467.0,210.64285714285714,291.1607142857143,103.54898771664921
2022-07-14,SARDL,Sardalya Konservesi,583.0,23.29,0,0,2022,7,14,3,28,3,0,1,0.8775433308214017,422.0,577.0,653.0,573.0,358.85714285714283,516.9285714285714,152.4996487115387
2022-07-14,SOMON,Somon Konservesi,232.0,69.58,0,0,2022,7,14,3,28,3,0,1,0.9077625570776254,218.0,241.0,229.0,231.0,142.0,191.03571428571428,76.99945887255765
2022-07-14,TON160,Ton Balığı Konservesi 160g,680.0,50.43,0,0,2022,7,14,3,28,3,0,1,0.8913831197525408,486.5,713.0,768.0,776.0,424.125,612.4799107142857,190.48330457789913
2022-07-14,TON80,Ton Balığı Konservesi 80g,1270.0,30.86,0,0,2022,7,14,3,28,3,0,1,0.9345850999394305,1181.0,1203.0,1070.0,1292.0,746.1785714285714,1003.1964285714286,388.59521876577224
2022-07-14,ZEYTY,Zeytinyağı 1L,344.0,227.61,0,0,2022,7,14,3,28,3,0,1,0.9173198992443325,328.0,303.0,346.0,330.0,210.71428571428572,286.19642857142856,103.64316070973847
2022-07-15,SARDL,Sardalya Konservesi,653.0,23.7,0,0,2022,7,15,4,28,3,0,1,0.892991710625471,583.0,539.0,653.0,644.0,359.7142857142857,517.2857142857143,153.94015534801594
2022-07-15,SOMON,Somon Konservesi,209.0,71.5,0,0,2022,7,15,4,28,3,0,1,0.9328114807566862,232.0,212.0,210.0,207.0,140.71428571428572,191.07142857142858,75.12315285741226
2022-07-15,TON160,Ton Balığı Konservesi 160g,824.1875,52.0,0,0,2022,7,15,4,28,3,0,1,0.9191338930623066,680.0,640.0,638.0,683.0,419.4107142857143,609.0513392857143,182.37827653393407
2022-07-15,TON80,Ton Balığı Konservesi 80g,1263.0,29.45,0,0,2022,7,15,4,28,3,0,1,0.8918837068443367,1270.0,1096.0,1142.0,1198.0,755.75,1002.4107142857143,402.3056984433596
2022-07-15,ZEYTY,Zeytinyağı 1L,368.0,220.75,0,0,2022,7,15,4,28,3,0,1,0.8896725440806046,344.0,332.0,337.0,334.0,216.57142857142858,286.69642857142856,110.64938189744049
2022-07-16,SARDL,Sardalya Konservesi,431.0,24.36,0,0,2022,7,16,5,28,3,1,1,0.9178598342125094,653.0,203.0,444.0,408.0,376.0,517.6071428571429,179.90830998038936
2022-07-16,SOMON,Somon Konservesi,167.0,70.26,0,0,2022,7,16,5,28,3,1,1,0.9166340508806262,209.0,76.5,160.0,155.0,140.28571428571428,191.14285714285714,74.65579746569001
2022-07-16,TON160,Ton Balığı Konservesi 160g,585.0,51.13,0,0,2022,7,16,5,28,3,1,1,0.9037560760053027,824.1875,255.6875,526.0,433.0,445.7232142857143,614.09375,227.26973482202033
2022-07-16,TON80,Ton Balığı Konservesi 80g,1040.5,30.64,0,0,2022,7,16,5,28,3,1,1,0.9279224712295577,1263.0,428.75,818.0,789.0,779.6071428571429,1004.7321428571429,429.8541626999506
2022-07-16,ZEYTY,Zeytinyağı 1L,236.0,217.46,0,0,2022,7,16,5,28,3,1,1,0.8764130982367758,368.0,123.0,238.0,244.0,221.71428571428572,287.9107142857143,117.53115088593044
2022-07-17,SARDL,Sardalya Konservesi,482.0,23.76,0,0,2022,7,17,6,28,3,1,1,0.8952524491333836,431.0,261.0,438.0,510.0,408.57142857142856,518.4285714285714,163.23383752851498
2022-07-17,SOMON,Somon Konservesi,147.0,65.55,0,0,2022,7,17,6,28,3,1,1,0.8551859099804304,167.0,76.5,155.0,182.0,153.21428571428572,191.57142857142858,69.42133266202437
2022-07-17,TON160,Ton Balığı Konservesi 160g,561.0,51.14,0,0,2022,7,17,6,28,3,1,1,0.9039328325231992,585.0,255.6875,824.1875,479.0,492.76785714285717,619.5223214285714,215.13610249496983
2022-07-17,TON80,Ton Balığı Konservesi 80g,818.0,29.85,0,0,2022,7,17,6,28,3,1,1,0.9039975772259237,1040.5,428.75,732.0,1010.0,867.0,1013.7142857142857,408.2787803694917
2022-07-17,ZEYTY,Zeytinyağı 1L,224.0,227.93,0,0,2022,7,17,6,28,3,1,1,0.9186095717884131,236.0,123.0,269.0,467.0,237.85714285714286,287.625,109.17635362328294
2022-07-18,SARDL,Sardalya Konservesi,638.0,24.09,0,0,2022,7,18,0,29,3,0,1,0.9076865109269028,482.0,249.0,653.0,563.0,440.14285714285717,517.4285714285714,150.83592473438196
2022-07-18,SOMON,Somon Konservesi,229.0,67.45,0,0,2022,7,18,0,29,3,0,1,0.8799739073711677,147.0,82.0,274.0,230.0,163.28571428571428,190.32142857142858,61.045650365701285
2022-07-18,TON160,Ton Balığı Konservesi 160g,824.1875,50.68,0,0,2022,7,18,0,29,3,0,1,0.8958020326999557,561.0,325.0,698.0,764.0,536.3839285714286,622.4508928571429,188.34067242995866
2022-07-18,TON80,Ton Balığı Konservesi 80g,1246.0,30.24,0,0,2022,7,18,0,29,3,0,1,0.9158086008479708,818.0,428.75,974.0,1231.0,922.6071428571429,1006.8571428571429,362.5930299345847
2022-07-18,ZEYTY,Zeytinyağı 1L,347.0,225.05,0,0,2022,7,18,0,29,3,0,1,0.9070025188916877,224.0,132.0,345.0,323.0,252.28571428571428,278.94642857142856,97.51874056767092
2022-07-19,SARDL,Sardalya Konservesi,620.0,23.63,0,0,2022,7,19,1,29,3,0,1,0.8903541823662396,638.0,261.0,612.0,653.0,495.7142857142857,520.1071428571429,139.9425052009031
2022-07-19,SOMON,Somon Konservesi,227.0,69.72,0,0,2022,7,19,1,29,3,0,1,0.9095890410958903,229.0,88.0,228.0,198.0,184.28571428571428,190.28571428571428,53.20311483899632
2022-07-19,TON160,Ton Balığı Konservesi 160g,705.0,52.75,0,0,2022,7,19,1,29,3,0,1,0.9323906319045514,824.1875,293.0,824.1875,749.0,607.6964285714286,624.6004464285714,189.4653333388519
2022-07-19,TON80,Ton Balığı Konservesi 80g,1358.75,30.37,1,0,2022,7,19,1,29,3,0,1,0.9197456087219866,1246.0,457.0,1281.0,1242.0,1039.357142857143,1007.3928571428571,303.89591341522885
2022-07-19,ZEYTY,Zeytinyağı 1L,330.0,219.89,0,0,2022,7,19,1,29,3,0,1,0.8862065491183878,347.0,134.0,352.0,309.0,283.0,279.80357142857144,86.56211642514276
2022-07-20,SARDL,Sardalya Konservesi,621.0,23.98,0,0,2022,7,20,2,29,3,0,1,0.9035418236623964,620.0,422.0,536.0,589.0,547.0,518.9285714285714,99.53893710503489
2022-07-20,SOMON,Somon Konservesi,217.0,68.85,0,0,2022,7,20,2,29,3,0,1,0.8982387475538159,227.0,218.0,202.0,210.0,204.14285714285714,191.32142857142858,33.60768052806052
2022-07-20,TON160,Ton Balığı Konservesi 160g,791.0,52.62,0,0,2022,7,20,2,29,3,0,1,0.9300927971718956,705.0,486.5,726.0,718.0,666.5535714285714,623.0290178571429,130.1074397201619
2022-07-20,TON80,Ton Balığı Konservesi 80g,1358.75,30.47,0,0,2022,7,20,2,29,3,0,1,0.9227740763173833,1358.75,1181.0,1249.0,428.75,1168.1785714285713,1011.5625,182.94971498826146
2022-07-20,ZEYTY,Zeytinyağı 1L,318.0,223.11,0,0,2022,7,20,2,29,3,0,1,0.8991838790931991,330.0,328.0,327.5,342.0,311.0,280.55357142857144,56.97660338536623
2022-07-21,SARDL,Sardalya Konservesi,653.0,24.34,0,0,2022,7,21,3,29,3,0,1,0.917106254709872,621.0,583.0,577.0,576.0,575.4285714285714,520.0714285714286,85.28551487573478
2022-07-21,SOMON,Somon Konservesi,214.0,69.26,0,0,2022,7,21,3,29,3,0,1,0.9035877364644488,217.0,232.0,241.0,232.0,204.0,191.57142857142858,33.541019662496666
2022-07-21,TON160,Ton Balığı Konservesi 160g,571.0,52.76,0,0,2022,7,21,3,29,3,0,1,0.932567388422448,791.0,680.0,713.0,824.1875,710.0535714285714,625.6361607142857,109.07913810869391
2022-07-21,TON80,Ton Balığı Konservesi 80g,1227.0,30.64,0,0,2022,7,21,3,29,3,0,1,0.9279224712295577,1358.75,1270.0,1203.0,1316.0,1193.5714285714287,1044.7767857142858,196.83457067874573
2022-07-21,ZEYTY,Zeytinyağı 1L,312.0,234.18,0,0,2022,7,21,3,29,3,0,1,0.9437984886649874,318.0,344.0,303.0,340.0,309.57142857142856,279.69642857142856,56.60346615669727
2022-07-22,SARDL,Sardalya Konservesi,601.0,23.55,0,0,2022,7,22,4,29,3,0,1,0.8873398643556896,653.0,653.0,539.0,653.0,585.4285714285714,522.8214285714286,90.27893283754442
2022-07-22,SOMON,Somon Konservesi,202.0,70.39,0,0,2022,7,22,4,29,3,0,1,0.9183300717547292,214.0,209.0,212.0,235.0,201.42857142857142,190.92857142857142,31.674685701450993
2022-07-22,TON160,Ton Balığı Konservesi 160g,743.0,51.92,0,0,2022,7,22,4,29,3,0,1,0.9177198409191338,571.0,824.1875,640.0,648.0,694.4821428571429,616.59375,121.19195729664851
2022-07-22,TON80,Ton Balığı Konservesi 80g,1142.0,31.1,0,0,2022,7,22,4,29,3,0,1,0.9418534221683827,1227.0,1263.0,1096.0,1252.0,1187.4285714285713,1041.5982142857142,194.71136299906283
2022-07-22,ZEYTY,Zeytinyağı 1L,322.0,228.45,0,0,2022,7,22,4,29,3,0,1,0.9207052896725441,312.0,368.0,332.0,295.0,305.0,278.69642857142856,54.616847217685404
2022-07-23,SARDL,Sardalya Konservesi,497.0,23.67,0,0,2022,7,23,5,29,3,1,1,0.8918613413715147,601.0,431.0,203.0,461.0,578.0,520.9642857142857,85.82152022268929
2022-07-23,SOMON,Somon Konservesi,159.0,68.25,0,0,2022,7,23,5,29,3,1,1,0.8904109589041095,202.0,167.0,76.5,147.0,200.42857142857142,189.75,31.50585735413398
2022-07-23,TON160,Ton Balığı Konservesi 160g,518.0,51.69,0,0,2022,7,23,5,29,3,1,1,0.913654441007512,743.0,585.0,255.6875,456.0,682.8839285714286,619.9866071428571,110.08619036026064
2022-07-23,TON80,Ton Balığı Konservesi 80g,877.0,30.91,0,0,2022,7,23,5,29,3,1,1,0.936099333737129,1142.0,1040.5,428.75,894.0,1170.142857142857,1037.669642857143,192.2395346708803
2022-07-23,ZEYTY,Zeytinyağı 1L,239.0,219.15,0,0,2022,7,23,5,29,3,1,1,0.8832241813602015,322.0,236.0,123.0,274.0,298.42857142857144,279.6607142857143,48.15896296937569
2022-07-24,SARDL,Sardalya Konservesi,430.0,25.09,0,0,2022,7,24,6,29,3,1,1,0.9453654860587792,497.0,482.0,261.0,415.0,587.4285714285714,522.25,68.94649409229734
2022-07-24,SOMON,Somon Konservesi,144.0,68.85,0,0,2022,7,24,6,29,3,1,1,0.8982387475538159,159.0,147.0,76.5,159.0,199.28571428571428,190.17857142857142,33.028847420168226
2022-07-24,TON160,Ton Balığı Konservesi 160g,561.0,51.47,0,0,2022,7,24,6,29,3,1,1,0.909765797613787,518.0,561.0,255.6875,427.0,673.3125,622.2008928571429,122.25518159605002
2022-07-24,TON80,Ton Balığı Konservesi 80g,830.0,29.49,0,0,2022,7,24,6,29,3,1,1,0.8930950938824953,877.0,818.0,428.75,954.0,1146.7857142857142,1037.0625,218.72463798553903
2022-07-24,ZEYTY,Zeytinyağı 1L,255.0,226.99,0,0,2022,7,24,6,29,3,1,1,0.9148211586901763,239.0,224.0,123.0,229.0,298.85714285714283,278.4107142857143,47.5199206348542
2022-07-25,SARDL,Sardalya Konservesi,653.0,23.94,0,0,2022,7,25,0,30,3,0,1,0.9020346646571215,430.0,638.0,249.0,622.0,580.0,522.7857142857143,83.47055369010958
2022-07-25,SOMON,Somon Konservesi,211.0,70.12,0,0,2022,7,25,0,30,3,0,1,0.9148075668623614,144.0,229.0,82.0,225.0,198.85714285714286,189.64285714285714,33.83010775147165
2022-07-25,TON160,Ton Balığı Konservesi 160g,724.0,51.79,0,0,2022,7,25,0,30,3,0,1,0.9154220061864781,561.0,824.1875,325.0,808.0,673.3125,626.9866071428571,122.25518159605002
2022-07-25,TON80,Ton Balığı Konservesi 80g,1249.0,29.7,0,0,2022,7,25,0,30,3,0,1,0.8994548758328285,830.0,1246.0,428.75,1276.0,1148.5,1032.6339285714287,215.74497869784517
2022-07-25,ZEYTY,Zeytinyağı 1L,411.0,231.16,0,0,2022,7,25,0,30,3,0,1,0.9316272040302267,255.0,347.0,132.0,123.0,303.2857142857143,279.3392857142857,40.27287873873371
2022-07-26,SARDL,Sardalya Konservesi,653.0,23.68,0,0,2022,7,26,1,30,3,0,1,0.8922381311228335,653.0,620.0,261.0,653.0,582.1428571428571,523.8928571428571,85.37842930434086
2022-07-26,SOMON,Somon Konservesi,218.0,68.23,0,0,2022,7,26,1,30,3,0,1,0.8901500326157861,211.0,227.0,88.0,238.0,196.28571428571428,189.14285714285714,31.77899875554225
2022-07-26,TON160,Ton Balığı Konservesi 160g,824.1875,52.42,1,0,2022,7,26,1,30,3,0,1,0.9265576668139638,724.0,705.0,293.0,767.0,659.0,623.9866071428571,106.49726131063893
2022-07-26,TON80,Ton Balığı Konservesi 80g,1153.0,30.21,0,0,2022,7,26,1,30,3,0,1,0.9149000605693518,1249.0,1358.75,457.0,1358.75,1148.9285714285713,1031.669642857143,215.9737982895596
2022-07-26,ZEYTY,Zeytinyağı 1L,315.0,225.35,0,0,2022,7,26,1,30,3,0,1,0.9082115869017632,411.0,330.0,134.0,361.0,312.42857142857144,289.625,56.032303607999566
2022-07-27,SARDL,Sardalya Konservesi,539.0,24.02,0,0,2022,7,27,2,30,3,0,1,0.9050489826676714,653.0,621.0,422.0,653.0,586.8571428571429,523.8928571428571,88.66496597008502
2022-07-27,SOMON,Somon Konservesi,220.0,68.18,0,0,2022,7,27,2,30,3,0,1,0.8894977168949771,218.0,217.0,218.0,248.0,195.0,188.42857142857142,30.484968973796388
2022-07-27,TON160,Ton Balığı Konservesi 160g,819.0,51.79,0,0,2022,7,27,2,30,3,0,1,0.9154220061864781,824.1875,791.0,486.5,644.0,676.0267857142857,626.0290178571429,123.2825549526558
2022-07-27,TON80,Ton Balığı Konservesi 80g,1358.75,29.89,0,0,2022,7,27,2,30,3,0,1,0.9052089642640823,1153.0,1358.75,1181.0,1358.75,1119.5357142857142,1024.3214285714287,195.70899041324512
2022-07-27,ZEYTY,Zeytinyağı 1L,439.0,226.32,1,0,2022,7,27,2,30,3,0,1,0.9121209068010075,315.0,318.0,328.0,353.0,310.2857142857143,287.98214285714283,55.53291602198424
2022-07-28,SARDL,Sardalya Konservesi,609.0,23.41,0,0,2022,7,28,3,30,3,0,1,0.8820648078372268,539.0,653.0,583.0,653.0,575.1428571428571,519.8214285714286,88.81897051761888
2022-07-28,SOMON,Somon Konservesi,212.0,68.95,0,0,2022,7,28,3,30,3,0,1,0.8995433789954338,220.0,214.0,232.0,229.0,195.42857142857142,187.42857142857142,30.864527335098497
2022-07-28,TON160,Ton Balığı Konservesi 160g,626.0,50.84,0,0,2022,7,28,3,30,3,0,1,0.8986301369863013,819.0,571.0,680.0,768.0,680.0267857142857,632.2790178571429,127.99871752868437
2022-07-28,TON80,Ton Balığı Konservesi 80g,1250.0,30.95,0,0,2022,7,28,3,30,3,0,1,0.9373107207752875,1358.75,1227.0,1270.0,1070.0,1119.5357142857142,1024.3214285714287,195.70899041324512
2022-07-28,ZEYTY,Zeytinyağı 1L,298.0,228.52,0,0,2022,7,28,3,30,3,0,1,0.9209874055415618,439.0,312.0,344.0,346.0,327.57142857142856,291.05357142857144,74.07171557091851
2022-07-29,SARDL,Sardalya Konservesi,581.0,24.63,0,0,2022,7,29,4,30,3,0,1,0.928033157498116,609.0,601.0,653.0,653.0,568.8571428571429,518.25,83.80618229269432
2022-07-29,SOMON,Somon Konservesi,239.0,68.76,0,0,2022,7,29,4,30,3,0,1,0.8970645792563601,212.0,202.0,209.0,210.0,195.14285714285714,186.82142857142858,30.672618470054342
2022-07-29,TON160,Ton Balığı Konservesi 160g,724.0,51.37,0,0,2022,7,29,4,30,3,0,1,0.9079982324348209,626.0,743.0,824.1875,638.0,687.8839285714286,627.2075892857143,121.72505962770721
2022-07-29,TON80,Ton Balığı Konservesi 80g,1220.0,29.95,0,0,2022,7,29,4,30,3,0,1,0.9070260448213203,1250.0,1142.0,1263.0,1142.0,1122.8214285714287,1030.75,197.9936191251778
2022-07-29,ZEYTY,Zeytinyağı 1L,355.0,235.06,0,0,2022,7,29,4,30,3,0,1,0.9473450881612091,298.0,322.0,368.0,337.0,325.57142857142856,289.3392857142857,74.74814856761148
2022-07-30,SARDL,Sardalya Konservesi,455.0,23.8,0,0,2022,7,30,5,30,3,1,1,0.8967596081386587,581.0,497.0,431.0,444.0,566.0,515.6785714285714,82.86334131166475
2022-07-30,SOMON,Somon Konservesi,136.0,70.0,0,0,2022,7,30,5,30,3,1,1,0.91324200913242,239.0,159.0,167.0,160.0,200.42857142857142,187.85714285714286,34.94212902718395
2022-07-30,TON160,Ton Balığı Konservesi 160g,513.0,52.05,0,0,2022,7,30,5,30,3,1,1,0.9200176756517896,724.0,518.0,585.0,526.0,685.1696428571429,630.2790178571429,120.4968593680323
2022-07-30,TON80,Ton Balığı Konservesi 80g,1070.0,30.3,1,0,2022,7,30,5,30,3,1,1,0.917625681405209,1220.0,877.0,1040.5,818.0,1133.9642857142858,1033.5357142857142,201.41811966298292
2022-07-30,ZEYTY,Zeytinyağı 1L,224.0,216.94,0,0,2022,7,30,5,30,3,1,1,0.8743173803526448,355.0,239.0,236.0,238.0,330.2857142857143,289.98214285714283,75.52199301244265
2022-07-31,SARDL,Sardalya Konservesi,618.0,23.26,1,0,2022,7,31,6,30,3,1,1,0.8764129615674454,455.0,430.0,482.0,438.0,560.0,516.0714285714286,89.91292083640391
2022-07-31,SOMON,Somon Konservesi,165.0,70.74,0,0,2022,7,31,6,30,3,1,1,0.9228962818003913,136.0,144.0,147.0,155.0,197.14285714285714,187.0,40.17639676654503
2022-07-31,TON160,Ton Balığı Konservesi 160g,611.0,52.1,0,0,2022,7,31,6,30,3,1,1,0.9209014582412727,513.0,561.0,561.0,824.1875,684.4553571428571,629.8147321428571,121.66215770550578
2022-07-31,TON80,Ton Balığı Konservesi 80g,748.0,29.79,0,0,2022,7,31,6,30,3,1,1,0.9021804966686855,1070.0,830.0,818.0,732.0,1161.5357142857142,1042.5357142857142,171.3451942577861
2022-07-31,ZEYTY,Zeytinyağı 1L,260.0,228.23,0,0,2022,7,31,6,30,3,1,1,0.9198186397984887,224.0,255.0,224.0,269.0,328.14285714285717,289.48214285714283,78.6901700159738
2022-08-01,SARDL,Sardalya Konservesi,653.0,23.33,0,0,2022,8,1,0,31,3,0,1,0.8790504898266767,618.0,653.0,638.0,653.0,586.8571428571429,522.5,70.61734577148644
2022-08-01,SOMON,Somon Konservesi,237.0,70.17,0,0,2022,8,1,0,31,3,0,1,0.9154598825831702,165.0,211.0,229.0,274.0,200.14285714285714,187.35714285714286,36.126760955597
2022-08-01,TON160,Ton Balığı Konservesi 160g,824.1875,52.17,1,0,2022,8,1,0,31,3,0,1,0.9221387538665489,611.0,724.0,824.1875,698.0,691.5982142857143,622.2008928571429,114.46062287524003
2022-08-01,TON80,Ton Balığı Konservesi 80g,1271.0,30.19,0,0,2022,8,1,0,31,3,0,1,0.9142943670502726,748.0,1249.0,1246.0,974.0,1149.8214285714287,1043.107142857143,198.44828851437856
2022-08-01,ZEYTY,Zeytinyağı 1L,351.0,218.92,0,0,2022,8,1,0,31,3,0,1,0.8822972292191436,260.0,411.0,347.0,345.0,328.85714285714283,289.1607142857143,77.93464905810207
2022-08-02,SARDL,Sardalya Konservesi,579.0,23.69,0,0,2022,8,2,1,31,3,0,1,0.8926149208741523,653.0,653.0,620.0,612.0,586.8571428571429,522.5,70.61734577148644
2022-08-02,SOMON,Somon Konservesi,232.0,69.57,0,0,2022,8,2,1,31,3,0,1,0.9076320939334637,237.0,218.0,227.0,228.0,203.85714285714286,186.03571428571428,38.675696810911006
2022-08-02,TON160,Ton Balığı Konservesi 160g,633.0,51.23,0,0,2022,8,2,1,31,3,0,1,0.9055236411842685,824.1875,824.1875,705.0,824.1875,705.9107142857143,626.7075892857143,124.96900583006403
2022-08-02,TON80,Ton Balığı Konservesi 80g,1358.75,29.67,0,0,2022,8,2,1,31,3,0,1,0.8985463355542095,1271.0,1153.0,1358.75,1281.0,1152.9642857142858,1053.7142857142858,200.4449440500768
2022-08-02,ZEYTY,Zeytinyağı 1L,330.0,215.95,0,0,2022,8,2,1,31,3,0,1,0.8703274559193954,351.0,315.0,330.0,352.0,320.2857142857143,289.375,70.3223868710249
2022-08-03,SARDL,Sardalya Konservesi,653.0,24.21,0,0,2022,8,3,2,31,3,0,1,0.9122079879427281,579.0,539.0,621.0,536.0,576.2857142857143,521.3214285714286,64.32395687900085
2022-08-03,SOMON,Somon Konservesi,236.0,68.93,0,0,2022,8,3,2,31,3,0,1,0.8992824527071103,232.0,220.0,217.0,202.0,205.85714285714286,186.17857142857142,39.872415575301055
2022-08-03,TON160,Ton Balığı Konservesi 160g,683.0,49.02,0,0,2022,8,3,2,31,3,0,1,0.8664604507291207,633.0,819.0,791.0,726.0,678.5982142857143,619.8794642857143,115.331608947076
2022-08-03,TON80,Ton Balığı Konservesi 80g,1067.0,29.24,0,0,2022,8,3,2,31,3,0,1,0.8855239248940036,1358.75,1358.75,1358.75,1249.0,1182.357142857143,1056.4910714285713,215.00745418971704
2022-08-03,ZEYTY,Zeytinyağı 1L,318.0,229.77,0,0,2022,8,3,2,31,3,0,1,0.9260251889168766,330.0,439.0,318.0,327.5,322.42857142857144,288.5892857142857,70.36300434853804
2022-08-04,SARDL,Sardalya Konservesi,636.0,24.27,0,0,2022,8,4,3,31,3,0,1,0.9144687264506406,653.0,609.0,653.0,577.0,592.5714285714286,525.5,67.65564066865286
2022-08-04,SOMON,Somon Konservesi,197.0,69.9,0,0,2022,8,4,3,31,3,0,1,0.9119373776908024,236.0,212.0,214.0,241.0,208.14285714285714,187.39285714285714,41.2529941193304
2022-08-04,TON160,Ton Balığı Konservesi 160g,742.0,48.74,0,0,2022,8,4,3,31,3,0,1,0.8615112682280159,683.0,626.0,571.0,713.0,659.1696428571429,618.34375,97.87126638715796
2022-08-04,TON80,Ton Balığı Konservesi 80g,1310.0,30.11,0,0,2022,8,4,3,31,3,0,1,0.911871592973955,1067.0,1250.0,1227.0,1203.0,1140.6785714285713,1049.9910714285713,203.0608854858217
2022-08-04,ZEYTY,Zeytinyağı 1L,336.0,218.07,0,0,2022,8,4,3,31,3,0,1,0.8788715365239295,318.0,298.0,312.0,303.0,305.14285714285717,288.25,48.38191318880964
2022-08-05,SARDL,Sardalya Konservesi,645.0,24.2,0,0,2022,8,5,4,31,3,0,1,0.9118311981914092,636.0,581.0,601.0,539.0,596.4285714285714,527.6071428571429,69.49306234643775
2022-08-05,SOMON,Somon Konservesi,76.5,71.06,1,0,2022,8,5,4,31,3,0,1,0.9270711024135682,197.0,239.0,202.0,212.0,206.0,185.82142857142858,41.40853374205193
2022-08-05,TON160,Ton Balığı Konservesi 160g,637.0,51.02,0,0,2022,8,5,4,31,3,0,1,0.9018117543084402,742.0,724.0,743.0,640.0,675.7410714285714,619.3794642857143,101.08665082345055
2022-08-05,TON80,Ton Balığı Konservesi 80g,1164.0,31.0,0,0,2022,8,5,4,31,3,0,1,0.938824954572986,1310.0,1220.0,1142.0,1096.0,1149.25,1053.8125,209.60543289714678
2022-08-05,ZEYTY,Zeytinyağı 1L,349.0,222.19,0,0,2022,8,5,4,31,3,0,1,0.8954760705289673,336.0,355.0,322.0,332.0,310.57142857142856,289.42857142857144,49.56429206211907
2022-08-06,SARDL,Sardalya Konservesi,433.0,24.32,0,0,2022,8,6,5,31,3,1,1,0.9163526752072344,645.0,455.0,497.0,203.0,605.5714285714286,531.3928571428571,71.31118926427958
2022-08-06,SOMON,Somon Konservesi,152.0,69.26,0,0,2022,8,6,5,31,3,1,1,0.9035877364644488,76.5,136.0,159.0,76.5,182.78571428571428,180.98214285714286,60.82341732620832
2022-08-06,TON160,Ton Balığı Konservesi 160g,479.0,51.56,0,0,2022,8,6,5,31,3,1,1,0.9113566062748564,637.0,513.0,518.0,255.6875,663.3125,619.2723214285714,99.5001897506558
2022-08-06,TON80,Ton Balığı Konservesi 80g,861.0,30.64,0,0,2022,8,6,5,31,3,1,1,0.9279224712295577,1164.0,1070.0,877.0,428.75,1141.25,1056.2410714285713,207.5133027864325
2022-08-06,ZEYTY,Zeytinyağı 1L,223.0,221.0,0,0,2022,8,6,5,31,3,1,1,0.8906801007556675,349.0,224.0,239.0,123.0,309.7142857142857,290.0357142857143,48.71247029154602
2022-08-07,SARDL,Sardalya Konservesi,419.0,24.43,0,0,2022,8,7,6,31,3,1,1,0.9204973624717407,433.0,618.0,430.0,261.0,602.4285714285714,539.6071428571429,79.11143436709531
2022-08-07,SOMON,Somon Konservesi,161.0,69.14,0,0,2022,8,7,6,31,3,1,1,0.9020221787345074,152.0,165.0,144.0,76.5,185.07142857142858,183.67857142857142,59.04689419677987
2022-08-07,TON160,Ton Balığı Konservesi 160g,538.0,51.9,0,0,2022,8,7,6,31,3,1,1,0.9173663278833406,479.0,611.0,561.0,255.6875,658.4553571428571,627.2477678571429,108.4848942674787
2022-08-07,TON80,Ton Balığı Konservesi 80g,924.0,29.9,0,0,2022,8,7,6,31,3,1,1,0.9055118110236219,861.0,748.0,830.0,428.75,1111.392857142857,1071.6785714285713,232.94991669987
2022-08-07,ZEYTY,Zeytinyağı 1L,241.0,215.95,0,0,2022,8,7,6,31,3,1,1,0.8703274559193954,223.0,260.0,255.0,123.0,309.57142857142856,293.60714285714283,49.00631640532717
2022-08-08,SARDL,Sardalya Konservesi,653.0,24.65,0,0,2022,8,8,0,32,3,0,1,0.9287867370007535,419.0,653.0,653.0,249.0,574.0,545.25,104.32161808561123
2022-08-08,SOMON,Somon Konservesi,194.0,68.3,0,0,2022,8,8,0,32,3,0,1,0.8910632746249184,161.0,237.0,211.0,82.0,184.5,186.69642857142858,59.29235476293159
2022-08-08,TON160,Ton Balığı Konservesi 160g,699.0,50.73,0,0,2022,8,8,0,32,3,0,1,0.8966858152894387,538.0,824.1875,724.0,325.0,648.0267857142857,637.3303571428571,116.98292620002834
2022-08-08,TON80,Ton Balığı Konservesi 80g,1056.0,30.41,0,0,2022,8,8,0,32,3,0,1,0.9209569957601453,924.0,1271.0,1249.0,428.75,1136.5357142857142,1089.3660714285713,193.3177667173188
2022-08-08,ZEYTY,Zeytinyağı 1L,301.0,224.4,0,0,2022,8,8,0,32,3,0,1,0.904382871536524,241.0,351.0,411.0,132.0,306.85714285714283,297.82142857142856,52.60363920056146
2022-08-09,SARDL,Sardalya Konservesi,652.0,25.18,0,0,2022,8,9,1,32,3,0,1,0.9487565938206481,653.0,579.0,653.0,261.0,574.0,559.6785714285714,104.32161808561123
2022-08-09,SOMON,Somon Konservesi,228.0,68.22,0,0,2022,8,9,1,32,3,0,1,0.8900195694716242,194.0,232.0,218.0,88.0,178.35714285714286,190.69642857142858,55.020234373148554
2022-08-09,TON160,Ton Balığı Konservesi 160g,632.0,51.69,0,0,2022,8,9,1,32,3,0,1,0.913654441007512,699.0,633.0,824.1875,293.0,630.1428571428571,650.6875,92.58946767213526
2022-08-09,TON80,Ton Balığı Konservesi 80g,1342.0,30.91,0,0,2022,8,9,1,32,3,0,1,0.936099333737129,1056.0,1358.75,1153.0,457.0,1105.8214285714287,1111.767857142857,185.30710513708286
2022-08-09,ZEYTY,Zeytinyağı 1L,360.0,226.06,0,0,2022,8,9,1,32,3,0,1,0.911073047858942,301.0,330.0,315.0,134.0,299.7142857142857,303.85714285714283,48.87301329539044
2022-08-10,SARDL,Sardalya Konservesi,548.0,24.57,0,0,2022,8,10,2,32,3,0,1,0.9257724189902035,652.0,653.0,539.0,422.0,584.4285714285714,573.6428571428571,108.470974831761
2022-08-10,SOMON,Somon Konservesi,241.0,69.5,0,0,2022,8,10,2,32,3,0,1,0.9067188519243313,228.0,236.0,220.0,218.0,177.78571428571428,195.69642857142858,54.387389119520186
2022-08-10,TON160,Ton Balığı Konservesi 160g,824.1875,51.71,1,0,2022,8,10,2,32,3,0,1,0.9140079540433054,632.0,683.0,819.0,486.5,630.0,662.7946428571429,92.58509599282087
2022-08-10,TON80,Ton Balığı Konservesi 80g,1247.0,29.66,0,0,2022,8,10,2,32,3,0,1,0.8982434887946699,1342.0,1067.0,1358.75,1181.0,1103.4285714285713,1143.375,181.56711995187675
2022-08-10,ZEYTY,Zeytinyağı 1L,340.0,224.29,0,0,2022,8,10,2,32,3,0,1,0.9039395465994962,360.0,318.0,439.0,328.0,304.0,311.92857142857144,53.10367218940689
2022-08-11,SARDL,Sardalya Konservesi,653.0,24.6,0,0,2022,8,11,3,32,3,0,1,0.9269027882441598,548.0,636.0,609.0,583.0,569.4285714285714,578.1428571428571,104.59900755242613
2022-08-11,SOMON,Somon Konservesi,236.0,69.65,0,0,2022,8,11,3,32,3,0,1,0.908675799086758,241.0,197.0,212.0,232.0,178.5,196.51785714285714,55.30446033850561
2022-08-11,TON160,Ton Balığı Konservesi 160g,688.0,52.09,0,0,2022,8,11,3,32,3,0,1,0.9207247017233761,824.1875,742.0,626.0,680.0,650.1696428571429,674.8549107142857,117.95767864320113
2022-08-11,TON80,Ton Balığı Konservesi 80g,1234.0,30.34,0,0,2022,8,11,3,32,3,0,1,0.9188370684433675,1247.0,1310.0,1250.0,1270.0,1129.142857142857,1145.732142857143,188.1740582292799
2022-08-11,ZEYTY,Zeytinyağı 1L,300.0,226.56,0,0,2022,8,11,3,32,3,0,1,0.913088161209068,340.0,336.0,298.0,344.0,307.14285714285717,312.35714285714283,54.69743617217825
2022-08-12,SARDL,Sardalya Konservesi,653.0,24.88,0,0,2022,8,12,4,32,3,0,1,0.9374529012810852,653.0,645.0,581.0,653.0,571.8571428571429,580.6428571428571,106.58084344982599
2022-08-12,SOMON,Somon Konservesi,214.0,68.8,0,0,2022,8,12,4,32,3,0,1,0.8975864318330071,236.0,76.5,239.0,209.0,184.07142857142858,196.66071428571428,59.29898015665236
2022-08-12,TON160,Ton Balığı Konservesi 160g,679.0,50.04,0,0,2022,8,12,4,32,3,0,1,0.8844896155545735,688.0,637.0,724.0,824.1875,642.4553571428571,675.140625,112.59502187438265
2022-08-12,TON80,Ton Balığı Konservesi 80g,1144.0,29.72,0,0,2022,8,12,4,32,3,0,1,0.9000605693519078,1234.0,1164.0,1220.0,1263.0,1118.2857142857142,1144.4464285714287,177.91263238428283
2022-08-12,ZEYTY,Zeytinyağı 1L,320.0,234.67,0,0,2022,8,12,4,32,3,0,1,0.9457732997481108,300.0,349.0,355.0,368.0,302.0,310.7857142857143,53.20400987394326
2022-08-13,SARDL,Sardalya Konservesi,408.0,23.99,0,0,2022,8,13,5,32,3,1,1,0.9039186134137152,653.0,433.0,455.0,431.0,573.0,580.6428571428571,107.5344905910043
2022-08-13,SOMON,Somon Konservesi,211.0,69.8,1,0,2022,8,13,5,32,3,1,1,0.9106327462491846,214.0,152.0,136.0,167.0,203.71428571428572,196.83928571428572,35.87345483647695
2022-08-13,TON160,Ton Balığı Konservesi 160g,552.0,50.98,0,0,2022,8,13,5,32,3,1,1,0.9011047282368536,679.0,479.0,513.0,585.0,648.4553571428571,669.9553571428571,113.37223624367964
2022-08-13,TON80,Ton Balığı Konservesi 80g,944.0,30.05,0,0,2022,8,13,5,32,3,1,1,0.9100545124167171,1144.0,861.0,1070.0,1040.5,1115.4285714285713,1140.1964285714287,177.2153653447858
2022-08-13,ZEYTY,Zeytinyağı 1L,252.0,228.42,0,0,2022,8,13,5,32,3,1,1,0.9205843828715364,320.0,223.0,224.0,236.0,297.85714285714283,309.07142857142856,49.96474947876924
2022-08-14,SARDL,Sardalya Konservesi,446.0,23.68,0,0,2022,8,14,6,32,3,1,1,0.8922381311228335,408.0,419.0,618.0,482.0,569.4285714285714,579.8214285714286,113.22375655143742
2022-08-14,SOMON,Somon Konservesi,147.0,69.47,0,0,2022,8,14,6,32,3,1,1,0.9063274624918459,211.0,161.0,165.0,147.0,212.14285714285714,198.41071428571428,27.697343864400445
2022-08-14,TON160,Ton Balığı Konservesi 160g,470.0,51.73,0,0,2022,8,14,6,32,3,1,1,0.9143614670790985,552.0,538.0,611.0,561.0,658.8839285714286,668.7767857142857,97.42246134594542
2022-08-14,TON80,Ton Balığı Konservesi 80g,838.0,30.4,0,0,2022,8,14,6,32,3,1,1,0.9206541490006056,944.0,924.0,748.0,818.0,1127.2857142857142,1136.75,159.2175809866433
2022-08-14,ZEYTY,Zeytinyağı 1L,249.0,224.9,0,0,2022,8,14,6,32,3,1,1,0.9063979848866499,252.0,241.0,260.0,224.0,302.0,309.64285714285717,43.50861983561401
2022-08-15,SARDL,Sardalya Konservesi,537.5,23.33,0,0,2022,8,15,0,33,3,0,1,0.8790504898266767,446.0,653.0,653.0,638.0,573.2857142857143,578.5357142857143,107.56349177069741
2022-08-15,SOMON,Somon Konservesi,233.0,67.62,0,0,2022,8,15,0,33,3,0,1,0.8821917808219178,147.0,194.0,237.0,229.0,210.14285714285714,198.41071428571428,32.1529084813413
2022-08-15,TON160,Ton Balığı Konservesi 160g,748.0,53.27,0,0,2022,8,15,0,33,3,0,1,0.9415819708351746,470.0,699.0,824.1875,824.1875,649.1696428571429,665.5267857142857,113.54181219955657
2022-08-15,TON80,Ton Balığı Konservesi 80g,933.0,30.54,0,0,2022,8,15,0,33,3,0,1,0.924894003634161,838.0,1056.0,1271.0,1246.0,1115.0,1137.4642857142858,179.53922505495424
2022-08-15,ZEYTY,Zeytinyağı 1L,295.0,226.71,0,0,2022,8,15,0,33,3,0,1,0.9136926952141058,249.0,301.0,351.0,347.0,303.14285714285717,310.5357142857143,41.707028070532395
2022-08-16,SARDL,Sardalya Konservesi,629.0,24.22,0,0,2022,8,16,1,33,3,0,1,0.9125847776940467,537.5,652.0,579.0,620.0,556.7857142857143,574.9464285714286,102.01301270869745
2022-08-16,SOMON,Somon Konservesi,211.0,70.58,0,0,2022,8,16,1,33,3,0,1,0.9208088714938029,233.0,228.0,232.0,227.0,215.71428571428572,198.55357142857142,32.26822113532254
2022-08-16,TON160,Ton Balığı Konservesi 160g,624.0,51.24,0,0,2022,8,16,1,33,3,0,1,0.9057003977021653,748.0,632.0,633.0,705.0,656.1696428571429,662.8058035714286,118.52695453310487
2022-08-16,TON80,Ton Balığı Konservesi 80g,1040.0,30.78,0,0,2022,8,16,1,33,3,0,1,0.9321623258631132,933.0,1342.0,1358.75,1358.75,1097.4285714285713,1126.2857142857142,191.8713606758944
2022-08-16,ZEYTY,Zeytinyağı 1L,316.0,224.17,0,0,2022,8,16,1,33,3,0,1,0.903455919395466,295.0,360.0,330.0,330.0,302.2857142857143,308.67857142857144,41.81990867881884
2022-08-17,SARDL,Sardalya Konservesi,564.0,23.72,0,0,2022,8,17,2,33,3,0,1,0.8937452901281085,629.0,548.0,653.0,621.0,553.5,575.2678571428571,98.75348095130673
2022-08-17,SOMON,Somon Konservesi,219.0,70.4,0,0,2022,8,17,2,33,3,0,1,0.9184605348988911,211.0,241.0,236.0,217.0,213.28571428571428,197.98214285714286,31.82616473759829
2022-08-17,TON160,Ton Balığı Konservesi 160g,700.0,51.16,0,0,2022,8,17,2,33,3,0,1,0.9042863455589923,624.0,824.1875,683.0,791.0,655.0267857142857,659.9129464285714,118.83700681600807
2022-08-17,TON80,Ton Balığı Konservesi 80g,1100.0,29.88,0,0,2022,8,17,2,33,3,0,1,0.9049061175045426,1040.0,1247.0,1067.0,1358.75,1054.2857142857142,1114.9017857142858,158.8193043322234
2022-08-17,ZEYTY,Zeytinyağı 1L,298.0,223.66,0,0,2022,8,17,2,33,3,0,1,0.9014005037783375,316.0,340.0,318.0,318.0,296.0,308.17857142857144,34.336569426778475
2022-08-18,SARDL,Sardalya Konservesi,615.0,23.67,0,0,2022,8,18,3,33,3,0,1,0.8918613413715147,564.0,653.0,636.0,653.0,555.7857142857143,573.2321428571429,98.79012144560912
2022-08-18,SOMON,Somon Konservesi,198.0,71.44,0,0,2022,8,18,3,33,3,0,1,0.9320287018917155,219.0,236.0,197.0,214.0,210.14285714285714,198.05357142857142,29.644721685479
2022-08-18,TON160,Ton Balığı Konservesi 160g,747.0,51.99,0,0,2022,8,18,3,33,3,0,1,0.91895713654441,700.0,688.0,742.0,571.0,637.2857142857143,656.6629464285714,96.55519023804273
2022-08-18,TON80,Ton Balığı Konservesi 80g,1321.0,29.33,0,0,2022,8,18,3,33,3,0,1,0.8882495457298606,1100.0,1234.0,1310.0,1227.0,1033.2857142857142,1105.6607142857142,137.3592786402554
2022-08-18,ZEYTY,Zeytinyağı 1L,375.0,230.9,0,0,2022,8,18,3,33,3,0,1,0.9305793450881612,298.0,300.0,336.0,312.0,290.0,307.4642857142857,28.548204847239905
2022-08-19,SARDL,Sardalya Konservesi,653.0,25.23,0,0,2022,8,19,4,33,3,0,1,0.950640542577242,615.0,653.0,645.0,601.0,550.3571428571429,571.875,93.45797374832686
2022-08-19,SOMON,Somon Konservesi,188.0,69.74,0,0,2022,8,19,4,33,3,0,1,0.9098499673842139,198.0,214.0,76.5,202.0,204.71428571428572,197.48214285714286,27.524015487777522
2022-08-19,TON160,Ton Balığı Konservesi 160g,621.0,52.46,0,0,2022,8,19,4,33,3,0,1,0.9272646928855501,747.0,679.0,637.0,743.0,645.7142857142857,662.9486607142857,104.00755467066459
2022-08-19,TON80,Ton Balığı Konservesi 80g,1242.0,29.84,0,0,2022,8,19,4,33,3,0,1,0.9036947304663839,1321.0,1144.0,1164.0,1142.0,1045.7142857142858,1109.017857142857,160.52903609182786
2022-08-19,ZEYTY,Zeytinyağı 1L,366.0,230.3,0,0,2022,8,19,4,33,3,0,1,0.9281612090680101,375.0,320.0,349.0,322.0,300.7142857142857,309.7142857142857,43.22697570466169
2022-08-20,SARDL,Sardalya Konservesi,467.0,24.31,0,0,2022,8,20,5,33,3,1,1,0.9159758854559156,653.0,408.0,433.0,497.0,550.3571428571429,573.7321428571429,93.45797374832686
2022-08-20,SOMON,Somon Konservesi,178.0,70.16,0,0,2022,8,20,5,33,3,1,1,0.9153294194390084,188.0,211.0,152.0,159.0,201.0,196.98214285714286,27.814864131731028
2022-08-20,TON160,Ton Balığı Konservesi 160g,502.0,51.86,0,0,2022,8,20,5,33,3,1,1,0.9166593018117543,621.0,552.0,479.0,518.0,637.4285714285714,658.5915178571429,103.22121413555891
2022-08-20,TON80,Ton Balığı Konservesi 80g,1210.0,30.1,1,0,2022,8,20,5,33,3,1,1,0.9115687462144154,1242.0,944.0,861.0,877.0,1059.7142857142858,1112.5892857142858,174.21893724632258
2022-08-20,ZEYTY,Zeytinyağı 1L,225.0,224.39,0,0,2022,8,20,5,33,3,1,1,0.9043425692695214,366.0,252.0,223.0,239.0,307.2857142857143,311.2857142857143,49.66458928221816
2022-08-21,SARDL,Sardalya Konservesi,471.0,24.71,0,0,2022,8,21,6,33,3,1,1,0.9310474755086662,467.0,446.0,419.0,430.0,558.7857142857143,572.6607142857143,80.19967640357537
2022-08-21,SOMON,Somon Konservesi,226.0,69.78,1,0,2022,8,21,6,33,3,1,1,0.910371819960861,178.0,147.0,161.0,144.0,196.28571428571428,197.66071428571428,28.622335600682355
2022-08-21,TON160,Ton Balığı Konservesi 160g,512.0,54.43,0,0,2022,8,21,6,33,3,1,1,0.9620857269111798,502.0,470.0,538.0,561.0,630.2857142857143,658.0200892857143,111.51489330386005
2022-08-21,TON80,Ton Balığı Konservesi 80g,775.0,30.18,0,0,2022,8,21,6,33,3,1,1,0.9139915202907328,1210.0,838.0,924.0,830.0,1097.7142857142858,1124.482142857143,173.78215701054648
2022-08-21,ZEYTY,Zeytinyağı 1L,250.0,222.5,0,0,2022,8,21,6,33,3,1,1,0.8967254408060453,225.0,249.0,241.0,255.0,303.42857142857144,310.7857142857143,55.392108772691614
2022-08-22,SARDL,Sardalya Konservesi,653.0,24.07,1,0,2022,8,22,0,34,3,0,1,0.9069329314242653,471.0,537.5,653.0,653.0,562.3571428571429,574.125,74.7087200877044
2022-08-22,SOMON,Somon Konservesi,241.0,69.77,0,0,2022,8,22,0,34,3,0,1,0.9102413568166992,226.0,233.0,194.0,211.0,207.57142857142858,200.58928571428572,20.32122980905358
2022-08-22,TON160,Ton Balığı Konservesi 160g,719.0,51.03,0,0,2022,8,22,0,34,3,0,1,0.9019885108263367,512.0,748.0,699.0,724.0,636.2857142857143,656.2700892857143,102.19379349339806
2022-08-22,TON80,Ton Balığı Konservesi 80g,1161.0,30.75,0,0,2022,8,22,0,34,3,0,1,0.9312537855844941,775.0,933.0,1056.0,1249.0,1088.7142857142858,1122.517857142857,190.31878019585506
2022-08-22,ZEYTY,Zeytinyağı 1L,330.0,227.11,0,0,2022,8,22,0,34,3,0,1,0.9153047858942066,250.0,295.0,301.0,411.0,303.57142857142856,310.60714285714283,55.22939176096094
2022-08-23,SARDL,Sardalya Konservesi,653.0,24.17,0,0,2022,8,23,1,34,3,0,1,0.910700828937453,653.0,629.0,652.0,653.0,578.8571428571429,574.125,80.80929932342558
2022-08-23,SOMON,Somon Konservesi,216.0,71.05,0,0,2022,8,23,1,34,3,0,1,0.9269406392694063,241.0,211.0,228.0,218.0,208.71428571428572,201.66071428571428,22.133792307346432
2022-08-23,TON160,Ton Balığı Konservesi 160g,599.0,51.68,0,0,2022,8,23,1,34,3,0,1,0.9134776844896155,719.0,624.0,632.0,824.1875,632.1428571428571,656.0915178571429,97.3848526404871
2022-08-23,TON80,Ton Balığı Konservesi 80g,1167.0,29.22,0,0,2022,8,23,1,34,3,0,1,0.8849182313749242,1161.0,1040.0,1342.0,1153.0,1121.2857142857142,1119.375,178.36265891502714
2022-08-23,ZEYTY,Zeytinyağı 1L,463.0,232.01,1,0,2022,8,23,1,34,3,0,1,0.9350528967254408,330.0,316.0,360.0,315.0,308.57142857142856,307.7142857142857,55.90425488534576
2022-08-24,SARDL,Sardalya Konservesi,653.0,24.11,1,0,2022,8,24,2,34,3,0,1,0.9084400904295403,653.0,564.0,548.0,539.0,582.2857142857143,574.125,83.74706817896116
2022-08-24,SOMON,Somon Konservesi,230.0,69.45,0,0,2022,8,24,2,34,3,0,1,0.9060665362035225,216.0,219.0,241.0,220.0,209.42857142857142,201.58928571428572,22.299903907544092
2022-08-24,TON160,Ton Balığı Konservesi 160g,824.1875,52.13,1,0,2022,8,24,2,34,3,0,1,0.9214317277949624,599.0,700.0,824.1875,819.0,628.5714285714286,648.0491071428571,98.18835155430732
2022-08-24,TON80,Ton Balığı Konservesi 80g,1291.0,31.07,0,0,2022,8,24,2,34,3,0,1,0.9409448818897637,1167.0,1100.0,1247.0,1358.75,1139.4285714285713,1119.875,175.14646931721458
2022-08-24,ZEYTY,Zeytinyağı 1L,314.0,222.43,0,0,2022,8,24,2,34,3,0,1,0.8964433249370277,463.0,298.0,340.0,439.0,329.57142857142856,313.0,81.09430136751736
2022-08-25,SARDL,Sardalya Konservesi,620.0,23.41,0,0,2022,8,25,3,34,3,0,1,0.8820648078372268,653.0,615.0,653.0,609.0,595.0,578.1964285714286,87.19327191169526
2022-08-25,SOMON,Somon Konservesi,296.5,69.13,1,0,2022,8,25,3,34,3,0,1,0.9018917155903456,230.0,198.0,236.0,212.0,211.0,201.94642857142858,23.44497103147393
2022-08-25,TON160,Ton Balığı Konservesi 160g,663.0,51.7,0,0,2022,8,25,3,34,3,0,1,0.9138311975254088,824.1875,747.0,688.0,626.0,646.3125,648.234375,121.65943007873737
2022-08-25,TON80,Ton Balığı Konservesi 80g,1175.0,30.53,0,0,2022,8,25,3,34,3,0,1,0.9245911568746213,1291.0,1321.0,1234.0,1250.0,1166.7142857142858,1117.455357142857,182.69529667884666
2022-08-25,ZEYTY,Zeytinyağı 1L,360.0,229.38,0,0,2022,8,25,3,34,3,0,1,0.9244534005037783,314.0,375.0,300.0,298.0,331.85714285714283,308.5357142857143,80.2774949190382
2022-08-26,SARDL,Sardalya Konservesi,604.0,23.76,0,0,2022,8,26,4,34,3,0,1,0.8952524491333836,620.0,653.0,653.0,581.0,595.7142857142857,578.5892857142857,87.40464191661442
2022-08-26,SOMON,Somon Konservesi,296.5,69.57,1,0,2022,8,26,4,34,3,0,1,0.9076320939334637,296.5,188.0,214.0,239.0,225.07142857142858,204.96428571428572,38.844163623625946
2022-08-26,TON160,Ton Balığı Konservesi 160g,763.0,50.61,0,0,2022,8,26,4,34,3,0,1,0.8945647370746795,663.0,621.0,679.0,724.0,634.3125,649.5558035714286,113.97265868217339
2022-08-26,TON80,Ton Balığı Konservesi 80g,1358.75,29.99,1,0,2022,8,26,4,34,3,0,1,0.9082374318594789,1175.0,1242.0,1144.0,1220.0,1145.857142857143,1114.7767857142858,170.04159155084133
2022-08-26,ZEYTY,Zeytinyağı 1L,467.0,228.86,0,0,2022,8,26,4,34,3,0,1,0.9223576826196475,360.0,366.0,320.0,355.0,329.7142857142857,310.75,79.12587921726225
2022-08-27,SARDL,Sardalya Konservesi,445.0,24.97,0,0,2022,8,27,5,34,3,1,1,0.9408440090429541,604.0,467.0,408.0,455.0,588.7142857142857,579.4107142857143,83.94584422057422
2022-08-27,SOMON,Somon Konservesi,150.0,69.86,0,0,2022,8,27,5,34,3,1,1,0.9114155251141551,296.5,178.0,211.0,136.0,240.57142857142858,207.01785714285714,43.01010401776559
2022-08-27,TON160,Ton Balığı Konservesi 160g,526.0,52.9,0,0,2022,8,27,5,34,3,1,1,0.9350419796730004,763.0,502.0,552.0,513.0,654.5982142857143,650.9486607142857,123.45125902822787
2022-08-27,TON80,Ton Balığı Konservesi 80g,893.0,30.42,0,0,2022,8,27,5,34,3,1,1,0.921259842519685,1358.75,1210.0,944.0,1070.0,1162.5357142857142,1119.732142857143,186.01861625987453
2022-08-27,ZEYTY,Zeytinyağı 1L,467.0,233.84,0,0,2022,8,27,5,34,3,1,1,0.9424282115869018,467.0,225.0,252.0,224.0,344.14285714285717,314.75,94.55056596239682
2022-08-28,SARDL,Sardalya Konservesi,458.0,23.9,0,0,2022,8,28,6,34,3,1,1,0.9005275056518462,445.0,471.0,446.0,618.0,585.5714285714286,579.0535714285714,89.49088807034597
2022-08-28,SOMON,Somon Konservesi,161.0,71.66,0,0,2022,8,28,6,34,3,1,1,0.9348988910632745,150.0,226.0,147.0,165.0,236.57142857142858,207.51785714285714,50.456605589546136
2022-08-28,TON160,Ton Balığı Konservesi 160g,529.0,49.9,0,0,2022,8,28,6,34,3,1,1,0.8820150243040211,526.0,512.0,470.0,611.0,658.0267857142857,651.4129464285714,118.75063518000488
2022-08-28,TON80,Ton Balığı Konservesi 80g,880.0,30.82,0,0,2022,8,28,6,34,3,1,1,0.9333737129012719,893.0,775.0,838.0,748.0,1117.25,1113.4107142857142,209.62610564208566
2022-08-28,ZEYTY,Zeytinyağı 1L,213.0,222.7,0,0,2022,8,28,6,34,3,1,1,0.8975314861460957,467.0,250.0,249.0,260.0,378.7142857142857,323.42857142857144,87.72250620700572
2022-08-29,SARDL,Sardalya Konservesi,620.0,25.21,0,0,2022,8,29,0,35,3,0,1,0.9498869630746044,458.0,653.0,537.5,653.0,583.7142857142857,573.3392857142857,92.35387428385576
2022-08-29,SOMON,Somon Konservesi,229.0,70.05,0,0,2022,8,29,0,35,3,0,1,0.9138943248532289,161.0,241.0,233.0,237.0,227.28571428571428,207.375,58.1247631843612
2022-08-29,TON160,Ton Balığı Konservesi 160g,675.0,49.93,0,0,2022,8,29,0,35,3,0,1,0.882545293857711,529.0,719.0,748.0,824.1875,660.4553571428571,648.484375,115.3928678510622
2022-08-29,TON80,Ton Balığı Konservesi 80g,1190.0,30.05,0,0,2022,8,29,0,35,3,0,1,0.9100545124167171,880.0,1161.0,933.0,1271.0,1132.25,1118.125,183.13752801287595
2022-08-29,ZEYTY,Zeytinyağı 1L,353.0,224.81,0,0,2022,8,29,0,35,3,0,1,0.9060352644836273,213.0,330.0,295.0,351.0,373.42857142857144,321.75,97.35648778733633
2022-08-30,SARDL,Sardalya Konservesi,263.0,23.14,0,1,2022,8,30,1,35,3,0,1,0.8718914845516202,620.0,653.0,629.0,579.0,579.0,572.1607142857143,89.00936280339724
2022-08-30,SOMON,Somon Konservesi,104.0,67.81,0,1,2022,8,30,1,35,3,0,1,0.8846705805609915,229.0,216.0,211.0,232.0,225.57142857142858,207.08928571428572,57.82907902562825
2022-08-30,TON160,Ton Balığı Konservesi 160g,300.0,52.7,0,1,2022,8,30,1,35,3,0,1,0.9315068493150684,675.0,599.0,624.0,633.0,654.1696428571429,643.15625,112.84250359487497
2022-08-30,TON80,Ton Balığı Konservesi 80g,482.0,30.18,0,1,2022,8,30,1,35,3,0,1,0.9139915202907328,1190.0,1167.0,1040.0,1358.75,1136.392857142857,1115.232142857143,184.22110001429385
2022-08-30,ZEYTY,Zeytinyağı 1L,137.0,234.92,0,1,2022,8,30,1,35,3,0,1,0.9467808564231738,353.0,463.0,316.0,330.0,376.7142857142857,321.82142857142856,96.0255422369737
2022-08-31,SARDL,Sardalya Konservesi,333.5,24.46,0,0,2022,8,31,2,35,3,0,1,0.9216277317256971,263.0,653.0,564.0,653.0,523.2857142857143,560.875,141.53175649033017
2022-08-31,SOMON,Somon Konservesi,187.0,70.21,0,0,2022,8,31,2,35,3,0,1,0.9159817351598172,104.0,230.0,219.0,236.0,209.57142857142858,202.51785714285714,74.1183898522202
2022-08-31,TON160,Ton Balığı Konservesi 160g,787.0,52.29,0,0,2022,8,31,2,35,3,0,1,0.9242598320813079,300.0,824.1875,700.0,683.0,611.4553571428571,631.2633928571429,176.07832476171708
2022-08-31,TON80,Ton Balığı Konservesi 80g,1214.0,30.67,0,0,2022,8,31,2,35,3,0,1,0.9288310115081768,482.0,1291.0,1100.0,1067.0,1038.5357142857142,1083.919642857143,306.56308583265206
2022-08-31,ZEYTY,Zeytinyağı 1L,326.0,232.01,0,0,2022,8,31,2,35,3,0,1,0.9350528967254408,137.0,314.0,298.0,318.0,330.14285714285717,314.92857142857144,122.58388770066617
2022-09-01,SARDL,Sardalya Konservesi,404.0,24.19,0,0,2022,9,1,3,35,3,0,0,0.9114544084400905,333.5,620.0,615.0,636.0,477.64285714285717,549.4642857142857,144.22052393404155
2022-09-01,SOMON,Somon Konservesi,181.0,71.87,0,0,2022,9,1,3,35,3,0,0,0.9376386170906719,187.0,296.5,198.0,197.0,203.42857142857142,200.76785714285714,73.92475260438167
2022-09-01,TON160,Ton Balığı Konservesi 160g,460.0,52.42,0,0,2022,9,1,3,35,3,0,0,0.9265576668139638,787.0,663.0,747.0,742.0,606.1428571428571,634.9776785714286,169.0092981381282
2022-09-01,TON80,Ton Balığı Konservesi 80g,890.0,30.68,0,0,2022,9,1,3,35,3,0,0,0.9291338582677164,1214.0,1175.0,1321.0,1310.0,1027.5357142857142,1089.169642857143,297.233929638881
2022-09-01,ZEYTY,Zeytinyağı 1L,338.0,229.6,0,0,2022,9,1,3,35,3,0,0,0.9253400503778337,326.0,360.0,375.0,336.0,331.85714285714283,315.2142857142857,122.40428719538193
2022-09-02,SARDL,Sardalya Konservesi,368.0,25.04,0,0,2022,9,2,4,35,3,0,0,0.9434815373021854,404.0,604.0,653.0,645.0,446.7857142857143,541.1785714285714,131.20589962055044
2022-09-02,SOMON,Somon Konservesi,195.0,71.68,0,0,2022,9,2,4,35,3,0,0,0.9351598173515981,181.0,296.5,188.0,76.5,186.92857142857142,200.19642857142858,61.541604200890326
2022-09-02,TON160,Ton Balığı Konservesi 160g,546.0,51.47,0,0,2022,9,2,4,35,3,0,0,0.909765797613787,460.0,763.0,621.0,637.0,577.1428571428571,624.90625,174.93944530553816
2022-09-02,TON80,Ton Balığı Konservesi 80g,752.0,30.29,0,0,2022,9,2,4,35,3,0,0,0.9173228346456692,890.0,1358.75,1242.0,1164.0,986.8214285714286,1074.169642857143,293.15946720903526
2022-09-02,ZEYTY,Zeytinyağı 1L,306.0,217.86,0,0,2022,9,2,4,35,3,0,0,0.8780251889168766,338.0,467.0,366.0,349.0,328.7142857142857,315.2857142857143,121.84240406595497
2022-09-03,SARDL,Sardalya Konservesi,300.0,24.16,0,0,2022,9,3,5,35,3,1,0,0.9103240391861341,368.0,445.0,467.0,433.0,413.07142857142856,531.2857142857143,113.15491909009306
2022-09-03,SOMON,Somon Konservesi,141.0,68.03,0,0,2022,9,3,5,35,3,1,0,0.8875407697325505,195.0,150.0,178.0,152.0,172.42857142857142,204.42857142857142,39.394826829831125
2022-09-03,TON160,Ton Balığı Konservesi 160g,372.0,51.7,0,0,2022,9,3,5,35,3,1,0,0.9138311975254088,546.0,526.0,502.0,479.0,546.1428571428571,621.65625,154.5546597716896
2022-09-03,TON80,Ton Balığı Konservesi 80g,657.0,30.81,0,0,2022,9,3,5,35,3,1,0,0.9330708661417322,752.0,893.0,1210.0,861.0,900.1428571428571,1059.455357142857,251.61904311308044
2022-09-03,ZEYTY,Zeytinyağı 1L,231.0,231.23,0,0,2022,9,3,5,35,3,1,0,0.9319093198992443,306.0,467.0,225.0,223.0,305.7142857142857,313.75,105.4857246040339
2022-09-04,SARDL,Sardalya Konservesi,339.0,24.73,0,0,2022,9,4,6,35,3,1,0,0.9318010550113037,300.0,458.0,471.0,419.0,392.35714285714283,526.5357142857143,119.433633693121
2022-09-04,SOMON,Somon Konservesi,150.0,70.52,0,0,2022,9,4,6,35,3,1,0,0.9200260926288323,141.0,161.0,226.0,161.0,171.14285714285714,204.03571428571428,40.38328272700878
2022-09-04,TON160,Ton Balığı Konservesi 160g,467.0,50.81,0,0,2022,9,4,6,35,3,1,0,0.8980998674326116,372.0,529.0,512.0,538.0,524.1428571428571,617.8348214285714,168.25321054037192
2022-09-04,TON80,Ton Balığı Konservesi 80g,491.0,30.87,0,0,2022,9,4,6,35,3,1,0,0.9348879466989702,657.0,880.0,775.0,924.0,866.4285714285714,1052.169642857143,268.01234868494083
2022-09-04,ZEYTY,Zeytinyağı 1L,182.0,221.55,0,0,2022,9,4,6,35,3,1,0,0.8928967254408061,231.0,213.0,250.0,241.0,272.0,314.0357142857143,79.97499609252851
2022-09-05,SARDL,Sardalya Konservesi,438.0,24.22,0,0,2022,9,5,0,36,3,0,0,0.9125847776940467,339.0,620.0,653.0,653.0,375.35714285714283,523.6785714285714,116.97674779121377
2022-09-05,SOMON,Somon Konservesi,174.0,71.01,0,0,2022,9,5,0,36,3,0,0,0.9264187866927593,150.0,229.0,241.0,194.0,169.57142857142858,203.64285714285714,41.05223153844036
2022-09-05,TON160,Ton Balığı Konservesi 160g,651.0,51.49,0,0,2022,9,5,0,36,3,0,0,0.9101193106495802,467.0,675.0,719.0,699.0,515.2857142857143,615.2991071428571,169.58155784726307
2022-09-05,TON80,Ton Balığı Konservesi 80g,1195.0,31.54,1,0,2022,9,5,0,36,3,0,0,0.9551786795881283,491.0,1190.0,1161.0,1056.0,810.8571428571429,1036.705357142857,302.8005000939429
2022-09-05,ZEYTY,Zeytinyağı 1L,315.0,225.39,0,0,2022,9,5,0,36,3,0,0,0.9083727959697733,182.0,353.0,330.0,301.0,267.57142857142856,311.92857142857144,84.51598890714304
2022-09-06,SARDL,Sardalya Konservesi,632.0,24.47,1,0,2022,9,6,1,36,3,0,0,0.9220045214770158,438.0,263.0,653.0,652.0,349.35714285714283,516.0,59.782044604902175
2022-09-06,SOMON,Somon Konservesi,187.0,71.71,0,0,2022,9,6,1,36,3,0,0,0.9355512067840833,174.0,104.0,216.0,228.0,161.71428571428572,202.92857142857142,32.06095385207323
2022-09-06,TON160,Ton Balığı Konservesi 160g,577.0,50.73,0,0,2022,9,6,1,36,3,0,0,0.8966858152894387,651.0,300.0,599.0,632.0,511.85714285714283,613.5848214285714,166.01950545184764
2022-09-06,TON80,Ton Balığı Konservesi 80g,821.0,30.95,0,0,2022,9,6,1,36,3,0,0,0.9373107207752875,1195.0,482.0,1167.0,1342.0,811.5714285714286,1041.669642857143,303.84801965393507
2022-09-06,ZEYTY,Zeytinyağı 1L,320.0,223.11,0,0,2022,9,6,1,36,3,0,0,0.8991838790931991,315.0,137.0,463.0,360.0,262.14285714285717,312.42857142857144,79.16528820855007
2022-09-07,SARDL,Sardalya Konservesi,413.0,24.84,0,0,2022,9,7,2,36,3,0,0,0.9359457422758102,632.0,333.5,653.0,548.0,402.07142857142856,515.2857142857143,111.37116195086358
2022-09-07,SOMON,Somon Konservesi,187.0,72.74,0,0,2022,9,7,2,36,3,0,0,0.9489889106327462,187.0,187.0,230.0,241.0,173.57142857142858,201.46428571428572,20.37856016223215
2022-09-07,TON160,Ton Balığı Konservesi 160g,508.0,52.17,0,0,2022,9,7,2,36,3,0,0,0.9221387538665489,577.0,787.0,824.1875,824.1875,551.4285714285714,611.6205357142857,137.70361547281746
2022-09-07,TON80,Ton Balığı Konservesi 80g,820.0,30.66,0,0,2022,9,7,2,36,3,0,0,0.9285281647486371,821.0,1214.0,1291.0,1247.0,860.0,1023.0625,267.39359254352485
2022-09-07,ZEYTY,Zeytinyağı 1L,334.0,229.49,0,0,2022,9,7,2,36,3,0,0,0.924896725440806,320.0,326.0,314.0,340.0,288.2857142857143,311.0,58.45999853379571
2022-09-08,SARDL,Sardalya Konservesi,429.0,24.56,0,0,2022,9,8,3,36,3,0,0,0.9253956292388846,413.0,404.0,620.0,653.0,413.42857142857144,510.4642857142857,107.18808569185994
2022-09-08,SOMON,Somon Konservesi,180.0,70.05,0,0,2022,9,8,3,36,3,0,0,0.9138943248532289,187.0,181.0,296.5,236.0,173.57142857142858,199.53571428571428,20.37856016223215
2022-09-08,TON160,Ton Balığı Konservesi 160g,548.0,51.46,0,0,2022,9,8,3,36,3,0,0,0.9095890410958903,508.0,460.0,663.0,688.0,511.57142857142856,600.328125,90.41175650481294
2022-09-08,TON80,Ton Balığı Konservesi 80g,865.5,29.92,0,0,2022,9,8,3,36,3,0,0,0.9061175045427013,820.0,890.0,1175.0,1234.0,803.7142857142857,1007.8125,217.21856449646242
2022-09-08,ZEYTY,Zeytinyağı 1L,283.0,216.55,0,0,2022,9,8,3,36,3,0,0,0.8727455919395466,334.0,338.0,360.0,300.0,289.42857142857144,310.7857142857143,59.390956502532305
2022-09-09,SARDL,Sardalya Konservesi,445.0,24.3,0,0,2022,9,9,4,36,3,0,0,0.9155990957045969,429.0,368.0,604.0,653.0,417.0,502.4642857142857,107.23805294763517
2022-09-09,SOMON,Somon Konservesi,151.5,69.66,0,0,2022,9,9,4,36,3,0,0,0.9088062622309196,180.0,195.0,296.5,214.0,173.42857142857142,197.53571428571428,20.321229809053932
2022-09-09,TON160,Ton Balığı Konservesi 160g,537.0,51.08,0,0,2022,9,9,4,36,3,0,0,0.9028722934158196,548.0,546.0,763.0,679.0,524.1428571428571,595.328125,88.13517756156953
2022-09-09,TON80,Ton Balığı Konservesi 80g,911.0,30.19,0,0,2022,9,9,4,36,3,0,0,0.9142943670502726,865.5,752.0,1358.75,1144.0,800.2142857142857,994.6517857142857,215.78922145287314
2022-09-09,ZEYTY,Zeytinyağı 1L,331.0,225.94,0,0,2022,9,9,4,36,3,0,0,0.9105894206549118,283.0,306.0,467.0,320.0,281.57142857142856,310.17857142857144,55.39812615018979
2022-09-10,SARDL,Sardalya Konservesi,312.0,24.37,0,0,2022,9,10,5,36,3,1,0,0.9182366239638282,445.0,300.0,445.0,408.0,428.0,495.0357142857143,105.30590360152256
2022-09-10,SOMON,Somon Konservesi,123.0,72.04,0,0,2022,9,10,5,36,3,1,0,0.9398564905414221,151.5,141.0,150.0,211.0,167.21428571428572,195.30357142857142,19.24806731176145
2022-09-10,TON160,Ton Balığı Konservesi 160g,414.0,49.52,0,0,2022,9,10,5,36,3,1,0,0.8752982766239505,537.0,372.0,526.0,552.0,522.8571428571429,590.2566964285714,87.82829568999612
2022-09-10,TON80,Ton Balığı Konservesi 80g,665.0,30.85,0,0,2022,9,10,5,36,3,1,0,0.9342822531798909,911.0,657.0,893.0,944.0,822.9285714285714,986.3303571428571,218.22282735990635
2022-09-10,ZEYTY,Zeytinyağı 1L,235.0,229.62,0,0,2022,9,10,5,36,3,1,0,0.9254206549118388,331.0,231.0,467.0,252.0,285.14285714285717,310.57142857142856,57.98111350956869
2022-09-11,SARDL,Sardalya Konservesi,286.0,23.71,0,0,2022,9,11,6,36,3,1,0,0.8933685003767898,312.0,339.0,458.0,446.0,429.7142857142857,491.60714285714283,102.94612553129231
2022-09-11,SOMON,Somon Konservesi,147.0,71.54,0,0,2022,9,11,6,36,3,1,0,0.9333333333333333,123.0,150.0,161.0,147.0,164.64285714285714,192.16071428571428,23.95953930712211
2022-09-11,TON160,Ton Balığı Konservesi 160g,548.0,53.27,1,0,2022,9,11,6,36,3,1,0,0.9415819708351746,414.0,467.0,529.0,470.0,528.8571428571429,585.328125,76.51019228710244
2022-09-11,TON80,Ton Balığı Konservesi 80g,658.0,30.42,0,0,2022,9,11,6,36,3,1,0,0.921259842519685,665.0,491.0,880.0,838.0,824.0714285714286,976.3660714285714,217.2276894127868
2022-09-11,ZEYTY,Zeytinyağı 1L,220.0,225.72,0,0,2022,9,11,6,36,3,1,0,0.9097027707808564,235.0,182.0,213.0,249.0,285.7142857142857,309.9642857142857,57.375123197294556
2022-09-12,SARDL,Sardalya Konservesi,390.0,24.78,0,0,2022,9,12,0,37,3,0,0,0.9336850037678975,286.0,438.0,620.0,537.5,422.14285714285717,485.89285714285717,112.2577815735254
2022-09-12,SOMON,Somon Konservesi,261.0,72.37,1,0,2022,9,12,0,37,3,0,0,0.9441617742987606,147.0,174.0,229.0,233.0,164.21428571428572,192.16071428571428,24.28967054610048
2022-09-12,TON160,Ton Balığı Konservesi 160g,578.0,54.36,0,0,2022,9,12,0,37,3,0,0,0.9608484312859036,548.0,651.0,675.0,748.0,540.4285714285714,588.1138392857143,71.56082993476419
2022-09-12,TON80,Ton Balığı Konservesi 80g,891.0,31.8,0,0,2022,9,12,0,37,3,0,0,0.9630526953361598,658.0,1195.0,1190.0,933.0,847.9285714285714,969.9375,180.6406258688364
2022-09-12,ZEYTY,Zeytinyağı 1L,336.0,224.22,0,0,2022,9,12,0,37,3,0,0,0.9036574307304786,220.0,315.0,353.0,295.0,291.14285714285717,308.92857142857144,46.738380272279045
2022-09-13,SARDL,Sardalya Konservesi,429.0,24.62,0,0,2022,9,13,1,37,3,0,0,0.9276563677467974,390.0,632.0,263.0,629.0,415.2857142857143,480.625,112.59324178314566
2022-09-13,SOMON,Somon Konservesi,190.0,69.0,0,0,2022,9,13,1,37,3,0,0,0.9001956947162426,261.0,187.0,104.0,211.0,176.64285714285714,193.16071428571428,44.216055045758246
2022-09-13,TON160,Ton Balığı Konservesi 160g,603.0,53.21,0,0,2022,9,13,1,37,3,0,0,0.9405214317277949,578.0,577.0,300.0,624.0,530.0,582.0424107142857,56.49483752225978
2022-09-13,TON80,Ton Balığı Konservesi 80g,971.0,30.47,0,0,2022,9,13,1,37,3,0,0,0.9227740763173833,891.0,821.0,482.0,1040.0,804.5,968.4375,103.26382070534534
2022-09-13,ZEYTY,Zeytinyağı 1L,338.0,223.42,0,0,2022,9,13,1,37,3,0,0,0.900433249370277,336.0,320.0,137.0,316.0,294.14285714285717,310.39285714285717,49.137319732319206
2022-09-14,SARDL,Sardalya Konservesi,454.0,24.9,0,0,2022,9,14,2,37,3,0,0,0.9382064807837227,429.0,413.0,333.5,564.0,386.2857142857143,473.48214285714283,62.44921746430857
2022-09-14,SOMON,Somon Konservesi,194.0,71.31,0,0,2022,9,14,2,37,3,0,0,0.9303326810176125,190.0,187.0,187.0,219.0,177.07142857142858,192.41071428571428,44.347518317853826
2022-09-14,TON160,Ton Balığı Konservesi 160g,567.0,49.18,0,0,2022,9,14,2,37,3,0,0,0.8692885550154661,603.0,508.0,787.0,700.0,533.7142857142857,581.2924107142857,60.791211770874355
2022-09-14,TON80,Ton Balığı Konservesi 80g,981.0,31.03,0,0,2022,9,14,2,37,3,0,0,0.9397334948516051,971.0,820.0,1214.0,1100.0,825.9285714285714,965.9732142857143,121.254700448896
2022-09-14,ZEYTY,Zeytinyağı 1L,316.0,228.62,0,0,2022,9,14,2,37,3,0,0,0.9213904282115869,338.0,334.0,326.0,298.0,296.7142857142857,311.17857142857144,51.14591637564763
2022-09-15,SARDL,Sardalya Konservesi,424.0,24.18,0,0,2022,9,15,3,37,3,0,0,0.9110776186887717,454.0,429.0,404.0,615.0,392.14285714285717,469.55357142857144,67.12036097297607
2022-09-15,SOMON,Somon Konservesi,214.0,71.01,0,0,2022,9,15,3,37,3,0,0,0.9264187866927593,194.0,180.0,181.0,198.0,178.07142857142858,191.51785714285714,44.68634072755395
2022-09-15,TON160,Ton Balığı Konservesi 160g,496.0,50.62,0,0,2022,9,15,3,37,3,0,0,0.8947414935925762,567.0,548.0,460.0,747.0,542.1428571428571,576.5424107142857,60.72184826849986
2022-09-15,TON80,Ton Balığı Konservesi 80g,814.0,30.75,0,0,2022,9,15,3,37,3,0,0,0.9312537855844941,981.0,865.5,890.0,1321.0,848.9285714285714,961.7232142857143,134.489909340013
2022-09-15,ZEYTY,Zeytinyağı 1L,282.0,224.75,0,0,2022,9,15,3,37,3,0,0,0.9057934508816121,316.0,283.0,338.0,375.0,294.14285714285717,311.82142857142856,49.38092942094312
2022-09-16,SARDL,Sardalya Konservesi,427.0,23.44,0,0,2022,9,16,4,37,3,0,0,0.8831951770911832,424.0,445.0,368.0,653.0,391.42857142857144,462.73214285714283,66.68797278584397
2022-09-16,SOMON,Somon Konservesi,196.0,71.33,0,0,2022,9,16,4,37,3,0,0,0.930593607305936,214.0,151.5,195.0,188.0,182.92857142857142,192.08928571428572,46.731884700052966
2022-09-16,TON160,Ton Balığı Konservesi 160g,535.0,51.02,0,0,2022,9,16,4,37,3,0,0,0.9018117543084402,496.0,537.0,546.0,621.0,534.7142857142857,567.578125,63.023049449424654
2022-09-16,TON80,Ton Balığı Konservesi 80g,814.0,31.37,0,0,2022,9,16,4,37,3,0,0,0.950030284675954,814.0,911.0,752.0,1242.0,841.5714285714286,943.6160714285714,134.84047011543512
2022-09-16,ZEYTY,Zeytinyağı 1L,308.0,224.86,0,0,2022,9,16,4,37,3,0,0,0.9062367758186398,282.0,331.0,306.0,366.0,294.0,308.5,49.419968973415074
2022-09-17,SARDL,Sardalya Konservesi,303.0,23.8,0,0,2022,9,17,5,37,3,1,0,0.8967596081386587,427.0,312.0,300.0,467.0,388.85714285714283,454.6607142857143,64.59212689749891
2022-09-17,SOMON,Somon Konservesi,129.0,67.93,0,0,2022,9,17,5,37,3,1,0,0.8862361382909328,196.0,123.0,141.0,178.0,189.28571428571428,192.375,44.727747859370496
2022-09-17,TON160,Ton Balığı Konservesi 160g,405.0,52.76,0,0,2022,9,17,5,37,3,1,0,0.932567388422448,535.0,414.0,372.0,502.0,534.4285714285714,564.5066964285714,63.015493181853664
2022-09-17,TON80,Ton Balığı Konservesi 80g,601.0,30.57,0,0,2022,9,17,5,37,3,1,0,0.92580254391278,814.0,665.0,657.0,1210.0,827.7142857142857,928.3303571428571,131.45812297167956
2022-09-17,ZEYTY,Zeytinyağı 1L,301.0,217.08,1,0,2022,9,17,5,37,3,1,0,0.8748816120906802,308.0,235.0,231.0,225.0,290.7142857142857,306.42857142857144,47.267727840864815
2022-09-18,SARDL,Sardalya Konservesi,287.0,24.11,0,0,2022,9,18,6,37,3,1,0,0.9084400904295403,303.0,286.0,339.0,471.0,387.57142857142856,448.80357142857144,66.44009116704655
2022-09-18,SOMON,Somon Konservesi,116.0,69.99,0,0,2022,9,18,6,37,3,1,0,0.9131115459882582,129.0,147.0,150.0,226.0,190.14285714285714,190.625,43.27982043796913
2022-09-18,TON160,Ton Balığı Konservesi 160g,414.0,52.09,0,0,2022,9,18,6,37,3,1,0,0.9207247017233761,405.0,548.0,467.0,512.0,533.1428571428571,561.0424107142857,65.90758320413052
2022-09-18,TON80,Ton Balığı Konservesi 80g,657.0,30.35,0,0,2022,9,18,6,37,3,1,0,0.9191399152029073,601.0,658.0,491.0,775.0,818.5714285714286,906.5803571428571,146.07401907121655
2022-09-18,ZEYTY,Zeytinyağı 1L,237.0,232.16,0,0,2022,9,18,6,37,3,1,0,0.9356574307304786,301.0,220.0,182.0,250.0,300.14285714285717,309.14285714285717,40.383282727008535
2022-09-19,SARDL,Sardalya Konservesi,388.0,25.01,0,0,2022,9,19,0,38,3,0,0,0.9423511680482292,287.0,390.0,438.0,653.0,387.7142857142857,442.23214285714283,66.18588541804945
2022-09-19,SOMON,Somon Konservesi,189.0,69.01,0,0,2022,9,19,0,38,3,0,0,0.9003261578604045,116.0,261.0,174.0,241.0,185.71428571428572,186.69642857142858,49.560448900691874
2022-09-19,TON160,Ton Balığı Konservesi 160g,568.0,52.94,0,0,2022,9,19,0,38,3,0,0,0.9357490057445867,414.0,578.0,651.0,719.0,514.0,557.5424107142857,79.0274214012655
2022-09-19,TON80,Ton Balığı Konservesi 80g,926.0,30.87,0,0,2022,9,19,0,38,3,0,0,0.9348879466989702,657.0,891.0,1195.0,1161.0,818.4285714285714,902.3660714285714,146.25760053509973
2022-09-19,ZEYTY,Zeytinyağı 1L,318.0,225.76,0,0,2022,9,19,0,38,3,0,0,0.9098639798488665,237.0,336.0,315.0,330.0,302.57142857142856,308.67857142857144,34.89917450244871
2022-09-20,SARDL,Sardalya Konservesi,550.0,23.97,1,0,2022,9,20,1,38,3,0,0,0.9031650339110776,388.0,429.0,632.0,653.0,387.42857142857144,432.76785714285717,66.17869028334415
2022-09-20,SOMON,Somon Konservesi,201.0,70.45,0,0,2022,9,20,1,38,3,0,0,0.9191128506196999,189.0,190.0,187.0,216.0,175.42857142857142,184.83928571428572,37.28206513797729
2022-09-20,TON160,Ton Balığı Konservesi 160g,516.0,50.34,0,0,2022,9,20,1,38,3,0,0,0.8897923110914715,568.0,603.0,577.0,599.0,512.5714285714286,552.1495535714286,77.75786593191442
2022-09-20,TON80,Ton Balığı Konservesi 80g,928.0,31.39,0,0,2022,9,20,1,38,3,0,0,0.9506359781950332,926.0,971.0,821.0,1167.0,823.4285714285714,893.9732142857143,149.70956008535825
2022-09-20,ZEYTY,Zeytinyağı 1L,321.0,225.55,0,0,2022,9,20,1,38,3,0,0,0.9090176322418136,318.0,338.0,320.0,463.0,300.0,308.25,32.6139029658618
2022-09-21,SARDL,Sardalya Konservesi,402.0,24.21,0,0,2022,9,21,2,38,3,0,0,0.9122079879427281,550.0,454.0,413.0,653.0,404.7142857142857,429.0892857142857,90.26574522987413
2022-09-21,SOMON,Somon Konservesi,197.0,70.33,0,0,2022,9,21,2,38,3,0,0,0.9175472928897586,201.0,194.0,187.0,230.0,177.0,184.30357142857142,38.21866908549625
2022-09-21,TON160,Ton Balığı Konservesi 160g,580.0,52.18,0,0,2022,9,21,2,38,3,0,0,0.9223155103844454,516.0,567.0,508.0,824.1875,500.14285714285717,549.1852678571429,67.1203609729769
2022-09-21,TON80,Ton Balığı Konservesi 80g,965.0,30.27,0,0,2022,9,21,2,38,3,0,0,0.9167171411265899,928.0,981.0,820.0,1291.0,817.2857142857143,885.4375,143.39422848184597
2022-09-21,ZEYTY,Zeytinyağı 1L,341.0,235.19,0,0,2022,9,21,2,38,3,0,0,0.9478690176322419,321.0,316.0,334.0,314.0,297.57142857142856,303.17857142857144,29.826482320565848
2022-09-22,SARDL,Sardalya Konservesi,442.0,24.28,0,0,2022,9,22,3,38,3,0,0,0.9148455162019594,402.0,424.0,429.0,620.0,397.2857142857143,420.125,87.63506582358757
2022-09-22,SOMON,Somon Konservesi,194.0,70.05,0,0,2022,9,22,3,38,3,0,0,0.9138943248532289,197.0,214.0,180.0,296.5,177.42857142857142,183.125,38.45714993278078
2022-09-22,TON160,Ton Balığı Konservesi 160g,548.0,50.78,0,0,2022,9,22,3,38,3,0,0,0.8975695978789218,580.0,496.0,548.0,663.0,502.0,540.4642857142857,69.41901756723342
2022-09-22,TON80,Ton Balığı Konservesi 80g,808.0,31.15,0,0,2022,9,22,3,38,3,0,0,0.9433676559660811,965.0,814.0,865.5,1175.0,815.0,873.7946428571429,140.4469057449555
2022-09-22,ZEYTY,Zeytinyağı 1L,304.0,230.6,0,0,2022,9,22,3,38,3,0,0,0.9293702770780856,341.0,282.0,283.0,360.0,301.14285714285717,304.14285714285717,33.652283584865
2022-09-23,SARDL,Sardalya Konservesi,453.0,24.79,0,0,2022,9,23,4,38,3,0,0,0.9340617935192163,442.0,427.0,445.0,604.0,399.85714285714283,413.76785714285717,88.8058342141774
2022-09-23,SOMON,Somon Konservesi,216.0,71.3,0,0,2022,9,23,4,38,3,0,0,0.9302022178734507,194.0,196.0,151.5,296.5,174.57142857142858,179.46428571428572,35.94837568355093
2022-09-23,TON160,Ton Balığı Konservesi 160g,593.0,50.55,0,0,2022,9,23,4,38,3,0,0,0.8935041979673,548.0,535.0,537.0,763.0,509.42857142857144,536.3571428571429,71.42328551869885
2022-09-23,TON80,Ton Balığı Konservesi 80g,1358.75,30.8,0,0,2022,9,23,4,38,3,0,0,0.9327680193821926,808.0,814.0,911.0,1358.75,814.1428571428571,860.6875,140.47233247324993
2022-09-23,ZEYTY,Zeytinyağı 1L,274.0,231.72,0,0,2022,9,23,4,38,3,0,0,0.9338841309823678,304.0,308.0,331.0,467.0,304.2857142857143,302.14285714285717,32.57664953978667
2022-09-24,SARDL,Sardalya Konservesi,318.0,23.53,0,0,2022,9,24,5,38,3,1,0,0.886586284853052,453.0,303.0,312.0,445.0,403.57142857142856,408.375,90.65476112309541
2022-09-24,SOMON,Somon Konservesi,140.0,69.96,0,0,2022,9,24,5,38,3,1,0,0.9127201565557729,216.0,129.0,123.0,150.0,177.42857142857142,176.58928571428572,38.63011408584906
2022-09-24,TON160,Ton Balığı Konservesi 160g,349.0,52.45,0,0,2022,9,24,5,38,3,1,0,0.9270879363676535,593.0,405.0,414.0,526.0,517.7142857142857,530.2857142857143,77.9502283206275
2022-09-24,TON80,Ton Balığı Konservesi 80g,710.0,30.27,0,0,2022,9,24,5,38,3,1,0,0.9167171411265899,1358.75,601.0,665.0,893.0,891.9642857142857,860.6875,249.19823219391185
2022-09-24,ZEYTY,Zeytinyağı 1L,237.0,227.21,0,0,2022,9,24,5,38,3,1,0,0.9157078085642317,274.0,301.0,235.0,467.0,299.42857142857144,295.25,34.41345251911955
2022-09-25,SARDL,Sardalya Konservesi,393.5,24.69,0,0,2022,9,25,6,38,3,1,0,0.9302938960060287,318.0,287.0,286.0,458.0,405.7142857142857,403.8392857142857,88.02028986870704
2022-09-25,SOMON,Somon Konservesi,165.0,71.93,1,0,2022,9,25,6,38,3,1,0,0.9384213959556426,140.0,116.0,147.0,161.0,179.0,176.23214285714286,36.4965751817893
2022-09-25,TON160,Ton Balığı Konservesi 160g,404.0,50.8,0,0,2022,9,25,6,38,3,1,0,0.8979231109147149,349.0,414.0,548.0,529.0,509.7142857142857,523.9642857142857,92.8883097878197
2022-09-25,TON80,Ton Balığı Konservesi 80g,646.0,30.37,0,0,2022,9,25,6,38,3,1,0,0.9197456087219866,710.0,657.0,658.0,880.0,907.5357142857143,854.1517857142857,230.70618167249916
2022-09-25,ZEYTY,Zeytinyağı 1L,238.0,231.82,0,0,2022,9,25,6,38,3,1,0,0.9342871536523929,237.0,237.0,220.0,213.0,290.2857142857143,287.0357142857143,41.66419040260751
2022-09-26,SARDL,Sardalya Konservesi,469.0,25.3,0,0,2022,9,26,0,39,3,0,0,0.9532780708364733,393.5,388.0,390.0,620.0,420.92857142857144,401.5357142857143,71.78813073402547
2022-09-26,SOMON,Somon Konservesi,211.0,73.55,0,0,2022,9,26,0,39,3,0,0,0.9595564253098499,165.0,189.0,261.0,229.0,186.0,176.375,25.41653005427756
2022-09-26,TON160,Ton Balığı Konservesi 160g,500.0,53.67,0,0,2022,9,26,0,39,3,0,0,0.9486522315510384,404.0,568.0,578.0,675.0,508.2857142857143,519.5,94.66557678782344
2022-09-26,TON80,Ton Balığı Konservesi 80g,897.0,30.36,0,0,2022,9,26,0,39,3,0,0,0.9194427619624469,646.0,926.0,891.0,1190.0,905.9642857142857,845.7946428571429,232.72571608778185
2022-09-26,ZEYTY,Zeytinyağı 1L,312.0,229.85,0,0,2022,9,26,0,39,3,0,0,0.9263476070528966,238.0,318.0,336.0,353.0,290.42857142857144,287.92857142857144,41.45221000484394
2022-09-27,SARDL,Sardalya Konservesi,411.0,24.4,0,0,2022,9,27,1,39,3,0,0,0.9193669932177845,469.0,550.0,429.0,263.0,432.5,396.14285714285717,72.12315855534784
2022-09-27,SOMON,Somon Konservesi,199.0,68.33,0,0,2022,9,27,1,39,3,0,0,0.8914546640574037,211.0,201.0,190.0,104.0,189.14285714285714,175.73214285714286,27.15037489875323
2022-09-27,TON160,Ton Balığı Konservesi 160g,525.0,53.07,0,0,2022,9,27,1,39,3,0,0,0.9380468404772425,500.0,516.0,603.0,300.0,498.57142857142856,513.25,90.93194734315834
2022-09-27,TON80,Ton Balığı Konservesi 80g,793.0,29.81,0,0,2022,9,27,1,39,3,0,0,0.9027861901877648,897.0,928.0,971.0,482.0,901.8214285714286,835.3303571428571,232.56767448268712
2022-09-27,ZEYTY,Zeytinyağı 1L,293.0,231.03,0,0,2022,9,27,1,39,3,0,0,0.931103274559194,312.0,321.0,338.0,137.0,289.57142857142856,286.4642857142857,40.8446534357397
2022-09-28,SARDL,Sardalya Konservesi,431.0,25.31,0,0,2022,9,28,2,39,3,0,0,0.953654860587792,411.0,402.0,454.0,333.5,412.64285714285717,401.42857142857144,50.17694879599585
2022-09-28,SOMON,Somon Konservesi,187.0,69.97,0,0,2022,9,28,2,39,3,0,0,0.9128506196999346,199.0,197.0,194.0,187.0,188.85714285714286,179.125,27.01498702219782
2022-09-28,TON160,Ton Balığı Konservesi 160g,578.0,53.12,0,0,2022,9,28,2,39,3,0,0,0.9389306230667255,525.0,580.0,567.0,787.0,499.85714285714283,521.2857142857143,91.28239803201963
2022-09-28,TON80,Ton Balığı Konservesi 80g,1127.0,31.46,1,0,2022,9,28,2,39,3,0,0,0.952755905511811,793.0,965.0,981.0,1214.0,882.5357142857143,846.4375,235.61251861599112
2022-09-28,ZEYTY,Zeytinyağı 1L,318.0,224.78,0,0,2022,9,28,2,39,3,0,0,0.9059143576826196,293.0,341.0,316.0,326.0,285.57142857142856,292.0357142857143,38.56102152371413
2022-09-29,SARDL,Sardalya Konservesi,434.0,24.55,0,0,2022,9,29,3,39,3,0,0,0.925018839487566,431.0,442.0,424.0,404.0,416.7857142857143,404.9107142857143,50.34866527762085
2022-09-29,SOMON,Somon Konservesi,210.0,71.29,0,0,2022,9,29,3,39,3,0,0,0.9300717547292889,187.0,194.0,214.0,181.0,187.42857142857142,179.125,26.77596648026686
2022-09-29,TON160,Ton Balığı Konservesi 160g,468.0,52.44,0,0,2022,9,29,3,39,3,0,0,0.9269111798497569,578.0,548.0,496.0,460.0,499.57142857142856,513.8214285714286,90.99241203319605
2022-09-29,TON80,Ton Balığı Konservesi 80g,741.0,29.89,0,0,2022,9,29,3,39,3,0,0,0.9052089642640823,1127.0,808.0,814.0,890.0,905.6785714285714,843.3303571428571,252.41924097478213
2022-09-29,ZEYTY,Zeytinyağı 1L,271.0,229.5,0,0,2022,9,29,3,39,3,0,0,0.9249370277078086,318.0,304.0,282.0,338.0,282.2857142857143,291.75,33.72790281905159
2022-09-30,SARDL,Sardalya Konservesi,424.0,25.64,0,0,2022,9,30,4,39,3,0,0,0.9660889223813113,434.0,453.0,427.0,368.0,415.64285714285717,405.98214285714283,49.76839214946232
2022-09-30,SOMON,Somon Konservesi,186.0,70.15,0,0,2022,9,30,4,39,3,0,0,0.9151989562948467,210.0,216.0,196.0,195.0,189.71428571428572,180.16071428571428,28.08151400069841
2022-09-30,TON160,Ton Balığı Konservesi 160g,570.0,53.0,0,0,2022,9,30,4,39,3,0,0,0.9368095448519663,468.0,593.0,535.0,546.0,488.14285714285717,514.1071428571429,88.89587274151746
2022-09-30,TON80,Ton Balığı Konservesi 80g,801.0,30.11,0,0,2022,9,30,4,39,3,0,0,0.911871592973955,741.0,1358.75,814.0,752.0,896.1071428571429,838.0089285714286,257.9500863031624
2022-09-30,ZEYTY,Zeytinyağı 1L,336.0,230.86,0,0,2022,9,30,4,39,3,0,0,0.9304181360201512,271.0,274.0,308.0,306.0,277.57142857142856,289.35714285714283,32.46976615692924
2022-10-01,SARDL,Sardalya Konservesi,288.0,24.51,0,0,2022,10,1,5,39,4,1,0,0.9235116804822909,424.0,318.0,303.0,300.0,411.5,407.98214285714283,47.28548050582189
2022-10-01,SOMON,Somon Konservesi,144.0,71.36,0,0,2022,10,1,5,39,4,1,0,0.9309849967384213,186.0,140.0,129.0,141.0,185.42857142857142,179.83928571428572,25.579009251448916
2022-10-01,TON160,Ton Balığı Konservesi 160g,398.0,52.74,0,0,2022,10,1,5,39,4,1,0,0.9322138753866549,570.0,349.0,405.0,372.0,484.85714285714283,514.9642857142857,84.70031202506125
2022-10-01,TON80,Ton Balığı Konservesi 80g,692.0,31.52,0,0,2022,10,1,5,39,4,1,0,0.954572986069049,801.0,710.0,601.0,657.0,816.4285714285714,839.7589285714286,158.00617829993695
2022-10-01,ZEYTY,Zeytinyağı 1L,269.0,228.49,0,0,2022,10,1,5,39,4,1,0,0.9208664987405542,336.0,237.0,301.0,231.0,286.42857142857144,290.42857142857144,39.11034450908113
2022-10-02,SARDL,Sardalya Konservesi,283.0,24.34,0,0,2022,10,2,6,39,4,1,0,0.917106254709872,288.0,393.5,287.0,339.0,407.2142857142857,407.55357142857144,57.44117073352423
2022-10-02,SOMON,Somon Konservesi,157.0,69.43,0,0,2022,10,2,6,39,4,1,0,0.905805609915199,144.0,165.0,116.0,150.0,186.0,179.94642857142858,24.41311123146729
2022-10-02,TON160,Ton Balığı Konservesi 160g,426.0,51.4,0,0,2022,10,2,6,39,4,1,0,0.9085285019885108,398.0,404.0,414.0,467.0,491.85714285714283,515.8928571428571,72.78834286575517
2022-10-02,TON80,Ton Balığı Konservesi 80g,755.0,30.1,0,0,2022,10,2,6,39,4,1,0,0.9115687462144154,692.0,646.0,657.0,491.0,813.8571428571429,841.0089285714286,160.1587010555736
2022-10-02,ZEYTY,Zeytinyağı 1L,220.0,225.79,0,0,2022,10,2,6,39,4,1,0,0.909984886649874,269.0,238.0,237.0,182.0,291.0,291.7857142857143,33.89198528659302
2022-10-03,SARDL,Sardalya Konservesi,499.0,24.14,1,0,2022,10,3,0,40,4,0,0,0.9095704596834967,283.0,469.0,388.0,438.0,391.42857142857144,405.55357142857144,74.4912906382493
2022-10-03,SOMON,Somon Konservesi,208.0,69.96,0,0,2022,10,3,0,40,4,0,0,0.9127201565557729,157.0,211.0,189.0,174.0,184.85714285714286,180.19642857142858,25.712698363704497
2022-10-03,TON160,Ton Balığı Konservesi 160g,501.0,53.28,0,0,2022,10,3,0,40,4,0,0,0.9417587273530711,426.0,500.0,568.0,651.0,495.0,514.4285714285714,68.72408602520571
2022-10-03,TON80,Ton Balığı Konservesi 80g,873.0,31.13,0,0,2022,10,3,0,40,4,0,0,0.9427619624470017,755.0,897.0,926.0,1195.0,829.4285714285714,850.4375,145.77134737075338
2022-10-03,ZEYTY,Zeytinyağı 1L,315.0,227.18,0,0,2022,10,3,0,40,4,0,0,0.9155869017632242,220.0,312.0,318.0,315.0,288.42857142857144,293.14285714285717,38.896688560240555
2022-10-04,SARDL,Sardalya Konservesi,437.0,24.97,0,0,2022,10,4,1,40,4,0,0,0.9408440090429541,499.0,411.0,550.0,632.0,395.7142857142857,407.73214285714283,80.33204899190517
2022-10-04,SOMON,Somon Konservesi,203.0,71.54,0,0,2022,10,4,1,40,4,0,0,0.9333333333333333,208.0,199.0,201.0,187.0,184.42857142857142,181.41071428571428,25.224704443971376
2022-10-04,TON160,Ton Balığı Konservesi 160g,554.0,53.73,0,0,2022,10,4,1,40,4,0,0,0.949712770658418,501.0,525.0,516.0,577.0,495.14285714285717,509.07142857142856,68.73724989995888
2022-10-04,TON80,Ton Balığı Konservesi 80g,1060.0,29.01,0,0,2022,10,4,1,40,4,0,0,0.8785584494245912,873.0,793.0,928.0,821.0,826.0,838.9375,144.19084575658442
2022-10-04,ZEYTY,Zeytinyağı 1L,281.0,227.55,0,0,2022,10,4,1,40,4,0,0,0.9170780856423174,315.0,293.0,321.0,320.0,288.85714285714283,293.14285714285717,39.214914558232714
2022-10-05,SARDL,Sardalya Konservesi,430.0,24.67,0,0,2022,10,5,2,40,4,0,0,0.9295403165033912,437.0,431.0,402.0,413.0,399.42857142857144,400.76785714285717,81.7452488789745
2022-10-05,SOMON,Somon Konservesi,198.0,70.03,0,0,2022,10,5,2,40,4,0,0,0.9136333985649053,203.0,187.0,197.0,187.0,185.0,181.98214285714286,25.651510676761216
2022-10-05,TON160,Ton Balığı Konservesi 160g,541.0,52.51,0,0,2022,10,5,2,40,4,0,0,0.9281484754750331,554.0,578.0,580.0,508.0,499.2857142857143,508.25,71.64894576036204
2022-10-05,TON80,Ton Balığı Konservesi 80g,778.0,29.7,0,0,2022,10,5,2,40,4,0,0,0.8994548758328285,1060.0,1127.0,965.0,820.0,864.1428571428571,847.4732142857143,167.44594010349164
2022-10-05,ZEYTY,Zeytinyağı 1L,314.0,226.62,0,0,2022,10,5,2,40,4,0,0,0.9133299748110831,281.0,318.0,341.0,334.0,287.14285714285717,291.75,39.26588244022398
2022-10-06,SARDL,Sardalya Konservesi,653.0,24.59,1,0,2022,10,6,3,40,4,0,0,0.926525998492841,430.0,434.0,442.0,429.0,399.2857142857143,401.375,81.68172844586803
2022-10-06,SOMON,Somon Konservesi,193.0,70.91,0,0,2022,10,6,3,40,4,0,0,0.9251141552511415,198.0,210.0,194.0,180.0,186.57142857142858,182.375,26.126979305289797
2022-10-06,TON160,Ton Balığı Konservesi 160g,609.0,52.31,0,0,2022,10,6,3,40,4,0,0,0.9246133451171011,541.0,468.0,548.0,548.0,494.0,509.42857142857144,66.01767440112692
2022-10-06,TON80,Ton Balığı Konservesi 80g,1071.0,31.18,0,0,2022,10,6,3,40,4,0,0,0.9442761962447,778.0,741.0,808.0,865.5,814.2857142857143,845.9732142857143,121.8984745402385
2022-10-06,ZEYTY,Zeytinyağı 1L,373.0,234.83,0,0,2022,10,6,3,40,4,0,0,0.9464181360201512,314.0,271.0,304.0,283.0,286.57142857142856,291.0357142857143,38.76792979967264
2022-10-07,SARDL,Sardalya Konservesi,498.0,24.19,0,0,2022,10,7,4,40,4,0,0,0.9114544084400905,653.0,424.0,453.0,445.0,430.57142857142856,409.375,126.71866100783612
2022-10-07,SOMON,Somon Konservesi,208.0,69.6,0,0,2022,10,7,4,40,4,0,0,0.908023483365949,193.0,186.0,216.0,151.5,184.14285714285714,182.83928571428572,24.313429563573553
2022-10-07,TON160,Ton Balığı Konservesi 160g,593.0,53.49,0,0,2022,10,7,4,40,4,0,0,0.9454706142288997,609.0,570.0,593.0,537.0,514.1428571428571,511.60714285714283,77.30767226140014
2022-10-07,TON80,Ton Balığı Konservesi 80g,1358.75,31.41,0,0,2022,10,7,4,40,4,0,0,0.9512416717141126,1071.0,801.0,1358.75,911.0,861.4285714285714,853.3125,149.51572619945912
2022-10-07,ZEYTY,Zeytinyağı 1L,401.0,235.39,1,0,2022,10,7,4,40,4,0,0,0.9486750629722921,373.0,336.0,274.0,331.0,301.14285714285717,294.25,49.596466848047825
2022-10-08,SARDL,Sardalya Konservesi,337.0,24.71,0,0,2022,10,8,5,40,4,1,0,0.9310474755086662,498.0,288.0,318.0,312.0,441.14285714285717,411.26785714285717,129.1425937628999
2022-10-08,SOMON,Somon Konservesi,129.0,70.91,0,0,2022,10,8,5,40,4,1,0,0.9251141552511415,208.0,144.0,140.0,123.0,187.28571428571428,184.85714285714286,25.959675689514217
2022-10-08,TON160,Ton Balığı Konservesi 160g,420.0,52.61,0,0,2022,10,8,5,40,4,1,0,0.929916040653999,593.0,398.0,349.0,414.0,517.4285714285714,513.6071428571429,80.50022182755512
2022-10-08,TON80,Ton Balığı Konservesi 80g,684.0,30.94,0,0,2022,10,8,5,40,4,1,0,0.937007874015748,1358.75,692.0,710.0,665.0,941.1071428571429,869.3035714285714,235.71380321018339
2022-10-08,ZEYTY,Zeytinyağı 1L,224.0,226.14,0,0,2022,10,8,5,40,4,1,0,0.9113954659949621,401.0,269.0,237.0,235.0,310.42857142857144,296.75,61.79497590920351
2022-10-09,SARDL,Sardalya Konservesi,321.0,24.79,0,0,2022,10,9,6,40,4,1,0,0.9340617935192163,337.0,283.0,393.5,286.0,448.14285714285717,412.1607142857143,120.4967891293211
2022-10-09,SOMON,Somon Konservesi,145.0,71.84,0,0,2022,10,9,6,40,4,1,0,0.9372472276581866,129.0,157.0,165.0,147.0,185.14285714285714,185.07142857142858,30.37229313825654
2022-10-09,TON160,Ton Balığı Konservesi 160g,410.0,51.56,0,0,2022,10,9,6,40,4,1,0,0.9113566062748564,420.0,426.0,404.0,548.0,520.5714285714286,513.8214285714286,75.32342960605892
2022-10-09,TON80,Ton Balığı Konservesi 80g,654.0,31.05,0,0,2022,10,9,6,40,4,1,0,0.9403391883706844,684.0,755.0,646.0,658.0,939.9642857142857,869.9821428571429,237.13798851141001
2022-10-09,ZEYTY,Zeytinyağı 1L,223.0,237.59,0,0,2022,10,9,6,40,4,1,0,0.9575415617128463,224.0,220.0,238.0,220.0,304.0,296.35714285714283,68.77014856268175
2022-10-10,SARDL,Sardalya Konservesi,404.0,23.97,0,0,2022,10,10,0,41,4,0,0,0.9031650339110776,321.0,499.0,469.0,390.0,453.57142857142856,413.4107142857143,112.40085578389642
2022-10-10,SOMON,Somon Konservesi,296.5,70.01,0,0,2022,10,10,0,41,4,0,0,0.9133724722765819,145.0,208.0,211.0,261.0,183.42857142857142,185.0,32.49029159024344
2022-10-10,TON160,Ton Balığı Konservesi 160g,458.0,52.29,0,0,2022,10,10,0,41,4,0,0,0.9242598320813079,410.0,501.0,500.0,578.0,518.2857142857143,508.89285714285717,78.83255310194701
2022-10-10,TON80,Ton Balığı Konservesi 80g,891.0,30.66,0,0,2022,10,10,0,41,4,0,0,0.9285281647486371,654.0,873.0,897.0,891.0,925.5357142857143,869.8392857142857,252.8217598663221
2022-10-10,ZEYTY,Zeytinyağı 1L,411.0,223.38,1,0,2022,10,10,0,41,4,0,0,0.9002720403022669,223.0,315.0,312.0,336.0,304.42857142857144,296.4642857142857,68.16611363147406
2022-10-11,SARDL,Sardalya Konservesi,468.0,24.02,1,0,2022,10,11,1,41,4,0,0,0.9050489826676714,404.0,437.0,411.0,429.0,440.0,413.9107142857143,111.73480508179415
2022-10-11,SOMON,Somon Konservesi,177.0,74.24,0,0,2022,10,11,1,41,4,0,0,0.9685583822570123,296.5,203.0,199.0,190.0,196.07142857142858,186.26785714285714,53.84578950687822
2022-10-11,TON160,Ton Balığı Konservesi 160g,519.0,50.8,0,0,2022,10,11,1,41,4,0,0,0.8979231109147149,458.0,554.0,525.0,603.0,512.1428571428571,504.60714285714283,82.01509733260127
2022-10-11,TON80,Ton Balığı Konservesi 80g,876.0,30.14,0,0,2022,10,11,1,41,4,0,0,0.9127801332525741,891.0,1060.0,793.0,971.0,928.1071428571429,869.8392857142857,252.28934517826093
2022-10-11,ZEYTY,Zeytinyağı 1L,334.0,233.01,0,0,2022,10,11,1,41,4,0,0,0.9390831234256927,411.0,281.0,293.0,338.0,318.14285714285717,299.14285714285717,79.38183791319142
2022-10-12,SARDL,Sardalya Konservesi,423.0,24.8,0,0,2022,10,12,2,41,4,0,0,0.9344385832705351,468.0,430.0,431.0,454.0,444.42857142857144,415.30357142857144,112.20941306749741
2022-10-12,SOMON,Somon Konservesi,296.5,70.81,0,0,2022,10,12,2,41,4,0,0,0.9238095238095237,177.0,198.0,187.0,194.0,192.35714285714286,185.80357142857142,54.18388004880093
2022-10-12,TON160,Ton Balığı Konservesi 160g,519.0,52.92,0,0,2022,10,12,2,41,4,0,0,0.9353954927087936,519.0,541.0,578.0,567.0,507.14285714285717,501.60714285714283,80.0821007288316
2022-10-12,TON80,Ton Balığı Konservesi 80g,889.0,29.58,0,0,2022,10,12,2,41,4,0,0,0.8958207147183523,876.0,778.0,1127.0,981.0,901.8214285714286,866.4464285714286,245.7581261069885
2022-10-12,ZEYTY,Zeytinyağı 1L,334.0,228.69,0,0,2022,10,12,2,41,4,0,0,0.9216725440806045,334.0,314.0,318.0,316.0,325.7142857142857,299.0,77.75970311524759
2022-10-13,SARDL,Sardalya Konservesi,433.0,24.8,0,0,2022,10,13,3,41,4,0,0,0.9344385832705351,423.0,653.0,434.0,424.0,443.42857142857144,414.19642857142856,112.39047578695858
2022-10-13,SOMON,Somon Konservesi,182.0,74.33,0,0,2022,10,13,3,41,4,0,0,0.9697325505544683,296.5,193.0,210.0,214.0,206.42857142857142,189.46428571428572,67.13570123974549
2022-10-13,TON160,Ton Balığı Konservesi 160g,582.0,51.88,0,0,2022,10,13,3,41,4,0,0,0.9170128148475475,519.0,609.0,468.0,496.0,504.0,499.89285714285717,78.95568377260673
2022-10-13,TON80,Ton Balığı Konservesi 80g,817.0,30.02,0,0,2022,10,13,3,41,4,0,0,0.909145972138098,889.0,1071.0,741.0,814.0,917.6785714285714,863.1607142857143,239.94959168045798
2022-10-13,ZEYTY,Zeytinyağı 1L,320.0,219.23,0,0,2022,10,13,3,41,4,0,0,0.8835465994962216,334.0,373.0,271.0,282.0,328.57142857142856,299.64285714285717,77.62486101513527
2022-10-14,SARDL,Sardalya Konservesi,478.0,24.73,0,0,2022,10,14,4,41,4,0,0,0.9318010550113037,433.0,498.0,424.0,427.0,412.0,414.51785714285717,64.63229326995238
2022-10-14,SOMON,Somon Konservesi,179.0,69.78,0,0,2022,10,14,4,41,4,0,0,0.910371819960861,182.0,208.0,186.0,196.0,204.85714285714286,188.32142857142858,67.62932936586148
2022-10-14,TON160,Ton Balığı Konservesi 160g,607.0,51.93,0,0,2022,10,14,4,41,4,0,0,0.9178965974370304,582.0,593.0,570.0,535.0,500.14285714285717,502.9642857142857,73.43802051487181
2022-10-14,TON80,Ton Balığı Konservesi 80g,996.0,30.74,0,0,2022,10,14,4,41,4,0,0,0.9309509388249544,817.0,1358.75,801.0,814.0,881.3928571428571,863.2678571428571,231.9723338902196
2022-10-14,ZEYTY,Zeytinyağı 1L,296.0,233.7,0,0,2022,10,14,4,41,4,0,0,0.9418639798488665,320.0,401.0,336.0,308.0,321.0,301.0,75.11324783285575
2022-10-15,SARDL,Sardalya Konservesi,325.0,24.63,0,0,2022,10,15,5,41,4,1,0,0.928033157498116,478.0,337.0,288.0,303.0,409.14285714285717,416.3392857142857,60.507378534709716
2022-10-15,SOMON,Somon Konservesi,130.0,72.87,0,0,2022,10,15,5,41,4,1,0,0.9506849315068493,179.0,129.0,144.0,129.0,200.71428571428572,187.71428571428572,68.2897363828422
2022-10-15,TON160,Ton Balığı Konservesi 160g,392.0,53.75,0,0,2022,10,15,5,41,4,1,0,0.9500662836942112,607.0,420.0,398.0,405.0,502.14285714285717,505.5357142857143,76.51454888108577
2022-10-15,TON80,Ton Balığı Konservesi 80g,560.0,31.2,0,0,2022,10,15,5,41,4,1,0,0.9448818897637794,996.0,684.0,692.0,601.0,829.5714285714286,869.7678571428571,122.02029495518988
2022-10-15,ZEYTY,Zeytinyağı 1L,260.0,225.97,1,0,2022,10,15,5,41,4,1,0,0.9107103274559194,296.0,224.0,269.0,301.0,306.0,300.57142857142856,66.46051459325294
2022-10-16,SARDL,Sardalya Konservesi,329.0,24.48,0,0,2022,10,16,6,41,4,1,0,0.9223813112283347,325.0,321.0,283.0,287.0,407.42857142857144,417.125,63.01020325538954
2022-10-16,SOMON,Somon Konservesi,141.0,69.94,0,0,2022,10,16,6,41,4,1,0,0.9124592302674494,130.0,145.0,157.0,116.0,200.85714285714286,187.75,68.1155356029458
2022-10-16,TON160,Ton Balığı Konservesi 160g,411.0,53.34,0,0,2022,10,16,6,41,4,1,0,0.9428192664604508,392.0,410.0,426.0,414.0,498.14285714285717,505.07142857142856,82.05573019078396
2022-10-16,TON80,Ton Balığı Konservesi 80g,688.0,30.04,0,0,2022,10,16,6,41,4,1,0,0.9097516656571774,560.0,654.0,755.0,657.0,811.8571428571429,868.3035714285714,151.9949873860164
2022-10-16,ZEYTY,Zeytinyağı 1L,213.0,237.19,0,0,2022,10,16,6,41,4,1,0,0.9559294710327456,260.0,223.0,220.0,237.0,311.14285714285717,299.10714285714283,60.15100046668261
2022-10-17,SARDL,Sardalya Konservesi,369.0,24.03,0,0,2022,10,17,0,42,4,0,0,0.9054257724189902,329.0,404.0,499.0,388.0,408.57142857142856,418.625,61.22868919838292
2022-10-17,SOMON,Somon Konservesi,210.0,71.61,0,0,2022,10,17,0,42,4,0,0,0.9342465753424657,141.0,296.5,208.0,189.0,200.28571428571428,188.64285714285714,68.67669251819049
2022-10-17,TON160,Ton Balığı Konservesi 160g,459.0,52.3,0,0,2022,10,17,0,42,4,0,0,0.9244365885992045,411.0,458.0,501.0,568.0,498.2857142857143,504.9642857142857,81.87737637409151
2022-10-17,TON80,Ton Balığı Konservesi 80g,880.0,30.06,0,0,2022,10,17,0,42,4,0,0,0.9103573591762567,688.0,891.0,873.0,926.0,816.7142857142857,869.4107142857143,146.55569394796825
2022-10-17,ZEYTY,Zeytinyağı 1L,332.0,231.06,0,0,2022,10,17,0,42,4,0,0,0.9312241813602016,213.0,411.0,315.0,318.0,309.7142857142857,298.25,62.65970072732624
2022-10-18,SARDL,Sardalya Konservesi,495.0,25.68,0,0,2022,10,18,1,42,4,0,0,0.9675960813865863,369.0,468.0,437.0,550.0,403.57142857142856,417.94642857142856,63.06572535288478
2022-10-18,SOMON,Somon Konservesi,197.0,71.33,0,0,2022,10,18,1,42,4,0,0,0.930593607305936,210.0,177.0,203.0,201.0,187.92857142857142,189.39285714285714,54.87442374141504
2022-10-18,TON160,Ton Balığı Konservesi 160g,507.0,53.64,0,0,2022,10,18,1,42,4,0,0,0.9481219619973487,459.0,519.0,554.0,516.0,498.42857142857144,501.07142857142856,81.79620435948678
2022-10-18,TON80,Ton Balığı Konservesi 80g,827.0,31.01,0,0,2022,10,18,1,42,4,0,0,0.9391278013325257,880.0,876.0,1060.0,928.0,815.1428571428571,867.7678571428571,145.68279304871695
2022-10-18,ZEYTY,Zeytinyağı 1L,313.0,236.98,0,0,2022,10,18,1,42,4,0,0,0.9550831234256927,332.0,334.0,281.0,321.0,298.42857142857144,298.75,46.37476735919033
2022-10-19,SARDL,Sardalya Konservesi,431.0,23.69,0,0,2022,10,19,2,42,4,0,0,0.8926149208741523,495.0,423.0,430.0,402.0,407.42857142857144,415.98214285714283,68.27360920799123
2022-10-19,SOMON,Somon Konservesi,173.0,71.07,0,0,2022,10,19,2,42,4,0,0,0.9272015655577298,197.0,296.5,198.0,197.0,190.78571428571428,189.25,54.731052385625546
2022-10-19,TON160,Ton Balığı Konservesi 160g,555.0,52.75,0,0,2022,10,19,2,42,4,0,0,0.9323906319045514,507.0,519.0,541.0,580.0,496.7142857142857,500.75,81.41808620880646
2022-10-19,TON80,Ton Balığı Konservesi 80g,800.0,30.74,0,0,2022,10,19,2,42,4,0,0,0.9309509388249544,827.0,889.0,778.0,965.0,808.1428571428571,864.1607142857143,143.43108516104613
2022-10-19,ZEYTY,Zeytinyağı 1L,321.0,227.61,0,0,2022,10,19,2,42,4,0,0,0.9173198992443325,313.0,334.0,314.0,341.0,295.42857142857144,298.4642857142857,44.324023369037924
2022-10-20,SARDL,Sardalya Konservesi,457.0,24.73,0,0,2022,10,20,3,42,4,0,0,0.9318010550113037,431.0,433.0,653.0,442.0,408.57142857142856,417.01785714285717,68.64366235095687
2022-10-20,SOMON,Somon Konservesi,263.0,70.96,1,0,2022,10,20,3,42,4,0,0,0.9257664709719503,173.0,182.0,193.0,194.0,173.14285714285714,188.39285714285714,28.67884569636988
2022-10-20,TON160,Ton Balığı Konservesi 160g,529.0,53.5,0,0,2022,10,20,3,42,4,0,0,0.9456473707467963,555.0,582.0,609.0,548.0,501.85714285714283,499.85714285714283,84.15150735712382
2022-10-20,TON80,Ton Balığı Konservesi 80g,1241.0,30.32,1,0,2022,10,20,3,42,4,0,0,0.9182313749242882,800.0,817.0,1071.0,808.0,795.4285714285714,858.2678571428571,138.9434622941459
2022-10-20,ZEYTY,Zeytinyağı 1L,313.0,236.07,0,0,2022,10,20,3,42,4,0,0,0.9514156171284635,321.0,320.0,373.0,304.0,293.57142857142856,297.75,42.68042932796035
2022-10-21,SARDL,Sardalya Konservesi,395.0,25.53,0,0,2022,10,21,4,42,4,0,0,0.9619442351168049,457.0,478.0,498.0,453.0,412.0,417.55357142857144,70.63757262722486
2022-10-21,SOMON,Somon Konservesi,169.0,70.63,0,0,2022,10,21,4,42,4,0,0,0.9214611872146118,263.0,179.0,208.0,216.0,184.71428571428572,190.85714285714286,44.7091127389569
2022-10-21,TON160,Ton Balığı Konservesi 160g,556.0,51.99,0,0,2022,10,21,4,42,4,0,0,0.91895713654441,529.0,607.0,593.0,593.0,494.2857142857143,499.17857142857144,77.89033805231968
2022-10-21,TON80,Ton Balığı Konservesi 80g,928.0,29.72,0,0,2022,10,21,4,42,4,0,0,0.9000605693519078,1241.0,996.0,1358.75,1358.75,856.0,873.7321428571429,219.17192642611093
2022-10-21,ZEYTY,Zeytinyağı 1L,278.0,225.83,0,0,2022,10,21,4,42,4,0,0,0.9101460957178842,313.0,296.0,401.0,274.0,292.57142857142856,298.07142857142856,42.03513269816511
2022-10-22,SARDL,Sardalya Konservesi,309.0,24.18,0,0,2022,10,22,5,42,4,1,0,0.9110776186887717,395.0,325.0,337.0,318.0,400.14285714285717,415.48214285714283,64.40348999712124
2022-10-22,SOMON,Somon Konservesi,138.0,69.66,0,0,2022,10,22,5,42,4,1,0,0.9088062622309196,169.0,130.0,129.0,140.0,183.28571428571428,189.17857142857142,45.0803515429737
2022-10-22,TON160,Ton Balığı Konservesi 160g,354.0,53.88,0,0,2022,10,22,5,42,4,1,0,0.952364118426867,556.0,392.0,420.0,349.0,487.0,497.85714285714283,67.24829613702651
2022-10-22,TON80,Ton Balığı Konservesi 80g,668.0,30.69,0,0,2022,10,22,5,42,4,1,0,0.9294367050272562,928.0,560.0,684.0,710.0,846.2857142857143,858.3482142857143,213.36253520374808
2022-10-22,ZEYTY,Zeytinyağı 1L,242.0,224.67,0,0,2022,10,22,5,42,4,1,0,0.9054710327455919,278.0,260.0,224.0,237.0,290.0,298.2142857142857,42.33989450467055
2022-10-23,SARDL,Sardalya Konservesi,242.0,24.21,0,0,2022,10,23,6,42,4,1,0,0.9122079879427281,309.0,329.0,321.0,393.5,397.85714285714283,415.1607142857143,67.71368293884645
2022-10-23,SOMON,Somon Konservesi,157.0,72.63,0,0,2022,10,23,6,42,4,1,0,0.9475538160469666,138.0,141.0,145.0,165.0,184.42857142857142,189.10714285714286,43.580795246136915
2022-10-23,TON160,Ton Balığı Konservesi 160g,376.0,51.58,0,0,2022,10,23,6,42,4,1,0,0.9117101193106495,354.0,411.0,410.0,404.0,481.57142857142856,498.0357142857143,77.01916891886243
2022-10-23,TON80,Ton Balığı Konservesi 80g,710.0,30.85,0,0,2022,10,23,6,42,4,1,0,0.9342822531798909,668.0,688.0,654.0,646.0,861.7142857142857,856.8482142857143,192.05096049895377
2022-10-23,ZEYTY,Zeytinyağı 1L,215.0,228.89,0,0,2022,10,23,6,42,4,1,0,0.9224785894206549,242.0,213.0,223.0,238.0,287.42857142857144,298.39285714285717,44.93275398806912
2022-10-24,SARDL,Sardalya Konservesi,462.0,24.58,0,0,2022,10,24,0,43,4,0,0,0.9261492087415222,242.0,369.0,404.0,469.0,385.42857142857144,409.75,87.54019484948302
2022-10-24,SOMON,Somon Konservesi,183.0,71.06,0,0,2022,10,24,0,43,4,0,0,0.9270711024135682,157.0,210.0,296.5,211.0,186.71428571428572,188.82142857142858,41.282418718361086
2022-10-24,TON160,Ton Balığı Konservesi 160g,471.0,52.31,0,0,2022,10,24,0,43,4,0,0,0.9246133451171011,376.0,459.0,458.0,500.0,476.57142857142856,497.0357142857143,83.24833760673903
2022-10-24,TON80,Ton Balığı Konservesi 80g,1168.0,30.8,1,0,2022,10,24,0,43,4,0,0,0.9327680193821926,710.0,880.0,891.0,897.0,864.8571428571429,859.1339285714286,188.88835200670476
2022-10-24,ZEYTY,Zeytinyağı 1L,319.0,227.14,0,0,2022,10,24,0,43,4,0,0,0.915425692695214,215.0,332.0,411.0,312.0,287.7142857142857,297.57142857142856,44.383609158164724
2022-10-25,SARDL,Sardalya Konservesi,454.0,24.69,0,0,2022,10,25,1,43,4,0,0,0.9302938960060287,462.0,495.0,468.0,411.0,398.7142857142857,409.5,91.59460370879499
2022-10-25,SOMON,Somon Konservesi,177.0,70.82,0,0,2022,10,25,1,43,4,0,0,0.9239399869536854,183.0,197.0,177.0,199.0,182.85714285714286,187.82142857142858,39.98511627855446
2022-10-25,TON160,Ton Balığı Konservesi 160g,543.0,54.27,0,0,2022,10,25,1,43,4,0,0,0.9592576226248343,471.0,507.0,519.0,525.0,478.2857142857143,496.0,82.94920993337618
2022-10-25,TON80,Ton Balığı Konservesi 80g,935.0,30.81,0,0,2022,10,25,1,43,4,0,0,0.9330708661417322,1168.0,827.0,876.0,793.0,906.0,868.8125,221.31802155872006
2022-10-25,ZEYTY,Zeytinyağı 1L,310.0,229.4,0,0,2022,10,25,1,43,4,0,0,0.9245340050377834,319.0,313.0,334.0,293.0,285.85714285714283,297.82142857142856,42.45165317326071
2022-10-26,SARDL,Sardalya Konservesi,397.0,24.94,0,0,2022,10,26,2,43,4,0,0,0.9397136397889978,454.0,431.0,423.0,431.0,392.85714285714283,411.0357142857143,85.52081339539095
2022-10-26,SOMON,Somon Konservesi,227.0,72.49,0,0,2022,10,26,2,43,4,0,0,0.9457273320287017,177.0,173.0,296.5,187.0,180.0,187.03571428571428,39.517928420739175
2022-10-26,TON160,Ton Balığı Konservesi 160g,620.0,52.41,0,0,2022,10,26,2,43,4,0,0,0.9263809102960671,543.0,555.0,519.0,578.0,483.42857142857144,496.64285714285717,86.08301641023971
2022-10-26,TON80,Ton Balığı Konservesi 80g,899.0,30.77,0,0,2022,10,26,2,43,4,0,0,0.9318594791035735,935.0,800.0,889.0,1127.0,921.4285714285714,873.8839285714286,218.64114978876196
2022-10-26,ZEYTY,Zeytinyağı 1L,356.0,236.8,0,0,2022,10,26,2,43,4,0,0,0.9543576826196474,310.0,321.0,334.0,318.0,285.42857142857144,298.42857142857144,42.14600472507059
2022-10-27,SARDL,Sardalya Konservesi,379.0,24.75,0,0,2022,10,27,3,43,4,0,0,0.9325546345139413,397.0,457.0,433.0,434.0,388.0,409.82142857142856,83.94442606073623
2022-10-27,SOMON,Somon Konservesi,175.0,70.4,0,0,2022,10,27,3,43,4,0,0,0.9184605348988911,227.0,263.0,182.0,210.0,187.71428571428572,188.46428571428572,43.03763579982163
2022-10-27,TON160,Ton Balığı Konservesi 160g,525.0,53.48,0,0,2022,10,27,3,43,4,0,0,0.9452938577110029,620.0,529.0,582.0,468.0,492.7142857142857,498.14285714285717,97.79862692579744
2022-10-27,TON80,Ton Balığı Konservesi 80g,849.0,30.32,0,0,2022,10,27,3,43,4,0,0,0.9182313749242882,899.0,1241.0,817.0,741.0,935.5714285714286,865.7410714285714,212.59574873677954
2022-10-27,ZEYTY,Zeytinyağı 1L,325.0,223.22,0,0,2022,10,27,3,43,4,0,0,0.8996272040302267,356.0,313.0,320.0,271.0,290.42857142857144,299.7857142857143,48.64448287612563
2022-10-28,SARDL,Sardalya Konservesi,434.0,24.47,0,0,2022,10,28,4,43,4,0,0,0.9220045214770158,379.0,395.0,478.0,424.0,376.85714285714283,407.85714285714283,78.24199335273381
2022-10-28,SOMON,Somon Konservesi,199.0,72.85,0,0,2022,10,28,4,43,4,0,0,0.9504240052185257,175.0,169.0,179.0,186.0,175.14285714285714,187.21428571428572,27.388735953724822
2022-10-28,TON160,Ton Balığı Konservesi 160g,738.0,52.91,1,0,2022,10,28,4,43,4,0,0,0.9352187361908969,525.0,556.0,607.0,570.0,492.14285714285717,500.17857142857144,97.56267826621034
2022-10-28,TON80,Ton Balığı Konservesi 80g,1022.0,29.9,0,0,2022,10,28,4,43,4,0,0,0.9055118110236219,849.0,928.0,996.0,801.0,879.5714285714286,869.5982142857143,165.0442941989161
2022-10-28,ZEYTY,Zeytinyağı 1L,311.0,227.13,0,0,2022,10,28,4,43,4,0,0,0.9153853904282115,325.0,278.0,296.0,336.0,292.14285714285717,301.7142857142857,49.77090372037487
2022-10-29,SARDL,Sardalya Konservesi,203.0,24.73,1,1,2022,10,29,5,43,4,1,0,0.9318010550113037,434.0,309.0,325.0,288.0,382.42857142857144,408.2142857142857,81.08608006897431
2022-10-29,SOMON,Somon Konservesi,76.5,71.91,0,1,2022,10,29,5,43,4,1,0,0.9381604696673189,199.0,138.0,130.0,144.0,179.42857142857142,187.67857142857142,28.58820935780541
2022-10-29,TON160,Ton Balığı Konservesi 160g,255.6875,54.28,0,1,2022,10,29,5,43,4,1,0,0.9594343791427309,738.0,354.0,392.0,398.0,518.1428571428571,506.17857142857144,134.62717478457336
2022-10-29,TON80,Ton Balığı Konservesi 80g,428.75,30.01,0,1,2022,10,29,5,43,4,1,0,0.9088431253785584,1022.0,668.0,560.0,692.0,893.0,877.4910714285714,173.26088229410786
2022-10-29,ZEYTY,Zeytinyağı 1L,123.0,232.21,0,1,2022,10,29,5,43,4,1,0,0.9358589420654913,311.0,242.0,260.0,269.0,296.85714285714283,300.82142857142856,49.77090372037493
2022-10-30,SARDL,Sardalya Konservesi,426.0,24.2,1,0,2022,10,30,6,43,4,1,0,0.9118311981914092,203.0,242.0,329.0,283.0,367.2857142857143,405.17857142857144,103.80063308367211
2022-10-30,SOMON,Somon Konservesi,123.0,69.5,0,0,2022,10,30,6,43,4,1,0,0.9067188519243313,76.5,157.0,141.0,157.0,170.64285714285714,185.26785714285714,46.97757823837731
2022-10-30,TON160,Ton Balığı Konservesi 160g,333.0,51.24,0,0,2022,10,30,6,43,4,1,0,0.9057003977021653,255.6875,376.0,411.0,426.0,504.0982142857143,501.09598214285717,157.7477047555832
2022-10-30,TON80,Ton Balığı Konservesi 80g,686.0,30.34,0,0,2022,10,30,6,43,4,1,0,0.9188370684433675,428.75,710.0,688.0,755.0,858.8214285714286,868.0892857142857,236.93945755744926
2022-10-30,ZEYTY,Zeytinyağı 1L,239.0,231.91,0,0,2022,10,30,6,43,4,1,0,0.9346498740554156,123.0,215.0,213.0,220.0,279.85714285714283,295.60714285714283,81.70766706462013
2022-10-31,SARDL,Sardalya Konservesi,425.0,25.15,0,0,2022,10,31,0,44,4,0,0,0.9476262245666918,426.0,462.0,369.0,499.0,393.57142857142856,410.2857142857143,89.03343406244723
2022-10-31,SOMON,Somon Konservesi,195.0,71.24,0,0,2022,10,31,0,44,4,0,0,0.92941943900848,123.0,183.0,210.0,208.0,165.78571428571428,184.05357142857142,50.26584090517903
2022-10-31,TON160,Ton Balığı Konservesi 160g,514.0,54.34,0,0,2022,10,31,0,44,4,0,0,0.9604949182501105,333.0,471.0,459.0,501.0,497.95535714285717,497.77455357142856,164.26976476990345
2022-10-31,TON80,Ton Balığı Konservesi 80g,986.0,30.61,0,0,2022,10,31,0,44,4,0,0,0.9270139309509388,686.0,1168.0,880.0,873.0,855.3928571428571,865.625,239.6104415305715
2022-10-31,ZEYTY,Zeytinyağı 1L,301.0,232.28,0,0,2022,10,31,0,44,4,0,0,0.9361410579345089,239.0,319.0,332.0,315.0,283.2857142857143,296.2857142857143,78.99095789121299
2022-11-01,SARDL,Sardalya Konservesi,464.0,24.62,0,0,2022,11,1,1,44,4,0,0,0.9276563677467974,425.0,454.0,495.0,437.0,388.2857142857143,407.64285714285717,85.31454406237646
2022-11-01,SOMON,Somon Konservesi,232.0,70.99,0,0,2022,11,1,1,44,4,0,0,0.9261578604044356,195.0,177.0,197.0,203.0,167.5,183.58928571428572,51.147662051489114
2022-11-01,TON160,Ton Balığı Konservesi 160g,255.6875,53.51,0,0,2022,11,1,1,44,4,0,0,0.9458241272646928,514.0,543.0,507.0,554.0,504.0982142857143,498.2388392857143,163.89734090477077
2022-11-01,TON80,Ton Balığı Konservesi 80g,916.0,30.38,0,0,2022,11,1,1,44,4,0,0,0.9200484554815263,986.0,935.0,827.0,1060.0,829.3928571428571,869.6607142857143,207.7987737142402
2022-11-01,ZEYTY,Zeytinyağı 1L,281.0,228.08,0,0,2022,11,1,1,44,4,0,0,0.919214105793451,301.0,310.0,313.0,281.0,280.7142857142857,295.7857142857143,77.92028894050237
2022-11-02,SARDL,Sardalya Konservesi,481.0,24.37,0,0,2022,11,2,2,44,4,0,0,0.9182366239638282,464.0,397.0,431.0,430.0,389.7142857142857,408.60714285714283,86.67124530029848
2022-11-02,SOMON,Somon Konservesi,185.0,71.07,0,0,2022,11,2,2,44,4,0,0,0.9272015655577298,232.0,227.0,173.0,198.0,175.35714285714286,184.625,56.766124203990344
2022-11-02,TON160,Ton Balığı Konservesi 160g,537.0,52.37,0,0,2022,11,2,2,44,4,0,0,0.9256738842244807,255.6875,620.0,555.0,541.0,463.05357142857144,487.58482142857144,186.8938759578163
2022-11-02,TON80,Ton Balığı Konservesi 80g,1050.0,30.29,0,0,2022,11,2,2,44,4,0,0,0.9173228346456692,916.0,899.0,800.0,778.0,826.6785714285714,864.5178571428571,206.30815918818672
2022-11-02,ZEYTY,Zeytinyağı 1L,367.0,227.11,0,0,2022,11,2,2,44,4,0,0,0.9153047858942066,281.0,356.0,321.0,314.0,276.57142857142856,295.7857142857143,76.86754222439399
2022-11-03,SARDL,Sardalya Konservesi,498.0,24.1,0,0,2022,11,3,3,44,4,0,0,0.9080633006782216,481.0,379.0,457.0,653.0,401.7142857142857,410.42857142857144,93.40184560223925
2022-11-03,SOMON,Somon Konservesi,209.0,71.72,0,0,2022,11,3,3,44,4,0,0,0.9356816699282452,185.0,175.0,263.0,193.0,169.35714285714286,184.16071428571428,52.453721099106616
2022-11-03,TON160,Ton Balığı Konservesi 160g,485.0,54.5,0,0,2022,11,3,3,44,4,0,0,0.963323022536456,537.0,525.0,529.0,609.0,451.19642857142856,487.4419642857143,177.68308643162683
2022-11-03,TON80,Ton Balığı Konservesi 80g,918.0,30.08,0,0,2022,11,3,3,44,4,0,0,0.9109630526953361,1050.0,849.0,1241.0,1071.0,848.25,874.2321428571429,222.39721408626627
2022-11-03,ZEYTY,Zeytinyağı 1L,287.0,227.47,0,0,2022,11,3,3,44,4,0,0,0.9167556675062972,367.0,325.0,313.0,373.0,278.14285714285717,297.67857142857144,78.84886084873264
2022-11-04,SARDL,Sardalya Konservesi,515.0,25.04,0,0,2022,11,4,4,44,4,0,0,0.9434815373021854,498.0,434.0,395.0,498.0,418.7142857142857,404.89285714285717,99.22653255004218
2022-11-04,SOMON,Somon Konservesi,192.0,70.52,0,0,2022,11,4,4,44,4,0,0,0.9200260926288323,209.0,199.0,169.0,208.0,174.21428571428572,184.73214285714286,54.59384667925587
2022-11-04,TON160,Ton Balığı Konservesi 160g,588.0,52.44,0,0,2022,11,4,4,44,4,0,0,0.9269111798497569,485.0,738.0,556.0,593.0,445.48214285714283,483.01339285714283,175.5443049870681
2022-11-04,TON80,Ton Balığı Konservesi 80g,926.0,31.22,0,0,2022,11,4,4,44,4,0,0,0.9454875832828588,918.0,1022.0,928.0,1358.75,858.1071428571429,868.7678571428571,223.9596251347002
2022-11-04,ZEYTY,Zeytinyağı 1L,314.0,232.67,0,0,2022,11,4,4,44,4,0,0,0.937712846347607,287.0,311.0,278.0,401.0,272.7142857142857,294.60714285714283,76.35381301483706
2022-11-05,SARDL,Sardalya Konservesi,251.0,24.22,0,0,2022,11,5,5,44,4,1,0,0.9125847776940467,515.0,203.0,309.0,337.0,430.2857142857143,405.5,105.81070249225552
2022-11-05,SOMON,Somon Konservesi,150.0,73.01,0,0,2022,11,5,5,44,4,1,0,0.9525114155251142,192.0,76.5,138.0,129.0,173.21428571428572,184.16071428571428,54.126285314113
2022-11-05,TON160,Ton Balığı Konservesi 160g,585.0,51.5,1,0,2022,11,5,5,44,4,1,0,0.9102960671674768,588.0,255.6875,354.0,420.0,424.05357142857144,482.83482142857144,139.29894425492128
2022-11-05,TON80,Ton Balığı Konservesi 80g,634.0,30.72,0,0,2022,11,5,5,44,4,1,0,0.9303452453058751,926.0,428.75,668.0,684.0,844.3928571428571,853.3125,215.0114268834924
2022-11-05,ZEYTY,Zeytinyağı 1L,252.0,230.36,0,0,2022,11,5,5,44,4,1,0,0.9284030226700253,314.0,123.0,242.0,224.0,273.14285714285717,291.5,76.61250674972155
2022-11-06,SARDL,Sardalya Konservesi,272.0,25.41,0,0,2022,11,6,6,44,4,1,0,0.9574227581009797,251.0,426.0,242.0,321.0,437.14285714285717,402.42857142857144,88.8170940217932
2022-11-06,SOMON,Somon Konservesi,223.0,71.91,1,0,2022,11,6,6,44,4,1,0,0.9381604696673189,150.0,123.0,157.0,145.0,183.71428571428572,184.91071428571428,36.495270404598415
2022-11-06,TON160,Ton Balığı Konservesi 160g,400.0,53.82,0,0,2022,11,6,6,44,4,1,0,0.9513035793194874,585.0,333.0,376.0,410.0,471.0982142857143,488.72767857142856,128.12064960674635
2022-11-06,TON80,Ton Balığı Konservesi 80g,633.0,30.87,0,0,2022,11,6,6,44,4,1,0,0.9348879466989702,634.0,686.0,710.0,654.0,873.7142857142857,851.5267857142857,154.3089047827033
2022-11-06,ZEYTY,Zeytinyağı 1L,217.0,233.87,0,0,2022,11,6,6,44,4,1,0,0.9425491183879093,252.0,239.0,215.0,223.0,291.57142857142856,292.5,42.31570686658816
2022-11-07,SARDL,Sardalya Konservesi,473.0,25.1,0,0,2022,11,7,0,45,4,0,0,0.9457422758100981,272.0,425.0,462.0,404.0,415.14285714285717,400.67857142857144,108.85070597141758
2022-11-07,SOMON,Somon Konservesi,172.0,74.46,0,0,2022,11,7,0,45,4,0,0,0.9714285714285713,223.0,195.0,183.0,296.5,198.0,187.69642857142858,27.141603981096104
2022-11-07,TON160,Ton Balığı Konservesi 160g,487.0,52.36,0,0,2022,11,7,0,45,4,0,0,0.9254971277065841,400.0,514.0,471.0,458.0,480.66964285714283,488.3705357142857,118.20318573354709
2022-11-07,TON80,Ton Balığı Konservesi 80g,1055.0,31.45,0,0,2022,11,7,0,45,4,0,0,0.9524530587522713,633.0,986.0,1168.0,891.0,866.1428571428571,850.7767857142857,165.91808076219058
2022-11-07,ZEYTY,Zeytinyağı 1L,263.0,229.44,1,0,2022,11,7,0,45,4,0,0,0.9246952141057935,217.0,301.0,319.0,411.0,288.42857142857144,292.2857142857143,47.38444591092817
2022-11-08,SARDL,Sardalya Konservesi,440.0,24.99,0,0,2022,11,8,1,45,4,0,0,0.9415975885455915,473.0,464.0,454.0,468.0,422.0,403.14285714285717,111.06454579807709
2022-11-08,SOMON,Somon Konservesi,206.0,69.22,0,0,2022,11,8,1,45,4,0,0,0.9030658838878016,172.0,232.0,177.0,177.0,194.71428571428572,183.25,28.90048607269578
2022-11-08,TON160,Ton Balığı Konservesi 160g,669.0,53.66,0,0,2022,11,8,1,45,4,0,0,0.9484754750331418,487.0,255.6875,543.0,519.0,476.8125,489.40625,117.37189936444146
2022-11-08,TON80,Ton Balığı Konservesi 80g,798.0,30.52,0,0,2022,11,8,1,45,4,0,0,0.9242883101150816,1055.0,916.0,935.0,876.0,876.0,856.6339285714286,175.97064149074973
2022-11-08,ZEYTY,Zeytinyağı 1L,309.0,235.52,0,0,2022,11,8,1,45,4,0,0,0.949198992443325,263.0,281.0,310.0,334.0,283.0,287.0,47.87831798772059
2022-11-09,SARDL,Sardalya Konservesi,461.0,25.01,0,0,2022,11,9,2,45,4,0,0,0.9423511680482292,440.0,481.0,397.0,423.0,418.57142857142856,402.14285714285717,109.91641846247934
2022-11-09,SOMON,Somon Konservesi,190.0,73.62,0,0,2022,11,9,2,45,4,0,0,0.9604696673189824,206.0,185.0,227.0,296.5,191.0,184.28571428571428,24.671170759950915
2022-11-09,TON160,Ton Balığı Konservesi 160g,469.0,53.08,0,0,2022,11,9,2,45,4,0,0,0.9382235969951391,669.0,537.0,620.0,519.0,535.8571428571429,494.76339285714283,87.83778338776571
2022-11-09,TON80,Ton Balığı Konservesi 80g,1081.0,30.82,0,0,2022,11,9,2,45,4,0,0,0.9333737129012719,798.0,1050.0,899.0,889.0,859.1428571428571,853.8482142857143,177.14817580340883
2022-11-09,ZEYTY,Zeytinyağı 1L,427.0,223.24,1,0,2022,11,9,2,45,4,0,0,0.8997078085642318,309.0,367.0,356.0,334.0,287.0,286.10714285714283,48.84328681268929
2022-11-10,SARDL,Sardalya Konservesi,390.0,25.11,0,0,2022,11,10,3,45,4,0,0,0.9461190655614168,461.0,498.0,379.0,433.0,415.7142857142857,403.5,108.27082445687408
2022-11-10,SOMON,Somon Konservesi,181.0,70.97,0,0,2022,11,10,3,45,4,0,0,0.9258969341161121,190.0,209.0,175.0,182.0,191.71428571428572,180.48214285714286,24.540539831839176
2022-11-10,TON160,Ton Balığı Konservesi 160g,587.0,53.42,0,0,2022,11,10,3,45,4,0,0,0.9442333186036235,469.0,485.0,525.0,582.0,526.1428571428571,492.97767857142856,91.37911608864863
2022-11-10,TON80,Ton Balığı Konservesi 80g,969.0,30.38,0,0,2022,11,10,3,45,4,0,0,0.9200484554815263,1081.0,918.0,849.0,817.0,863.5714285714286,860.7053571428571,183.00533429643968
2022-11-10,ZEYTY,Zeytinyağı 1L,373.0,224.49,0,0,2022,11,10,3,45,4,0,0,0.9047455919395466,427.0,287.0,325.0,320.0,295.57142857142856,289.42857142857144,67.08168439262953
2022-11-11,SARDL,Sardalya Konservesi,434.0,25.73,0,0,2022,11,11,4,45,4,0,0,0.9694800301431802,390.0,515.0,434.0,478.0,400.2857142857143,401.9642857142857,102.1105843121623
2022-11-11,SOMON,Somon Konservesi,212.0,70.03,0,0,2022,11,11,4,45,4,0,0,0.9136333985649053,181.0,192.0,199.0,179.0,187.71428571428572,180.44642857142858,23.513926977533014
2022-11-11,TON160,Ton Balığı Konservesi 160g,520.0,51.98,0,0,2022,11,11,4,45,4,0,0,0.9187803800265134,587.0,588.0,738.0,607.0,540.7142857142857,493.15625,91.8562541614412
2022-11-11,TON80,Ton Balığı Konservesi 80g,857.0,31.93,0,0,2022,11,11,4,45,4,0,0,0.9669897032101755,969.0,926.0,1022.0,996.0,870.8571428571429,866.1339285714286,186.51490429402367
2022-11-11,ZEYTY,Zeytinyağı 1L,313.0,227.2,0,0,2022,11,11,4,45,4,0,0,0.9156675062972292,373.0,314.0,311.0,296.0,307.85714285714283,291.32142857142856,72.87530119189572
2022-11-12,SARDL,Sardalya Konservesi,326.0,25.09,0,0,2022,11,12,5,45,4,1,0,0.9453654860587792,434.0,251.0,203.0,325.0,388.7142857142857,400.39285714285717,90.92068757203268
2022-11-12,SOMON,Somon Konservesi,142.0,71.18,0,0,2022,11,12,5,45,4,1,0,0.9286366601435094,212.0,150.0,76.5,130.0,190.57142857142858,181.625,25.270913074502047
2022-11-12,TON160,Ton Balığı Konservesi 160g,375.0,52.18,0,0,2022,11,12,5,45,4,1,0,0.9223155103844454,520.0,585.0,255.6875,392.0,531.0,490.04910714285717,89.58980596771708
2022-11-12,TON80,Ton Balığı Konservesi 80g,724.0,31.25,0,0,2022,11,12,5,45,4,1,0,0.9463961235614778,857.0,634.0,428.75,560.0,861.0,861.1696428571429,184.93151885675388
2022-11-12,ZEYTY,Zeytinyağı 1L,221.0,232.94,0,0,2022,11,12,5,45,4,1,0,0.9388010075566751,313.0,252.0,123.0,260.0,307.7142857142857,291.92857142857144,72.86223138159272
2022-11-13,SARDL,Sardalya Konservesi,335.0,25.41,0,0,2022,11,13,6,45,4,1,0,0.9574227581009797,326.0,272.0,426.0,329.0,399.42857142857144,400.42857142857144,75.01523654755405
2022-11-13,SOMON,Somon Konservesi,150.0,69.13,0,0,2022,11,13,6,45,4,1,0,0.9018917155903456,142.0,223.0,123.0,141.0,189.42857142857142,182.05357142857142,27.494588212089532
2022-11-13,TON160,Ton Balığı Konservesi 160g,365.0,52.8,0,0,2022,11,13,6,45,4,1,0,0.9332744144940344,375.0,400.0,333.0,411.0,501.0,489.4419642857143,102.69534231567283
2022-11-13,TON80,Ton Balığı Konservesi 80g,630.0,30.67,0,0,2022,11,13,6,45,4,1,0,0.9288310115081768,724.0,633.0,686.0,688.0,873.8571428571429,867.0267857142857,168.9580111264595
2022-11-13,ZEYTY,Zeytinyağı 1L,234.0,230.47,0,0,2022,11,13,6,45,4,1,0,0.9288463476070529,221.0,217.0,239.0,213.0,303.2857142857143,290.5357142857143,77.60093273862594
2022-11-14,SARDL,Sardalya Konservesi,434.0,24.91,0,0,2022,11,14,0,46,4,0,0,0.9385832705350415,335.0,473.0,425.0,369.0,408.42857142857144,400.64285714285717,59.315138997439014
2022-11-14,SOMON,Somon Konservesi,173.0,72.62,0,0,2022,11,14,0,46,4,0,0,0.947423352902805,150.0,172.0,195.0,210.0,179.0,182.375,26.463811768778378
2022-11-14,TON160,Ton Balığı Konservesi 160g,556.0,51.69,0,0,2022,11,14,0,46,4,0,0,0.913654441007512,365.0,487.0,514.0,459.0,496.0,487.79910714285717,109.08559330482903
2022-11-14,TON80,Ton Balığı Konservesi 80g,824.0,30.56,0,0,2022,11,14,0,46,4,0,0,0.9254996971532403,630.0,1055.0,986.0,880.0,873.4285714285714,864.9553571428571,169.6730750029352
2022-11-14,ZEYTY,Zeytinyağı 1L,337.0,238.96,0,0,2022,11,14,0,46,4,0,0,0.9630629722921915,234.0,263.0,301.0,332.0,305.7142857142857,291.2857142857143,74.66082034935114
2022-11-15,SARDL,Sardalya Konservesi,470.0,25.06,0,0,2022,11,15,1,46,4,0,0,0.9442351168048229,434.0,440.0,464.0,495.0,402.85714285714283,402.9642857142857,53.8158234828999
2022-11-15,SOMON,Somon Konservesi,194.0,72.17,0,0,2022,11,15,1,46,4,0,0,0.9415525114155251,173.0,206.0,232.0,197.0,179.14285714285714,181.05357142857142,26.422393100225737
2022-11-15,TON160,Ton Balığı Konservesi 160g,530.0,52.82,0,0,2022,11,15,1,46,4,0,0,0.9336279275298276,556.0,669.0,255.6875,507.0,505.85714285714283,491.26339285714283,111.23313141240521
2022-11-15,TON80,Ton Balığı Konservesi 80g,809.0,30.53,0,0,2022,11,15,1,46,4,0,0,0.9245911568746213,824.0,798.0,916.0,827.0,840.4285714285714,862.9553571428571,149.76966442157632
2022-11-15,ZEYTY,Zeytinyağı 1L,291.0,238.81,0,0,2022,11,15,1,46,4,0,0,0.9624584382871537,337.0,309.0,281.0,313.0,316.2857142857143,291.4642857142857,72.82104614673405
2022-11-16,SARDL,Sardalya Konservesi,454.0,24.31,0,0,2022,11,16,2,46,4,0,0,0.9159758854559156,470.0,461.0,481.0,431.0,407.14285714285717,402.07142857142856,58.276434835554674
2022-11-16,SOMON,Somon Konservesi,149.0,71.17,0,0,2022,11,16,2,46,4,0,0,0.9285061969993477,194.0,190.0,185.0,173.0,177.42857142857142,180.94642857142858,24.724192894525697
2022-11-16,TON160,Ton Balığı Konservesi 160g,482.0,53.12,0,0,2022,11,16,2,46,4,0,0,0.9389306230667255,530.0,469.0,537.0,555.0,486.0,492.08482142857144,87.02873088813774
2022-11-16,TON80,Ton Balığı Konservesi 80g,1136.0,30.96,1,0,2022,11,16,2,46,4,0,0,0.9376135675348273,809.0,1081.0,1050.0,800.0,842.0,862.3125,149.30728939561482
2022-11-16,ZEYTY,Zeytinyağı 1L,321.0,233.5,0,0,2022,11,16,2,46,4,0,0,0.9410579345088161,291.0,427.0,367.0,321.0,313.7142857142857,290.67857142857144,73.43639943450907
2022-11-17,SARDL,Sardalya Konservesi,496.0,24.43,0,0,2022,11,17,3,46,4,0,0,0.9204973624717407,454.0,390.0,498.0,457.0,406.14285714285717,402.89285714285717,57.24924620006783
2022-11-17,SOMON,Somon Konservesi,199.0,70.89,0,0,2022,11,17,3,46,4,0,0,0.924853228962818,149.0,181.0,209.0,263.0,171.57142857142858,180.08928571428572,26.069504169029614
2022-11-17,TON160,Ton Balığı Konservesi 160g,531.0,53.33,0,0,2022,11,17,3,46,4,0,0,0.942642509942554,482.0,587.0,485.0,529.0,487.85714285714283,489.47767857142856,86.74373862404185
2022-11-17,TON80,Ton Balığı Konservesi 80g,785.0,31.09,0,0,2022,11,17,3,46,4,0,0,0.941550575408843,1136.0,969.0,918.0,1241.0,849.8571428571429,874.3125,164.64044518427244
2022-11-17,ZEYTY,Zeytinyağı 1L,352.0,233.72,0,0,2022,11,17,3,46,4,0,0,0.9419445843828715,321.0,373.0,287.0,313.0,298.57142857142856,290.67857142857144,54.729203486673285
2022-11-18,SARDL,Sardalya Konservesi,418.0,25.06,0,0,2022,11,18,4,46,4,0,0,0.9442351168048229,496.0,434.0,515.0,395.0,421.2857142857143,404.2857142857143,65.66763354376279
2022-11-18,SOMON,Somon Konservesi,191.0,71.07,0,0,2022,11,18,4,46,4,0,0,0.9272015655577298,199.0,212.0,192.0,169.0,174.14285714285714,177.80357142857142,27.972775880777252
2022-11-18,TON160,Ton Balığı Konservesi 160g,566.0,53.32,0,0,2022,11,18,4,46,4,0,0,0.9424657534246574,531.0,520.0,588.0,556.0,479.85714285714283,489.54910714285717,78.24199335273501
2022-11-18,TON80,Ton Balığı Konservesi 80g,956.0,31.16,0,0,2022,11,18,4,46,4,0,0,0.9436705027256207,785.0,857.0,926.0,928.0,823.5714285714286,858.0267857142857,156.95737971697352
2022-11-18,ZEYTY,Zeytinyağı 1L,307.0,231.14,0,0,2022,11,18,4,46,4,0,0,0.9315465994962217,352.0,313.0,314.0,278.0,295.57142857142856,292.07142857142856,50.37147718983121
2022-11-19,SARDL,Sardalya Konservesi,309.0,25.1,0,0,2022,11,19,5,46,4,1,0,0.9457422758100981,418.0,326.0,251.0,309.0,419.0,405.10714285714283,65.42935121182099
2022-11-19,SOMON,Somon Konservesi,138.0,74.03,0,0,2022,11,19,5,46,4,1,0,0.965818656229615,191.0,142.0,150.0,138.0,171.14285714285714,178.58928571428572,24.09307349584514
2022-11-19,TON160,Ton Balığı Konservesi 160g,534.0,54.28,1,0,2022,11,19,5,46,4,1,0,0.9594343791427309,566.0,375.0,585.0,354.0,486.42857142857144,489.90625,83.9024376738778
2022-11-19,TON80,Ton Balığı Konservesi 80g,659.0,29.73,0,0,2022,11,19,5,46,4,1,0,0.9003634161114475,956.0,724.0,634.0,668.0,837.7142857142857,859.0267857142857,164.73889875164264
2022-11-19,ZEYTY,Zeytinyağı 1L,194.0,234.71,0,0,2022,11,19,5,46,4,1,0,0.945934508816121,307.0,221.0,252.0,242.0,294.7142857142857,293.10714285714283,50.07565704582815
2022-11-20,SARDL,Sardalya Konservesi,264.0,24.81,0,0,2022,11,20,6,46,4,1,0,0.9348153730218538,309.0,335.0,272.0,242.0,416.57142857142856,405.10714285714283,69.63681292452671
2022-11-20,SOMON,Somon Konservesi,137.0,68.89,0,0,2022,11,20,6,46,4,1,0,0.8987606001304631,138.0,150.0,223.0,157.0,170.57142857142858,178.58928571428572,24.932289257488033
2022-11-20,TON160,Ton Balığı Konservesi 160g,382.0,54.23,0,0,2022,11,20,6,46,4,1,0,0.9585505965532478,534.0,365.0,400.0,376.0,509.14285714285717,496.33482142857144,68.88741677894502
2022-11-20,TON80,Ton Balığı Konservesi 80g,578.0,31.73,0,0,2022,11,20,6,46,4,1,0,0.9609327680193821,659.0,630.0,633.0,710.0,828.4285714285714,858.7053571428571,173.7995561394933
2022-11-20,ZEYTY,Zeytinyağı 1L,224.0,231.2,0,0,2022,11,20,6,46,4,1,0,0.9317884130982367,194.0,234.0,217.0,215.0,290.85714285714283,291.39285714285717,57.228863846339124
2022-11-21,SARDL,Sardalya Konservesi,427.0,24.39,0,0,2022,11,21,0,47,4,0,0,0.9189902034664658,264.0,434.0,473.0,462.0,406.42857142857144,405.89285714285717,86.60226544930664
2022-11-21,SOMON,Somon Konservesi,181.0,72.07,0,0,2022,11,21,0,47,4,0,0,0.9402478799739072,137.0,173.0,172.0,183.0,168.71428571428572,177.875,27.109126911517617
2022-11-21,TON160,Ton Balığı Konservesi 160g,545.0,52.82,0,0,2022,11,21,0,47,4,0,0,0.9336279275298276,382.0,556.0,487.0,471.0,511.57142857142856,496.54910714285717,63.00755812561112
2022-11-21,TON80,Ton Balığı Konservesi 80g,927.0,32.02,0,0,2022,11,21,0,47,4,0,0,0.9697153240460327,578.0,824.0,1055.0,1168.0,821.0,853.9910714285714,184.477640921601
2022-11-21,ZEYTY,Zeytinyağı 1L,344.0,228.09,0,0,2022,11,21,0,47,4,0,0,0.9192544080604534,224.0,337.0,263.0,319.0,289.42857142857144,291.7142857142857,58.982644743622195
2022-11-22,SARDL,Sardalya Konservesi,412.0,24.06,0,0,2022,11,22,1,47,4,0,0,0.9065561416729465,427.0,470.0,440.0,454.0,405.42857142857144,404.64285714285717,86.270615203665
2022-11-22,SOMON,Somon Konservesi,171.0,73.0,0,0,2022,11,22,1,47,4,0,0,0.9523809523809523,181.0,194.0,206.0,177.0,169.85714285714286,177.80357142857142,27.48592713510309
2022-11-22,TON160,Ton Balığı Konservesi 160g,577.0,53.95,0,0,2022,11,22,1,47,4,0,0,0.9536014140521432,545.0,530.0,669.0,543.0,510.0,499.1919642857143,61.84119446884267
2022-11-22,TON80,Ton Balığı Konservesi 80g,914.5,30.55,0,0,2022,11,22,1,47,4,0,0,0.9251968503937007,927.0,809.0,798.0,935.0,835.7142857142857,845.3839285714286,188.81358909932996
2022-11-22,ZEYTY,Zeytinyağı 1L,314.0,227.5,0,0,2022,11,22,1,47,4,0,0,0.9168765743073047,344.0,291.0,309.0,310.0,290.42857142857144,292.60714285714283,59.97459779733704
2022-11-23,SARDL,Sardalya Konservesi,405.0,24.66,0,0,2022,11,23,2,47,4,0,0,0.9291635267520724,412.0,454.0,461.0,397.0,397.14285714285717,403.14285714285717,81.69950748816845
2022-11-23,SOMON,Somon Konservesi,171.0,71.77,0,0,2022,11,23,2,47,4,0,0,0.936333985649054,171.0,149.0,190.0,227.0,166.57142857142858,177.58928571428572,25.41559326382898
2022-11-23,TON160,Ton Balığı Konservesi 160g,495.0,53.29,0,0,2022,11,23,2,47,4,0,0,0.9419354838709677,577.0,482.0,469.0,620.0,516.7142857142857,500.40625,66.73258645697749
2022-11-23,TON80,Ton Balığı Konservesi 80g,902.0,31.35,0,0,2022,11,23,2,47,4,0,0,0.9494245911568746,914.5,1136.0,1081.0,899.0,850.7857142857143,844.6517857142857,190.52861927254915
2022-11-23,ZEYTY,Zeytinyağı 1L,352.0,233.87,0,0,2022,11,23,2,47,4,0,0,0.9425491183879093,314.0,321.0,427.0,356.0,293.7142857142857,292.75,60.63748644118365
2022-11-24,SARDL,Sardalya Konservesi,402.0,25.3,0,0,2022,11,24,3,47,4,0,0,0.9532780708364733,405.0,496.0,390.0,379.0,390.14285714285717,403.42857142857144,78.03296006907985
2022-11-24,SOMON,Somon Konservesi,205.0,71.56,0,0,2022,11,24,3,47,4,0,0,0.9335942596216569,171.0,199.0,181.0,175.0,169.71428571428572,175.58928571428572,24.212354186202163
2022-11-24,TON160,Ton Balığı Konservesi 160g,511.0,53.81,0,0,2022,11,24,3,47,4,0,0,0.9511268228015908,495.0,531.0,587.0,525.0,518.5714285714286,495.9419642857143,65.77957419254294
2022-11-24,TON80,Ton Balığı Konservesi 80g,830.0,31.34,0,0,2022,11,24,3,47,4,0,0,0.9491217443973349,902.0,785.0,969.0,849.0,817.3571428571429,844.7589285714286,147.90783005126985
2022-11-24,ZEYTY,Zeytinyağı 1L,467.0,232.53,0,0,2022,11,24,3,47,4,0,0,0.9371486146095718,352.0,352.0,373.0,325.0,298.14285714285717,292.60714285714283,64.00111606169719
2022-11-25,SARDL,Sardalya Konservesi,420.0,24.97,0,0,2022,11,25,4,47,4,0,0,0.9408440090429541,402.0,418.0,434.0,434.0,376.7142857142857,404.25,63.51827633501362
2022-11-25,SOMON,Somon Konservesi,191.0,71.78,0,0,2022,11,25,4,47,4,0,0,0.9364644487932159,205.0,191.0,212.0,199.0,170.57142857142858,176.66071428571428,25.49416366450146
2022-11-25,TON160,Ton Balığı Konservesi 160g,499.0,52.2,0,0,2022,11,25,4,47,4,0,0,0.9226690234202386,511.0,566.0,520.0,738.0,515.7142857142857,495.4419642857143,65.58382495126354
2022-11-25,TON80,Ton Balığı Konservesi 80g,1073.0,31.12,1,0,2022,11,25,4,47,4,0,0,0.9424591156874621,830.0,956.0,857.0,1022.0,823.7857142857143,844.0803571428571,147.24352196923272
2022-11-25,ZEYTY,Zeytinyağı 1L,320.0,235.91,0,0,2022,11,25,4,47,4,0,0,0.9507707808564232,467.0,307.0,313.0,311.0,314.57142857142856,297.67857142857144,89.72152685366196
2022-11-26,SARDL,Sardalya Konservesi,348.0,24.87,0,0,2022,11,26,5,47,4,1,0,0.9370761115297664,420.0,309.0,326.0,203.0,377.0,403.75,63.739051347399176
2022-11-26,SOMON,Somon Konservesi,140.0,72.07,0,0,2022,11,26,5,47,4,1,0,0.9402478799739072,191.0,138.0,142.0,76.5,170.57142857142858,176.375,25.49416366450146
2022-11-26,TON160,Ton Balığı Konservesi 160g,430.0,53.1,0,0,2022,11,26,5,47,4,1,0,0.9385771100309324,499.0,534.0,375.0,255.6875,506.14285714285717,486.90625,61.80191089663877
2022-11-26,TON80,Ton Balığı Konservesi 80g,594.0,30.96,0,0,2022,11,26,5,47,4,1,0,0.9376135675348273,1073.0,659.0,724.0,428.75,840.5,845.9017857142857,169.68377451404285
2022-11-26,ZEYTY,Zeytinyağı 1L,201.0,227.64,0,0,2022,11,26,5,47,4,1,0,0.91744080604534,320.0,194.0,221.0,123.0,316.42857142857144,298.0,89.67321625929183
2022-11-27,SARDL,Sardalya Konservesi,318.0,25.03,0,0,2022,11,27,6,47,4,1,0,0.9431047475508667,348.0,264.0,335.0,426.0,382.57142857142856,408.92857142857144,58.27480056552846
2022-11-27,SOMON,Somon Konservesi,146.0,73.05,0,0,2022,11,27,6,47,4,1,0,0.9530332681017611,140.0,137.0,150.0,123.0,170.85714285714286,178.64285714285714,25.076074728903027
2022-11-27,TON160,Ton Balığı Konservesi 160g,445.0,52.18,0,0,2022,11,27,6,47,4,1,0,0.9223155103844454,430.0,382.0,365.0,333.0,491.2857142857143,493.13169642857144,66.32423962552951
2022-11-27,TON80,Ton Balığı Konservesi 80g,704.0,30.58,0,0,2022,11,27,6,47,4,1,0,0.9261053906723197,594.0,578.0,630.0,686.0,831.2142857142857,851.8035714285714,182.5613725898881
2022-11-27,ZEYTY,Zeytinyağı 1L,217.0,233.28,0,0,2022,11,27,6,47,4,1,0,0.9401712846347607,201.0,224.0,234.0,239.0,317.42857142857144,300.7857142857143,88.10572653136148
2022-11-28,SARDL,Sardalya Konservesi,454.0,24.57,0,0,2022,11,28,0,48,4,0,0,0.9257724189902035,318.0,427.0,434.0,425.0,390.2857142857143,405.07142857142856,40.9663043883366
2022-11-28,SOMON,Somon Konservesi,197.0,74.12,0,0,2022,11,28,0,48,4,0,0,0.9669928245270711,146.0,181.0,173.0,195.0,172.14285714285714,179.46428571428572,23.212270974842777
2022-11-28,TON160,Ton Balığı Konservesi 160g,485.0,54.19,0,0,2022,11,28,0,48,4,0,0,0.9578435704816615,445.0,545.0,556.0,514.0,500.2857142857143,497.13169642857144,51.68079683890966
2022-11-28,TON80,Ton Balığı Konservesi 80g,1269.0,31.72,1,0,2022,11,28,0,48,4,0,0,0.9606299212598424,704.0,927.0,824.0,986.0,849.2142857142857,852.4464285714286,157.99257818614134
2022-11-28,ZEYTY,Zeytinyağı 1L,336.0,237.13,0,0,2022,11,28,0,48,4,0,0,0.9556876574307305,217.0,344.0,337.0,301.0,316.42857142857144,300.0,89.37348067306685
2022-11-29,SARDL,Sardalya Konservesi,653.0,25.25,0,0,2022,11,29,1,48,4,0,0,0.9513941220798795,454.0,412.0,470.0,464.0,394.14285714285717,406.10714285714283,45.965307828940766
2022-11-29,SOMON,Somon Konservesi,208.0,69.7,0,0,2022,11,29,1,48,4,0,0,0.9093281148075668,197.0,171.0,194.0,232.0,174.42857142857142,179.53571428571428,24.952335514317106
2022-11-29,TON160,Ton Balığı Konservesi 160g,503.0,52.83,0,0,2022,11,29,1,48,4,0,0,0.9338046840477242,485.0,577.0,530.0,255.6875,491.7142857142857,496.09598214285717,47.86339689057452
2022-11-29,TON80,Ton Balığı Konservesi 80g,874.0,30.38,0,0,2022,11,29,1,48,4,0,0,0.9200484554815263,1269.0,914.5,809.0,916.0,898.0714285714286,862.5535714285714,224.80740434340325
2022-11-29,ZEYTY,Zeytinyağı 1L,288.0,232.06,0,0,2022,11,29,1,48,4,0,0,0.9352544080604535,336.0,314.0,291.0,281.0,315.2857142857143,301.25,89.01257268070674
2022-11-30,SARDL,Sardalya Konservesi,412.0,24.36,0,0,2022,11,30,2,48,4,0,0,0.9178598342125094,653.0,405.0,454.0,481.0,428.57142857142856,412.85714285714283,108.83298694614092
2022-11-30,SOMON,Somon Konservesi,232.0,74.06,0,0,2022,11,30,2,48,4,0,0,0.9662100456621004,208.0,171.0,149.0,185.0,179.71428571428572,178.67857142857142,27.855067077728638
2022-11-30,TON160,Ton Balığı Konservesi 160g,506.0,53.96,0,0,2022,11,30,2,48,4,0,0,0.9537781705700398,503.0,495.0,482.0,537.0,481.14285714285717,504.92857142857144,31.136412614109755
2022-11-30,TON80,Ton Balığı Konservesi 80g,907.0,31.82,0,0,2022,11,30,2,48,4,0,0,0.9636583888552391,874.0,902.0,1136.0,1050.0,892.2857142857143,861.0535714285714,224.835283623154
2022-11-30,ZEYTY,Zeytinyağı 1L,291.0,235.37,0,0,2022,11,30,2,48,4,0,0,0.9485944584382872,288.0,352.0,321.0,367.0,311.57142857142856,301.5,89.61558112824119
2022-12-01,SARDL,Sardalya Konservesi,408.0,25.69,0,0,2022,12,1,3,48,4,0,0,0.9679728711379051,412.0,402.0,496.0,498.0,429.57142857142856,410.39285714285717,108.6122417023923
2022-12-01,SOMON,Somon Konservesi,187.0,74.23,0,0,2022,12,1,3,48,4,0,0,0.9684279191128506,232.0,205.0,199.0,209.0,188.42857142857142,180.35714285714286,33.61972210304108
2022-12-01,TON160,Ton Balığı Konservesi 160g,535.0,51.54,0,0,2022,12,1,3,48,4,0,0,0.9110030932390631,506.0,511.0,531.0,485.0,482.7142857142857,503.82142857142856,32.211355584193136
2022-12-01,TON80,Ton Balığı Konservesi 80g,1248.0,32.52,1,0,2022,12,1,3,48,4,0,0,0.9848576620230164,907.0,830.0,785.0,918.0,893.0,855.9464285714286,224.8792268455804
2022-12-01,ZEYTY,Zeytinyağı 1L,292.0,229.52,0,0,2022,12,1,3,48,4,0,0,0.9250176322418137,291.0,467.0,352.0,287.0,302.85714285714283,298.7857142857143,87.97997607681063
2022-12-02,SARDL,Sardalya Konservesi,413.0,25.76,0,0,2022,12,2,4,48,4,0,0,0.9706103993971364,408.0,420.0,418.0,515.0,430.42857142857144,407.17857142857144,108.38182065096935
2022-12-02,SOMON,Somon Konservesi,190.0,72.43,0,0,2022,12,2,4,48,4,0,0,0.9449445531637313,187.0,191.0,191.0,192.0,185.85714285714286,179.57142857142858,32.81985461794207
2022-12-02,TON160,Ton Balığı Konservesi 160g,540.0,54.53,0,0,2022,12,2,4,48,4,0,0,0.9638532920901458,535.0,499.0,566.0,588.0,486.14285714285717,505.60714285714283,36.689819529983474
2022-12-02,TON80,Ton Balığı Konservesi 80g,874.0,31.2,0,0,2022,12,2,4,48,4,0,0,0.9448818897637794,1248.0,1073.0,956.0,926.0,952.7142857142857,867.7321428571429,258.3664802083227
2022-12-02,ZEYTY,Zeytinyağı 1L,347.0,232.48,0,0,2022,12,2,4,48,4,0,0,0.9369471032745591,292.0,320.0,307.0,314.0,277.85714285714283,298.9642857142857,50.40313671267024
2022-12-03,SARDL,Sardalya Konservesi,304.0,25.06,0,0,2022,12,3,5,48,4,1,0,0.9442351168048229,413.0,348.0,309.0,251.0,429.42857142857144,403.5357142857143,108.52627507176415
2022-12-03,SOMON,Somon Konservesi,138.0,71.59,0,0,2022,12,3,5,48,4,1,0,0.9339856490541422,190.0,140.0,138.0,150.0,185.71428571428572,179.5,32.79590566780288
2022-12-03,TON160,Ton Balığı Konservesi 160g,406.0,53.73,0,0,2022,12,3,5,48,4,1,0,0.949712770658418,540.0,430.0,534.0,585.0,492.0,503.89285714285717,41.976183723629475
2022-12-03,TON80,Ton Balığı Konservesi 80g,633.0,31.18,0,0,2022,12,3,5,48,4,1,0,0.9442761962447,874.0,594.0,659.0,634.0,924.2857142857143,865.875,253.83374761558176
2022-12-03,ZEYTY,Zeytinyağı 1L,219.0,233.17,0,0,2022,12,3,5,48,4,1,0,0.9397279596977329,347.0,201.0,194.0,252.0,281.7142857142857,300.14285714285717,54.99004238864254
2022-12-04,SARDL,Sardalya Konservesi,288.0,24.57,0,0,2022,12,4,6,48,4,1,0,0.9257724189902035,304.0,318.0,264.0,272.0,423.14285714285717,405.42857142857144,115.10347311792701
2022-12-04,SOMON,Somon Konservesi,121.0,74.06,0,0,2022,12,4,6,48,4,1,0,0.9662100456621004,138.0,146.0,137.0,223.0,185.42857142857142,179.07142857142858,33.265884140047206
2022-12-04,TON160,Ton Balığı Konservesi 160g,364.0,51.71,0,0,2022,12,4,6,48,4,1,0,0.9140079540433054,406.0,445.0,382.0,400.0,488.57142857142856,497.5,48.37649960761539
2022-12-04,TON80,Ton Balığı Konservesi 80g,689.0,31.54,0,0,2022,12,4,6,48,4,1,0,0.9551786795881283,633.0,704.0,578.0,633.0,929.8571428571429,865.8392857142857,245.67283703564442
2022-12-04,ZEYTY,Zeytinyağı 1L,237.0,226.15,0,0,2022,12,4,6,48,4,1,0,0.9114357682619647,219.0,217.0,224.0,217.0,284.2857142857143,298.9642857142857,50.85179212087524
2022-12-05,SARDL,Sardalya Konservesi,437.0,24.65,0,0,2022,12,5,0,49,4,0,0,0.9287867370007535,288.0,454.0,427.0,473.0,418.85714285714283,406.0,120.11997970283436
2022-12-05,SOMON,Somon Konservesi,213.0,70.77,0,0,2022,12,5,0,49,4,0,0,0.9232876712328766,121.0,197.0,181.0,172.0,181.85714285714286,175.42857142857142,39.044541109817
2022-12-05,TON160,Ton Balığı Konservesi 160g,524.0,53.34,0,0,2022,12,5,0,49,4,0,0,0.9428192664604508,364.0,485.0,545.0,487.0,477.0,496.2142857142857,66.73829485385362
2022-12-05,TON80,Ton Balığı Konservesi 80g,801.0,30.62,0,0,2022,12,5,0,49,4,0,0,0.9273167777104785,689.0,1269.0,927.0,1055.0,927.7142857142857,867.8392857142857,248.0253443270886
2022-12-05,ZEYTY,Zeytinyağı 1L,320.0,229.69,0,0,2022,12,5,0,49,4,0,0,0.9257027707808564,237.0,336.0,344.0,263.0,287.14285714285717,299.67857142857144,46.84523658256133
2022-12-06,SARDL,Sardalya Konservesi,435.0,25.45,0,0,2022,12,6,1,49,4,0,0,0.9589299171062547,437.0,653.0,412.0,440.0,416.42857142857144,404.7142857142857,119.46109149406007
2022-12-06,SOMON,Somon Konservesi,184.0,74.34,0,0,2022,12,6,1,49,4,0,0,0.9698630136986301,213.0,208.0,171.0,206.0,184.14285714285714,176.89285714285714,40.51924880608624
2022-12-06,TON160,Ton Balığı Konservesi 160g,668.0,55.17,1,0,2022,12,6,1,49,4,0,0,0.975165709235528,524.0,503.0,577.0,669.0,482.57142857142856,497.5357142857143,69.1034421305163
2022-12-06,TON80,Ton Balığı Konservesi 80g,933.0,29.98,0,0,2022,12,6,1,49,4,0,0,0.9079345850999394,801.0,874.0,914.5,798.0,860.8571428571429,858.7678571428571,198.9098862730108
2022-12-06,ZEYTY,Zeytinyağı 1L,339.0,231.75,0,0,2022,12,6,1,49,4,0,0,0.9340050377833753,320.0,288.0,314.0,309.0,284.85714285714283,301.7142857142857,44.39004607427367
2022-12-07,SARDL,Sardalya Konservesi,474.0,25.0,0,0,2022,12,7,2,49,4,0,0,0.9419743782969103,435.0,412.0,405.0,461.0,385.2857142857143,404.5357142857143,62.203200040173456
2022-12-07,SOMON,Somon Konservesi,76.5,74.65,0,0,2022,12,7,2,49,4,0,0,0.9739073711676451,184.0,232.0,171.0,190.0,180.71428571428572,176.10714285714286,39.15658431526038
2022-12-07,TON160,Ton Balığı Konservesi 160g,562.0,52.4,0,0,2022,12,7,2,49,4,0,0,0.9262041537781704,668.0,506.0,495.0,469.0,506.14285714285717,497.5,98.93504362531381
2022-12-07,TON80,Ton Balığı Konservesi 80g,742.0,30.44,0,0,2022,12,7,2,49,4,0,0,0.9218655360387643,933.0,907.0,902.0,1081.0,869.2857142857143,863.5892857142857,200.80065926660706
2022-12-07,ZEYTY,Zeytinyağı 1L,316.0,232.74,0,0,2022,12,7,2,49,4,0,0,0.9379949622166247,339.0,291.0,352.0,427.0,292.14285714285717,302.7857142857143,48.94360214038349
2022-12-08,SARDL,Sardalya Konservesi,414.0,25.04,0,0,2022,12,8,3,49,4,0,0,0.9434815373021854,474.0,408.0,402.0,390.0,394.14285714285717,405.0,70.50160416952193
2022-12-08,SOMON,Somon Konservesi,157.0,71.9,0,0,2022,12,8,3,49,4,0,0,0.9380300065231573,76.5,187.0,205.0,181.0,158.5,172.05357142857142,48.26230413065681
2022-12-08,TON160,Ton Balığı Konservesi 160g,422.0,52.71,0,0,2022,12,8,3,49,4,0,0,0.9316836058329651,562.0,535.0,511.0,587.0,514.1428571428571,500.82142857142856,101.1606454629273
2022-12-08,TON80,Ton Balığı Konservesi 80g,1076.0,31.38,0,0,2022,12,8,3,49,4,0,0,0.9503331314354935,742.0,1248.0,830.0,969.0,845.7142857142857,851.4821428571429,205.2703211911161
2022-12-08,ZEYTY,Zeytinyağı 1L,371.0,235.81,0,0,2022,12,8,3,49,4,0,0,0.950367758186398,316.0,292.0,467.0,373.0,295.7142857142857,298.82142857142856,49.75176474496218
2022-12-09,SARDL,Sardalya Konservesi,476.0,24.53,0,0,2022,12,9,4,49,4,0,0,0.9242652599849285,414.0,413.0,420.0,434.0,395.0,405.85714285714283,70.73424441763053
2022-12-09,SOMON,Somon Konservesi,184.0,69.9,0,0,2022,12,9,4,49,4,0,0,0.9119373776908024,157.0,190.0,191.0,212.0,154.21428571428572,171.19642857142858,46.61353267637462
2022-12-09,TON160,Ton Balığı Konservesi 160g,502.0,55.46,0,0,2022,12,9,4,49,4,0,0,0.9802916482545293,422.0,540.0,499.0,520.0,498.0,494.92857142857144,106.16967551989548
2022-12-09,TON80,Ton Balığı Konservesi 80g,957.0,31.14,0,0,2022,12,9,4,49,4,0,0,0.9430648092065415,1076.0,874.0,1073.0,857.0,821.1428571428571,855.3035714285714,152.636199912762
2022-12-09,ZEYTY,Zeytinyağı 1L,315.0,237.76,0,0,2022,12,9,4,49,4,0,0,0.9582267002518892,371.0,347.0,320.0,313.0,307.0,298.75,57.175169435691075
2022-12-10,SARDL,Sardalya Konservesi,294.0,24.87,0,0,2022,12,10,5,49,4,1,0,0.9370761115297664,476.0,304.0,348.0,326.0,404.0,407.35714285714283,77.12543895066734
2022-12-10,SOMON,Somon Konservesi,147.0,73.43,0,0,2022,12,10,5,49,4,1,0,0.9579908675799087,184.0,138.0,140.0,142.0,153.35714285714286,170.19642857142858,45.89545573521276
2022-12-10,TON160,Ton Balığı Konservesi 160g,353.0,54.01,0,0,2022,12,10,5,49,4,1,0,0.9546619531595226,502.0,406.0,430.0,375.0,492.57142857142856,494.2857142857143,104.6244986333775
2022-12-10,TON80,Ton Balığı Konservesi 80g,791.5,31.21,0,0,2022,12,10,5,49,4,1,0,0.9451847365233191,957.0,633.0,594.0,724.0,833.0,858.875,160.45040770696875
2022-12-10,ZEYTY,Zeytinyağı 1L,217.0,233.7,0,0,2022,12,10,5,49,4,1,0,0.9418639798488665,315.0,219.0,201.0,221.0,302.42857142857144,298.82142857142856,54.66826362359632
2022-12-11,SARDL,Sardalya Konservesi,339.0,24.71,0,0,2022,12,11,6,49,4,1,0,0.9310474755086662,294.0,288.0,318.0,335.0,402.57142857142856,406.2142857142857,79.34703763186222
2022-12-11,SOMON,Somon Konservesi,136.0,71.68,0,0,2022,12,11,6,49,4,1,0,0.9351598173515981,147.0,121.0,146.0,150.0,154.64285714285714,170.375,45.518049795030464
2022-12-11,TON160,Ton Balığı Konservesi 160g,341.0,52.51,0,0,2022,12,11,6,49,4,1,0,0.9281484754750331,353.0,364.0,445.0,365.0,485.0,493.5,113.47686988985863
2022-12-11,TON80,Ton Balığı Konservesi 80g,626.0,31.74,0,0,2022,12,11,6,49,4,1,0,0.9612356147789217,791.5,689.0,704.0,630.0,855.6428571428571,861.2857142857143,136.99109286303525
2022-12-11,ZEYTY,Zeytinyağı 1L,217.0,229.31,0,0,2022,12,11,6,49,4,1,0,0.9241712846347607,217.0,237.0,217.0,234.0,302.14285714285717,298.67857142857144,55.17979271263621
2022-12-12,SARDL,Sardalya Konservesi,630.0,24.76,1,0,2022,12,12,0,50,4,0,0,0.9329314242652601,339.0,437.0,454.0,434.0,409.85714285714283,406.35714285714283,68.70086989121259
2022-12-12,SOMON,Somon Konservesi,191.0,72.33,0,0,2022,12,12,0,50,4,0,0,0.9436399217221134,136.0,213.0,197.0,173.0,156.78571428571428,169.875,43.997970732426325
2022-12-12,TON160,Ton Balığı Konservesi 160g,521.0,52.65,0,0,2022,12,12,0,50,4,0,0,0.9306230667255855,341.0,524.0,485.0,556.0,481.7142857142857,492.64285714285717,117.81442227179998
2022-12-12,TON80,Ton Balığı Konservesi 80g,920.0,31.34,0,0,2022,12,12,0,50,4,0,0,0.9491217443973349,626.0,801.0,1269.0,824.0,846.6428571428571,861.1428571428571,151.10612007396895
2022-12-12,ZEYTY,Zeytinyağı 1L,451.0,230.21,1,0,2022,12,12,0,50,4,0,0,0.9277984886649875,217.0,320.0,336.0,337.0,299.2857142857143,298.07142857142856,59.46627695793698
2022-12-13,SARDL,Sardalya Konservesi,391.0,24.94,0,0,2022,12,13,1,50,4,0,0,0.9397136397889978,630.0,435.0,653.0,470.0,437.42857142857144,413.35714285714283,108.56926689577293
2022-12-13,SOMON,Somon Konservesi,262.0,72.63,1,0,2022,12,13,1,50,4,0,0,0.9475538160469666,191.0,184.0,208.0,194.0,153.64285714285714,170.51785714285714,39.908973808859166
2022-12-13,TON160,Ton Balığı Konservesi 160g,533.0,53.32,0,0,2022,12,13,1,50,4,0,0,0.9424657534246574,521.0,668.0,503.0,530.0,481.2857142857143,491.39285714285717,117.64029112186861
2022-12-13,TON80,Ton Balığı Konservesi 80g,968.0,31.215,0,0,2022,12,13,1,50,4,0,0,0.945336159903089,920.0,933.0,874.0,809.0,863.6428571428571,864.5714285714286,151.80763987299443
2022-12-13,ZEYTY,Zeytinyağı 1L,401.6666666666667,228.88,0,0,2022,12,13,1,50,4,0,0,0.9224382871536524,451.0,339.0,288.0,291.0,318.0,302.14285714285717,83.02007789284069
2022-12-14,SARDL,Sardalya Konservesi,431.0,24.9,0,0,2022,12,14,2,50,4,0,0,0.9382064807837227,391.0,474.0,412.0,454.0,431.14285714285717,410.5357142857143,109.9976190218499
2022-12-14,SOMON,Somon Konservesi,191.0,69.99,0,0,2022,12,14,2,50,4,0,0,0.9131115459882582,262.0,76.5,232.0,149.0,164.78571428571428,172.94642857142858,57.0188982873641
2022-12-14,TON160,Ton Balığı Konservesi 160g,526.0,51.93,0,0,2022,12,14,2,50,4,0,0,0.9178965974370304,533.0,562.0,506.0,482.0,462.0,491.5,89.66976450658596
2022-12-14,TON80,Ton Balığı Konservesi 80g,843.0,31.09,0,0,2022,12,14,2,50,4,0,0,0.941550575408843,968.0,742.0,907.0,1136.0,868.6428571428571,870.25,155.01524502601495
2022-12-14,ZEYTY,Zeytinyağı 1L,352.3333333333333,237.48,0,0,2022,12,14,2,50,4,0,0,0.9570982367758186,401.6666666666667,316.0,291.0,321.0,326.9523809523809,306.0952380952381,88.83701859594281
2022-12-15,SARDL,Sardalya Konservesi,427.0,25.02,0,0,2022,12,15,3,50,4,0,0,0.9427279577995479,431.0,414.0,408.0,496.0,425.0,409.7142857142857,108.39434179574671
2022-12-15,SOMON,Somon Konservesi,210.0,72.4,0,0,2022,12,15,3,50,4,0,0,0.944553163731246,191.0,157.0,187.0,199.0,181.14285714285714,174.44642857142858,41.886467868229154
2022-12-15,TON160,Ton Balığı Konservesi 160g,607.0,55.04,0,0,2022,12,15,3,50,4,0,0,0.9728678745028723,526.0,422.0,535.0,531.0,456.85714285714283,493.07142857142856,83.8201021462599
2022-12-15,TON80,Ton Balığı Konservesi 80g,832.0,31.54,0,0,2022,12,15,3,50,4,0,0,0.9551786795881283,843.0,1076.0,1248.0,785.0,883.0714285714286,859.7857142857143,145.6824253217194
2022-12-15,ZEYTY,Zeytinyağı 1L,303.0,234.03,0,0,2022,12,15,3,50,4,0,0,0.9431939546599496,352.3333333333333,371.0,292.0,352.0,332.14285714285717,307.2142857142857,89.15131895803727
2022-12-16,SARDL,Sardalya Konservesi,405.0,24.92,0,0,2022,12,16,4,50,4,0,0,0.9389600602863603,427.0,476.0,413.0,418.0,426.85714285714283,407.25,108.28577710765786
2022-12-16,SOMON,Somon Konservesi,198.0,71.25,0,0,2022,12,16,4,50,4,0,0,0.9295499021526418,210.0,184.0,190.0,191.0,188.71428571428572,174.83928571428572,41.5841086863491
2022-12-16,TON160,Ton Balığı Konservesi 160g,578.0,54.0,0,0,2022,12,16,4,50,4,0,0,0.9544851966416261,607.0,502.0,540.0,566.0,483.2857142857143,495.7857142857143,98.82090582751877
2022-12-16,TON80,Ton Balığı Konservesi 80g,896.0,31.23,0,0,2022,12,16,4,50,4,0,0,0.9457904300423985,832.0,957.0,874.0,956.0,848.2142857142857,861.4642857142857,118.47779578991712
2022-12-16,ZEYTY,Zeytinyağı 1L,345.0,235.36,0,0,2022,12,16,4,50,4,0,0,0.9485541561712847,303.0,315.0,347.0,307.0,322.42857142857144,305.4642857142857,87.9077197734488
2022-12-17,SARDL,Sardalya Konservesi,322.0,25.09,0,0,2022,12,17,5,50,4,1,0,0.9453654860587792,405.0,294.0,304.0,309.0,416.7142857142857,406.7857142857143,106.22101845635154
2022-12-17,SOMON,Somon Konservesi,137.0,73.3,0,0,2022,12,17,5,50,4,1,0,0.9562948467058056,198.0,147.0,138.0,138.0,190.71428571428572,175.08928571428572,41.65618915885241
2022-12-17,TON160,Ton Balığı Konservesi 160g,410.0,55.73,0,0,2022,12,17,5,50,4,1,0,0.9850640742377375,578.0,353.0,406.0,534.0,494.14285714285717,496.2142857142857,105.18939834322384
2022-12-17,TON80,Ton Balığı Konservesi 80g,665.0,31.9,0,0,2022,12,17,5,50,4,1,0,0.9660811629315565,896.0,791.5,633.0,659.0,839.5,859.3214285714286,111.16016972518763
2022-12-17,ZEYTY,Zeytinyağı 1L,269.0,230.87,1,0,2022,12,17,5,50,4,1,0,0.9304584382871537,345.0,217.0,219.0,194.0,326.7142857142857,306.82142857142856,88.21594476087031
2022-12-18,SARDL,Sardalya Konservesi,341.0,24.36,0,0,2022,12,18,6,50,4,1,0,0.9178598342125094,322.0,339.0,288.0,264.0,420.7142857142857,407.25,101.24016707103584
2022-12-18,SOMON,Somon Konservesi,167.5,69.96,0,0,2022,12,18,6,50,4,1,0,0.9127201565557729,137.0,136.0,121.0,137.0,189.28571428571428,175.05357142857142,43.53433237386435
2022-12-18,TON160,Ton Balığı Konservesi 160g,343.0,54.23,0,0,2022,12,18,6,50,4,1,0,0.9585505965532478,410.0,341.0,364.0,382.0,502.2857142857143,491.7857142857143,94.05975810748181
2022-12-18,TON80,Ton Balığı Konservesi 80g,682.0,31.22,0,0,2022,12,18,6,50,4,1,0,0.9454875832828588,665.0,626.0,689.0,578.0,821.4285714285714,859.5357142857143,129.0992604456671
2022-12-18,ZEYTY,Zeytinyağı 1L,284.0,237.53,0,0,2022,12,18,6,50,4,1,0,0.9572997481108312,269.0,217.0,237.0,224.0,334.14285714285717,309.5,79.16201322998529
2022-12-19,SARDL,Sardalya Konservesi,435.0,23.25,0,0,2022,12,19,0,51,4,0,0,0.8760361718161266,341.0,630.0,437.0,427.0,421.0,410.0,100.97359390784547
2022-12-19,SOMON,Somon Konservesi,198.0,73.61,0,0,2022,12,19,0,51,4,0,0,0.9603392041748205,167.5,191.0,213.0,181.0,193.78571428571428,176.14285714285714,38.43810733163239
2022-12-19,TON160,Ton Balığı Konservesi 160g,548.0,52.36,0,0,2022,12,19,0,51,4,0,0,0.9254971277065841,343.0,521.0,524.0,545.0,502.57142857142856,490.39285714285717,93.48949520820833
2022-12-19,TON80,Ton Balığı Konservesi 80g,937.0,32.11,0,0,2022,12,19,0,51,4,0,0,0.9724409448818897,682.0,920.0,801.0,927.0,829.4285714285714,863.25,116.04576273013251
2022-12-19,ZEYTY,Zeytinyağı 1L,299.0,229.05,0,0,2022,12,19,0,51,4,0,0,0.9231234256926952,284.0,451.0,320.0,344.0,343.7142857142857,311.64285714285717,65.5112171824003
2022-12-20,SARDL,Sardalya Konservesi,432.0,25.35,0,0,2022,12,20,1,51,4,0,0,0.9551620195930671,435.0,391.0,435.0,412.0,393.14285714285717,410.2857142857143,45.197450412708974
2022-12-20,SOMON,Somon Konservesi,167.0,72.6,0,0,2022,12,20,1,51,4,0,0,0.9471624266144812,198.0,262.0,184.0,171.0,194.78571428571428,176.75,38.44461074374523
2022-12-20,TON160,Ton Balığı Konservesi 160g,505.0,52.71,0,0,2022,12,20,1,51,4,0,0,0.9316836058329651,548.0,533.0,668.0,577.0,506.42857142857144,490.5,94.92252479936258
2022-12-20,TON80,Ton Balığı Konservesi 80g,803.0,31.26,0,0,2022,12,20,1,51,4,0,0,0.9466989703210176,937.0,968.0,933.0,914.5,831.8571428571429,863.6071428571429,118.41090683354311
2022-12-20,ZEYTY,Zeytinyağı 1L,299.0,230.34,0,0,2022,12,20,1,51,4,0,0,0.9283224181360201,299.0,401.6666666666667,339.0,314.0,322.0,310.0357142857143,46.437931494431226
2022-12-21,SARDL,Sardalya Konservesi,429.0,24.05,0,0,2022,12,21,2,51,4,0,0,0.9061793519216278,432.0,431.0,474.0,405.0,399.0,411.0,47.47279922931069
2022-12-21,SOMON,Somon Konservesi,218.0,73.69,0,0,2022,12,21,2,51,4,0,0,0.9613829093281147,167.0,191.0,76.5,171.0,181.21428571428572,176.60714285714286,25.274916984461694
2022-12-21,TON160,Ton Balığı Konservesi 160g,487.0,52.64,0,0,2022,12,21,2,51,4,0,0,0.9304463102076889,505.0,526.0,562.0,495.0,502.42857142857144,487.92857142857144,94.20342729585589
2022-12-21,TON80,Ton Balığı Konservesi 80g,875.0,30.59,0,0,2022,12,21,2,51,4,0,0,0.9264082374318594,803.0,843.0,742.0,902.0,808.2857142857143,859.625,102.09099582514878
2022-12-21,ZEYTY,Zeytinyağı 1L,311.0,232.92,0,0,2022,12,21,2,51,4,0,0,0.93872040302267,299.0,352.3333333333333,316.0,352.0,307.3333333333333,309.5,30.592301137522647
2022-12-22,SARDL,Sardalya Konservesi,393.0,25.21,0,0,2022,12,22,3,51,4,0,0,0.9498869630746044,429.0,427.0,414.0,402.0,398.7142857142857,411.85714285714283,47.25362168029596
2022-12-22,SOMON,Somon Konservesi,197.5,70.97,0,0,2022,12,22,3,51,4,0,0,0.9258969341161121,218.0,210.0,157.0,205.0,185.07142857142858,178.28571428571428,28.827690061566056
2022-12-22,TON160,Ton Balığı Konservesi 160g,564.0,52.75,0,0,2022,12,22,3,51,4,0,0,0.9323906319045514,487.0,607.0,422.0,511.0,496.85714285714283,487.64285714285717,93.72909290685979
2022-12-22,TON80,Ton Balığı Konservesi 80g,883.0,30.89,0,0,2022,12,22,3,51,4,0,0,0.9354936402180496,875.0,832.0,1076.0,830.0,812.8571428571429,858.6607142857143,104.59035738127098
2022-12-22,ZEYTY,Zeytinyağı 1L,298.0,231.46,0,0,2022,12,22,3,51,4,0,0,0.9328362720403023,311.0,303.0,371.0,467.0,301.42857142857144,308.0357142857143,23.66331297499047
2022-12-23,SARDL,Sardalya Konservesi,466.0,24.72,0,0,2022,12,23,4,51,4,0,0,0.9314242652599849,393.0,405.0,476.0,420.0,393.85714285714283,411.5357142857143,45.57933951337991
2022-12-23,SOMON,Somon Konservesi,177.0,74.25,0,0,2022,12,23,4,51,4,0,0,0.9686888454011741,197.5,198.0,184.0,191.0,183.28571428571428,178.01785714285714,27.37678022043674
2022-12-23,TON160,Ton Balığı Konservesi 160g,584.0,55.54,0,0,2022,12,23,4,51,4,0,0,0.9817057003977021,564.0,578.0,502.0,499.0,490.7142857142857,489.5357142857143,86.4324674446549
2022-12-23,TON80,Ton Balığı Konservesi 80g,935.0,31.31,0,0,2022,12,23,4,51,4,0,0,0.9482132041187158,883.0,896.0,957.0,1073.0,820.1428571428571,860.5535714285714,107.87095465018376
2022-12-23,ZEYTY,Zeytinyağı 1L,434.0,233.51,1,0,2022,12,23,4,51,4,0,0,0.9410982367758186,298.0,345.0,315.0,320.0,300.7142857142857,302.0,23.68342800155273
2022-12-24,SARDL,Sardalya Konservesi,272.0,25.2,0,0,2022,12,24,5,51,4,1,0,0.9495101733232856,466.0,322.0,294.0,348.0,402.57142857142856,413.17857142857144,53.25053096090995
2022-12-24,SOMON,Somon Konservesi,123.0,72.06,0,0,2022,12,24,5,51,4,1,0,0.9401174168297456,177.0,137.0,147.0,140.0,180.28571428571428,177.51785714285714,26.636217735220917
2022-12-24,TON160,Ton Balığı Konservesi 160g,341.0,54.32,0,0,2022,12,24,5,51,4,1,0,0.9601414052143172,584.0,410.0,353.0,430.0,491.57142857142856,492.57142857142856,87.4659117272873
2022-12-24,TON80,Ton Balığı Konservesi 80g,666.0,31.24,0,0,2022,12,24,5,51,4,1,0,0.9460932768019381,935.0,665.0,791.5,594.0,825.7142857142857,855.625,113.3118326944304
2022-12-24,ZEYTY,Zeytinyağı 1L,248.0,233.16,0,0,2022,12,24,5,51,4,1,0,0.9396876574307305,434.0,269.0,217.0,201.0,313.42857142857144,306.07142857142856,54.82960618393776
2022-12-25,SARDL,Sardalya Konservesi,286.0,25.37,0,0,2022,12,25,6,51,4,1,0,0.9559155990957047,272.0,341.0,339.0,318.0,395.42857142857144,410.4642857142857,67.34700474125641
2022-12-25,SOMON,Somon Konservesi,144.0,72.56,0,0,2022,12,25,6,51,4,1,0,0.9466405740378343,123.0,167.5,136.0,146.0,178.28571428571428,176.91071428571428,30.65107005045824
2022-12-25,TON160,Ton Balığı Konservesi 160g,390.0,53.78,0,0,2022,12,25,6,51,4,1,0,0.950596553247901,341.0,343.0,341.0,445.0,481.7142857142857,489.39285714285717,101.02757756460032
2022-12-25,TON80,Ton Balığı Konservesi 80g,539.0,31.34,0,0,2022,12,25,6,51,4,1,0,0.9491217443973349,666.0,682.0,626.0,704.0,825.8571428571429,858.1964285714286,113.07582790827584
2022-12-25,ZEYTY,Zeytinyağı 1L,198.0,237.1,0,0,2022,12,25,6,51,4,1,0,0.9555667506297228,248.0,284.0,217.0,217.0,310.42857142857144,307.75,58.14022458062663
2022-12-26,SARDL,Sardalya Konservesi,439.0,24.77,0,0,2022,12,26,0,52,4,0,0,0.9333082140165787,286.0,435.0,630.0,454.0,387.57142857142856,409.32142857142856,77.23741999587246
2022-12-26,SOMON,Somon Konservesi,201.0,70.75,0,0,2022,12,26,0,52,4,0,0,0.9230267449445531,144.0,198.0,191.0,197.0,174.92857142857142,176.83928571428572,33.2094722574607
2022-12-26,TON160,Ton Balığı Konservesi 160g,533.0,53.98,0,0,2022,12,26,0,52,4,0,0,0.9541316836058329,390.0,548.0,521.0,485.0,488.42857142857144,487.42857142857144,91.37260191628715
2022-12-26,TON80,Ton Balığı Konservesi 80g,1197.0,30.72,1,0,2022,12,26,0,52,4,0,0,0.9303452453058751,539.0,937.0,920.0,1269.0,805.4285714285714,852.3035714285714,150.21524239443264
2022-12-26,ZEYTY,Zeytinyağı 1L,333.0,237.25,0,0,2022,12,26,0,52,4,0,0,0.9561712846347608,198.0,299.0,451.0,336.0,298.14285714285717,307.07142857142856,72.07271460460022
2022-12-27,SARDL,Sardalya Konservesi,418.0,25.22,0,0,2022,12,27,1,52,4,0,0,0.9502637528259231,439.0,432.0,391.0,653.0,388.14285714285717,408.7857142857143,77.66043302185876
2022-12-27,SOMON,Somon Konservesi,205.0,73.62,0,0,2022,12,27,1,52,4,0,0,0.9604696673189824,201.0,167.0,262.0,208.0,175.35714285714286,176.98214285714286,33.57418934950172
2022-12-27,TON160,Ton Balığı Konservesi 160g,551.0,55.47,0,0,2022,12,27,1,52,4,0,0,0.9804684047724259,533.0,505.0,533.0,503.0,486.2857142857143,489.14285714285717,89.90683008113454
2022-12-27,TON80,Ton Balığı Konservesi 80g,940.0,30.56,0,0,2022,12,27,1,52,4,0,0,0.9254996971532403,1197.0,803.0,968.0,874.0,842.5714285714286,849.7321428571429,208.86507378596895
2022-12-27,ZEYTY,Zeytinyağı 1L,280.0,232.81,0,0,2022,12,27,1,52,4,0,0,0.9382770780856423,333.0,299.0,401.6666666666667,288.0,303.0,306.9642857142857,73.27573495594095
2022-12-28,SARDL,Sardalya Konservesi,424.0,24.92,0,0,2022,12,28,2,52,4,0,0,0.9389600602863603,418.0,429.0,431.0,412.0,386.14285714285717,400.39285714285717,76.51454888108496
2022-12-28,SOMON,Somon Konservesi,176.0,73.38,0,0,2022,12,28,2,52,4,0,0,0.9573385518590997,205.0,218.0,191.0,232.0,180.78571428571428,176.875,35.037904644895136
2022-12-28,TON160,Ton Balığı Konservesi 160g,575.5,53.86,0,0,2022,12,28,2,52,4,0,0,0.9520106053910737,551.0,487.0,526.0,506.0,492.85714285714283,490.85714285714283,93.1261305460293
2022-12-28,TON80,Ton Balığı Konservesi 80g,984.0,32.28,0,0,2022,12,28,2,52,4,0,0,0.9775893397940641,940.0,875.0,843.0,907.0,862.1428571428571,852.0892857142857,210.94740937923078
2022-12-28,ZEYTY,Zeytinyağı 1L,317.0,234.96,0,0,2022,12,28,2,52,4,0,0,0.9469420654911839,280.0,311.0,352.3333333333333,291.0,300.2857142857143,306.67857142857144,73.79863206888095
2022-12-29,SARDL,Sardalya Konservesi,470.0,24.78,0,0,2022,12,29,3,52,4,0,0,0.9336850037678975,424.0,393.0,427.0,408.0,385.42857142857144,400.82142857142856,76.06983007486474
2022-12-29,SOMON,Somon Konservesi,200.0,72.56,0,0,2022,12,29,3,52,4,0,0,0.9466405740378343,176.0,197.5,210.0,187.0,174.78571428571428,174.875,30.96215047287198
2022-12-29,TON160,Ton Balığı Konservesi 160g,600.0,53.6,0,0,2022,12,29,3,52,4,0,0,0.9474149359257622,575.5,564.0,607.0,535.0,505.5,493.3392857142857,98.07437653808066
2022-12-29,TON80,Ton Balığı Konservesi 80g,1004.0,31.2,0,0,2022,12,29,3,52,4,0,0,0.9448818897637794,984.0,883.0,832.0,1248.0,877.7142857142857,854.8392857142857,216.01675420031054
2022-12-29,ZEYTY,Zeytinyağı 1L,281.0,229.72,0,0,2022,12,29,3,52,4,0,0,0.925823677581864,317.0,298.0,303.0,292.0,301.14285714285717,307.60714285714283,73.97843958755479
2022-12-30,SARDL,Sardalya Konservesi,203.0,24.39,0,0,2022,12,30,4,52,4,0,0,0.9189902034664658,470.0,466.0,405.0,413.0,396.42857142857144,403.0357142857143,82.6314248996842
2022-12-30,SOMON,Somon Konservesi,195.0,74.88,0,0,2022,12,30,4,52,4,0,0,0.9769080234833658,200.0,177.0,198.0,190.0,175.14285714285714,175.33928571428572,31.280604061881462
2022-12-30,TON160,Ton Balığı Konservesi 160g,454.0,54.33,0,0,2022,12,30,4,52,4,0,0,0.9603181617322138,600.0,584.0,578.0,540.0,510.64285714285717,495.6607142857143,102.4974447997416
2022-12-30,TON80,Ton Balığı Konservesi 80g,873.0,31.43,0,0,2022,12,30,4,52,4,0,0,0.9518473652331919,1004.0,935.0,896.0,874.0,895.0,846.125,221.28714377477814
2022-12-30,ZEYTY,Zeytinyağı 1L,421.0,234.65,1,0,2022,12,30,4,52,4,0,0,0.9456926952141058,281.0,434.0,345.0,347.0,298.7142857142857,307.2142857142857,74.37677568908676
2022-12-31,SARDL,Sardalya Konservesi,332.0,24.46,0,0,2022,12,31,5,52,4,1,0,0.9216277317256971,203.0,272.0,322.0,304.0,358.85714285714283,395.5357142857143,103.00554770080375
2022-12-31,SOMON,Somon Konservesi,129.0,73.4,0,0,2022,12,31,5,52,4,1,0,0.9575994781474234,195.0,123.0,137.0,138.0,177.71428571428572,175.51785714285714,32.18547439303583
2022-12-31,TON160,Ton Balığı Konservesi 160g,447.0,53.26,0,0,2022,12,31,5,52,4,1,0,0.9414052143172779,454.0,341.0,410.0,406.0,492.07142857142856,492.5892857142857,98.6975297611459
2022-12-31,TON80,Ton Balığı Konservesi 80g,625.0,30.97,0,0,2022,12,31,5,52,4,1,0,0.9379164142943669,873.0,666.0,665.0,633.0,886.1428571428571,846.0892857142857,220.65918560185867
2022-12-31,ZEYTY,Zeytinyağı 1L,225.0,233.17,0,0,2022,12,31,5,52,4,1,0,0.9397279596977329,421.0,248.0,269.0,219.0,296.85714285714283,309.85714285714283,70.49687598617038
2023-01-01,SARDL,Sardalya Konservesi,203.0,25.08,0,1,2023,1,1,6,52,1,1,0,0.9449886963074604,332.0,286.0,341.0,288.0,367.42857142857144,396.5357142857143,96.88800603937223
2023-01-01,SOMON,Somon Konservesi,76.5,71.12,0,1,2023,1,1,6,52,1,1,0,0.9278538812785389,129.0,144.0,167.5,121.0,178.57142857142858,175.19642857142858,30.522435152180286
2023-01-01,TON160,Ton Balığı Konservesi 160g,255.6875,53.6,0,1,2023,1,1,6,52,1,1,0,0.9474149359257622,447.0,390.0,343.0,364.0,507.2142857142857,494.05357142857144,77.51443797924348
2023-01-01,TON80,Ton Balığı Konservesi 80g,428.75,31.12,0,1,2023,1,1,6,52,1,1,0,0.9424591156874621,625.0,539.0,682.0,689.0,880.2857142857143,845.8035714285714,227.90181678792604
2023-01-01,ZEYTY,Zeytinyağı 1L,123.0,230.01,0,1,2023,1,1,6,52,1,1,0,0.926992443324937,225.0,198.0,284.0,237.0,293.57142857142856,310.07142857142856,73.62032586828407
2023-01-02,SARDL,Sardalya Konservesi,353.0,25.55,0,0,2023,1,2,0,1,1,0,0,0.9626978146194424,203.0,439.0,435.0,437.0,355.57142857142856,393.5,112.35784669654988
2023-01-02,SOMON,Somon Konservesi,227.0,72.21,0,0,2023,1,2,0,1,1,0,0,0.942074363992172,76.5,201.0,198.0,213.0,168.92857142857142,173.60714285714286,48.58362941999141
2023-01-02,TON160,Ton Balığı Konservesi 160g,542.0,55.52,0,0,2023,1,2,0,1,1,0,0,0.981352187361909,255.6875,533.0,548.0,524.0,488.0267857142857,490.18526785714283,117.61543452705516
2023-01-02,TON80,Ton Balığı Konservesi 80g,897.0,31.47,0,0,2023,1,2,0,1,1,0,0,0.9530587522713506,428.75,1197.0,937.0,801.0,864.5357142857143,836.5089285714286,257.32843914973205
2023-01-02,ZEYTY,Zeytinyağı 1L,309.0,237.78,0,0,2023,1,2,0,1,1,0,0,0.9583073047858942,123.0,333.0,299.0,320.0,282.85714285714283,306.0,92.80522358040768
2023-01-03,SARDL,Sardalya Konservesi,472.0,25.36,0,0,2023,1,3,1,1,1,0,0,0.9555388093443858,353.0,418.0,432.0,435.0,343.2857142857143,390.5,106.2508263273174
2023-01-03,SOMON,Somon Konservesi,200.0,72.26,0,0,2023,1,3,1,1,1,0,0,0.9427266797129811,227.0,205.0,167.0,184.0,172.64285714285714,174.10714285714286,52.296203085337496
2023-01-03,TON160,Ton Balığı Konservesi 160g,567.0,54.64,0,0,2023,1,3,1,1,1,0,0,0.9657976137870083,542.0,551.0,505.0,668.0,489.3125,490.828125,118.23654896188644
2023-01-03,TON80,Ton Balığı Konservesi 80g,982.0,31.65,0,0,2023,1,3,1,1,1,0,0,0.9585099939430647,897.0,940.0,803.0,933.0,821.6785714285714,839.9375,214.07624782061075
2023-01-03,ZEYTY,Zeytinyağı 1L,306.0,227.47,0,0,2023,1,3,1,1,1,0,0,0.9167556675062972,309.0,280.0,299.0,339.0,279.42857142857144,305.60714285714283,91.07113912185523
2023-01-04,SARDL,Sardalya Konservesi,415.0,25.31,0,0,2023,1,4,2,1,1,0,0,0.953654860587792,472.0,424.0,429.0,474.0,351.0,391.82142857142856,114.23951447142248
2023-01-04,SOMON,Somon Konservesi,178.0,73.68,0,0,2023,1,4,2,1,1,0,0,0.961252446183953,200.0,176.0,218.0,76.5,171.92857142857142,174.67857142857142,51.81250538514539
2023-01-04,TON160,Ton Balığı Konservesi 160g,566.0,54.48,0,0,2023,1,4,2,1,1,0,0,0.9629695095006627,567.0,575.5,487.0,562.0,491.5982142857143,487.22098214285717,119.77250493743544
2023-01-04,TON80,Ton Balığı Konservesi 80g,790.0,31.98,0,0,2023,1,4,2,1,1,0,0,0.968503937007874,982.0,984.0,875.0,742.0,827.6785714285714,841.6875,218.48830605080803
2023-01-04,ZEYTY,Zeytinyağı 1L,324.0,230.37,0,0,2023,1,4,2,1,1,0,0,0.9284433249370277,306.0,317.0,311.0,316.0,283.14285714285717,304.42857142857144,91.62683117120294
2023-01-05,SARDL,Sardalya Konservesi,470.0,24.6,0,0,2023,1,5,3,1,1,0,0,0.9269027882441598,415.0,470.0,393.0,414.0,349.7142857142857,389.7142857142857,113.32801107951101
2023-01-05,SOMON,Somon Konservesi,205.0,72.25,0,0,2023,1,5,3,1,1,0,0,0.9425962165688192,178.0,200.0,197.5,157.0,172.21428571428572,178.30357142857142,51.84420342305815
2023-01-05,TON160,Ton Balığı Konservesi 160g,530.0,53.23,0,0,2023,1,5,3,1,1,0,0,0.940874944763588,566.0,600.0,564.0,422.0,490.24107142857144,487.3638392857143,118.71249642744279
2023-01-05,TON80,Ton Balığı Konservesi 80g,964.0,29.79,0,0,2023,1,5,3,1,1,0,0,0.9021804966686855,790.0,1004.0,883.0,1076.0,799.9642857142857,843.4017857142857,207.37628985792279
2023-01-05,ZEYTY,Zeytinyağı 1L,275.0,236.98,0,0,2023,1,5,3,1,1,0,0,0.9550831234256927,324.0,281.0,298.0,371.0,284.14285714285717,304.7142857142857,92.0949303190796
2023-01-06,SARDL,Sardalya Konservesi,410.0,25.71,0,0,2023,1,6,4,1,1,0,0,0.9687264506405426,470.0,203.0,466.0,476.0,349.7142857142857,391.7142857142857,113.32801107951101
2023-01-06,SOMON,Somon Konservesi,164.0,73.53,0,0,2023,1,6,4,1,1,0,0,0.9592954990215263,205.0,195.0,177.0,184.0,172.92857142857142,180.01785714285714,52.32305783258837
2023-01-06,TON160,Ton Balığı Konservesi 160g,477.0,52.92,0,0,2023,1,6,4,1,1,0,0,0.9353954927087936,530.0,454.0,584.0,502.0,480.24107142857144,491.22098214285717,110.59663259507026
2023-01-06,TON80,Ton Balığı Konservesi 80g,881.0,30.55,0,0,2023,1,6,4,1,1,0,0,0.9251968503937007,964.0,873.0,935.0,957.0,794.25,839.4017857142857,201.2784658957148
2023-01-06,ZEYTY,Zeytinyağı 1L,289.0,239.12,0,0,2023,1,6,4,1,1,0,0,0.9637078085642318,275.0,421.0,434.0,315.0,283.2857142857143,301.2857142857143,92.1569572083665
2023-01-07,SARDL,Sardalya Konservesi,338.0,24.93,0,0,2023,1,7,5,1,1,1,0,0.939336850037679,410.0,332.0,272.0,294.0,379.2857142857143,389.35714285714283,94.0278580806658
2023-01-07,SOMON,Somon Konservesi,133.0,73.8,0,0,2023,1,7,5,1,1,1,0,0.9628180039138943,164.0,129.0,123.0,147.0,168.5,179.30357142857142,51.44819400782377
2023-01-07,TON160,Ton Balığı Konservesi 160g,393.0,55.2,0,0,2023,1,7,5,1,1,1,0,0.9756959787892179,477.0,447.0,341.0,353.0,483.5267857142857,490.328125,110.02729217026717
2023-01-07,TON80,Ton Balığı Konservesi 80g,548.0,30.68,0,0,2023,1,7,5,1,1,1,0,0.9291338582677164,881.0,625.0,666.0,791.5,795.3928571428571,836.6875,201.82210902295935
2023-01-07,ZEYTY,Zeytinyağı 1L,226.0,242.96,0,0,2023,1,7,5,1,1,1,0,0.979183879093199,289.0,225.0,248.0,217.0,264.42857142857144,300.35714285714283,70.16137860403647
2023-01-08,SARDL,Sardalya Konservesi,265.0,25.52,0,0,2023,1,8,6,1,1,1,0,0.9615674453654861,338.0,203.0,286.0,339.0,380.14285714285717,390.92857142857144,93.55110648094579
2023-01-08,SOMON,Somon Konservesi,144.0,72.18,0,0,2023,1,8,6,1,1,1,0,0.9416829745596869,133.0,76.5,144.0,136.0,169.07142857142858,178.80357142857142,50.95621369652303
2023-01-08,TON160,Ton Balığı Konservesi 160g,441.0,55.16,0,0,2023,1,8,6,1,1,1,0,0.9749889527176313,393.0,255.6875,390.0,341.0,475.8125,491.75669642857144,114.80443629821067
2023-01-08,TON80,Ton Balığı Konservesi 80g,680.0,31.76,0,0,2023,1,8,6,1,1,1,0,0.9618413082980012,548.0,428.75,539.0,626.0,784.3928571428571,827.9910714285714,214.36552977832494
2023-01-08,ZEYTY,Zeytinyağı 1L,206.0,229.81,0,0,2023,1,8,6,1,1,1,0,0.9261863979848867,226.0,123.0,198.0,217.0,264.57142857142856,300.67857142857144,70.06867379663288
2023-01-09,SARDL,Sardalya Konservesi,424.0,25.16,0,0,2023,1,9,0,2,1,0,0,0.9480030143180106,265.0,353.0,439.0,630.0,389.0,388.2857142857143,75.09993342207271
2023-01-09,SOMON,Somon Konservesi,192.0,75.19,0,0,2023,1,9,0,2,1,0,0,0.9809523809523808,144.0,227.0,201.0,191.0,178.71428571428572,179.08928571428572,34.125817624951246
2023-01-09,TON160,Ton Balığı Konservesi 160g,492.0,53.94,0,0,2023,1,9,0,2,1,0,0,0.9534246575342464,441.0,542.0,533.0,521.0,502.2857142857143,495.328125,66.99680162941601
2023-01-09,TON80,Ton Balığı Konservesi 80g,711.0,31.07,0,0,2023,1,9,0,2,1,0,0,0.9409448818897637,680.0,897.0,1197.0,920.0,820.2857142857143,829.9196428571429,158.6996264285792
2023-01-09,ZEYTY,Zeytinyağı 1L,308.0,237.39,0,0,2023,1,9,0,2,1,0,0,0.956735516372796,206.0,309.0,333.0,451.0,276.42857142857144,300.2857142857143,44.46293266252578
2023-01-10,SARDL,Sardalya Konservesi,433.0,25.39,0,0,2023,1,10,1,2,1,0,0,0.9566691785983422,424.0,472.0,418.0,391.0,399.14285714285717,380.92857142857144,74.21686369783237
2023-01-10,SOMON,Somon Konservesi,172.0,74.71,0,0,2023,1,10,1,2,1,0,0,0.9746901500326156,192.0,200.0,205.0,262.0,173.71428571428572,179.125,27.86104978707911
2023-01-10,TON160,Ton Balığı Konservesi 160g,520.0,53.69,0,0,2023,1,10,1,2,1,0,0,0.9490057445868315,492.0,567.0,551.0,533.0,495.14285714285717,494.2924107142857,64.68237413553572
2023-01-10,TON80,Ton Balığı Konservesi 80g,925.0,31.1,0,0,2023,1,10,1,2,1,0,0,0.9418534221683827,711.0,982.0,940.0,968.0,793.7142857142857,822.4553571428571,159.28456117455485
2023-01-10,ZEYTY,Zeytinyağı 1L,359.0,235.37,0,0,2023,1,10,1,2,1,0,0,0.9485944584382872,308.0,306.0,280.0,401.6666666666667,276.2857142857143,295.17857142857144,44.342283378712196
2023-01-11,SARDL,Sardalya Konservesi,439.0,25.01,0,0,2023,1,11,2,2,1,0,0,0.9423511680482292,433.0,415.0,424.0,431.0,393.57142857142856,382.42857142857144,69.1251453111346
2023-01-11,SOMON,Somon Konservesi,186.0,73.2,0,0,2023,1,11,2,2,1,0,0,0.9549902152641878,172.0,178.0,176.0,191.0,169.71428571428572,175.91071428571428,25.355566684749306
2023-01-11,TON160,Ton Balığı Konservesi 160g,527.0,51.78,0,0,2023,1,11,2,2,1,0,0,0.9152452496685815,520.0,566.0,575.5,526.0,488.42857142857144,493.828125,58.08286363135819
2023-01-11,TON80,Ton Balığı Konservesi 80g,910.0,30.52,0,0,2023,1,11,2,2,1,0,0,0.9242883101150816,925.0,790.0,984.0,843.0,785.5714285714286,820.9196428571429,149.1921100939482
2023-01-11,ZEYTY,Zeytinyağı 1L,319.0,232.59,0,0,2023,1,11,2,2,1,0,0,0.9373904282115869,359.0,324.0,317.0,352.3333333333333,283.85714285714283,293.65476190476187,53.7817458853478
2023-01-12,SARDL,Sardalya Konservesi,551.0,25.05,0,0,2023,1,12,3,2,1,0,0,0.9438583270535043,439.0,470.0,470.0,427.0,397.0,382.7142857142857,70.93659140387116
2023-01-12,SOMON,Somon Konservesi,190.0,73.45,0,0,2023,1,12,3,2,1,0,0,0.9582517938682322,186.0,205.0,200.0,210.0,170.85714285714286,175.73214285714286,25.96426115149175
2023-01-12,TON160,Ton Balığı Konservesi 160g,521.0,53.86,0,0,2023,1,12,3,2,1,0,0,0.9520106053910737,527.0,530.0,600.0,607.0,482.85714285714283,493.8638392857143,50.8180695272469
2023-01-12,TON80,Ton Balığı Konservesi 80g,939.0,31.45,0,0,2023,1,12,3,2,1,0,0,0.9524530587522713,910.0,964.0,1004.0,832.0,802.7142857142857,823.3125,156.50102692497111
2023-01-12,ZEYTY,Zeytinyağı 1L,325.0,242.66,0,0,2023,1,12,3,2,1,0,0,0.9779748110831235,319.0,275.0,281.0,303.0,283.14285714285717,292.4642857142857,53.18968750747452
2023-01-13,SARDL,Sardalya Konservesi,432.0,25.35,0,0,2023,1,13,4,2,1,0,0,0.9551620195930671,551.0,410.0,203.0,405.0,408.57142857142856,387.14285714285717,89.10828084014136
2023-01-13,SOMON,Somon Konservesi,181.0,71.1,0,0,2023,1,13,4,2,1,0,0,0.9275929549902151,190.0,164.0,195.0,198.0,168.71428571428572,175.01785714285714,23.142416221549464
2023-01-13,TON160,Ton Balığı Konservesi 160g,493.0,53.12,0,0,2023,1,13,4,2,1,0,0,0.9389306230667255,521.0,477.0,454.0,578.0,481.57142857142856,490.7924107142857,49.523923992540794
2023-01-13,TON80,Ton Balığı Konservesi 80g,827.0,31.55,0,0,2023,1,13,4,2,1,0,0,0.955481526347668,939.0,881.0,873.0,896.0,799.1428571428571,827.1339285714286,152.43952743238418
2023-01-13,ZEYTY,Zeytinyağı 1L,330.0,228.44,0,0,2023,1,13,4,2,1,0,0,0.9206649874055416,325.0,289.0,421.0,345.0,290.2857142857143,293.25,55.2319783148438
2023-01-14,SARDL,Sardalya Konservesi,275.0,26.23,0,0,2023,1,14,5,2,1,1,0,0.9883195177091184,432.0,338.0,332.0,322.0,411.7142857142857,388.10714285714283,89.5539209744864
2023-01-14,SOMON,Somon Konservesi,125.0,70.68,0,0,2023,1,14,5,2,1,1,0,0.9221135029354207,181.0,133.0,129.0,137.0,171.14285714285714,174.41071428571428,23.45512432588801
2023-01-14,TON160,Ton Balığı Konservesi 160g,451.0,54.18,0,0,2023,1,14,5,2,1,1,0,0.9576668139637649,493.0,393.0,447.0,410.0,483.85714285714283,487.75669642857144,49.64684807527495
2023-01-14,TON80,Ton Balığı Konservesi 80g,633.0,32.23,0,0,2023,1,14,5,2,1,1,0,0.9760751059963656,827.0,548.0,625.0,665.0,791.4285714285714,824.6696428571429,148.93271091654597
2023-01-14,ZEYTY,Zeytinyağı 1L,252.0,230.61,0,0,2023,1,14,5,2,1,1,0,0.9294105793450882,330.0,226.0,225.0,269.0,296.14285714285717,292.7142857142857,57.211387477868556
2023-01-15,SARDL,Sardalya Konservesi,285.0,25.25,0,0,2023,1,15,6,2,1,1,0,0.9513941220798795,275.0,265.0,203.0,341.0,402.7142857142857,386.42857142857144,100.67226411432566
2023-01-15,SOMON,Somon Konservesi,136.0,73.8,0,0,2023,1,15,6,2,1,1,0,0.9628180039138943,125.0,144.0,76.5,167.5,170.0,173.98214285714286,25.709920264365007
2023-01-15,TON160,Ton Balığı Konservesi 160g,557.0,55.36,1,0,2023,1,15,6,2,1,1,0,0.9785240830755634,451.0,441.0,255.6875,343.0,492.14285714285717,489.22098214285717,34.47911721331369
2023-01-15,TON80,Ton Balığı Konservesi 80g,593.0,31.47,0,0,2023,1,15,6,2,1,1,0,0.9530587522713506,633.0,680.0,428.75,682.0,803.5714285714286,823.5267857142857,127.73391241542508
2023-01-15,ZEYTY,Zeytinyağı 1L,281.0,232.28,0,0,2023,1,15,6,2,1,1,0,0.9361410579345089,252.0,206.0,123.0,284.0,299.85714285714283,292.10714285714283,52.55292117294231
2023-01-16,SARDL,Sardalya Konservesi,415.0,25.63,0,0,2023,1,16,0,3,1,0,0,0.9657121326299924,285.0,424.0,353.0,435.0,405.57142857142856,384.42857142857144,96.30136230060386
2023-01-16,SOMON,Somon Konservesi,296.5,73.46,1,0,2023,1,16,0,3,1,0,0,0.9583822570123939,136.0,192.0,227.0,198.0,168.85714285714286,172.85714285714286,27.193311502577195
2023-01-16,TON160,Ton Balığı Konservesi 160g,543.0,54.73,0,0,2023,1,16,0,3,1,0,0,0.9673884224480777,557.0,492.0,542.0,548.0,508.7142857142857,496.8638392857143,33.66855251672272
2023-01-16,TON80,Ton Balığı Konservesi 80g,834.0,31.22,0,0,2023,1,16,0,3,1,0,0,0.9454875832828588,593.0,711.0,897.0,937.0,791.1428571428571,820.3482142857143,144.84753889455143
2023-01-16,ZEYTY,Zeytinyağı 1L,297.0,243.17,0,0,2023,1,16,0,3,1,0,0,0.9800302267002519,281.0,308.0,309.0,299.0,310.57142857142856,292.0,34.91349854930561
2023-01-17,SARDL,Sardalya Konservesi,450.0,25.61,0,0,2023,1,17,1,3,1,0,0,0.9649585531273549,415.0,433.0,472.0,432.0,404.2857142857143,383.7142857142857,96.07412812634773
2023-01-17,SOMON,Somon Konservesi,205.0,72.71,0,0,2023,1,17,1,3,1,0,0,0.9485975212002608,296.5,172.0,200.0,167.0,183.78571428571428,176.375,55.728401752650015
2023-01-17,TON160,Ton Balığı Konservesi 160g,533.0,52.06,0,0,2023,1,17,1,3,1,0,0,0.9201944321696862,543.0,520.0,567.0,505.0,516.0,496.68526785714283,34.9428104193106
2023-01-17,TON80,Ton Balığı Konservesi 80g,1020.0,31.4,0,0,2023,1,17,1,3,1,0,0,0.9509388249545728,834.0,925.0,982.0,803.0,808.7142857142857,816.6696428571429,140.91216446864058
2023-01-17,ZEYTY,Zeytinyağı 1L,337.0,236.4,0,0,2023,1,17,1,3,1,0,0,0.9527455919395467,297.0,359.0,306.0,299.0,309.0,291.92857142857144,35.29400326778825
2023-01-18,SARDL,Sardalya Konservesi,451.0,25.72,0,0,2023,1,18,2,3,1,0,0,0.9691032403918614,450.0,439.0,415.0,429.0,406.7142857142857,384.35714285714283,97.13000615277383
2023-01-18,SOMON,Somon Konservesi,238.0,73.2,0,0,2023,1,18,2,3,1,0,0,0.9549902152641878,205.0,186.0,178.0,218.0,188.5,177.73214285714286,55.96055158174672
2023-01-18,TON160,Ton Balığı Konservesi 160g,556.0,52.98,0,0,2023,1,18,2,3,1,0,0,0.9364560318161731,533.0,527.0,566.0,487.0,517.8571428571429,497.68526785714283,35.531340960848496
2023-01-18,TON80,Ton Balığı Konservesi 80g,781.0,30.65,0,0,2023,1,18,2,3,1,0,0,0.9282253179890974,1020.0,910.0,790.0,875.0,822.2857142857143,824.4196428571429,157.56873027953208
2023-01-18,ZEYTY,Zeytinyağı 1L,329.0,240.08,0,0,2023,1,18,2,3,1,0,0,0.9675768261964736,337.0,319.0,324.0,311.0,305.85714285714283,293.2857142857143,30.791928441441147
2023-01-19,SARDL,Sardalya Konservesi,384.0,25.22,0,0,2023,1,19,3,3,1,0,0,0.9502637528259231,451.0,551.0,470.0,393.0,408.42857142857144,385.14285714285717,97.89766279616778
2023-01-19,SOMON,Somon Konservesi,210.5,68.77,0,0,2023,1,19,3,3,1,0,0,0.8971950424005217,238.0,190.0,205.0,197.5,195.92857142857142,178.44642857142858,58.945192461181385
2023-01-19,TON160,Ton Balığı Konservesi 160g,636.0,55.38,0,0,2023,1,19,3,3,1,0,0,0.9788775961113566,556.0,521.0,530.0,564.0,522.0,500.14955357142856,38.3536178215286
2023-01-19,TON80,Ton Balığı Konservesi 80g,882.0,32.45,0,0,2023,1,19,3,3,1,0,0,0.9827377347062386,781.0,939.0,964.0,883.0,803.8571428571429,821.0625,153.0799666529729
2023-01-19,ZEYTY,Zeytinyağı 1L,315.0,242.36,0,0,2023,1,19,3,3,1,0,0,0.9767657430730479,329.0,325.0,275.0,298.0,307.2857142857143,293.92857142857144,31.72125620523363
2023-01-20,SARDL,Sardalya Konservesi,481.0,25.85,0,0,2023,1,20,4,3,1,0,0,0.9740015071590054,384.0,432.0,410.0,466.0,384.57142857142856,384.82142857142856,75.04411401048584
2023-01-20,SOMON,Somon Konservesi,183.0,74.16,0,0,2023,1,20,4,3,1,0,0,0.9675146771037181,210.5,181.0,164.0,177.0,198.85714285714286,178.91071428571428,59.11057032214732
2023-01-20,TON160,Ton Balığı Konservesi 160g,476.0,54.13,0,0,2023,1,20,4,3,1,0,0,0.9567830313742819,636.0,493.0,477.0,584.0,538.4285714285714,502.72098214285717,57.63638070656626
2023-01-20,TON80,Ton Balığı Konservesi 80g,972.0,31.11,0,0,2023,1,20,4,3,1,0,0,0.9421562689279224,882.0,827.0,881.0,935.0,795.7142857142857,821.0267857142857,146.04761128448433
2023-01-20,ZEYTY,Zeytinyağı 1L,309.0,234.78,0,0,2023,1,20,4,3,1,0,0,0.9462166246851386,315.0,330.0,289.0,434.0,305.85714285714283,294.5357142857143,31.0076795403359
2023-01-21,SARDL,Sardalya Konservesi,327.0,24.87,0,0,2023,1,21,5,3,1,1,0,0.9370761115297664,481.0,275.0,338.0,272.0,391.57142857142856,385.35714285714283,82.15403650634262
2023-01-21,SOMON,Somon Konservesi,139.0,74.06,0,0,2023,1,21,5,3,1,1,0,0.9662100456621004,183.0,125.0,133.0,123.0,199.14285714285714,179.125,59.01462691974075
2023-01-21,TON160,Ton Balığı Konservesi 160g,395.0,54.14,0,0,2023,1,21,5,3,1,1,0,0.9569597878921785,476.0,451.0,393.0,341.0,536.0,498.8638392857143,60.17197575837552
2023-01-21,TON80,Ton Balığı Konservesi 80g,734.0,31.16,0,0,2023,1,21,5,3,1,1,0,0.9436705027256207,972.0,633.0,548.0,666.0,816.4285714285714,822.3482142857143,160.76572721702283
2023-01-21,ZEYTY,Zeytinyağı 1L,234.0,240.64,0,0,2023,1,21,5,3,1,1,0,0.9698337531486145,309.0,252.0,226.0,248.0,302.85714285714283,290.07142857142856,29.24852458631306
2023-01-22,SARDL,Sardalya Konservesi,314.0,24.76,0,0,2023,1,22,6,3,1,1,0,0.9329314242652601,327.0,285.0,265.0,286.0,399.0,387.32142857142856,71.51922818375331
2023-01-22,SOMON,Somon Konservesi,127.0,74.52,0,0,2023,1,22,6,3,1,1,0,0.972211350293542,139.0,136.0,144.0,144.0,201.14285714285714,179.69642857142858,56.255899161565175
2023-01-22,TON160,Ton Balığı Konservesi 160g,392.0,54.83,0,0,2023,1,22,6,3,1,1,0,0.9691559876270437,395.0,557.0,441.0,390.0,528.0,500.7924107142857,75.20195032931795
2023-01-22,TON80,Ton Balığı Konservesi 80g,794.0,31.98,0,0,2023,1,22,6,3,1,1,0,0.968503937007874,734.0,593.0,680.0,539.0,830.8571428571429,824.7767857142857,145.35293664207606
2023-01-22,ZEYTY,Zeytinyağı 1L,241.0,238.03,0,0,2023,1,22,6,3,1,1,0,0.9593148614609572,234.0,281.0,206.0,198.0,300.2857142857143,289.57142857142856,34.74053485346369
2023-01-23,SARDL,Sardalya Konservesi,418.0,25.57,0,0,2023,1,23,0,4,1,0,0,0.9634513941220799,314.0,415.0,424.0,439.0,403.14285714285717,388.32142857142856,64.28952369665403
2023-01-23,SOMON,Somon Konservesi,202.0,73.52,0,0,2023,1,23,0,4,1,0,0,0.9591650358773646,127.0,296.5,192.0,201.0,199.85714285714286,179.08928571428572,58.06656689073489
2023-01-23,TON160,Ton Balığı Konservesi 160g,522.0,54.18,0,0,2023,1,23,0,4,1,0,0,0.9576668139637649,392.0,543.0,492.0,533.0,504.42857142857144,500.8638392857143,89.16063620016928
2023-01-23,TON80,Ton Balığı Konservesi 80g,854.0,32.92,0,0,2023,1,23,0,4,1,0,0,0.9969715324046032,794.0,834.0,711.0,1197.0,859.5714285714286,833.8839285714286,104.7025264624418
2023-01-23,ZEYTY,Zeytinyağı 1L,326.0,227.01,0,0,2023,1,23,0,4,1,0,0,0.9149017632241814,241.0,297.0,308.0,333.0,294.57142857142856,291.10714285714283,41.14145169557097
2023-01-24,SARDL,Sardalya Konservesi,462.0,25.42,0,0,2023,1,24,1,4,1,0,0,0.9577995478522985,418.0,450.0,433.0,418.0,403.57142857142856,387.57142857142856,64.39165873221079
2023-01-24,SOMON,Somon Konservesi,76.5,73.48,0,0,2023,1,24,1,4,1,0,0,0.9586431833007175,202.0,205.0,172.0,205.0,186.35714285714286,179.125,40.040307072701054
2023-01-24,TON160,Ton Balığı Konservesi 160g,572.0,53.79,0,0,2023,1,24,1,4,1,0,0,0.9507733097657975,522.0,533.0,520.0,551.0,501.42857142857144,500.47098214285717,87.9921533298222
2023-01-24,TON80,Ton Balığı Konservesi 80g,919.0,32.04,0,0,2023,1,24,1,4,1,0,0,0.9703210175651119,854.0,1020.0,925.0,940.0,862.4285714285714,821.6339285714286,104.15990454241499
2023-01-24,ZEYTY,Zeytinyağı 1L,360.0,237.82,0,0,2023,1,24,1,4,1,0,0,0.9584685138539043,326.0,337.0,359.0,280.0,298.7142857142857,290.85714285714283,42.85134881468792
2023-01-25,SARDL,Sardalya Konservesi,409.0,25.32,0,0,2023,1,25,2,4,1,0,0,0.9540316503391109,462.0,451.0,439.0,424.0,405.2857142857143,389.14285714285717,65.97402086102691
2023-01-25,SOMON,Somon Konservesi,169.0,75.08,0,0,2023,1,25,2,4,1,0,0,0.9795172863666013,76.5,238.0,186.0,176.0,168.0,174.53571428571428,56.24574057947271
2023-01-25,TON160,Ton Balığı Konservesi 160g,535.0,51.96,0,0,2023,1,25,2,4,1,0,0,0.9184268669907203,572.0,556.0,527.0,575.5,507.0,501.22098214285717,91.48952581215634
2023-01-25,TON80,Ton Balığı Konservesi 80g,1009.0,32.4,0,0,2023,1,25,2,4,1,0,0,0.9812235009085402,919.0,781.0,910.0,984.0,848.0,820.8839285714286,83.67596229901335
2023-01-25,ZEYTY,Zeytinyağı 1L,467.0,229.62,1,0,2023,1,25,2,4,1,0,0,0.9254206549118388,360.0,329.0,319.0,317.0,302.0,293.7142857142857,46.9609767076165
2023-01-26,SARDL,Sardalya Konservesi,419.0,24.76,0,0,2023,1,26,3,4,1,0,0,0.9329314242652601,409.0,384.0,551.0,470.0,399.2857142857143,388.60714285714283,62.96484279795514
2023-01-26,SOMON,Somon Konservesi,176.0,74.775,0,0,2023,1,26,3,4,1,0,0,0.9755381604696673,169.0,210.5,190.0,200.0,158.14285714285714,174.28571428571428,47.26231258070433
2023-01-26,TON160,Ton Balığı Konservesi 160g,622.0,54.9,0,0,2023,1,26,3,4,1,0,0,0.9703932832523199,535.0,636.0,521.0,600.0,504.0,499.77455357142856,89.94628026401772
2023-01-26,TON80,Ton Balığı Konservesi 80g,843.0,31.61,0,0,2023,1,26,3,4,1,0,0,0.957298606904906,1009.0,882.0,939.0,1004.0,880.5714285714286,821.7767857142857,96.62273221634614
2023-01-26,ZEYTY,Zeytinyağı 1L,330.0,237.28,0,0,2023,1,26,3,4,1,0,0,0.9562921914357683,467.0,315.0,325.0,281.0,321.7142857142857,299.07142857142856,78.53600933269254
2023-01-27,SARDL,Sardalya Konservesi,419.0,24.8,0,0,2023,1,27,4,4,1,0,0,0.9344385832705351,419.0,481.0,432.0,203.0,404.2857142857143,386.7857142857143,62.93836743384657
2023-01-27,SOMON,Somon Konservesi,246.0,74.47,1,0,2023,1,27,4,4,1,0,0,0.9715590345727331,176.0,183.0,181.0,195.0,153.21428571428572,173.42857142857142,42.445903947316005
2023-01-27,TON160,Ton Balığı Konservesi 160g,812.0,53.74,1,0,2023,1,27,4,4,1,0,0,0.9498895271763146,622.0,476.0,493.0,454.0,502.0,500.56026785714283,86.61601083710347
2023-01-27,TON80,Ton Balığı Konservesi 80g,849.0,31.89,0,0,2023,1,27,4,4,1,0,0,0.9657783161720169,843.0,972.0,827.0,873.0,875.0,816.0267857142857,97.64561775454133
2023-01-27,ZEYTY,Zeytinyağı 1L,332.0,244.94,0,0,2023,1,27,4,4,1,0,0,0.9871637279596978,330.0,309.0,330.0,421.0,323.85714285714283,300.82142857142856,78.52691379696648
2023-01-28,SARDL,Sardalya Konservesi,329.0,25.16,0,0,2023,1,28,5,4,1,1,0,0.9480030143180106,419.0,327.0,275.0,332.0,395.42857142857144,394.5,54.082828891914936
2023-01-28,SOMON,Somon Konservesi,148.0,69.75,0,0,2023,1,28,5,4,1,1,0,0.9099804305283756,246.0,139.0,125.0,129.0,162.21428571428572,175.25,54.718870254280404
2023-01-28,TON160,Ton Balığı Konservesi 160g,380.0,56.02,0,0,2023,1,28,5,4,1,1,0,0.9901900132567388,812.0,395.0,451.0,447.0,550.0,513.3459821428571,143.93864433616565
2023-01-28,TON80,Ton Balığı Konservesi 80g,648.0,32.88,0,0,2023,1,28,5,4,1,1,0,0.9957601453664445,849.0,734.0,633.0,625.0,857.4285714285714,815.1696428571429,87.85756871750807
2023-01-28,ZEYTY,Zeytinyağı 1L,231.0,238.96,0,0,2023,1,28,5,4,1,1,0,0.9630629722921915,332.0,234.0,252.0,225.0,327.14285714285717,297.64285714285717,78.2824556151816
2023-01-29,SARDL,Sardalya Konservesi,372.0,25.44,0,0,2023,1,29,6,4,1,1,0,0.958553127354936,329.0,314.0,285.0,203.0,395.7142857142857,394.39285714285717,53.66474412409446
2023-01-29,SOMON,Somon Konservesi,143.0,73.0,0,0,2023,1,29,6,4,1,1,0,0.9523809523809523,148.0,127.0,136.0,76.5,163.5,175.92857142857142,54.18563770348508
2023-01-29,TON160,Ton Balığı Konservesi 160g,387.0,53.6,0,0,2023,1,29,6,4,1,1,0,0.9474149359257622,380.0,392.0,557.0,255.6875,547.8571428571429,510.953125,146.71563035503766
2023-01-29,TON80,Ton Balığı Konservesi 80g,650.0,31.39,0,0,2023,1,29,6,4,1,1,0,0.9506359781950332,648.0,794.0,593.0,428.75,845.1428571428571,815.9910714285714,110.96760574063384
2023-01-29,ZEYTY,Zeytinyağı 1L,226.0,234.84,0,0,2023,1,29,6,4,1,1,0,0.9464584382871537,231.0,241.0,281.0,123.0,326.7142857142857,297.85714285714283,78.88327724284436
2023-01-30,SARDL,Sardalya Konservesi,443.0,24.39,0,0,2023,1,30,0,5,1,0,0,0.9189902034664658,372.0,418.0,415.0,353.0,404.0,400.42857142857144,42.197946237541586
2023-01-30,SOMON,Somon Konservesi,201.0,75.52,0,0,2023,1,30,0,5,1,0,0,0.9852576647097194,143.0,202.0,296.5,227.0,165.78571428571428,178.30357142857142,52.70662287832626
2023-01-30,TON160,Ton Balığı Konservesi 160g,806.0,54.13,1,0,2023,1,30,0,5,1,0,0,0.9567830313742819,387.0,522.0,543.0,542.0,547.1428571428571,515.6428571428571,147.61033000372768
2023-01-30,TON80,Ton Balığı Konservesi 80g,828.0,30.77,0,0,2023,1,30,0,5,1,0,0,0.9318594791035735,650.0,854.0,834.0,897.0,824.5714285714286,823.8928571428571,133.1576223163794
2023-01-30,ZEYTY,Zeytinyağı 1L,317.0,233.81,0,0,2023,1,30,0,5,1,0,0,0.9423073047858942,226.0,326.0,297.0,309.0,324.57142857142856,301.5357142857143,81.75136521358972
2023-01-31,SARDL,Sardalya Konservesi,399.0,25.19,0,0,2023,1,31,1,5,1,0,0,0.949133383571967,443.0,462.0,450.0,472.0,407.57142857142856,403.64285714285717,44.57150488393719
2023-01-31,SOMON,Somon Konservesi,194.0,73.69,0,0,2023,1,31,1,5,1,0,0,0.9613829093281147,201.0,76.5,205.0,200.0,165.64285714285714,177.375,52.59334105958219
2023-01-31,TON160,Ton Balığı Konservesi 160g,617.0,53.39,0,0,2023,1,31,1,5,1,0,0,0.9437030490499336,806.0,572.0,533.0,567.0,587.7142857142857,525.0714285714286,175.8718418676071
2023-01-31,TON80,Ton Balığı Konservesi 80g,850.0,32.4,0,0,2023,1,31,1,5,1,0,0,0.9812235009085402,828.0,919.0,1020.0,982.0,820.8571428571429,821.4285714285714,132.5612167659732
2023-01-31,ZEYTY,Zeytinyağı 1L,329.0,226.19,0,0,2023,1,31,1,5,1,0,0,0.9115969773299748,317.0,360.0,337.0,306.0,323.2857142857143,301.82142857142856,81.79591327548974
2023-02-01,SARDL,Sardalya Konservesi,429.0,25.41,0,0,2023,2,1,2,5,1,0,0,0.9574227581009797,399.0,409.0,451.0,415.0,398.57142857142856,401.0357142857143,37.55820879140567
2023-02-01,SOMON,Somon Konservesi,192.0,71.78,0,0,2023,2,1,2,5,1,0,0,0.9364644487932159,194.0,169.0,238.0,178.0,182.42857142857142,177.16071428571428,35.31221291497298
2023-02-01,TON160,Ton Balığı Konservesi 160g,494.0,53.38,0,0,2023,2,1,2,5,1,0,0,0.9435262925320371,617.0,535.0,556.0,566.0,594.1428571428571,526.8571428571429,176.02407843950218
2023-02-01,TON80,Ton Balığı Konservesi 80g,936.0,30.98,0,0,2023,2,1,2,5,1,0,0,0.9382192610539066,850.0,1009.0,781.0,790.0,811.0,816.7142857142857,126.47265844178513
2023-02-01,ZEYTY,Zeytinyağı 1L,309.0,236.76,0,0,2023,2,1,2,5,1,0,0,0.9541964735516373,329.0,467.0,329.0,324.0,318.85714285714283,302.64285714285717,80.30240463694841
2023-02-02,SARDL,Sardalya Konservesi,588.0,25.99,1,0,2023,2,2,3,5,1,0,0,0.979276563677468,429.0,419.0,384.0,470.0,401.42857142857144,401.5357142857143,39.20823528655037
2023-02-02,SOMON,Somon Konservesi,189.0,76.38,0,0,2023,2,2,3,5,1,0,0,0.996477495107632,192.0,176.0,210.5,205.0,185.71428571428572,177.66071428571428,34.92236287211149
2023-02-02,TON160,Ton Balığı Konservesi 160g,604.0,54.83,0,0,2023,2,2,3,5,1,0,0,0.9691559876270437,494.0,622.0,636.0,530.0,588.2857142857143,524.2857142857143,178.97738617463546
2023-02-02,TON80,Ton Balığı Konservesi 80g,949.0,32.41,0,0,2023,2,2,3,5,1,0,0,0.9815263476680798,936.0,843.0,882.0,964.0,800.5714285714286,821.9285714285714,109.2639878808115
2023-02-02,ZEYTY,Zeytinyağı 1L,281.0,238.45,0,0,2023,2,2,3,5,1,0,0,0.9610075566750629,309.0,330.0,315.0,275.0,296.2857142857143,302.10714285714283,47.037978576586234
2023-02-03,SARDL,Sardalya Konservesi,444.0,25.09,0,0,2023,2,3,4,5,1,0,0,0.9453654860587792,588.0,419.0,481.0,410.0,425.57142857142856,405.75,81.28521215009243
2023-02-03,SOMON,Somon Konservesi,215.0,73.28,0,0,2023,2,3,4,5,1,0,0,0.956033920417482,189.0,246.0,183.0,164.0,187.57142857142858,177.08928571428572,34.6643772137774
2023-02-03,TON160,Ton Balığı Konservesi 160g,569.0,54.47,0,0,2023,2,3,4,5,1,0,0,0.9627927529827661,604.0,812.0,476.0,477.0,585.7142857142857,526.9285714285714,178.54104503420103
2023-02-03,TON80,Ton Balığı Konservesi 80g,1138.0,32.29,1,0,2023,2,3,4,5,1,0,0,0.9778921865536038,949.0,849.0,972.0,881.0,815.7142857142857,821.3928571428571,122.64952002312884
2023-02-03,ZEYTY,Zeytinyağı 1L,315.0,246.64,0,0,2023,2,3,4,5,1,0,0,0.9940151133501259,281.0,332.0,309.0,289.0,289.2857142857143,302.32142857142856,44.77616287607397
2023-02-04,SARDL,Sardalya Konservesi,281.0,25.33,0,0,2023,2,4,5,5,1,1,0,0.9544084400904295,444.0,329.0,327.0,338.0,429.14285714285717,406.9642857142857,81.49729764728
2023-02-04,SOMON,Somon Konservesi,146.0,71.26,0,0,2023,2,4,5,5,1,1,0,0.9296803652968036,215.0,148.0,139.0,133.0,183.14285714285714,178.91071428571428,27.11351797799136
2023-02-04,TON160,Ton Balığı Konservesi 160g,432.0,56.42,0,0,2023,2,4,5,5,1,1,0,0.9972602739726028,569.0,380.0,395.0,393.0,551.0,530.2142857142857,148.2677757752277
2023-02-04,TON80,Ton Balığı Konservesi 80g,718.0,30.77,0,0,2023,2,4,5,5,1,1,0,0.9318594791035735,1138.0,648.0,734.0,548.0,857.0,830.5714285714286,173.72679701185783
2023-02-04,ZEYTY,Zeytinyağı 1L,283.0,236.85,1,0,2023,2,4,5,5,1,1,0,0.9545591939546599,315.0,231.0,234.0,226.0,286.85714285714283,303.25,42.4752028499311
2023-02-05,SARDL,Sardalya Konservesi,315.0,25.33,0,0,2023,2,5,6,5,1,1,0,0.9544084400904295,281.0,372.0,314.0,265.0,422.2857142857143,404.92857142857144,92.59178200703296
2023-02-05,SOMON,Somon Konservesi,144.0,71.21,0,0,2023,2,5,6,5,1,1,0,0.9290280495759946,146.0,143.0,127.0,144.0,182.85714285714286,179.375,27.552547198813777
2023-02-05,TON160,Ton Balığı Konservesi 160g,379.0,54.35,0,0,2023,2,5,6,5,1,1,0,0.9606716747680071,432.0,387.0,392.0,441.0,558.4285714285714,531.6071428571429,139.30405251685573
2023-02-05,TON80,Ton Balığı Konservesi 80g,628.0,31.48,0,0,2023,2,5,6,5,1,1,0,0.9533615990308902,718.0,650.0,794.0,680.0,867.0,836.6428571428571,161.25859150238358
2023-02-05,ZEYTY,Zeytinyağı 1L,252.0,237.73,0,0,2023,2,5,6,5,1,1,0,0.9581057934508815,283.0,226.0,241.0,206.0,294.2857142857143,305.2857142857143,34.960521953169525
2023-02-06,SARDL,Sardalya Konservesi,444.0,25.5,0,0,2023,2,6,0,6,1,0,0,0.9608138658628486,315.0,443.0,418.0,424.0,414.14285714285717,406.7142857142857,99.96404115385356
2023-02-06,SOMON,Somon Konservesi,205.0,73.54,0,0,2023,2,6,0,6,1,0,0,0.9594259621656882,144.0,201.0,202.0,192.0,183.0,179.375,27.313000567495394
2023-02-06,TON160,Ton Balığı Konservesi 160g,586.0,55.52,0,0,2023,2,6,0,6,1,0,0,0.981352187361909,379.0,806.0,522.0,492.0,557.2857142857143,529.3928571428571,140.96774369303293
2023-02-06,TON80,Ton Balığı Konservesi 80g,937.0,32.53,0,0,2023,2,6,0,6,1,0,0,0.985160508782556,628.0,828.0,854.0,711.0,863.8571428571429,834.7857142857143,166.3274166330037
2023-02-06,ZEYTY,Zeytinyağı 1L,340.0,242.61,0,0,2023,2,6,0,6,1,0,0,0.9777732997481109,252.0,317.0,326.0,308.0,298.0,306.92857142857144,26.962937525424802
2023-02-07,SARDL,Sardalya Konservesi,444.0,25.21,0,0,2023,2,7,1,6,1,0,0,0.9498869630746044,444.0,399.0,462.0,433.0,414.2857142857143,407.42857142857144,100.0128563164318
2023-02-07,SOMON,Somon Konservesi,187.0,72.1,0,0,2023,2,7,1,6,1,0,0,0.9406392694063925,205.0,194.0,76.5,172.0,183.57142857142858,179.83928571428572,27.790029044348223
2023-02-07,TON160,Ton Balığı Konservesi 160g,535.0,54.8,0,0,2023,2,7,1,6,1,0,0,0.9686257180733538,586.0,617.0,572.0,520.0,525.8571428571429,532.75,92.4507590944647
2023-02-07,TON80,Ton Balığı Konservesi 80g,1053.0,31.99,0,0,2023,2,7,1,6,1,0,0,0.9688067837674136,937.0,850.0,919.0,925.0,879.4285714285714,842.8571428571429,167.50906158857507
2023-02-07,ZEYTY,Zeytinyağı 1L,309.0,240.35,0,0,2023,2,7,1,6,1,0,0,0.9686649874055415,340.0,329.0,360.0,359.0,301.2857142857143,308.07142857142856,30.793474880858486
2023-02-08,SARDL,Sardalya Konservesi,437.0,25.54,0,0,2023,2,8,2,6,1,0,0,0.9623210248681235,444.0,429.0,409.0,439.0,420.7142857142857,407.82142857142856,100.31236927005185
2023-02-08,SOMON,Somon Konservesi,187.0,74.59,0,0,2023,2,8,2,6,1,0,0,0.9731245923026745,187.0,192.0,169.0,186.0,182.57142857142858,180.375,27.476396797112695
2023-02-08,TON160,Ton Balığı Konservesi 160g,543.0,54.28,0,0,2023,2,8,2,6,1,0,0,0.9594343791427309,535.0,494.0,535.0,527.0,514.1428571428571,533.2857142857143,83.7644088529018
2023-02-08,TON80,Ton Balığı Konservesi 80g,964.0,31.3,0,0,2023,2,8,2,6,1,0,0,0.9479103573591762,1053.0,936.0,1009.0,910.0,908.4285714285714,847.4285714285714,178.7594819329923
2023-02-08,ZEYTY,Zeytinyağı 1L,313.0,230.93,0,0,2023,2,8,2,6,1,0,0,0.9307002518891688,309.0,309.0,467.0,319.0,298.42857142857144,306.2857142857143,28.646449127579654
2023-02-09,SARDL,Sardalya Konservesi,508.0,25.5,0,0,2023,2,9,3,6,1,0,0,0.9608138658628486,437.0,588.0,419.0,551.0,421.85714285714283,407.75,100.4679527203045
2023-02-09,SOMON,Somon Konservesi,199.0,74.75,0,0,2023,2,9,3,6,1,0,0,0.9752120026092628,187.0,189.0,176.0,190.0,181.85714285714286,180.41071428571428,27.254532170072704
2023-02-09,TON160,Ton Balığı Konservesi 160g,523.0,54.04,0,0,2023,2,9,3,6,1,0,0,0.9551922227132125,543.0,604.0,622.0,521.0,521.1428571428571,533.8571428571429,83.8479349207605
2023-02-09,TON80,Ton Balığı Konservesi 80g,917.0,31.76,0,0,2023,2,9,3,6,1,0,0,0.9618413082980012,964.0,949.0,843.0,939.0,912.4285714285714,849.3571428571429,179.78955952525482
2023-02-09,ZEYTY,Zeytinyağı 1L,344.0,236.77,0,0,2023,2,9,3,6,1,0,0,0.9542367758186399,313.0,281.0,330.0,325.0,299.0,306.07142857142856,28.93095228297822
2023-02-10,SARDL,Sardalya Konservesi,443.0,26.06,0,0,2023,2,10,4,6,1,0,0,0.9819140919366993,508.0,444.0,419.0,432.0,410.42857142857144,406.2142857142857,81.1025218326708
2023-02-10,SOMON,Somon Konservesi,190.0,73.0,0,0,2023,2,10,4,6,1,0,0,0.9523809523809523,199.0,215.0,246.0,181.0,183.28571428571428,180.73214285714286,27.94467322952203
2023-02-10,TON160,Ton Balığı Konservesi 160g,521.0,54.68,0,0,2023,2,10,4,6,1,0,0,0.9665046398585947,523.0,569.0,812.0,493.0,509.57142857142856,533.9285714285714,75.70085235728163
2023-02-10,TON80,Ton Balığı Konservesi 80g,934.0,32.7,0,0,2023,2,10,4,6,1,0,0,0.9903089036947305,917.0,1138.0,849.0,827.0,907.8571428571429,848.5714285714286,179.11023474518595
2023-02-10,ZEYTY,Zeytinyağı 1L,359.0,239.43,0,0,2023,2,10,4,6,1,0,0,0.9649571788413098,344.0,315.0,332.0,330.0,308.0,306.75,32.03123475609361
2023-02-11,SARDL,Sardalya Konservesi,302.0,25.1,0,0,2023,2,11,5,6,1,1,0,0.9457422758100981,443.0,281.0,329.0,275.0,410.2857142857143,406.60714285714283,81.03438423639206
2023-02-11,SOMON,Somon Konservesi,137.0,73.68,0,0,2023,2,11,5,6,1,1,0,0.961252446183953,190.0,146.0,148.0,125.0,179.71428571428572,181.05357142857142,24.615132782594674
2023-02-11,TON160,Ton Balığı Konservesi 160g,327.0,54.6,0,0,2023,2,11,5,6,1,1,0,0.965090587715422,521.0,432.0,380.0,451.0,502.7142857142857,534.9285714285714,71.47660289846371
2023-02-11,TON80,Ton Balığı Konservesi 80g,696.0,32.08,0,0,2023,2,11,5,6,1,1,0,0.9715324046032706,934.0,718.0,648.0,633.0,878.7142857142857,852.3928571428571,149.58577727145078
2023-02-11,ZEYTY,Zeytinyağı 1L,219.0,243.73,0,0,2023,2,11,5,6,1,1,0,0.9822871536523929,359.0,283.0,231.0,252.0,314.2857142857143,307.7857142857143,37.48650550849047
2023-02-12,SARDL,Sardalya Konservesi,295.0,26.34,0,0,2023,2,12,6,6,1,1,0,0.9924642049736248,302.0,315.0,372.0,285.0,413.2857142857143,407.57142857142856,75.66089761938615
2023-02-12,SOMON,Somon Konservesi,135.0,73.275,0,0,2023,2,12,6,6,1,1,0,0.9559686888454012,137.0,144.0,143.0,136.0,178.42857142857142,181.48214285714286,26.807070851158908
2023-02-12,TON160,Ton Balığı Konservesi 160g,427.0,53.77,0,0,2023,2,12,6,6,1,1,0,0.9504197967300044,327.0,379.0,387.0,557.0,487.7142857142857,530.5,95.70216696556396
2023-02-12,TON80,Ton Balığı Konservesi 80g,726.0,31.51,0,0,2023,2,12,6,6,1,1,0,0.9542701393095093,696.0,628.0,650.0,593.0,875.5714285714286,854.6428571428571,153.69976918531256
2023-02-12,ZEYTY,Zeytinyağı 1L,252.0,229.55,0,0,2023,2,12,6,6,1,1,0,0.9251385390428212,219.0,252.0,226.0,281.0,305.14285714285717,306.60714285714283,51.55394770344458
2023-02-13,SARDL,Sardalya Konservesi,425.0,25.43,0,0,2023,2,13,0,7,1,0,0,0.9581763376036172,295.0,444.0,443.0,415.0,410.42857142857144,407.92857142857144,80.23061997113183
2023-02-13,SOMON,Somon Konservesi,161.0,72.87,0,0,2023,2,13,0,7,1,0,0,0.9506849315068493,135.0,205.0,201.0,296.5,177.14285714285714,181.44642857142858,28.86998771174309
2023-02-13,TON160,Ton Balığı Konservesi 160g,576.0,53.46,0,0,2023,2,13,0,7,1,0,0,0.9449403446752098,427.0,586.0,806.0,543.0,494.57142857142856,525.8571428571429,88.02624067639695
2023-02-13,TON80,Ton Balığı Konservesi 80g,756.0,31.09,0,0,2023,2,13,0,7,1,0,0,0.941550575408843,726.0,937.0,828.0,834.0,889.5714285714286,859.3928571428571,130.03186422675432
2023-02-13,ZEYTY,Zeytinyağı 1L,283.0,244.64,0,0,2023,2,13,0,7,1,0,0,0.9859546599496221,252.0,340.0,317.0,297.0,305.14285714285717,305.57142857142856,51.55394770344458
2023-02-14,SARDL,Sardalya Konservesi,203.0,25.71,0,0,2023,2,14,1,7,1,0,0,0.9687264506405426,425.0,444.0,399.0,450.0,407.7142857142857,408.2857142857143,79.22060818943865
2023-02-14,SOMON,Somon Konservesi,187.0,73.12,0,0,2023,2,14,1,7,1,0,0,0.9539465101108937,161.0,187.0,194.0,205.0,170.85714285714286,176.60714285714286,26.48539579610243
2023-02-14,TON160,Ton Balığı Konservesi 160g,584.0,53.56,0,0,2023,2,14,1,7,1,0,0,0.9467079098541759,576.0,535.0,617.0,533.0,493.14285714285717,527.0357142857143,86.3605399308201
2023-02-14,TON80,Ton Balığı Konservesi 80g,818.0,33.07,0,0,2023,2,14,1,7,1,0,0,1.0015142337976983,756.0,1053.0,850.0,1020.0,863.7142857142857,856.6071428571429,136.84628150557847
2023-02-14,ZEYTY,Zeytinyağı 1L,328.0,245.43,0,0,2023,2,14,1,7,1,0,0,0.9891385390428212,283.0,309.0,329.0,337.0,297.0,305.07142857142856,49.59502663238147
2023-02-15,SARDL,Sardalya Konservesi,418.0,25.62,0,0,2023,2,15,2,7,1,0,0,0.9653353428786737,203.0,437.0,429.0,451.0,373.2857142857143,399.4642857142857,107.97332121981715
2023-02-15,SOMON,Somon Konservesi,187.0,70.09,0,0,2023,2,15,2,7,1,0,0,0.914416177429876,187.0,187.0,192.0,238.0,170.85714285714286,175.96428571428572,26.48539579610243
2023-02-15,TON160,Ton Balığı Konservesi 160g,535.0,54.15,0,0,2023,2,15,2,7,1,0,0,0.957136544410075,584.0,543.0,494.0,556.0,500.14285714285717,528.8571428571429,92.11302580965102
2023-02-15,TON80,Ton Balığı Konservesi 80g,878.0,31.63,0,0,2023,2,15,2,7,1,0,0,0.9579043004239853,818.0,964.0,936.0,781.0,830.1428571428571,849.3928571428571,108.5762843525633
2023-02-15,ZEYTY,Zeytinyağı 1L,359.0,239.07,0,0,2023,2,15,2,7,1,0,0,0.9635062972292191,328.0,313.0,309.0,329.0,299.7142857142857,304.75,50.86490042493016
2023-02-16,SARDL,Sardalya Konservesi,409.0,26.21,0,0,2023,2,16,3,7,1,0,0,0.9875659382064809,418.0,508.0,588.0,384.0,370.57142857142856,398.2857142857143,106.33101952998209
2023-02-16,SOMON,Somon Konservesi,187.0,72.55,0,0,2023,2,16,3,7,1,0,0,0.9465101108936724,187.0,199.0,189.0,210.5,170.85714285714286,174.14285714285714,26.48539579610243
2023-02-16,TON160,Ton Balığı Konservesi 160g,491.0,54.55,0,0,2023,2,16,3,7,1,0,0,0.9642068051259389,535.0,523.0,604.0,636.0,499.0,528.1071428571429,91.54051926150834
2023-02-16,TON80,Ton Balığı Konservesi 80g,956.0,31.98,0,0,2023,2,16,3,7,1,0,0,0.968503937007874,878.0,917.0,949.0,882.0,817.8571428571429,852.8571428571429,94.91123672749174
2023-02-16,ZEYTY,Zeytinyağı 1L,451.0,244.79,1,0,2023,2,16,3,7,1,0,0,0.98655919395466,359.0,344.0,281.0,315.0,306.2857142857143,305.82142857142856,55.61688678124722
2023-02-17,SARDL,Sardalya Konservesi,412.0,26.05,0,0,2023,2,17,4,7,1,0,0,0.9815373021853806,409.0,443.0,444.0,481.0,356.42857142857144,399.17857142857144,90.39516421958312
2023-02-17,SOMON,Somon Konservesi,211.0,72.74,0,0,2023,2,17,4,7,1,0,0,0.9489889106327462,187.0,190.0,215.0,183.0,169.14285714285714,173.30357142857142,24.687571579161066
2023-02-17,TON160,Ton Balığı Konservesi 160g,607.0,55.56,0,0,2023,2,17,4,7,1,0,0,0.9820592134334953,491.0,521.0,569.0,476.0,494.42857142857144,522.9285714285714,90.93927853767202
2023-02-17,TON80,Ton Balığı Konservesi 80g,856.0,32.34,0,0,2023,2,17,4,7,1,0,0,0.9794064203513022,956.0,934.0,1138.0,972.0,823.4285714285714,855.5,102.53919111386072
2023-02-17,ZEYTY,Zeytinyağı 1L,334.0,240.7,0,0,2023,2,17,4,7,1,0,0,0.9700755667506297,451.0,359.0,315.0,309.0,321.57142857142856,310.67857142857144,77.93556557151801
2023-02-18,SARDL,Sardalya Konservesi,394.0,25.12,1,0,2023,2,18,5,7,1,1,0,0.9464958553127356,412.0,302.0,281.0,327.0,352.0,396.7142857142857,86.10458756651518
2023-02-18,SOMON,Somon Konservesi,132.0,72.68,0,0,2023,2,18,5,7,1,1,0,0.9482061317677756,211.0,137.0,146.0,139.0,172.14285714285714,174.30357142857142,28.609022885729598
2023-02-18,TON160,Ton Balığı Konservesi 160g,409.0,54.12,0,0,2023,2,18,5,7,1,1,0,0.9566062748563853,607.0,327.0,432.0,395.0,506.7142857142857,527.6071428571429,100.44022150133881
2023-02-18,TON80,Ton Balığı Konservesi 80g,656.0,31.7,0,0,2023,2,18,5,7,1,1,0,0.960024227740763,856.0,696.0,718.0,734.0,812.2857142857143,851.3571428571429,92.2419179580007
2023-02-18,ZEYTY,Zeytinyağı 1L,226.0,236.61,0,0,2023,2,18,5,7,1,1,0,0.9535919395465996,334.0,219.0,283.0,234.0,318.0,311.57142857142856,76.49400847996743
2023-02-19,SARDL,Sardalya Konservesi,320.0,24.69,0,0,2023,2,19,6,7,1,1,0,0.9302938960060287,394.0,295.0,315.0,314.0,365.14285714285717,399.10714285714283,84.20100666743379
2023-02-19,SOMON,Somon Konservesi,127.0,74.08,0,0,2023,2,19,6,7,1,1,0,0.9664709719504239,132.0,135.0,144.0,127.0,171.42857142857142,174.05357142857142,29.67522615952669
2023-02-19,TON160,Ton Balığı Konservesi 160g,390.0,55.38,0,0,2023,2,19,6,7,1,1,0,0.9788775961113566,409.0,427.0,379.0,392.0,518.4285714285714,528.1071428571429,78.33657541416365
2023-02-19,TON80,Ton Balığı Konservesi 80g,724.0,31.65,0,0,2023,2,19,6,7,1,1,0,0.9585099939430647,656.0,726.0,628.0,794.0,806.5714285714286,848.5714285714286,101.4279007355379
2023-02-19,ZEYTY,Zeytinyağı 1L,221.0,234.28,0,0,2023,2,19,6,7,1,1,0,0.9442015113350126,226.0,252.0,252.0,241.0,319.0,311.2857142857143,75.01555394272131
2023-02-20,SARDL,Sardalya Konservesi,420.0,24.97,0,0,2023,2,20,0,8,1,0,0,0.9408440090429541,320.0,425.0,444.0,418.0,368.7142857142857,399.32142857142856,81.20696662584523
2023-02-20,SOMON,Somon Konservesi,208.0,76.18,0,0,2023,2,20,0,8,1,0,0,0.9938682322243966,127.0,161.0,205.0,202.0,170.28571428571428,174.05357142857142,31.415040377258343
2023-02-20,TON160,Ton Balığı Konservesi 160g,620.0,53.34,0,0,2023,2,20,0,8,1,0,0,0.9428192664604508,390.0,576.0,586.0,522.0,513.1428571428571,528.0357142857143,86.37018886056363
2023-02-20,TON80,Ton Balığı Konservesi 80g,950.0,32.13,0,0,2023,2,20,0,8,1,0,0,0.973046638400969,724.0,756.0,937.0,854.0,806.2857142857143,846.0714285714286,101.6951560395275
2023-02-20,ZEYTY,Zeytinyağı 1L,302.0,236.9,0,0,2023,2,20,0,8,1,0,0,0.9547607052896726,221.0,283.0,340.0,326.0,314.57142857142856,310.57142857142856,80.35516399679844
2023-02-21,SARDL,Sardalya Konservesi,458.0,25.97,0,0,2023,2,21,1,8,1,0,0,0.9785229841748304,420.0,203.0,444.0,462.0,368.0,399.39285714285717,80.64944719793834
2023-02-21,SOMON,Somon Konservesi,211.0,72.16,0,0,2023,2,21,1,8,1,0,0,0.9414220482713632,208.0,187.0,187.0,76.5,177.0,174.26785714285714,34.01470270338999
2023-02-21,TON160,Ton Balığı Konservesi 160g,523.0,54.14,0,0,2023,2,21,1,8,1,0,0,0.9569597878921785,620.0,584.0,535.0,572.0,519.4285714285714,531.5357142857143,93.04990980267317
2023-02-21,TON80,Ton Balığı Konservesi 80g,982.0,32.25,0,0,2023,2,21,1,8,1,0,0,0.9766807995154451,950.0,818.0,1053.0,919.0,834.0,849.5,111.65422816295778
2023-02-21,ZEYTY,Zeytinyağı 1L,310.0,239.37,0,0,2023,2,21,1,8,1,0,0,0.9647153652392947,302.0,328.0,309.0,360.0,317.2857142857143,309.7142857142857,79.42651590351565
2023-02-22,SARDL,Sardalya Konservesi,599.0,24.85,1,0,2023,2,22,2,8,1,0,0,0.9363225320271289,458.0,418.0,437.0,409.0,404.42857142857144,399.25,42.05495271212219
2023-02-22,SOMON,Somon Konservesi,240.0,75.72,1,0,2023,2,22,2,8,1,0,0,0.9878669275929549,211.0,187.0,187.0,169.0,180.42857142857142,179.07142857142858,36.321972885372276
2023-02-22,TON160,Ton Balığı Konservesi 160g,576.0,56.37,0,0,2023,2,22,2,8,1,0,0,0.9963764913831197,523.0,535.0,543.0,535.0,510.7142857142857,529.7857142857143,88.75192821513609
2023-02-22,TON80,Ton Balığı Konservesi 80g,804.0,31.95,0,0,2023,2,22,2,8,1,0,0,0.9675953967292549,982.0,878.0,964.0,1009.0,857.4285714285714,851.75,124.23480073749447
2023-02-22,ZEYTY,Zeytinyağı 1L,315.5,241.19,0,0,2023,2,22,2,8,1,0,0,0.9720503778337531,310.0,359.0,313.0,467.0,314.7142857142857,307.92857142857144,79.31312267570493
2023-02-23,SARDL,Sardalya Konservesi,411.0,26.18,0,0,2023,2,23,3,8,1,0,0,0.9864355689525245,599.0,409.0,508.0,419.0,430.2857142857143,406.0357142857143,85.25005236697083
2023-02-23,SOMON,Somon Konservesi,186.0,72.21,0,0,2023,2,23,3,8,1,0,0,0.942074363992172,240.0,187.0,199.0,176.0,188.0,181.60714285714286,42.856349199000455
2023-02-23,TON160,Ton Balığı Konservesi 160g,507.0,54.88,0,0,2023,2,23,3,8,1,0,0,0.9700397702165268,576.0,491.0,523.0,622.0,516.5714285714286,531.25,91.91818308121786
2023-02-23,TON80,Ton Balığı Konservesi 80g,851.0,32.1,0,0,2023,2,23,3,8,1,0,0,0.9721380981223501,804.0,956.0,917.0,843.0,846.8571428571429,844.4285714285714,125.33611952323268
2023-02-23,ZEYTY,Zeytinyağı 1L,321.0,238.32,0,0,2023,2,23,3,8,1,0,0,0.9604836272040302,315.5,451.0,344.0,330.0,308.5,302.51785714285717,76.93341276714547
2023-02-24,SARDL,Sardalya Konservesi,393.0,25.86,0,0,2023,2,24,4,8,1,0,0,0.9743782969103241,411.0,412.0,443.0,419.0,430.57142857142856,405.75,85.17013784744171
2023-02-24,SOMON,Somon Konservesi,183.0,71.86,0,0,2023,2,24,4,8,1,0,0,0.93750815394651,186.0,211.0,190.0,246.0,187.85714285714286,181.96428571428572,42.8619044973839
2023-02-24,TON160,Ton Balığı Konservesi 160g,677.0,55.49,0,0,2023,2,24,4,8,1,0,0,0.9808219178082191,507.0,607.0,521.0,812.0,518.8571428571429,527.1428571428571,91.37364421507309
2023-02-24,TON80,Ton Balığı Konservesi 80g,940.0,31.52,0,0,2023,2,24,4,8,1,0,0,0.954572986069049,851.0,856.0,934.0,849.0,831.8571428571429,844.7142857142857,116.03509321382916
2023-02-24,ZEYTY,Zeytinyağı 1L,314.0,237.44,0,0,2023,2,24,4,8,1,0,0,0.9569370277078085,321.0,334.0,359.0,332.0,289.92857142857144,302.19642857142856,46.454662998300485
2023-02-25,SARDL,Sardalya Konservesi,312.0,25.8,0,0,2023,2,25,5,8,1,1,0,0.9721175584024115,393.0,394.0,302.0,329.0,427.85714285714283,404.82142857142856,86.15766278830162
2023-02-25,SOMON,Somon Konservesi,145.0,73.38,0,0,2023,2,25,5,8,1,1,0,0.9573385518590997,183.0,132.0,137.0,148.0,183.85714285714286,179.71428571428572,41.63103238142023
2023-02-25,TON160,Ton Balığı Konservesi 160g,551.0,55.59,1,0,2023,2,25,5,8,1,1,0,0.9825894829871852,677.0,409.0,327.0,380.0,528.8571428571429,522.3214285714286,105.38410470184495
2023-02-25,TON80,Ton Balığı Konservesi 80g,834.0,32.66,0,0,2023,2,25,5,8,1,1,0,0.9890975166565715,940.0,656.0,696.0,648.0,843.8571428571429,847.9642857142857,123.0777918925346
2023-02-25,ZEYTY,Zeytinyağı 1L,234.0,231.42,0,0,2023,2,25,5,8,1,1,0,0.9326750629722922,314.0,226.0,219.0,231.0,287.07142857142856,301.55357142857144,43.83342386374805
2023-02-26,SARDL,Sardalya Konservesi,324.0,25.95,0,0,2023,2,26,6,8,1,1,0,0.9777694046721929,312.0,320.0,295.0,372.0,416.14285714285717,404.2142857142857,96.48389947106547
2023-02-26,SOMON,Somon Konservesi,138.0,74.12,0,0,2023,2,26,6,8,1,1,0,0.9669928245270711,145.0,127.0,135.0,143.0,185.71428571428572,179.60714285714286,39.14807056000883
2023-02-26,TON160,Ton Balığı Konservesi 160g,382.0,55.43,0,0,2023,2,26,6,8,1,1,0,0.9797613787008396,551.0,390.0,427.0,387.0,549.1428571428571,528.4285714285714,91.17643805908813
2023-02-26,TON80,Ton Balığı Konservesi 80g,728.0,32.07,0,0,2023,2,26,6,8,1,1,0,0.971229557843731,834.0,724.0,726.0,650.0,869.2857142857143,854.6071428571429,92.3484601671158
2023-02-26,ZEYTY,Zeytinyağı 1L,236.0,242.16,0,0,2023,2,26,6,8,1,1,0,0.9759596977329975,234.0,221.0,252.0,226.0,288.2142857142857,301.6607142857143,42.043486557429006
2023-02-27,SARDL,Sardalya Konservesi,437.0,24.93,0,0,2023,2,27,0,9,1,0,0,0.939336850037679,324.0,420.0,425.0,443.0,416.7142857142857,402.5,95.82921316194717
2023-02-27,SOMON,Somon Konservesi,175.0,73.3,0,0,2023,2,27,0,9,1,0,0,0.9562948467058056,138.0,208.0,161.0,201.0,187.28571428571428,179.42857142857142,36.53178655050187
2023-02-27,TON160,Ton Balığı Konservesi 160g,534.0,54.29,0,0,2023,2,27,0,9,1,0,0,0.9596111356606274,382.0,620.0,576.0,806.0,548.0,528.25,93.52361555600031
2023-02-27,TON80,Ton Balığı Konservesi 80g,1085.0,32.04,0,0,2023,2,27,0,9,1,0,0,0.9703210175651119,728.0,950.0,756.0,828.0,869.8571428571429,857.3928571428571,91.30613081173028
2023-02-27,ZEYTY,Zeytinyağı 1L,323.0,244.1,0,0,2023,2,27,0,9,1,0,0,0.9837783375314861,236.0,302.0,283.0,317.0,290.35714285714283,302.01785714285717,38.258674708830995
2023-02-28,SARDL,Sardalya Konservesi,357.0,26.37,0,0,2023,2,28,1,9,1,0,0,0.9935945742275811,437.0,458.0,203.0,399.0,419.14285714285717,402.2857142857143,96.14126511099526
2023-02-28,SOMON,Somon Konservesi,205.0,74.92,0,0,2023,2,28,1,9,1,0,0,0.977429876060013,175.0,211.0,187.0,194.0,182.57142857142858,178.5,35.528660462867414
2023-02-28,TON160,Ton Balığı Konservesi 160g,534.0,54.05,0,0,2023,2,28,1,9,1,0,0,0.9553689792311091,534.0,523.0,584.0,617.0,535.7142857142857,518.5357142857143,87.97293956233348
2023-02-28,TON80,Ton Balığı Konservesi 80g,771.0,32.25,0,0,2023,2,28,1,9,1,0,0,0.9766807995154451,1085.0,982.0,818.0,850.0,889.1428571428571,866.5714285714286,120.61015514378906
2023-02-28,ZEYTY,Zeytinyağı 1L,322.0,241.49,0,0,2023,2,28,1,9,1,0,0,0.9732594458438287,323.0,310.0,328.0,329.0,293.35714285714283,302.23214285714283,40.102695551248786
2023-03-01,SARDL,Sardalya Konservesi,488.0,26.13,0,0,2023,3,1,2,9,1,0,0,0.9845516201959307,357.0,599.0,418.0,429.0,404.7142857142857,400.7857142857143,96.91355991417238
2023-03-01,SOMON,Somon Konservesi,178.0,73.15,0,0,2023,3,1,2,9,1,0,0,0.954337899543379,205.0,240.0,187.0,192.0,181.71428571428572,178.89285714285714,34.79326700054815
2023-03-01,TON160,Ton Balığı Konservesi 160g,539.0,54.3,0,0,2023,3,1,2,9,1,0,0,0.959787892178524,534.0,576.0,535.0,494.0,537.2857142857143,515.5714285714286,87.80606335501349
2023-03-01,TON80,Ton Balığı Konservesi 80g,925.0,32.38,0,0,2023,3,1,2,9,1,0,0,0.9806178073894609,771.0,804.0,878.0,936.0,859.0,863.75,119.89995829857175
2023-03-01,ZEYTY,Zeytinyağı 1L,278.0,242.56,0,0,2023,3,1,2,9,1,0,0,0.9775717884130982,322.0,315.5,359.0,309.0,295.07142857142856,301.98214285714283,41.174859412255536
2023-03-02,SARDL,Sardalya Konservesi,410.0,24.88,0,0,2023,3,2,3,9,1,0,0,0.9374529012810852,488.0,411.0,409.0,588.0,388.85714285714283,402.89285714285717,62.95879226771488
2023-03-02,SOMON,Somon Konservesi,200.0,76.39,0,0,2023,3,2,3,9,1,0,0,0.9966079582517938,178.0,186.0,187.0,189.0,172.85714285714286,178.39285714285714,23.561469757696916
2023-03-02,TON160,Ton Balığı Konservesi 160g,560.0,54.41,0,0,2023,3,2,3,9,1,0,0,0.9617322138753865,539.0,507.0,491.0,604.0,532.0,517.1785714285714,86.1858457056603
2023-03-02,TON80,Ton Balığı Konservesi 80g,946.0,32.74,0,0,2023,3,2,3,9,1,0,0,0.9915202907328892,925.0,851.0,956.0,949.0,876.2857142857143,863.3571428571429,119.37017255259957
2023-03-02,ZEYTY,Zeytinyağı 1L,358.0,235.07,0,0,2023,3,2,3,9,1,0,0,0.9473853904282116,278.0,321.0,451.0,281.0,289.7142857142857,300.875,40.508082673766665
2023-03-03,SARDL,Sardalya Konservesi,402.0,25.92,0,0,2023,3,3,4,9,1,0,0,0.9766390354182367,410.0,393.0,412.0,444.0,388.7142857142857,396.5357142857143,62.90128320289801
2023-03-03,SOMON,Somon Konservesi,203.0,74.69,0,0,2023,3,3,4,9,1,0,0,0.9744292237442921,200.0,183.0,211.0,215.0,174.85714285714286,178.78571428571428,25.386535613907594
2023-03-03,TON160,Ton Balığı Konservesi 160g,557.0,54.81,0,0,2023,3,3,4,9,1,0,0,0.9688024745912506,560.0,677.0,607.0,569.0,539.5714285714286,515.6071428571429,85.95125972095423
2023-03-03,TON80,Ton Balığı Konservesi 80g,810.0,31.83,0,0,2023,3,3,4,9,1,0,0,0.9639612356147788,946.0,940.0,856.0,1138.0,889.8571428571429,863.25,121.39938024474783
2023-03-03,ZEYTY,Zeytinyağı 1L,314.0,227.63,0,0,2023,3,3,4,9,1,0,0,0.9174005037783375,358.0,314.0,334.0,315.0,295.0,303.625,47.1416305756737
2023-03-04,SARDL,Sardalya Konservesi,335.0,26.36,0,0,2023,3,4,5,9,1,1,0,0.9932177844762623,402.0,312.0,394.0,281.0,390.0,395.0357142857143,63.09516621738747
2023-03-04,SOMON,Somon Konservesi,157.0,72.34,0,0,2023,3,4,5,9,1,1,0,0.9437703848662753,203.0,145.0,132.0,146.0,177.71428571428572,178.35714285714286,27.49372222716976
2023-03-04,TON160,Ton Balığı Konservesi 160g,395.0,56.4,0,0,2023,3,4,5,9,1,1,0,0.9969067609368095,557.0,551.0,409.0,432.0,522.4285714285714,515.1785714285714,62.83008075451546
2023-03-04,TON80,Ton Balığı Konservesi 80g,598.0,31.8,0,0,2023,3,4,5,9,1,1,0,0.9630526953361598,810.0,834.0,656.0,718.0,871.2857142857143,851.5357142857143,122.38969766788942
2023-03-04,ZEYTY,Zeytinyağı 1L,225.0,245.1,0,0,2023,3,4,5,9,1,1,0,0.987808564231738,314.0,234.0,226.0,283.0,295.0,303.5892857142857,47.1416305756737
2023-03-05,SARDL,Sardalya Konservesi,291.0,24.96,0,0,2023,3,5,6,9,1,1,0,0.9404672192916353,335.0,324.0,320.0,315.0,393.2857142857143,396.9642857142857,58.809620204276
2023-03-05,SOMON,Somon Konservesi,149.0,73.55,0,0,2023,3,5,6,9,1,1,0,0.9595564253098499,157.0,138.0,127.0,144.0,179.42857142857142,178.75,25.409034763624007
2023-03-05,TON160,Ton Balığı Konservesi 160g,404.0,57.18,0,0,2023,3,5,6,9,1,1,0,1.010693769332744,395.0,382.0,390.0,379.0,500.14285714285717,513.8571428571429,77.06150913702689
2023-03-05,TON80,Ton Balığı Konservesi 80g,671.0,31.57,0,0,2023,3,5,6,9,1,1,0,0.9560872198667474,598.0,728.0,724.0,628.0,837.5714285714286,847.25,160.83828021012766
2023-03-05,ZEYTY,Zeytinyağı 1L,229.0,237.61,0,0,2023,3,5,6,9,1,1,0,0.9576221662468515,225.0,236.0,221.0,252.0,293.7142857142857,301.51785714285717,49.162025608234664
2023-03-06,SARDL,Sardalya Konservesi,458.0,26.07,0,0,2023,3,6,0,10,1,0,0,0.9822908816880181,291.0,437.0,420.0,444.0,388.57142857142856,396.10714285714283,66.15350114911125
2023-03-06,SOMON,Somon Konservesi,197.0,76.33,0,0,2023,3,6,0,10,1,0,0,0.9958251793868231,149.0,175.0,208.0,205.0,181.0,178.92857142857142,22.60530911091474
2023-03-06,TON160,Ton Balığı Konservesi 160g,609.0,54.28,0,0,2023,3,6,0,10,1,0,0,0.9594343791427309,404.0,534.0,620.0,586.0,503.2857142857143,514.75,71.70242740129503
2023-03-06,TON80,Ton Balığı Konservesi 80g,926.0,33.02,0,0,2023,3,6,0,10,1,0,0,1.0,671.0,1085.0,950.0,937.0,829.4285714285714,848.7857142857143,168.56735265451468
2023-03-06,ZEYTY,Zeytinyağı 1L,319.0,237.93,0,0,2023,3,6,0,10,1,0,0,0.958911838790932,229.0,323.0,302.0,340.0,292.7142857142857,300.69642857142856,50.582323281670114
2023-03-07,SARDL,Sardalya Konservesi,402.0,26.82,0,0,2023,3,7,1,10,1,0,0,1.0105501130369254,458.0,357.0,458.0,444.0,391.57142857142856,396.60714285714283,69.12514531113457
2023-03-07,SOMON,Somon Konservesi,157.0,72.44,0,0,2023,3,7,1,10,1,0,0,0.9450750163078929,197.0,205.0,211.0,187.0,184.14285714285714,178.64285714285714,23.154758844411663
2023-03-07,TON160,Ton Balığı Konservesi 160g,444.0,54.7,0,0,2023,3,7,1,10,1,0,0,0.966858152894388,609.0,534.0,523.0,535.0,514.0,515.5714285714286,81.93086516488492
2023-03-07,TON80,Ton Balığı Konservesi 80g,930.0,31.19,0,0,2023,3,7,1,10,1,0,0,0.9445790430042398,926.0,771.0,982.0,1053.0,806.7142857142857,848.3928571428571,135.9457174582456
2023-03-07,ZEYTY,Zeytinyağı 1L,346.0,236.41,0,0,2023,3,7,1,10,1,0,0,0.9527858942065491,319.0,322.0,310.0,309.0,292.14285714285717,299.94642857142856,50.20434433867399
2023-03-08,SARDL,Sardalya Konservesi,401.0,26.44,0,0,2023,3,8,2,10,1,0,0,0.9962321024868125,402.0,488.0,599.0,437.0,398.0,395.10714285714283,67.44627491566727
2023-03-08,SOMON,Somon Konservesi,200.0,74.15,0,0,2023,3,8,2,10,1,0,0,0.9673842139595564,157.0,178.0,240.0,187.0,177.28571428571428,177.57142857142858,23.055832853563015
2023-03-08,TON160,Ton Balığı Konservesi 160g,539.0,54.8,0,0,2023,3,8,2,10,1,0,0,0.9686257180733538,444.0,539.0,576.0,543.0,501.14285714285717,512.3214285714286,85.26317800674224
2023-03-08,TON80,Ton Balığı Konservesi 80g,854.0,32.73,0,0,2023,3,8,2,10,1,0,0,0.9912174439733493,930.0,925.0,804.0,964.0,829.4285714285714,844.0,142.12653651219225
2023-03-08,ZEYTY,Zeytinyağı 1L,315.0,246.58,0,0,2023,3,8,2,10,1,0,0,0.9937732997481109,346.0,278.0,315.5,313.0,295.57142857142856,301.26785714285717,53.30683865714612
2023-03-09,SARDL,Sardalya Konservesi,464.0,25.95,0,0,2023,3,9,3,10,1,0,0,0.9777694046721929,401.0,410.0,411.0,508.0,385.57142857142856,393.82142857142856,54.9571261465286
2023-03-09,SOMON,Somon Konservesi,198.0,73.37,0,0,2023,3,9,3,10,1,0,0,0.957208088714938,200.0,200.0,186.0,199.0,180.42857142857142,178.03571428571428,24.61610003539119
2023-03-09,TON160,Ton Balığı Konservesi 160g,510.0,56.58,0,0,2023,3,9,3,10,1,0,0,1.0000883782589483,539.0,560.0,507.0,523.0,501.14285714285717,512.1785714285714,85.26317800674224
2023-03-09,TON80,Ton Balığı Konservesi 80g,899.0,31.89,0,0,2023,3,9,3,10,1,0,0,0.9657783161720169,854.0,946.0,851.0,917.0,819.2857142857143,840.0714285714286,136.59516131707298
2023-03-09,ZEYTY,Zeytinyağı 1L,305.0,233.18,0,0,2023,3,9,3,10,1,0,0,0.9397682619647355,315.0,358.0,321.0,344.0,300.85714285714283,301.3392857142857,53.10815559286688
2023-03-10,SARDL,Sardalya Konservesi,464.0,24.16,0,0,2023,3,10,4,10,1,0,0,0.9103240391861341,464.0,402.0,393.0,443.0,393.2857142857143,392.25,62.26211872857514
2023-03-10,SOMON,Somon Konservesi,211.0,74.89,0,0,2023,3,10,4,10,1,0,0,0.9770384866275277,198.0,203.0,183.0,190.0,180.14285714285714,178.0,24.361366761251222
2023-03-10,TON160,Ton Balığı Konservesi 160g,606.0,54.47,0,0,2023,3,10,4,10,1,0,0,0.9627927529827661,510.0,557.0,677.0,521.0,494.0,511.7142857142857,81.5230028887546
2023-03-10,TON80,Ton Balığı Konservesi 80g,781.0,31.48,0,0,2023,3,10,4,10,1,0,0,0.9533615990308902,899.0,810.0,940.0,934.0,812.5714285714286,839.4285714285714,130.34039683696733
2023-03-10,ZEYTY,Zeytinyağı 1L,331.0,239.01,0,0,2023,3,10,4,10,1,0,0,0.963264483627204,305.0,314.0,314.0,359.0,293.2857142857143,299.94642857142856,47.03443520696355
2023-03-11,SARDL,Sardalya Konservesi,454.0,26.42,1,0,2023,3,11,5,10,1,1,0,0.9954785229841749,464.0,335.0,312.0,302.0,402.14285714285717,393.0,67.86611469510613
2023-03-11,SOMON,Somon Konservesi,139.0,73.93,0,0,2023,3,11,5,10,1,1,0,0.9645140247879974,211.0,157.0,145.0,137.0,181.28571428571428,178.75,25.759880212676325
2023-03-11,TON160,Ton Balığı Konservesi 160g,523.0,55.28,1,0,2023,3,11,5,10,1,1,0,0.9771100309323906,606.0,395.0,551.0,327.0,501.0,514.75,89.54328562209392
2023-03-11,TON80,Ton Balığı Konservesi 80g,663.0,31.92,0,0,2023,3,11,5,10,1,1,0,0.9666868564506359,781.0,598.0,834.0,696.0,808.4285714285714,833.9642857142857,130.89545082858342
2023-03-11,ZEYTY,Zeytinyağı 1L,213.0,235.13,0,0,2023,3,11,5,10,1,1,0,0.9476272040302267,331.0,225.0,234.0,219.0,295.7142857142857,298.94642857142856,48.69193733981759
2023-03-12,SARDL,Sardalya Konservesi,333.0,26.77,0,0,2023,3,12,6,10,1,1,0,1.0086661642803316,454.0,291.0,324.0,295.0,419.14285714285717,398.42857142857144,62.97202704753913
2023-03-12,SOMON,Somon Konservesi,140.0,74.03,0,0,2023,3,12,6,10,1,1,0,0.965818656229615,139.0,149.0,138.0,135.0,178.71428571428572,178.82142857142858,29.25015262475454
2023-03-12,TON160,Ton Balığı Konservesi 160g,404.0,54.03,0,0,2023,3,12,6,10,1,1,0,0.955015466195316,523.0,404.0,382.0,427.0,519.2857142857143,521.75,76.39309367936771
2023-03-12,TON80,Ton Balığı Konservesi 80g,619.0,31.44,0,0,2023,3,12,6,10,1,1,0,0.9521502119927316,663.0,671.0,728.0,726.0,817.7142857142857,832.7857142857143,114.79505547672278
2023-03-12,ZEYTY,Zeytinyağı 1L,244.0,242.48,0,0,2023,3,12,6,10,1,1,0,0.977249370277078,213.0,229.0,236.0,252.0,294.0,298.73214285714283,51.71395685241356
2023-03-13,SARDL,Sardalya Konservesi,476.0,25.45,0,0,2023,3,13,0,11,1,0,0,0.9589299171062547,333.0,458.0,437.0,425.0,425.14285714285717,399.7857142857143,49.22881463610526
2023-03-13,SOMON,Somon Konservesi,188.0,73.55,0,0,2023,3,13,0,11,1,0,0,0.9595564253098499,140.0,197.0,175.0,161.0,177.42857142857142,179.0,30.923869652514732
2023-03-13,TON160,Ton Balığı Konservesi 160g,697.0,54.85,1,0,2023,3,13,0,11,1,0,0,0.9695095006628369,404.0,609.0,534.0,576.0,519.2857142857143,520.9285714285714,76.39309367936771
2023-03-13,TON80,Ton Balığı Konservesi 80g,871.0,32.48,0,0,2023,3,13,0,11,1,0,0,0.9836462749848575,619.0,926.0,1085.0,756.0,810.2857142857143,828.9642857142857,126.9142942904272
2023-03-13,ZEYTY,Zeytinyağı 1L,284.0,237.12,0,0,2023,3,13,0,11,1,0,0,0.955647355163728,244.0,319.0,323.0,283.0,296.14285714285717,298.44642857142856,48.80037080265018
2023-03-14,SARDL,Sardalya Konservesi,436.0,25.43,0,0,2023,3,14,1,11,1,0,0,0.9581763376036172,476.0,402.0,357.0,203.0,427.7142857142857,401.60714285714283,51.64208324520408
2023-03-14,SOMON,Somon Konservesi,198.0,73.66,0,0,2023,3,14,1,11,1,0,0,0.9609915198956294,188.0,157.0,205.0,187.0,176.14285714285714,179.96428571428572,30.151995906454772
2023-03-14,TON160,Ton Balığı Konservesi 160g,661.6666666666666,54.11,0,0,2023,3,14,1,11,1,0,0,0.9564295183384887,697.0,444.0,534.0,584.0,531.8571428571429,525.25,97.84584571564298
2023-03-14,TON80,Ton Balığı Konservesi 80g,869.0,33.13,0,0,2023,3,14,1,11,1,0,0,1.0033313143549363,871.0,930.0,771.0,818.0,802.4285714285714,833.0714285714286,120.07477828816265
2023-03-14,ZEYTY,Zeytinyağı 1L,338.0,255.95,0,0,2023,3,14,1,11,1,0,0,1.031536523929471,284.0,346.0,322.0,328.0,291.14285714285717,298.48214285714283,47.8519542318752
2023-03-15,SARDL,Sardalya Konservesi,448.0,26.17,0,0,2023,3,15,2,11,1,0,0,0.9860587792012058,436.0,401.0,488.0,418.0,432.57142857142856,409.92857142857144,50.40455383810953
2023-03-15,SOMON,Somon Konservesi,189.0,73.1,0,0,2023,3,15,2,11,1,0,0,0.95368558382257,198.0,200.0,178.0,187.0,182.0,180.35714285714286,29.793735359411908
2023-03-15,TON160,Ton Balığı Konservesi 160g,626.3333333333334,53.82,0,0,2023,3,15,2,11,1,0,0,0.9513035793194874,661.6666666666666,539.0,539.0,535.0,562.952380952381,528.0238095238095,99.83828193474898
2023-03-15,TON80,Ton Balığı Konservesi 80g,965.0,32.18,0,0,2023,3,15,2,11,1,0,0,0.9745608721986674,869.0,854.0,925.0,878.0,793.7142857142857,834.8928571428571,111.15561807021014
2023-03-15,ZEYTY,Zeytinyağı 1L,340.0,238.96,0,0,2023,3,15,2,11,1,0,0,0.9630629722921915,338.0,315.0,278.0,359.0,290.0,298.8392857142857,46.39683897278585
2023-03-16,SARDL,Sardalya Konservesi,519.0,26.44,0,0,2023,3,16,3,11,1,0,0,0.9962321024868125,448.0,464.0,410.0,409.0,439.2857142857143,411.0,48.596002187127226
2023-03-16,SOMON,Somon Konservesi,283.0,77.07,1,0,2023,3,16,3,11,1,0,0,1.0054794520547943,189.0,198.0,200.0,187.0,180.42857142857142,180.42857142857142,28.964674708209422
2023-03-16,TON160,Ton Balığı Konservesi 160g,591.0,55.81,0,0,2023,3,16,3,11,1,0,0,0.9864781263809103,626.3333333333334,510.0,560.0,491.0,575.4285714285714,531.2857142857143,101.78403321734359
2023-03-16,TON80,Ton Balığı Konservesi 80g,771.0,31.13,0,0,2023,3,16,3,11,1,0,0,0.9427619624470017,965.0,899.0,946.0,956.0,809.5714285714286,838.0,127.85259369400677
2023-03-16,ZEYTY,Zeytinyağı 1L,340.0,239.71,0,0,2023,3,16,3,11,1,0,0,0.9660856423173804,340.0,305.0,358.0,451.0,293.57142857142856,298.1607142857143,49.500360749045775
2023-03-17,SARDL,Sardalya Konservesi,421.0,25.17,0,0,2023,3,17,4,11,1,0,0,0.9483798040693294,519.0,464.0,402.0,412.0,447.14285714285717,414.92857142857144,56.98078205684249
2023-03-17,SOMON,Somon Konservesi,209.0,72.98,0,0,2023,3,17,4,11,1,0,0,0.9521200260926288,283.0,211.0,203.0,211.0,192.57142857142858,183.85714285714286,48.67188491267191
2023-03-17,TON160,Ton Balığı Konservesi 160g,539.0,54.95,0,0,2023,3,17,4,11,1,0,0,0.971277065841803,591.0,606.0,557.0,607.0,587.0,534.8571428571429,97.62532306580904
2023-03-17,TON80,Ton Balığı Konservesi 80g,989.0,31.07,0,0,2023,3,17,4,11,1,0,0,0.9409448818897637,771.0,781.0,810.0,856.0,791.2857142857143,831.3928571428571,121.94768589537516
2023-03-17,ZEYTY,Zeytinyağı 1L,320.0,241.14,0,0,2023,3,17,4,11,1,0,0,0.9718488664987405,340.0,331.0,314.0,334.0,298.57142857142856,294.19642857142856,52.522557512168156
2023-03-18,SARDL,Sardalya Konservesi,298.0,25.93,0,0,2023,3,18,5,11,1,1,0,0.9770158251695554,421.0,454.0,335.0,394.0,441.0,415.25,57.178084379709524
2023-03-18,SOMON,Somon Konservesi,139.0,75.36,0,0,2023,3,18,5,11,1,1,0,0.983170254403131,209.0,139.0,157.0,132.0,192.28571428571428,183.78571428571428,48.551396429331405
2023-03-18,TON160,Ton Balığı Konservesi 160g,425.0,54.71,0,0,2023,3,18,5,11,1,1,0,0.9670349094122845,539.0,523.0,395.0,409.0,577.4285714285714,532.4285714285714,98.73021870053752
2023-03-18,TON80,Ton Balığı Konservesi 80g,773.0,31.71,0,0,2023,3,18,5,11,1,1,0,0.9603270745003027,989.0,663.0,598.0,656.0,821.0,836.1428571428571,142.61369733186845
2023-03-18,ZEYTY,Zeytinyağı 1L,201.0,239.9,0,0,2023,3,18,5,11,1,1,0,0.9668513853904283,320.0,213.0,225.0,226.0,297.0,293.69642857142856,51.54609587543912
2023-03-19,SARDL,Sardalya Konservesi,328.0,25.73,0,0,2023,3,19,6,11,1,1,0,0.9694800301431802,298.0,333.0,291.0,320.0,418.7142857142857,411.82142857142856,77.90959351648917
2023-03-19,SOMON,Somon Konservesi,177.0,73.39,1,0,2023,3,19,6,11,1,1,0,0.9574690150032615,139.0,140.0,149.0,127.0,192.28571428571428,184.03571428571428,48.551396429331405
2023-03-19,TON160,Ton Balığı Konservesi 160g,377.0,52.97,0,0,2023,3,19,6,11,1,1,0,0.9362792752982766,425.0,404.0,404.0,390.0,563.4285714285714,533.0,113.5678479353024
2023-03-19,TON80,Ton Balığı Konservesi 80g,651.0,31.71,0,0,2023,3,19,6,11,1,1,0,0.9603270745003027,773.0,619.0,671.0,724.0,836.7142857142857,840.3214285714286,127.56921557297412
2023-03-19,ZEYTY,Zeytinyağı 1L,210.0,249.84,0,0,2023,3,19,6,11,1,1,0,1.006911838790932,201.0,244.0,229.0,221.0,295.2857142857143,292.80357142857144,54.89600557938063
2023-03-20,SARDL,Sardalya Konservesi,441.0,26.11,0,0,2023,3,20,0,12,1,0,0,0.9837980406932931,328.0,476.0,458.0,420.0,418.0,412.10714285714283,78.8437272922402
2023-03-20,SOMON,Somon Konservesi,183.0,74.8,0,0,2023,3,20,0,12,1,0,0,0.9758643183300717,177.0,188.0,197.0,208.0,197.57142857142858,185.82142857142858,43.68011425067907
2023-03-20,TON160,Ton Balığı Konservesi 160g,610.0,54.01,0,0,2023,3,20,0,12,1,0,0,0.9546619531595226,377.0,697.0,609.0,620.0,559.5714285714286,532.5357142857143,120.15263661133686
2023-03-20,TON80,Ton Balığı Konservesi 80g,1042.0,33.07,0,0,2023,3,20,0,12,1,0,0,1.0015142337976983,651.0,871.0,926.0,950.0,841.2857142857143,837.7142857142857,118.73459799866238
2023-03-20,ZEYTY,Zeytinyağı 1L,313.0,234.04,0,0,2023,3,20,0,12,1,0,0,0.9432342569269521,210.0,284.0,319.0,302.0,290.42857142857144,292.4107142857143,61.318450575274134
2023-03-21,SARDL,Sardalya Konservesi,425.0,25.86,0,0,2023,3,21,1,12,1,0,0,0.9743782969103241,441.0,436.0,402.0,458.0,413.0,412.85714285714283,75.59541432300287
2023-03-21,SOMON,Somon Konservesi,218.0,76.12,0,0,2023,3,21,1,12,1,0,0,0.993085453359426,183.0,198.0,157.0,211.0,196.85714285714286,184.92857142857142,43.90303167750704
2023-03-21,TON160,Ton Balığı Konservesi 160g,478.0,54.48,0,0,2023,3,21,1,12,1,0,0,0.9629695095006627,610.0,661.6666666666666,444.0,523.0,547.1428571428571,532.1785714285714,107.38953965593255
2023-03-21,TON80,Ton Balığı Konservesi 80g,985.0,33.41,0,0,2023,3,21,1,12,1,0,0,1.011811023622047,1042.0,869.0,930.0,982.0,865.7142857142857,841.0,141.31137520349898
2023-03-21,ZEYTY,Zeytinyağı 1L,317.0,236.03,0,0,2023,3,21,1,12,1,0,0,0.9512544080604534,313.0,338.0,346.0,310.0,294.57142857142856,292.80357142857144,61.789581491966274
2023-03-22,SARDL,Sardalya Konservesi,653.0,26.52,1,0,2023,3,22,2,12,1,0,0,0.9992464204973625,425.0,448.0,401.0,599.0,411.42857142857144,411.67857142857144,75.1506423633148
2023-03-22,SOMON,Somon Konservesi,214.0,74.45,0,0,2023,3,22,2,12,1,0,0,0.9712981082844097,218.0,189.0,200.0,240.0,199.71428571428572,185.17857142857142,44.63449445482821
2023-03-22,TON160,Ton Balığı Konservesi 160g,534.0,55.27,0,0,2023,3,22,2,12,1,0,0,0.9769332744144941,478.0,626.3333333333334,539.0,576.0,520.9047619047619,530.5714285714286,96.64457875729236
2023-03-22,TON80,Ton Balığı Konservesi 80g,941.0,32.75,0,0,2023,3,22,2,12,1,0,0,0.9918231374924288,985.0,965.0,854.0,804.0,882.2857142857143,841.1071428571429,148.38543761177334
2023-03-22,ZEYTY,Zeytinyağı 1L,343.0,244.03,0,0,2023,3,22,2,12,1,0,0,0.9834962216624685,317.0,340.0,315.0,315.5,291.57142857142856,293.05357142857144,59.8076281167573
2023-03-23,SARDL,Sardalya Konservesi,393.0,26.32,0,0,2023,3,23,3,12,1,0,0,0.9917106254709872,653.0,519.0,464.0,411.0,440.7142857142857,413.60714285714283,118.95477331842527
2023-03-23,SOMON,Somon Konservesi,185.0,73.92,0,0,2023,3,23,3,12,1,0,0,0.9643835616438355,214.0,283.0,198.0,186.0,203.28571428571428,184.25,44.63449445482818
2023-03-23,TON160,Ton Balığı Konservesi 160g,521.0,54.43,0,0,2023,3,23,3,12,1,0,0,0.9620857269111798,534.0,591.0,510.0,507.0,507.7142857142857,529.0714285714286,85.51747245585534
2023-03-23,TON80,Ton Balığı Konservesi 80g,858.0,32.61,0,0,2023,3,23,3,12,1,0,0,0.9875832828588733,941.0,771.0,899.0,851.0,878.8571428571429,846.0,146.41997651894667
2023-03-23,ZEYTY,Zeytinyağı 1L,310.0,244.72,0,0,2023,3,23,3,12,1,0,0,0.9862770780856424,343.0,340.0,305.0,321.0,292.0,294.0357142857143,60.22181221672613
2023-03-24,SARDL,Sardalya Konservesi,440.0,25.67,0,0,2023,3,24,4,12,1,0,0,0.9672192916352677,393.0,421.0,464.0,393.0,422.7142857142857,412.9642857142857,114.58725101527618
2023-03-24,SOMON,Somon Konservesi,221.0,76.19,0,0,2023,3,24,4,12,1,0,0,0.9939986953685582,185.0,209.0,211.0,183.0,189.28571428571428,184.21428571428572,27.572415477032393
2023-03-24,TON160,Ton Balığı Konservesi 160g,581.0,54.28,0,0,2023,3,24,4,12,1,0,0,0.9594343791427309,521.0,539.0,606.0,677.0,497.7142857142857,529.5714285714286,77.90959351648964
2023-03-24,TON80,Ton Balığı Konservesi 80g,898.0,31.59,0,0,2023,3,24,4,12,1,0,0,0.9566929133858266,858.0,989.0,781.0,940.0,891.2857142857143,846.25,139.25601636998496
2023-03-24,ZEYTY,Zeytinyağı 1L,329.0,241.1,0,0,2023,3,24,4,12,1,0,0,0.9716876574307305,310.0,320.0,331.0,314.0,287.7142857142857,293.64285714285717,57.229695921243966
2023-03-25,SARDL,Sardalya Konservesi,311.0,25.33,0,0,2023,3,25,5,12,1,1,0,0.9544084400904295,440.0,298.0,454.0,312.0,425.42857142857144,414.64285714285717,114.76476977257525
2023-03-25,SOMON,Somon Konservesi,144.0,77.5,0,0,2023,3,25,5,12,1,1,0,1.0110893672537506,221.0,139.0,139.0,145.0,191.0,185.57142857142858,29.32007276025532
2023-03-25,TON160,Ton Balığı Konservesi 160g,387.0,55.32,0,0,2023,3,25,5,12,1,1,0,0.977817057003977,581.0,425.0,523.0,551.0,503.7142857142857,526.1428571428571,83.0656653612348
2023-03-25,TON80,Ton Balığı Konservesi 80g,618.0,32.01,0,0,2023,3,25,5,12,1,1,0,0.9694124772864929,898.0,773.0,663.0,834.0,878.2857142857143,844.75,132.70734002020183
2023-03-25,ZEYTY,Zeytinyağı 1L,238.0,237.54,0,0,2023,3,25,5,12,1,1,0,0.9573400503778338,329.0,201.0,213.0,234.0,289.0,294.17857142857144,58.16929315942064
2023-03-26,SARDL,Sardalya Konservesi,454.0,25.83,1,0,2023,3,26,6,12,1,1,0,0.9732479276563677,311.0,328.0,333.0,324.0,427.2857142857143,414.60714285714283,112.44067218717872
2023-03-26,SOMON,Somon Konservesi,144.0,75.88,0,0,2023,3,26,6,12,1,1,0,0.9899543378995432,144.0,177.0,140.0,138.0,191.71428571428572,185.53571428571428,27.867031212015167
2023-03-26,TON160,Ton Balığı Konservesi 160g,387.0,53.88,0,0,2023,3,26,6,12,1,1,0,0.952364118426867,387.0,377.0,404.0,382.0,498.2857142857143,520.2857142857143,90.01798762046383
2023-03-26,TON80,Ton Balığı Konservesi 80g,932.0,32.58,1,0,2023,3,26,6,12,1,1,0,0.9866747425802542,618.0,651.0,619.0,728.0,856.1428571428571,837.0357142857143,162.73642142170303
2023-03-26,ZEYTY,Zeytinyağı 1L,264.0,233.98,0,0,2023,3,26,6,12,1,1,0,0.942992443324937,238.0,210.0,244.0,236.0,294.2857142857143,294.32142857142856,49.93901042176068
2023-03-27,SARDL,Sardalya Konservesi,473.0,25.57,0,0,2023,3,27,0,13,1,0,0,0.9634513941220799,454.0,441.0,476.0,437.0,445.2857142857143,419.25,103.6383363524551
2023-03-27,SOMON,Somon Konservesi,203.0,76.71,0,0,2023,3,27,0,13,1,0,0,1.0007827788649706,144.0,183.0,188.0,175.0,187.0,185.75,33.07567081708248
2023-03-27,TON160,Ton Balığı Konservesi 160g,563.0,55.39,0,0,2023,3,27,0,13,1,0,0,0.9790543526292531,387.0,610.0,697.0,534.0,499.7142857142857,520.4642857142857,87.8250425290986
2023-03-27,TON80,Ton Balığı Konservesi 80g,1004.0,32.2,0,0,2023,3,27,0,13,1,0,0,0.9751665657177468,932.0,1042.0,871.0,1085.0,896.2857142857143,844.3214285714286,136.19191640929924
2023-03-27,ZEYTY,Zeytinyağı 1L,313.0,239.12,0,0,2023,3,27,0,13,1,0,0,0.9637078085642318,264.0,313.0,284.0,323.0,302.0,295.32142857142856,37.32738047778467
2023-03-28,SARDL,Sardalya Konservesi,405.0,25.34,0,0,2023,3,28,1,13,1,0,0,0.9547852298417483,473.0,425.0,436.0,357.0,449.85714285714283,420.5357142857143,104.12240964593573
2023-03-28,SOMON,Somon Konservesi,206.0,75.84,0,0,2023,3,28,1,13,1,0,0,0.9894324853228963,203.0,218.0,198.0,205.0,189.85714285714286,186.75,33.533210262010265
2023-03-28,TON160,Ton Balığı Konservesi 160g,509.0,55.29,0,0,2023,3,28,1,13,1,0,0,0.9772867874502872,563.0,478.0,661.6666666666666,534.0,493.0,521.5,79.3788384898638
2023-03-28,TON80,Ton Balığı Konservesi 80g,884.0,31.42,0,0,2023,3,28,1,13,1,0,0,0.9515445184736523,1004.0,985.0,869.0,771.0,890.8571428571429,841.4285714285714,130.03387836948087
2023-03-28,ZEYTY,Zeytinyağı 1L,302.0,237.43,0,0,2023,3,28,1,13,1,0,0,0.9568967254408061,313.0,317.0,338.0,322.0,302.0,294.9642857142857,37.32738047778467
2023-03-29,SARDL,Sardalya Konservesi,435.0,25.65,0,0,2023,3,29,2,13,1,0,0,0.96646571213263,405.0,653.0,448.0,488.0,447.0,422.25,105.18713482804439
2023-03-29,SOMON,Somon Konservesi,209.0,74.31,0,0,2023,3,29,2,13,1,0,0,0.9694716242661447,206.0,214.0,189.0,178.0,188.14285714285714,186.78571428571428,32.13216753467142
2023-03-29,TON160,Ton Balığı Konservesi 160g,629.0,52.48,0,0,2023,3,29,2,13,1,0,0,0.9276182059213433,509.0,534.0,626.3333333333334,539.0,497.42857142857144,520.6071428571429,79.2671793006765
2023-03-29,TON80,Ton Balığı Konservesi 80g,764.0,31.7,0,0,2023,3,29,2,13,1,0,0,0.960024227740763,884.0,941.0,965.0,925.0,876.4285714285714,845.4642857142857,123.27456772432184
2023-03-29,ZEYTY,Zeytinyağı 1L,342.0,252.18,0,0,2023,3,29,2,13,1,0,0,1.0163425692695214,302.0,343.0,340.0,278.0,299.85714285714283,294.25,36.74882570200245
2023-03-30,SARDL,Sardalya Konservesi,606.0,24.6,1,0,2023,3,30,3,13,1,0,0,0.9269027882441598,435.0,393.0,519.0,410.0,415.85714285714283,420.35714285714283,53.70421638142265
2023-03-30,SOMON,Somon Konservesi,284.0,75.76,1,0,2023,3,30,3,13,1,0,0,0.9883887801696021,209.0,185.0,283.0,200.0,187.42857142857142,187.89285714285714,31.51114693171898
2023-03-30,TON160,Ton Balığı Konservesi 160g,464.0,53.7,0,0,2023,3,30,3,13,1,0,0,0.9491825011047282,629.0,521.0,591.0,560.0,511.0,523.8214285714286,93.43803650904992
2023-03-30,TON80,Ton Balığı Konservesi 80g,889.0,32.12,0,0,2023,3,30,3,13,1,0,0,0.9727437916414292,764.0,858.0,771.0,946.0,851.1428571428571,839.7142857142857,125.94632265562755
2023-03-30,ZEYTY,Zeytinyağı 1L,356.0,233.8,0,0,2023,3,30,3,13,1,0,0,0.9422670025188917,342.0,310.0,340.0,358.0,299.7142857142857,296.5357142857143,36.55459061784252
2023-03-31,SARDL,Sardalya Konservesi,444.0,26.74,0,0,2023,3,31,4,13,1,0,0,1.0075357950263752,606.0,440.0,421.0,402.0,446.2857142857143,427.35714285714283,87.99188274250804
2023-03-31,SOMON,Somon Konservesi,251.0,74.88,1,0,2023,3,31,4,13,1,0,0,0.9769080234833658,284.0,221.0,209.0,203.0,201.57142857142858,190.89285714285714,48.09316355733291
2023-03-31,TON160,Ton Balığı Konservesi 160g,475.0,55.31,0,0,2023,3,31,4,13,1,0,0,0.9776403004860804,464.0,581.0,539.0,557.0,502.85714285714283,520.3928571428571,94.89367483562539
2023-03-31,TON80,Ton Balığı Konservesi 80g,943.0,31.825,0,0,2023,3,31,4,13,1,0,0,0.963809812235009,889.0,898.0,989.0,810.0,855.5714285714286,837.6785714285714,126.7699453641056
2023-03-31,ZEYTY,Zeytinyağı 1L,311.0,247.1,0,0,2023,3,31,4,13,1,0,0,0.9958690176322418,356.0,329.0,320.0,314.0,306.2857142857143,296.4642857142857,42.38204920999062
2023-04-01,SARDL,Sardalya Konservesi,282.0,25.76,0,0,2023,4,1,5,13,2,1,0,0.9706103993971364,444.0,311.0,298.0,335.0,446.85714285714283,428.85714285714283,87.95724069385105
2023-04-01,SOMON,Somon Konservesi,141.0,74.64,0,0,2023,4,1,5,13,2,1,0,0.9737769080234833,251.0,144.0,139.0,157.0,205.85714285714286,192.60714285714286,51.34013560373127
2023-04-01,TON160,Ton Balığı Konservesi 160g,410.0,54.29,0,0,2023,4,1,5,13,2,1,0,0.9596111356606274,475.0,387.0,425.0,395.0,487.7142857142857,517.4642857142857,88.59404473159944
2023-04-01,TON80,Ton Balığı Konservesi 80g,737.0,31.53,0,0,2023,4,1,5,13,2,1,0,0.9548758328285887,943.0,618.0,773.0,598.0,862.0,842.4285714285714,130.36998632098047
2023-04-01,ZEYTY,Zeytinyağı 1L,227.0,242.89,0,0,2023,4,1,5,13,2,1,0,0.9789017632241813,311.0,238.0,201.0,225.0,303.7142857142857,296.35714285714283,41.306635002600544
2023-04-02,SARDL,Sardalya Konservesi,269.0,24.93,0,0,2023,4,2,6,13,2,1,0,0.939336850037679,282.0,454.0,328.0,291.0,442.7142857142857,426.9642857142857,95.75961968337495
2023-04-02,SOMON,Somon Konservesi,129.0,75.11,0,0,2023,4,2,6,13,2,1,0,0.9799086757990867,141.0,144.0,177.0,149.0,205.42857142857142,192.03571428571428,51.95144253004312
2023-04-02,TON160,Ton Balığı Konservesi 160g,405.0,57.15,0,0,2023,4,2,6,13,2,1,0,1.0101634997790543,410.0,387.0,377.0,404.0,491.0,518.0,84.57146879020853
2023-04-02,TON80,Ton Balığı Konservesi 80g,671.0,32.98,0,0,2023,4,2,6,13,2,1,0,0.9987886129618411,737.0,932.0,651.0,671.0,879.0,847.3928571428571,96.64712446144497
2023-04-02,ZEYTY,Zeytinyağı 1L,213.0,251.01,0,0,2023,4,2,6,13,2,1,0,1.0116272040302268,227.0,264.0,210.0,229.0,302.14285714285717,296.42857142857144,44.322411830541874
2023-04-03,SARDL,Sardalya Konservesi,506.0,25.81,0,0,2023,4,3,0,14,2,0,0,0.9724943481537301,269.0,473.0,441.0,458.0,416.2857142857143,426.17857142857144,115.59947272906528
2023-04-03,SOMON,Somon Konservesi,296.5,74.37,0,0,2023,4,3,0,14,2,0,0,0.9702544031311154,129.0,203.0,183.0,197.0,203.28571428571428,191.32142857142858,55.12021494187126
2023-04-03,TON160,Ton Balığı Konservesi 160g,548.0,54.73,0,0,2023,4,3,0,14,2,0,0,0.9673884224480777,405.0,563.0,610.0,609.0,493.57142857142856,518.0357142857143,81.08402461409355
2023-04-03,TON80,Ton Balığı Konservesi 80g,823.5,32.06,0,0,2023,4,3,0,14,2,0,0,0.9709267110841914,671.0,1004.0,1042.0,926.0,841.7142857142857,847.3928571428571,120.25488803053834
2023-04-03,ZEYTY,Zeytinyağı 1L,307.0,242.26,0,0,2023,4,3,0,14,2,0,0,0.9763627204030226,213.0,313.0,313.0,319.0,294.85714285714283,295.85714285714283,54.63035960412628
2023-04-04,SARDL,Sardalya Konservesi,457.0,24.48,0,0,2023,4,4,1,14,2,0,0,0.9223813112283347,506.0,405.0,425.0,402.0,421.0,427.89285714285717,118.92294423981642
2023-04-04,SOMON,Somon Konservesi,209.0,71.43,0,0,2023,4,4,1,14,2,0,0,0.9318982387475538,296.5,206.0,218.0,157.0,216.64285714285714,194.875,65.40815079541827
2023-04-04,TON160,Ton Balığı Konservesi 160g,552.5,53.23,0,0,2023,4,4,1,14,2,0,0,0.940874944763588,548.0,509.0,478.0,444.0,491.42857142857144,515.8571428571429,79.11775431354789
2023-04-04,TON80,Ton Balığı Konservesi 80g,976.0,31.98,0,0,2023,4,4,1,14,2,0,0,0.968503937007874,823.5,884.0,985.0,930.0,815.9285714285714,843.7321428571429,96.70247694665404
2023-04-04,ZEYTY,Zeytinyağı 1L,374.0,234.7,0,0,2023,4,4,1,14,2,0,0,0.9458942065491184,307.0,302.0,317.0,346.0,294.0,295.42857142857144,54.34457961318032
2023-04-05,SARDL,Sardalya Konservesi,421.0,25.54,0,0,2023,4,5,2,14,2,0,0,0.9623210248681235,457.0,435.0,653.0,401.0,428.42857142857144,429.85714285714283,119.38014511475045
2023-04-05,SOMON,Somon Konservesi,200.0,75.05,0,0,2023,4,5,2,14,2,0,0,0.979125896934116,209.0,209.0,214.0,200.0,217.07142857142858,196.73214285714286,65.3365827666173
2023-04-05,TON160,Ton Balığı Konservesi 160g,557.0,54.75,0,0,2023,4,5,2,14,2,0,0,0.9677419354838709,552.5,629.0,534.0,539.0,497.64285714285717,519.7321428571429,82.3694493758218
2023-04-05,TON80,Ton Balığı Konservesi 80g,1009.0,33.44,0,0,2023,4,5,2,14,2,0,0,1.012719563900666,976.0,764.0,941.0,854.0,829.0714285714286,845.375,112.4634861378789
2023-04-05,ZEYTY,Zeytinyağı 1L,324.0,235.98,0,0,2023,4,5,2,14,2,0,0,0.9510528967254408,374.0,342.0,343.0,315.0,304.2857142857143,296.42857142857144,62.33702561002355
2023-04-06,SARDL,Sardalya Konservesi,386.0,25.42,0,0,2023,4,6,3,14,2,0,0,0.9577995478522985,421.0,606.0,393.0,464.0,426.42857142857144,430.57142857142856,119.3689757891564
2023-04-06,SOMON,Somon Konservesi,205.0,74.06,0,0,2023,4,6,3,14,2,0,0,0.9662100456621004,200.0,284.0,185.0,198.0,215.78571428571428,196.73214285714286,65.60986786989247
2023-04-06,TON160,Ton Balığı Konservesi 160g,465.0,57.41,0,0,2023,4,6,3,14,2,0,0,1.0147591692443658,557.0,464.0,521.0,510.0,487.35714285714283,520.375,66.12659215834482
2023-04-06,TON80,Ton Balığı Konservesi 80g,818.0,31.92,0,0,2023,4,6,3,14,2,0,0,0.9666868564506359,1009.0,889.0,858.0,899.0,864.0714285714286,850.9107142857143,126.13036528773856
2023-04-06,ZEYTY,Zeytinyağı 1L,416.0,233.34,1,0,2023,4,6,3,14,2,0,0,0.9404130982367759,324.0,356.0,310.0,305.0,301.7142857142857,296.75,60.87614279752562
2023-04-07,SARDL,Sardalya Konservesi,442.0,25.98,0,0,2023,4,7,4,14,2,0,0,0.9788997739261492,386.0,444.0,440.0,464.0,395.0,427.7857142857143,89.41289988959339
2023-04-07,SOMON,Somon Konservesi,186.0,73.61,0,0,2023,4,7,4,14,2,0,0,0.9603392041748205,205.0,251.0,221.0,211.0,204.5,196.98214285714286,58.30880436663625
2023-04-07,TON160,Ton Balığı Konservesi 160g,469.0,54.82,0,0,2023,4,7,4,14,2,0,0,0.9689792311091471,465.0,475.0,581.0,606.0,487.5,518.7678571428571,66.06877729558202
2023-04-07,TON80,Ton Balığı Konservesi 80g,771.0,32.33,0,0,2023,4,7,4,14,2,0,0,0.9791035735917625,818.0,943.0,898.0,781.0,853.9285714285714,848.0178571428571,126.64531461639228
2023-04-07,ZEYTY,Zeytinyağı 1L,297.0,243.87,0,0,2023,4,7,4,14,2,0,0,0.9828513853904283,416.0,311.0,329.0,331.0,310.2857142857143,300.7142857142857,72.84164167497008
2023-04-08,SARDL,Sardalya Konservesi,268.0,26.26,0,0,2023,4,8,5,14,2,1,0,0.9894498869630747,442.0,282.0,311.0,454.0,394.7142857142857,427.0,89.2332417239854
2023-04-08,SOMON,Somon Konservesi,144.0,75.81,0,0,2023,4,8,5,14,2,1,0,0.9890410958904109,186.0,141.0,144.0,139.0,195.21428571428572,196.08928571428572,54.73561998587477
2023-04-08,TON160,Ton Balığı Konservesi 160g,366.0,54.73,0,0,2023,4,8,5,14,2,1,0,0.9673884224480777,469.0,410.0,387.0,523.0,486.64285714285717,513.875,66.29650209834656
2023-04-08,TON80,Ton Balığı Konservesi 80g,856.0,32.46,1,0,2023,4,8,5,14,2,1,0,0.9830405814657782,771.0,737.0,618.0,663.0,829.3571428571429,847.6607142857143,123.12010202972009
2023-04-08,ZEYTY,Zeytinyağı 1L,222.0,244.74,0,0,2023,4,8,5,14,2,1,0,0.9863576826196474,297.0,227.0,238.0,213.0,308.2857142857143,299.5,73.01076241603974
2023-04-09,SARDL,Sardalya Konservesi,331.0,26.38,0,0,2023,4,9,6,14,2,1,0,0.9939713639788997,268.0,269.0,454.0,333.0,392.7142857142857,420.35714285714283,92.28527200247723
2023-04-09,SOMON,Somon Konservesi,158.0,72.98,0,0,2023,4,9,6,14,2,1,0,0.9521200260926288,144.0,129.0,144.0,140.0,195.64285714285714,196.26785714285714,54.249972569666085
2023-04-09,TON160,Ton Balığı Konservesi 160g,422.0,53.65,0,0,2023,4,9,6,14,2,1,0,0.9482987185152452,366.0,405.0,387.0,404.0,480.35714285714283,508.26785714285717,76.13076156943879
2023-04-09,TON80,Ton Balığı Konservesi 80g,560.0,31.96,0,0,2023,4,9,6,14,2,1,0,0.9678982434887946,856.0,671.0,932.0,619.0,846.3571428571429,854.5535714285714,116.26719022926787
2023-04-09,ZEYTY,Zeytinyağı 1L,252.0,247.58,0,0,2023,4,9,6,14,2,1,0,0.9978035264483628,222.0,213.0,264.0,244.0,307.57142857142856,299.82142857142856,73.95687288967144
2023-04-10,SARDL,Sardalya Konservesi,418.0,26.15,0,0,2023,4,10,0,15,2,0,0,0.9853051996985682,331.0,506.0,473.0,476.0,401.57142857142856,420.2857142857143,80.67807868902291
2023-04-10,SOMON,Somon Konservesi,194.0,73.78,0,0,2023,4,10,0,15,2,0,0,0.9625570776255707,158.0,296.5,203.0,188.0,199.78571428571428,196.91071428571428,49.18320948492576
2023-04-10,TON160,Ton Balığı Konservesi 160g,255.6875,55.61,0,0,2023,4,10,0,15,2,0,0,0.9829429960229783,422.0,548.0,563.0,697.0,482.7857142857143,508.9107142857143,73.55375423392502
2023-04-10,TON80,Ton Balığı Konservesi 80g,860.0,32.6,0,0,2023,4,10,0,15,2,0,0,0.9872804360993337,560.0,823.5,1004.0,871.0,830.5,852.4464285714286,147.5344592516129
2023-04-10,ZEYTY,Zeytinyağı 1L,320.0,239.19,0,0,2023,4,10,0,15,2,0,0,0.9639899244332494,252.0,307.0,313.0,284.0,313.14285714285717,300.10714285714283,66.76433322123547
2023-04-11,SARDL,Sardalya Konservesi,470.0,26.1,0,0,2023,4,11,1,15,2,0,0,0.9834212509419744,418.0,457.0,405.0,436.0,389.0,418.2142857142857,67.46851117373035
2023-04-11,SOMON,Somon Konservesi,213.0,77.55,0,0,2023,4,11,1,15,2,0,0,1.0117416829745596,194.0,209.0,206.0,198.0,185.14285714285714,197.125,24.80879260415943
2023-04-11,TON160,Ton Balığı Konservesi 160g,684.0,54.75,0,0,2023,4,11,1,15,2,0,0,0.9677419354838709,255.6875,552.5,509.0,661.6666666666666,441.0267857142857,493.14955357142856,106.12490096888024
2023-04-11,TON80,Ton Balığı Konservesi 80g,830.0,31.53,0,0,2023,4,11,1,15,2,0,0,0.9548758328285887,860.0,976.0,884.0,869.0,835.7142857142857,852.0535714285714,147.89040343636438
2023-04-11,ZEYTY,Zeytinyağı 1L,467.0,242.99,1,0,2023,4,11,1,15,2,0,0,0.9793047858942066,320.0,374.0,302.0,338.0,315.0,301.39285714285717,66.74578638386079
2023-04-12,SARDL,Sardalya Konservesi,462.0,26.45,0,0,2023,4,12,2,15,2,0,0,0.9966088922381311,470.0,421.0,435.0,448.0,390.85714285714283,419.42857142857144,69.79118514403739
2023-04-12,SOMON,Somon Konservesi,264.0,72.4,0,0,2023,4,12,2,15,2,0,0,0.944553163731246,213.0,200.0,209.0,189.0,185.71428571428572,197.66071428571428,25.486691204851073
2023-04-12,TON160,Ton Balığı Konservesi 160g,687.0,57.12,0,0,2023,4,12,2,15,2,0,0,1.0096332302253646,684.0,557.0,629.0,626.3333333333334,459.8125,493.94717261904765,136.4516712750338
2023-04-12,TON80,Ton Balığı Konservesi 80g,1231.0,32.27,0,0,2023,4,12,2,15,2,0,0,0.9772864930345245,830.0,1009.0,764.0,965.0,814.8571428571429,850.6607142857143,134.49712335390407
2023-04-12,ZEYTY,Zeytinyağı 1L,467.0,242.24,0,0,2023,4,12,2,15,2,0,0,0.9762821158690177,467.0,324.0,342.0,340.0,328.2857142857143,306.0,86.7154624537713
2023-04-13,SARDL,Sardalya Konservesi,410.0,26.01,0,0,2023,4,13,3,15,2,0,0,0.9800301431801056,462.0,386.0,606.0,519.0,396.7142857142857,419.92857142857144,74.31624830348036
2023-04-13,SOMON,Somon Konservesi,296.5,71.26,0,0,2023,4,13,3,15,2,0,0,0.9296803652968036,264.0,205.0,284.0,283.0,194.85714285714286,200.33928571428572,39.2361592217713
2023-04-13,TON160,Ton Balığı Konservesi 160g,654.0,56.26,0,0,2023,4,13,3,15,2,0,0,0.9944321696862571,687.0,465.0,464.0,591.0,478.38392857142856,496.1138392857143,158.886131054189
2023-04-13,TON80,Ton Balığı Konservesi 80g,1038.0,33.37,0,0,2023,4,13,3,15,2,0,0,1.0105996365838883,1231.0,818.0,889.0,771.0,846.5714285714286,860.1607142857143,198.7375632526933
2023-04-13,ZEYTY,Zeytinyağı 1L,467.0,241.06,0,0,2023,4,13,3,15,2,0,0,0.9715264483627204,467.0,416.0,356.0,340.0,348.7142857142857,310.5357142857143,101.1759429339378
2023-04-14,SARDL,Sardalya Konservesi,448.0,26.12,0,0,2023,4,14,4,15,2,0,0,0.984174830444612,410.0,442.0,444.0,421.0,400.14285714285717,416.0357142857143,74.29317728079734
2023-04-14,SOMON,Somon Konservesi,296.5,76.76,1,0,2023,4,14,4,15,2,0,0,1.0014350945857795,296.5,186.0,251.0,209.0,207.92857142857142,200.82142857142858,55.18033207238823
2023-04-14,TON160,Ton Balığı Konservesi 160g,572.5,56.18,0,0,2023,4,14,4,15,2,0,0,0.9930181175430843,654.0,469.0,475.0,539.0,505.38392857142856,498.3638392857143,171.769075043702
2023-04-14,TON80,Ton Balığı Konservesi 80g,1118.0,31.92,0,0,2023,4,14,4,15,2,0,0,0.9666868564506359,1038.0,771.0,943.0,989.0,878.0,869.6964285714286,210.51286579842576
2023-04-14,ZEYTY,Zeytinyağı 1L,467.0,248.6,0,0,2023,4,14,4,15,2,0,0,1.0019143576826197,467.0,297.0,311.0,320.0,356.0,315.07142857142856,108.4066418629413
2023-04-15,SARDL,Sardalya Konservesi,362.0,26.24,0,0,2023,4,15,5,15,2,1,0,0.988696307460437,448.0,268.0,282.0,298.0,401.0,417.0,74.88880646220186
2023-04-15,SOMON,Somon Konservesi,261.5,78.32,0,0,2023,4,15,5,15,2,1,0,1.0217873450750161,296.5,144.0,141.0,139.0,223.71428571428572,203.94642857142858,63.099034027773165
2023-04-15,TON160,Ton Balığı Konservesi 160g,491.0,53.3,0,0,2023,4,15,5,15,2,1,0,0.9421122403888642,572.5,366.0,410.0,425.0,520.1696428571429,499.56026785714283,172.56793165077363
2023-04-15,TON80,Ton Balığı Konservesi 80g,789.0,31.67,0,0,2023,4,15,5,15,2,1,0,0.9591156874621442,1118.0,856.0,737.0,773.0,927.5714285714286,874.3035714285714,221.67683471129453
2023-04-15,ZEYTY,Zeytinyağı 1L,373.0,245.78,0,0,2023,4,15,5,15,2,1,0,0.9905491183879094,467.0,222.0,227.0,201.0,380.2857142857143,320.32142857142856,111.9698088559507
2023-04-16,SARDL,Sardalya Konservesi,341.0,25.66,0,0,2023,4,16,6,15,2,1,0,0.9668425018839488,362.0,331.0,269.0,328.0,414.42857142857144,419.2857142857143,51.99313141450059
2023-04-16,SOMON,Somon Konservesi,190.0,74.57,0,0,2023,4,16,6,15,2,1,0,0.9728636660143508,261.5,158.0,129.0,177.0,240.5,208.32142857142858,53.21340683198771
2023-04-16,TON160,Ton Balığı Konservesi 160g,427.0,54.9,0,0,2023,4,16,6,15,2,1,0,0.9703932832523199,491.0,422.0,405.0,377.0,538.0267857142857,501.9174107142857,159.96280434001312
2023-04-16,TON80,Ton Balığı Konservesi 80g,846.0,32.82,0,0,2023,4,16,6,15,2,1,0,0.9939430648092065,789.0,560.0,671.0,651.0,918.0,874.875,226.67230385146937
2023-04-16,ZEYTY,Zeytinyağı 1L,361.0,241.7,0,0,2023,4,16,6,15,2,1,0,0.9741057934508816,373.0,252.0,213.0,210.0,401.85714285714283,326.4642857142857,88.47302521376926
2023-04-17,SARDL,Sardalya Konservesi,490.0,26.07,0,0,2023,4,17,0,16,2,0,0,0.9822908816880181,341.0,418.0,506.0,441.0,415.85714285714283,419.75,49.39105374939884
2023-04-17,SOMON,Somon Konservesi,250.0,75.77,0,0,2023,4,17,0,16,2,0,0,0.9885192433137637,190.0,194.0,296.5,183.0,245.07142857142858,208.78571428571428,45.80341014545039
2023-04-17,TON160,Ton Balığı Konservesi 160g,638.0,55.65,0,0,2023,4,17,0,16,2,0,0,0.9836500220945646,427.0,255.6875,548.0,610.0,538.7410714285714,503.703125,159.36841664740936
2023-04-17,TON80,Ton Balığı Konservesi 80g,1060.0,32.27,0,0,2023,4,17,0,16,2,0,0,0.9772864930345245,846.0,860.0,823.5,1042.0,958.8571428571429,881.8392857142857,170.10626930581523
2023-04-17,ZEYTY,Zeytinyağı 1L,467.0,237.25,0,0,2023,4,17,0,16,2,0,0,0.9561712846347608,361.0,320.0,307.0,313.0,417.42857142857144,331.85714285714283,63.874504937043994
2023-04-18,SARDL,Sardalya Konservesi,501.0,26.4,0,0,2023,4,18,1,16,2,0,0,0.9947249434815373,490.0,470.0,457.0,425.0,426.14285714285717,421.5,56.84607453884587
2023-04-18,SOMON,Somon Konservesi,296.5,74.11,1,0,2023,4,18,1,16,2,0,0,0.9668623613829093,250.0,213.0,209.0,218.0,253.07142857142858,211.17857142857142,39.90763144586522
2023-04-18,TON160,Ton Balığı Konservesi 160g,607.0,58.88,0,0,2023,4,18,1,16,2,0,0,1.0407423773751656,638.0,684.0,552.5,478.0,593.3571428571429,504.703125,101.02999318919814
2023-04-18,TON80,Ton Balığı Konservesi 80g,1007.0,31.78,0,0,2023,4,18,1,16,2,0,0,0.9624470018170805,1060.0,830.0,976.0,985.0,987.4285714285714,882.4821428571429,167.511051518854
2023-04-18,ZEYTY,Zeytinyağı 1L,467.0,229.09,0,0,2023,4,18,1,16,2,0,0,0.9232846347607053,467.0,467.0,374.0,317.0,438.42857142857144,337.35714285714283,48.91781251193144
2023-04-19,SARDL,Sardalya Konservesi,537.0,25.8,0,0,2023,4,19,2,16,2,0,0,0.9721175584024115,501.0,462.0,421.0,653.0,430.57142857142856,424.2142857142857,61.821940934851085
2023-04-19,SOMON,Somon Konservesi,271.0,77.18,0,0,2023,4,19,2,16,2,0,0,1.006914546640574,296.5,264.0,200.0,214.0,265.0,213.98214285714286,38.38402445462552
2023-04-19,TON160,Ton Balığı Konservesi 160g,736.0,54.12,0,0,2023,4,19,2,16,2,0,0,0.9566062748563853,607.0,687.0,557.0,534.0,582.3571428571429,509.31026785714283,93.42140827352915
2023-04-19,TON80,Ton Balığı Konservesi 80g,1110.0,32.21,0,0,2023,4,19,2,16,2,0,0,0.9754694124772865,1007.0,1231.0,1009.0,941.0,1012.7142857142857,883.2678571428571,152.47044990829525
2023-04-19,ZEYTY,Zeytinyağı 1L,440.0,248.19,0,0,2023,4,19,2,16,2,0,0,1.0002619647355164,467.0,467.0,324.0,343.0,438.42857142857144,342.7142857142857,48.91781251193144
2023-04-20,SARDL,Sardalya Konservesi,530.0,26.4,0,0,2023,4,20,3,16,2,0,0,0.9947249434815373,537.0,410.0,386.0,393.0,441.2857142857143,420.07142857142856,73.56111809399002
2023-04-20,SOMON,Somon Konservesi,235.0,74.18,0,0,2023,4,20,3,16,2,0,0,0.9677756033920417,271.0,296.5,205.0,185.0,266.0,216.01785714285714,38.4447655734816
2023-04-20,TON160,Ton Balığı Konservesi 160g,824.1875,55.33,1,0,2023,4,20,3,16,2,0,0,0.9779938135218735,736.0,654.0,465.0,521.0,589.3571428571429,516.5245535714286,103.82546022279935
2023-04-20,TON80,Ton Balığı Konservesi 80g,1009.0,32.95,0,0,2023,4,20,3,16,2,0,0,0.9978800726832223,1110.0,1038.0,818.0,858.0,995.4285714285714,889.3035714285714,128.5870096379057
2023-04-20,ZEYTY,Zeytinyağı 1L,467.0,244.67,0,0,2023,4,20,3,16,2,0,0,0.9860755667506297,440.0,467.0,416.0,310.0,434.57142857142856,346.17857142857144,47.32813519411548
2023-04-21,SARDL,Sardalya Konservesi,203.0,26.19,0,1,2023,4,21,4,16,2,0,0,0.9868123587038433,530.0,448.0,442.0,440.0,458.42857142857144,424.9642857142857,78.84765298315641
2023-04-21,SOMON,Somon Konservesi,92.0,74.11,0,1,2023,4,21,4,16,2,0,0,0.9668623613829093,235.0,296.5,186.0,221.0,257.2142857142857,217.80357142857142,37.32387210045856
2023-04-21,TON160,Ton Balığı Konservesi 160g,262.0,55.92,0,1,2023,4,21,4,16,2,0,0,0.9884224480777728,824.1875,572.5,469.0,581.0,613.6696428571429,527.3526785714286,136.32514515265612
2023-04-21,TON80,Ton Balığı Konservesi 80g,428.75,33.34,0,1,2023,4,21,4,16,2,0,0,1.0096910963052694,1009.0,1118.0,771.0,898.0,991.2857142857143,894.6964285714286,127.44896270757911
2023-04-21,ZEYTY,Zeytinyağı 1L,212.0,241.0,0,1,2023,4,21,4,16,2,0,0,0.9712846347607053,467.0,467.0,297.0,329.0,434.57142857142856,351.7857142857143,47.32813519411548
2023-04-22,SARDL,Sardalya Konservesi,203.0,25.96,0,1,2023,4,22,5,16,2,1,0,0.9781461944235117,203.0,362.0,268.0,311.0,423.42857142857144,416.5,125.07445401687296
2023-04-22,SOMON,Somon Konservesi,76.5,75.39,0,1,2023,4,22,5,16,2,1,0,0.9835616438356164,92.0,261.5,144.0,144.0,228.0,213.19642857142858,68.47931561184474
2023-04-22,TON160,Ton Balığı Konservesi 160g,255.6875,53.98,0,1,2023,4,22,5,16,2,1,0,0.9541316836058329,262.0,491.0,366.0,387.0,569.3125,515.9598214285714,191.35959890674388
2023-04-22,TON80,Ton Balığı Konservesi 80g,428.75,32.37,0,1,2023,4,22,5,16,2,1,0,0.9803149606299211,428.75,789.0,856.0,618.0,892.8214285714286,877.9375,234.51469011759536
2023-04-22,ZEYTY,Zeytinyağı 1L,123.0,243.83,0,1,2023,4,22,5,16,2,1,0,0.9826901763224182,212.0,373.0,222.0,238.0,398.14285714285717,347.60714285714283,93.66327734928767
2023-04-23,SARDL,Sardalya Konservesi,203.0,26.54,0,1,2023,4,23,6,16,2,1,0,1.0,203.0,341.0,331.0,454.0,400.7142857142857,412.64285714285717,150.03634480319943
2023-04-23,SOMON,Somon Konservesi,76.5,75.09,0,1,2023,4,23,6,16,2,1,0,0.9796477495107632,76.5,190.0,158.0,144.0,201.57142857142858,210.78571428571428,86.67680801471083
2023-04-23,TON160,Ton Balığı Konservesi 160g,255.6875,54.1,1,1,2023,4,23,6,16,2,1,0,0.9562527618205922,255.6875,427.0,422.0,387.0,535.6964285714286,511.2700892857143,225.10311997068277
2023-04-23,TON80,Ton Balığı Konservesi 80g,428.75,30.82,0,1,2023,4,23,6,16,2,1,0,0.9333737129012719,428.75,846.0,560.0,932.0,841.3571428571429,871.1785714285714,293.2650201162912
2023-04-23,ZEYTY,Zeytinyağı 1L,123.0,238.19,0,1,2023,4,23,6,16,2,1,0,0.9599596977329975,123.0,361.0,252.0,264.0,362.42857142857144,343.5,140.7004585906495
2023-04-24,SARDL,Sardalya Konservesi,203.0,25.97,0,1,2023,4,24,0,17,2,0,0,0.9785229841748304,203.0,490.0,418.0,473.0,381.0,403.67857142857144,167.26725122788707
2023-04-24,SOMON,Somon Konservesi,81.0,77.89,0,1,2023,4,24,0,17,2,0,0,1.01617742987606,76.5,250.0,194.0,203.0,185.35714285714286,208.375,98.94936174870554
2023-04-24,TON160,Ton Balığı Konservesi 160g,255.6875,56.56,0,1,2023,4,24,0,17,2,0,0,0.9997348652231551,255.6875,638.0,255.6875,563.0,511.2232142857143,506.58035714285717,247.12547646099
2023-04-24,TON80,Ton Balığı Konservesi 80g,474.0,32.88,1,1,2023,4,24,0,17,2,0,0,0.9957601453664445,428.75,1060.0,860.0,1004.0,781.75,853.2053571428571,332.0085967762465
2023-04-24,ZEYTY,Zeytinyağı 1L,145.0,245.18,0,1,2023,4,24,0,17,2,0,0,0.9881309823677582,123.0,467.0,320.0,313.0,328.42857142857144,338.4642857142857,167.3378390590496
2023-04-25,SARDL,Sardalya Konservesi,437.0,26.85,0,0,2023,4,25,1,17,2,0,0,1.0116804822908818,203.0,501.0,470.0,405.0,340.0,394.0357142857143,171.2240247940293
2023-04-25,SOMON,Somon Konservesi,182.0,76.29,0,0,2023,4,25,1,17,2,0,0,0.9953033268101761,81.0,296.5,213.0,206.0,161.21428571428572,204.01785714285714,101.1413438143445
2023-04-25,TON160,Ton Balığı Konservesi 160g,507.0,55.22,0,0,2023,4,25,1,17,2,0,0,0.976049491825011,255.6875,607.0,684.0,509.0,456.60714285714283,495.6049107142857,256.5059283810859
2023-04-25,TON80,Ton Balığı Konservesi 80g,935.0,32.45,0,0,2023,4,25,1,17,2,0,0,0.9827377347062386,474.0,1007.0,830.0,884.0,698.0357142857143,834.2767857142857,323.93638227575383
2023-04-25,ZEYTY,Zeytinyağı 1L,310.0,251.25,0,0,2023,4,25,1,17,2,0,0,1.012594458438287,145.0,467.0,467.0,302.0,282.42857142857144,332.4642857142857,167.15447660059544
2023-04-26,SARDL,Sardalya Konservesi,436.0,25.41,0,0,2023,4,26,2,17,2,0,0,0.9574227581009797,437.0,537.0,462.0,435.0,330.85714285714283,395.17857142857144,162.69032809956016
2023-04-26,SOMON,Somon Konservesi,217.0,74.71,0,0,2023,4,26,2,17,2,0,0,0.9746901500326156,182.0,271.0,264.0,209.0,144.85714285714286,203.16071428571428,83.30101754366237
2023-04-26,TON160,Ton Balığı Konservesi 160g,416.0,56.09,0,0,2023,4,26,2,17,2,0,0,0.991427308882015,507.0,736.0,687.0,629.0,442.32142857142856,495.53348214285717,249.4208641736271
2023-04-26,TON80,Ton Balığı Konservesi 80g,860.0,31.41,0,0,2023,4,26,2,17,2,0,0,0.9512416717141126,935.0,1110.0,1231.0,764.0,687.75,836.0982142857143,313.46484385546626
2023-04-26,ZEYTY,Zeytinyağı 1L,431.0,255.31,1,0,2023,4,26,2,17,2,0,0,1.0289571788413099,310.0,440.0,467.0,342.0,260.0,332.75,147.65726079900918
2023-04-27,SARDL,Sardalya Konservesi,425.0,25.95,0,0,2023,4,27,3,17,2,0,0,0.9777694046721929,436.0,530.0,410.0,606.0,316.42857142857144,395.2142857142857,144.86298945653917
2023-04-27,SOMON,Somon Konservesi,220.0,74.41,0,0,2023,4,27,3,17,2,0,0,0.9707762557077625,217.0,235.0,296.5,284.0,137.14285714285714,203.44642857142858,71.309603307055
2023-04-27,TON160,Ton Balığı Konservesi 160g,555.0,56.39,0,0,2023,4,27,3,17,2,0,0,0.9967300044189129,416.0,824.1875,654.0,464.0,396.60714285714283,487.9263392857143,213.3392243071491
2023-04-27,TON80,Ton Balığı Konservesi 80g,808.0,32.94,0,0,2023,4,27,3,17,2,0,0,0.9975772259236825,860.0,1009.0,1038.0,889.0,652.0357142857143,839.5267857142857,268.33054198488685
2023-04-27,ZEYTY,Zeytinyağı 1L,302.0,238.53,0,0,2023,4,27,3,17,2,0,0,0.9613299748110832,431.0,467.0,467.0,356.0,258.7142857142857,335.92857142857144,145.85690965887778
2023-04-28,SARDL,Sardalya Konservesi,426.0,26.37,0,0,2023,4,28,4,17,2,0,0,0.9935945742275811,425.0,203.0,448.0,444.0,301.42857142857144,388.75,122.82217110231099
2023-04-28,SOMON,Somon Konservesi,208.0,76.98,0,0,2023,4,28,4,17,2,0,0,1.0043052837573385,220.0,92.0,296.5,251.0,135.0,201.16071428571428,68.02879292378113
2023-04-28,TON160,Ton Balığı Konservesi 160g,561.0,55.36,0,0,2023,4,28,4,17,2,0,0,0.9785240830755634,555.0,262.0,572.5,475.0,358.1517857142857,491.1763392857143,132.28339634816098
2023-04-28,TON80,Ton Balığı Konservesi 80g,801.0,32.63,0,0,2023,4,28,4,17,2,0,0,0.9881889763779528,808.0,428.75,1118.0,943.0,623.3214285714286,836.6339285714286,232.06948107758004
2023-04-28,ZEYTY,Zeytinyağı 1L,359.0,232.3,0,0,2023,4,28,4,17,2,0,0,0.9362216624685139,302.0,212.0,467.0,311.0,235.14285714285714,334.0,117.08035498669041
2023-04-29,SARDL,Sardalya Konservesi,343.0,25.91,0,0,2023,4,29,5,17,2,1,0,0.9762622456669179,426.0,203.0,362.0,282.0,333.2857142857143,388.10714285714283,121.9545192352643
2023-04-29,SOMON,Somon Konservesi,137.0,73.56,0,0,2023,4,29,5,17,2,1,0,0.9596868884540117,208.0,76.5,261.5,141.0,151.57142857142858,199.625,69.91091269813127
2023-04-29,TON160,Ton Balığı Konservesi 160g,317.0,54.09,0,0,2023,4,29,5,17,2,1,0,0.9560760053026955,561.0,255.6875,491.0,410.0,400.86607142857144,494.24776785714283,143.8309438256789
2023-04-29,TON80,Ton Balığı Konservesi 80g,640.0,32.75,0,0,2023,4,29,5,17,2,1,0,0.9918231374924288,801.0,428.75,789.0,737.0,676.5,831.5625,222.50594561344155
2023-04-29,ZEYTY,Zeytinyağı 1L,209.0,251.11,0,0,2023,4,29,5,17,2,1,0,1.012030226700252,359.0,123.0,373.0,227.0,256.14285714285717,335.7142857142857,125.14315612053845
2023-04-30,SARDL,Sardalya Konservesi,308.0,25.17,0,0,2023,4,30,6,17,2,1,0,0.9483798040693294,343.0,203.0,341.0,269.0,353.2857142857143,390.2857142857143,107.67035228838287
2023-04-30,SOMON,Somon Konservesi,129.0,76.31,0,0,2023,4,30,6,17,2,1,0,0.9955642530984996,137.0,76.5,190.0,129.0,160.21428571428572,199.48214285714286,62.42185590991434
2023-04-30,TON160,Ton Balığı Konservesi 160g,586.0,56.16,1,0,2023,4,30,6,17,2,1,0,0.9926646045072911,317.0,255.6875,427.0,405.0,409.625,490.9263392857143,135.11952174371356
2023-04-30,TON80,Ton Balığı Konservesi 80g,702.0,31.41,0,0,2023,4,30,6,17,2,1,0,0.9512416717141126,640.0,428.75,846.0,671.0,706.6785714285714,828.0982142857143,196.05710872332835
2023-04-30,ZEYTY,Zeytinyağı 1L,229.0,242.31,0,0,2023,4,30,6,17,2,1,0,0.9765642317380353,209.0,123.0,361.0,213.0,268.42857142857144,335.07142857142856,113.58089208849786
2023-05-01,SARDL,Sardalya Konservesi,405.5,26.57,0,1,2023,5,1,0,18,2,0,0,1.0011303692539564,308.0,203.0,490.0,506.0,368.2857142857143,391.67857142857144,88.92640081496886
2023-05-01,SOMON,Somon Konservesi,83.0,75.08,0,1,2023,5,1,0,18,2,0,0,0.9795172863666013,129.0,81.0,250.0,296.5,167.71428571428572,199.48214285714286,53.152968828073035
2023-05-01,TON160,Ton Balığı Konservesi 160g,255.6875,53.72,0,1,2023,5,1,0,18,2,0,0,0.9495360141405214,586.0,255.6875,638.0,548.0,456.8125,497.390625,129.97979109750054
2023-05-01,TON80,Ton Balığı Konservesi 80g,428.75,31.99,0,1,2023,5,1,0,18,2,0,0,0.9688067837674136,702.0,474.0,1060.0,823.5,745.7142857142857,829.2053571428571,154.24084444542206
2023-05-01,ZEYTY,Zeytinyağı 1L,123.0,238.81,0,1,2023,5,1,0,18,2,0,0,0.9624584382871537,229.0,145.0,467.0,307.0,283.57142857142856,335.64285714285717,96.78473905676285
2023-05-02,SARDL,Sardalya Konservesi,503.0,26.63,0,0,2023,5,2,1,18,2,0,0,1.003391107761869,405.5,437.0,501.0,457.0,397.2142857142857,388.0892857142857,51.079886079596264
2023-05-02,SOMON,Somon Konservesi,183.0,74.53,0,0,2023,5,2,1,18,2,0,0,0.9723418134377038,83.0,182.0,296.5,209.0,168.0,191.85714285714286,52.61178575186371
2023-05-02,TON160,Ton Balığı Konservesi 160g,566.0,56.51,0,0,2023,5,2,1,18,2,0,0,0.9988510826336721,255.6875,507.0,607.0,552.5,456.8125,486.95089285714283,129.97979109750054
2023-05-02,TON80,Ton Balığı Konservesi 80g,1324.0,32.6,1,0,2023,5,2,1,18,2,0,0,0.9872804360993337,428.75,935.0,1007.0,976.0,739.25,815.1071428571429,167.87228528457408
2023-05-02,ZEYTY,Zeytinyağı 1L,310.0,242.53,0,0,2023,5,2,1,18,2,0,0,0.9774508816120907,123.0,310.0,467.0,374.0,280.42857142857144,329.07142857142856,102.23805087940109
2023-05-03,SARDL,Sardalya Konservesi,393.0,26.99,0,0,2023,5,3,2,18,2,0,0,1.0169555388093443,503.0,436.0,537.0,421.0,406.64285714285717,389.73214285714283,64.08374357413878
2023-05-03,SOMON,Somon Konservesi,191.0,72.69,0,0,2023,5,3,2,18,2,0,0,0.9483365949119372,183.0,217.0,271.0,200.0,168.14285714285714,190.92857142857142,52.65747357982086
2023-05-03,TON160,Ton Balığı Konservesi 160g,598.0,58.99,0,0,2023,5,3,2,18,2,0,0,1.0426866990720283,566.0,416.0,736.0,557.0,465.24107142857144,487.4330357142857,135.56936468601205
2023-05-03,TON80,Ton Balığı Konservesi 80g,903.0,31.82,0,0,2023,5,3,2,18,2,0,0,0.9636583888552391,1324.0,860.0,1110.0,1009.0,794.8214285714286,827.5357142857143,274.1908821987912
2023-05-03,ZEYTY,Zeytinyağı 1L,324.0,241.73,0,0,2023,5,3,2,18,2,0,0,0.9742267002518892,310.0,431.0,440.0,324.0,280.42857142857144,326.7857142857143,102.23805087940109
2023-05-04,SARDL,Sardalya Konservesi,444.0,25.27,0,0,2023,5,4,3,18,2,0,0,0.9521477015825169,393.0,425.0,530.0,386.0,400.5,388.73214285714283,62.84968841078774
2023-05-04,SOMON,Somon Konservesi,183.0,76.59,0,0,2023,5,4,3,18,2,0,0,0.9992172211350293,191.0,220.0,235.0,205.0,164.42857142857142,190.60714285714286,49.456570654993776
2023-05-04,TON160,Ton Balığı Konservesi 160g,607.0,56.63,0,0,2023,5,4,3,18,2,0,0,1.0009721608484312,598.0,555.0,824.1875,465.0,491.24107142857144,488.89732142857144,141.85824253353155
2023-05-04,TON80,Ton Balığı Konservesi 80g,948.0,32.77,0,0,2023,5,4,3,18,2,0,0,0.9924288310115081,903.0,808.0,1009.0,818.0,800.9642857142857,823.75,276.36752509759623
2023-05-04,ZEYTY,Zeytinyağı 1L,311.0,250.66,0,0,2023,5,4,3,18,2,0,0,1.0102166246851385,324.0,302.0,467.0,416.0,265.14285714285717,326.7857142857143,81.96224450202341
2023-05-05,SARDL,Sardalya Konservesi,366.0,25.41,0,0,2023,5,5,4,18,2,0,0,0.9574227581009797,444.0,426.0,203.0,442.0,403.2142857142857,390.80357142857144,64.47341644872874
2023-05-05,SOMON,Somon Konservesi,193.0,75.48,0,0,2023,5,5,4,18,2,0,0,0.9847358121330724,183.0,208.0,92.0,186.0,159.14285714285714,189.82142857142858,44.22830380133145
2023-05-05,TON160,Ton Balığı Konservesi 160g,616.0,56.3,0,0,2023,5,5,4,18,2,0,0,0.9951391957578435,607.0,561.0,262.0,469.0,498.66964285714283,493.96875,147.02109185723228
2023-05-05,TON80,Ton Balığı Konservesi 80g,872.0,32.62,0,0,2023,5,5,4,18,2,0,0,0.9878861296184129,948.0,801.0,428.75,771.0,820.9642857142857,828.3928571428571,281.97046345655406
2023-05-05,ZEYTY,Zeytinyağı 1L,337.0,244.59,0,0,2023,5,5,4,18,2,0,0,0.9857531486146096,311.0,359.0,212.0,297.0,266.42857142857144,323.0357142857143,82.7040046246391
2023-05-06,SARDL,Sardalya Konservesi,323.0,26.29,0,0,2023,5,6,5,18,2,1,0,0.9905802562170309,366.0,343.0,203.0,268.0,394.64285714285717,388.0892857142857,64.92605684270856
2023-05-06,SOMON,Somon Konservesi,150.0,74.47,0,0,2023,5,6,5,18,2,1,0,0.9715590345727331,193.0,137.0,76.5,144.0,157.0,190.07142857142858,41.761226035642366
2023-05-06,TON160,Ton Balığı Konservesi 160g,389.0,55.55,0,0,2023,5,6,5,18,2,1,0,0.9818824569155986,616.0,317.0,255.6875,366.0,506.5267857142857,499.21875,152.28285367145347
2023-05-06,TON80,Ton Balığı Konservesi 80g,646.0,31.97,0,0,2023,5,6,5,18,2,1,0,0.9682010902483342,872.0,640.0,428.75,856.0,831.1071428571429,832.0,282.4092721987164
2023-05-06,ZEYTY,Zeytinyağı 1L,216.0,246.53,0,0,2023,5,6,5,18,2,1,0,0.9935717884130982,337.0,209.0,123.0,222.0,263.2857142857143,324.4642857142857,78.93185728993102
2023-05-07,SARDL,Sardalya Konservesi,328.0,27.03,0,0,2023,5,7,6,18,2,1,0,1.0184626978146196,323.0,308.0,203.0,331.0,391.7857142857143,390.05357142857144,67.94719588453368
2023-05-07,SOMON,Somon Konservesi,152.0,77.97,0,0,2023,5,7,6,18,2,1,0,1.017221135029354,150.0,129.0,76.5,158.0,158.85714285714286,190.28571428571428,41.005806789724346
2023-05-07,TON160,Ton Balığı Konservesi 160g,372.0,55.91,0,0,2023,5,7,6,18,2,1,0,0.9882456915598762,389.0,586.0,255.6875,422.0,516.8125,500.04017857142856,139.21923751317516
2023-05-07,TON80,Ton Balığı Konservesi 80g,492.0,31.82,0,0,2023,5,7,6,18,2,1,0,0.9636583888552391,646.0,702.0,428.75,560.0,831.9642857142857,824.5,281.74088378373
2023-05-07,ZEYTY,Zeytinyağı 1L,237.0,244.37,0,0,2023,5,7,6,18,2,1,0,0.9848664987405542,216.0,229.0,123.0,252.0,264.2857142857143,324.25,78.17014409972245
2023-05-08,SARDL,Sardalya Konservesi,395.0,27.14,0,0,2023,5,8,0,19,2,0,0,1.022607385079126,328.0,405.5,203.0,418.0,394.64285714285717,389.94642857142856,64.15132778939672
2023-05-08,SOMON,Somon Konservesi,228.0,74.46,0,0,2023,5,8,0,19,2,0,0,0.9714285714285713,152.0,83.0,81.0,194.0,162.14285714285714,190.07142857142858,39.09146783049811
2023-05-08,TON160,Ton Balığı Konservesi 160g,561.0,56.06,0,0,2023,5,8,0,19,2,0,0,0.9908970393283252,372.0,255.6875,255.6875,255.6875,486.24107142857144,498.2544642857143,144.87548725728445
2023-05-08,TON80,Ton Balığı Konservesi 80g,964.0,32.81,0,0,2023,5,8,0,19,2,0,0,0.9936402180496668,492.0,428.75,474.0,860.0,801.9642857142857,822.0714285714286,307.8561768021508
2023-05-08,ZEYTY,Zeytinyağı 1L,351.0,238.46,0,0,2023,5,8,0,19,2,0,0,0.9610478589420656,237.0,123.0,145.0,320.0,265.42857142857144,323.7142857142857,77.62486101513478
2023-05-09,SARDL,Sardalya Konservesi,462.0,25.55,0,0,2023,5,9,1,19,2,0,0,0.9626978146194424,395.0,503.0,437.0,470.0,393.14285714285717,389.125,63.97767467752029
2023-05-09,SOMON,Somon Konservesi,190.0,77.05,0,0,2023,5,9,1,19,2,0,0,1.0052185257664707,228.0,183.0,182.0,213.0,182.85714285714286,191.28571428571428,26.579619833176523
2023-05-09,TON160,Ton Balığı Konservesi 160g,542.0,57.43,0,0,2023,5,9,1,19,2,0,0,1.015112682280159,561.0,566.0,507.0,684.0,529.8571428571429,509.15848214285717,104.12401031370909
2023-05-09,TON80,Ton Balığı Konservesi 80g,826.0,31.0,0,0,2023,5,9,1,19,2,0,0,0.938824954572986,964.0,1324.0,935.0,830.0,878.4285714285714,825.7857142857143,262.8978617529726
2023-05-09,ZEYTY,Zeytinyağı 1L,300.0,251.02,0,0,2023,5,9,1,19,2,0,0,1.0116675062972293,351.0,310.0,310.0,467.0,298.0,324.82142857142856,51.25751977352503
2023-05-10,SARDL,Sardalya Konservesi,447.0,26.85,0,0,2023,5,10,2,19,2,0,0,1.0116804822908818,462.0,393.0,436.0,462.0,387.2857142857143,388.8392857142857,53.21564395837486
2023-05-10,SOMON,Somon Konservesi,214.0,74.39,0,0,2023,5,10,2,19,2,0,0,0.970515329419439,190.0,191.0,217.0,264.0,183.85714285714286,190.46428571428572,26.717213997898877
2023-05-10,TON160,Ton Balığı Konservesi 160g,543.0,56.55,0,0,2023,5,10,2,19,2,0,0,0.9995581087052584,542.0,598.0,416.0,687.0,526.4285714285714,504.08705357142856,103.12590547942963
2023-05-10,TON80,Ton Balığı Konservesi 80g,1046.0,32.95,0,0,2023,5,10,2,19,2,0,0,0.9978800726832223,826.0,903.0,860.0,1231.0,807.2857142857143,825.6428571428571,174.87015591166633
2023-05-10,ZEYTY,Zeytinyağı 1L,335.0,245.05,0,0,2023,5,10,2,19,2,0,0,0.9876070528967255,300.0,324.0,431.0,467.0,296.57142857142856,318.85714285714283,51.006068733230386
2023-05-11,SARDL,Sardalya Konservesi,429.0,26.92,0,0,2023,5,11,3,19,2,0,0,1.014318010550113,447.0,444.0,425.0,410.0,395.0,388.30357142857144,57.89070161375746
2023-05-11,SOMON,Somon Konservesi,183.0,75.84,0,0,2023,5,11,3,19,2,0,0,0.9894324853228963,214.0,183.0,220.0,296.5,187.14285714285714,188.67857142857142,29.054136661461055
2023-05-11,TON160,Ton Balığı Konservesi 160g,539.0,56.53,0,0,2023,5,11,3,19,2,0,0,0.9992045956694653,543.0,607.0,555.0,654.0,518.5714285714286,498.94419642857144,98.76716246279558
2023-05-11,TON80,Ton Balığı Konservesi 80g,846.0,32.57,0,0,2023,5,11,3,19,2,0,0,0.9863718958207146,1046.0,948.0,808.0,1038.0,827.7142857142857,819.0357142857143,195.09802176146545
2023-05-11,ZEYTY,Zeytinyağı 1L,331.0,241.51,0,0,2023,5,11,3,19,2,0,0,0.9733400503778337,335.0,311.0,302.0,467.0,298.14285714285717,314.14285714285717,52.14859720525727
2023-05-12,SARDL,Sardalya Konservesi,427.0,26.45,0,0,2023,5,12,4,19,2,0,0,0.9966088922381311,429.0,366.0,426.0,448.0,392.85714285714283,388.98214285714283,56.02210448096318
2023-05-12,SOMON,Somon Konservesi,257.0,75.38,1,0,2023,5,12,4,19,2,0,0,0.9834311806914545,183.0,193.0,208.0,296.5,187.14285714285714,184.625,29.054136661461055
2023-05-12,TON160,Ton Balığı Konservesi 160g,582.0,56.47,0,0,2023,5,12,4,19,2,0,0,0.9981440565620856,539.0,616.0,561.0,572.5,508.85714285714283,494.83705357142856,91.71228302219247
2023-05-12,TON80,Ton Balığı Konservesi 80g,997.0,32.45,0,0,2023,5,12,4,19,2,0,0,0.9827377347062386,846.0,872.0,801.0,1118.0,813.1428571428571,812.1785714285714,188.3077521606814
2023-05-12,ZEYTY,Zeytinyağı 1L,281.0,245.04,0,0,2023,5,12,4,19,2,0,0,0.9875667506297229,331.0,337.0,359.0,467.0,301.0,309.2857142857143,53.50077881053053
2023-05-13,SARDL,Sardalya Konservesi,330.0,27.42,0,0,2023,5,13,5,19,2,1,0,1.0331574981160514,427.0,323.0,343.0,362.0,401.57142857142856,388.23214285714283,55.892328462429944
2023-05-13,SOMON,Somon Konservesi,152.0,74.37,0,0,2023,5,13,5,19,2,1,0,0.9702544031311154,257.0,150.0,137.0,261.5,196.28571428571428,183.21428571428572,39.423826491578524
2023-05-13,TON160,Ton Balığı Konservesi 160g,428.0,54.65,0,0,2023,5,13,5,19,2,1,0,0.965974370304905,582.0,389.0,317.0,491.0,504.0,495.1763392857143,85.8020978764498
2023-05-13,TON80,Ton Balığı Konservesi 80g,601.0,32.15,0,0,2023,5,13,5,19,2,1,0,0.9736523319200483,997.0,646.0,640.0,789.0,831.0,807.8571428571429,200.36050841753345
2023-05-13,ZEYTY,Zeytinyağı 1L,207.0,246.56,0,0,2023,5,13,5,19,2,1,0,0.9936926952141057,281.0,216.0,209.0,373.0,293.0,302.64285714285717,51.36470902607456
2023-05-14,SARDL,Sardalya Konservesi,355.0,25.6,0,0,2023,5,14,6,19,2,1,0,0.9645817633760363,330.0,328.0,308.0,341.0,402.57142857142856,387.0892857142857,54.29197958832247
2023-05-14,SOMON,Somon Konservesi,150.0,76.82,0,0,2023,5,14,6,19,2,1,0,1.00221787345075,152.0,152.0,129.0,190.0,196.57142857142858,179.30357142857142,39.0378326876938
2023-05-14,TON160,Ton Balığı Konservesi 160g,378.0,55.67,0,0,2023,5,14,6,19,2,1,0,0.9840035351303579,428.0,372.0,586.0,427.0,509.57142857142856,492.9263392857143,78.00183148032863
2023-05-14,TON80,Ton Balığı Konservesi 80g,593.0,32.27,0,0,2023,5,14,6,19,2,1,0,0.9772864930345245,601.0,492.0,702.0,846.0,824.5714285714286,801.1428571428571,207.86683008026603
2023-05-14,ZEYTY,Zeytinyağı 1L,215.0,248.97,0,0,2023,5,14,6,19,2,1,0,1.003405541561713,207.0,237.0,229.0,361.0,291.7142857142857,296.7142857142857,53.67406041939376
2023-05-15,SARDL,Sardalya Konservesi,434.0,25.81,0,0,2023,5,15,0,20,2,0,0,0.9724943481537301,355.0,395.0,405.5,490.0,406.42857142857144,387.5892857142857,48.79158787761297
2023-05-15,SOMON,Somon Konservesi,182.0,76.91,0,0,2023,5,15,0,20,2,0,0,1.003392041748206,150.0,228.0,83.0,250.0,196.28571428571428,177.875,39.423826491578524
2023-05-15,TON160,Ton Balığı Konservesi 160g,563.0,55.08,0,0,2023,5,15,0,20,2,0,0,0.9735749005744586,378.0,561.0,255.6875,638.0,510.42857142857144,491.1763392857143,76.25146368618499
2023-05-15,TON80,Ton Balığı Konservesi 80g,1015.0,32.67,0,0,2023,5,15,0,20,2,0,0,0.9894003634161114,593.0,964.0,428.75,1060.0,839.0,792.1071428571429,182.94625804681695
2023-05-15,ZEYTY,Zeytinyağı 1L,353.0,243.66,0,0,2023,5,15,0,20,2,0,0,0.9820050377833753,215.0,351.0,123.0,467.0,288.57142857142856,291.5,57.890290328220686
2023-05-16,SARDL,Sardalya Konservesi,452.0,26.44,0,0,2023,5,16,1,20,2,0,0,0.9962321024868125,434.0,462.0,503.0,501.0,412.0,385.5892857142857,49.49073987457776
2023-05-16,SOMON,Somon Konservesi,296.5,74.77,1,0,2023,5,16,1,20,2,0,0,0.9754729288975863,182.0,190.0,183.0,296.5,189.71428571428572,175.44642857142858,37.01672723564432
2023-05-16,TON160,Ton Balığı Konservesi 160g,567.0,55.89,0,0,2023,5,16,1,20,2,0,0,0.9878921785240831,563.0,542.0,566.0,607.0,510.7142857142857,488.49776785714283,76.47595327010512
2023-05-16,TON80,Ton Balığı Konservesi 80g,880.0,32.545,0,0,2023,5,16,1,20,2,0,0,0.9856147789218654,1015.0,826.0,1324.0,1007.0,846.2857142857143,790.5,189.64678948483152
2023-05-16,ZEYTY,Zeytinyağı 1L,291.0,246.95,0,0,2023,5,16,1,20,2,0,0,0.995264483627204,353.0,300.0,310.0,467.0,288.85714285714283,287.42857142857144,58.25355088298187
2023-05-17,SARDL,Sardalya Konservesi,394.0,26.46,0,0,2023,5,17,2,20,2,0,0,0.9969856819894499,452.0,447.0,393.0,537.0,410.57142857142856,383.8392857142857,47.92653107572222
2023-05-17,SOMON,Somon Konservesi,174.0,75.87,0,0,2023,5,17,2,20,2,0,0,0.9898238747553816,296.5,214.0,191.0,271.0,204.92857142857142,175.44642857142858,54.7786672067911
2023-05-17,TON160,Ton Balığı Konservesi 160g,779.0,56.34,1,0,2023,5,17,2,20,2,0,0,0.99584622182943,567.0,543.0,598.0,736.0,514.2857142857143,487.06919642857144,78.73100677986596
2023-05-17,TON80,Ton Balığı Konservesi 80g,1061.0,32.42,1,0,2023,5,17,2,20,2,0,0,0.9818291944276196,880.0,1046.0,903.0,1110.0,854.0,785.9642857142857,189.78233145720546
2023-05-17,ZEYTY,Zeytinyağı 1L,303.0,239.62,0,0,2023,5,17,2,20,2,0,0,0.9657229219143577,291.0,335.0,324.0,440.0,287.57142857142856,281.14285714285717,58.065644296942175
2023-05-18,SARDL,Sardalya Konservesi,471.0,26.47,0,0,2023,5,18,3,20,2,0,0,0.9973624717407686,394.0,429.0,444.0,530.0,403.0,378.73214285714283,45.328431107489735
2023-05-18,SOMON,Somon Konservesi,207.0,76.06,0,0,2023,5,18,3,20,2,0,0,0.9923026744944553,174.0,183.0,183.0,235.0,199.21428571428572,171.98214285714286,55.75232218097665
2023-05-18,TON160,Ton Balığı Konservesi 160g,552.0,59.03,0,0,2023,5,18,3,20,2,0,0,1.0433937251436147,779.0,539.0,607.0,824.1875,548.0,488.6049107142857,128.1171339048758
2023-05-18,TON80,Ton Balığı Konservesi 80g,893.0,33.2,0,0,2023,5,18,3,20,2,0,0,1.005451241671714,1061.0,846.0,948.0,1009.0,856.1428571428571,784.2142857142857,192.3784712239794
2023-05-18,ZEYTY,Zeytinyağı 1L,328.0,246.59,0,0,2023,5,18,3,20,2,0,0,0.9938136020151134,303.0,331.0,311.0,467.0,283.0,276.25,54.88169093604863
2023-05-19,SARDL,Sardalya Konservesi,203.0,26.78,0,1,2023,5,19,4,20,2,0,0,1.0090429540316503,471.0,427.0,366.0,203.0,409.0,376.625,51.67849327008723
2023-05-19,SOMON,Somon Konservesi,76.5,76.54,0,1,2023,5,19,4,20,2,0,0,0.9985649054142205,207.0,257.0,193.0,92.0,202.64285714285714,170.98214285714286,55.32533648467804
2023-05-19,TON160,Ton Balığı Konservesi 160g,255.6875,55.12,0,1,2023,5,19,4,20,2,0,0,0.974281926646045,552.0,582.0,616.0,262.0,549.8571428571429,478.88392857142856,128.05913812431632
2023-05-19,TON80,Ton Balığı Konservesi 80g,451.0,32.51,0,1,2023,5,19,4,20,2,0,0,0.9845548152634765,893.0,997.0,872.0,428.75,862.8571428571429,780.0714285714286,192.7852246857683
2023-05-19,ZEYTY,Zeytinyağı 1L,123.0,240.6,0,1,2023,5,19,4,20,2,0,0,0.9696725440806045,328.0,281.0,337.0,212.0,282.57142857142856,271.2857142857143,54.454437048652665
2023-05-20,SARDL,Sardalya Konservesi,284.0,25.88,0,0,2023,5,20,5,20,2,1,0,0.9751318764129615,203.0,330.0,323.0,203.0,377.0,376.625,92.1665159733534
2023-05-20,SOMON,Somon Konservesi,124.0,78.63,0,0,2023,5,20,5,20,2,1,0,1.025831702544031,76.5,152.0,150.0,76.5,176.85714285714286,170.42857142857142,66.66877972841706
2023-05-20,TON160,Ton Balığı Konservesi 160g,432.0,54.62,0,0,2023,5,20,5,20,2,1,0,0.9654441007512151,255.6875,428.0,389.0,255.6875,503.24107142857144,478.65848214285717,167.6733261673889
2023-05-20,TON80,Ton Balığı Konservesi 80g,603.0,32.83,0,0,2023,5,20,5,20,2,1,0,0.9942459115687461,451.0,601.0,646.0,428.75,784.8571428571429,780.8660714285714,235.24485723845663
2023-05-20,ZEYTY,Zeytinyağı 1L,224.0,246.18,0,0,2023,5,20,5,20,2,1,0,0.9921612090680101,123.0,207.0,216.0,123.0,260.0,268.10714285714283,81.32855177201469
2023-05-21,SARDL,Sardalya Konservesi,271.0,26.41,0,0,2023,5,21,6,20,2,1,0,0.9951017332328561,284.0,355.0,328.0,203.0,370.42857142857144,379.51785714285717,97.55828538683315
2023-05-21,SOMON,Somon Konservesi,160.0,75.96,0,0,2023,5,21,6,20,2,1,0,0.9909980430528375,124.0,150.0,152.0,76.5,172.85714285714286,172.125,69.20062276075409
2023-05-21,TON160,Ton Balığı Konservesi 160g,351.0,56.78,0,0,2023,5,21,6,20,2,1,0,1.0036235086168803,432.0,378.0,372.0,255.6875,503.8125,484.95535714285717,167.38072945757486
2023-05-21,TON80,Ton Balığı Konservesi 80g,701.0,32.37,0,0,2023,5,21,6,20,2,1,0,0.9803149606299211,603.0,593.0,492.0,428.75,785.1428571428571,787.0892857142857,234.98540988142614
2023-05-21,ZEYTY,Zeytinyağı 1L,228.0,255.43,0,0,2023,5,21,6,20,2,1,0,1.0294408060453402,224.0,215.0,237.0,123.0,262.42857142857144,271.7142857142857,79.72004587483411
2023-05-22,SARDL,Sardalya Konservesi,554.0,25.65,1,0,2023,5,22,0,21,2,0,0,0.96646571213263,271.0,434.0,395.0,203.0,358.42857142857144,381.94642857142856,104.67864656948315
2023-05-22,SOMON,Somon Konservesi,210.0,76.71,0,0,2023,5,22,0,21,2,0,0,1.0007827788649706,160.0,182.0,228.0,81.0,174.28571428571428,175.10714285714286,68.75188309109383
2023-05-22,TON160,Ton Balığı Konservesi 160g,565.0,58.74,0,0,2023,5,22,0,21,2,0,0,1.0382677861246132,351.0,563.0,561.0,255.6875,499.95535714285717,488.359375,171.03439405830844
2023-05-22,TON80,Ton Balığı Konservesi 80g,795.0,32.73,0,0,2023,5,22,0,21,2,0,0,0.9912174439733493,701.0,1015.0,964.0,474.0,800.5714285714286,796.8125,223.53363441389476
2023-05-22,ZEYTY,Zeytinyağı 1L,289.0,253.82,0,0,2023,5,22,0,21,2,0,0,1.0229521410579345,228.0,353.0,351.0,145.0,264.2857142857143,275.4642857142857,78.57419908535311
2023-05-23,SARDL,Sardalya Konservesi,432.0,25.31,0,0,2023,5,23,1,21,2,0,0,0.953654860587792,554.0,452.0,462.0,437.0,375.57142857142856,394.48214285714283,126.6397214448089
2023-05-23,SOMON,Somon Konservesi,202.0,74.24,0,0,2023,5,23,1,21,2,0,0,0.9685583822570123,210.0,296.5,190.0,182.0,178.28571428571428,179.71428571428572,70.0772532892909
2023-05-23,TON160,Ton Balığı Konservesi 160g,575.0,56.52,0,0,2023,5,23,1,21,2,0,0,0.9990278391515687,565.0,567.0,542.0,507.0,500.24107142857144,499.40625,171.15888858417176
2023-05-23,TON80,Ton Balığı Konservesi 80g,851.0,33.27,0,0,2023,5,23,1,21,2,0,0,1.0075711689884919,795.0,880.0,826.0,935.0,769.1428571428571,808.2767857142857,202.8714113023529
2023-05-23,ZEYTY,Zeytinyağı 1L,392.0,237.29,1,0,2023,5,23,1,21,2,0,0,0.9563324937027707,289.0,291.0,300.0,310.0,255.14285714285714,280.60714285714283,69.76013324583123
2023-05-24,SARDL,Sardalya Konservesi,450.0,25.15,0,0,2023,5,24,2,21,2,0,0,0.9476262245666918,432.0,394.0,447.0,436.0,372.7142857142857,394.30357142857144,124.84085106742036
2023-05-24,SOMON,Somon Konservesi,242.0,75.8,1,0,2023,5,24,2,21,2,0,0,0.988910632746249,202.0,174.0,214.0,217.0,164.78571428571428,180.42857142857142,49.626821665017395
2023-05-24,TON160,Ton Balığı Konservesi 160g,585.0,57.97,0,0,2023,5,24,2,21,2,0,0,1.0246575342465754,575.0,779.0,543.0,416.0,501.38392857142856,501.83482142857144,171.7047809702327
2023-05-24,TON80,Ton Balığı Konservesi 80g,976.0,33.9,0,0,2023,5,24,2,21,2,0,0,1.026650514839491,851.0,1061.0,1046.0,860.0,765.0,805.2767857142857,200.51267624101033
2023-05-24,ZEYTY,Zeytinyağı 1L,363.0,250.9,0,0,2023,5,24,2,21,2,0,0,1.011183879093199,392.0,303.0,335.0,431.0,269.57142857142856,283.5357142857143,86.7810600358876
2023-05-25,SARDL,Sardalya Konservesi,412.0,26.06,0,0,2023,5,25,3,21,2,0,0,0.9819140919366993,450.0,471.0,429.0,425.0,380.7142857142857,394.80357142857144,128.1817905498717
2023-05-25,SOMON,Somon Konservesi,184.0,77.19,0,0,2023,5,25,3,21,2,0,0,1.0070450097847357,242.0,207.0,183.0,220.0,174.5,181.32142857142858,57.725644214681616
2023-05-25,TON160,Ton Balığı Konservesi 160g,591.0,56.96,0,0,2023,5,25,3,21,2,0,0,1.006805125939019,585.0,552.0,539.0,555.0,473.66964285714283,507.8705357142857,130.02537169424306
2023-05-25,TON80,Ton Balığı Konservesi 80g,991.0,32.39,0,0,2023,5,25,3,21,2,0,0,0.9809206541490005,976.0,893.0,846.0,808.0,752.8571428571429,809.4196428571429,181.24792281239633
2023-05-25,ZEYTY,Zeytinyağı 1L,307.0,241.31,0,0,2023,5,25,3,21,2,0,0,0.9725340050377834,363.0,328.0,331.0,302.0,278.14285714285717,281.10714285714283,93.34778799633915
2023-05-26,SARDL,Sardalya Konservesi,431.0,26.03,0,0,2023,5,26,4,21,2,0,0,0.980783722682743,412.0,203.0,427.0,426.0,372.2857142857143,394.3392857142857,123.09442755558771
2023-05-26,SOMON,Somon Konservesi,204.0,74.83,0,0,2023,5,26,4,21,2,0,0,0.976255707762557,184.0,76.5,257.0,208.0,171.21428571428572,180.03571428571428,56.201910660624065
2023-05-26,TON160,Ton Balığı Konservesi 160g,563.0,55.78,0,0,2023,5,26,4,21,2,0,0,0.9859478568272205,591.0,255.6875,582.0,561.0,479.24107142857144,509.15625,134.69290122856853
2023-05-26,TON80,Ton Balığı Konservesi 80g,960.0,32.74,0,0,2023,5,26,4,21,2,0,0,0.9915202907328892,991.0,451.0,997.0,801.0,766.8571428571429,815.9553571428571,196.9792108924402
2023-05-26,ZEYTY,Zeytinyağı 1L,272.0,239.48,0,0,2023,5,26,4,21,2,0,0,0.9651586901763224,307.0,123.0,281.0,359.0,275.14285714285717,281.2857142857143,91.80310192912589
2023-05-27,SARDL,Sardalya Konservesi,342.0,26.59,0,0,2023,5,27,5,21,2,1,0,1.0018839487565938,431.0,284.0,330.0,343.0,404.85714285714283,394.51785714285717,98.55358706718546
2023-05-27,SOMON,Somon Konservesi,143.0,75.7,0,0,2023,5,27,5,21,2,1,0,0.9876060013046314,204.0,124.0,152.0,137.0,189.42857142857142,179.89285714285714,38.15257589755957
2023-05-27,TON160,Ton Balığı Konservesi 160g,389.0,56.71,0,0,2023,5,27,5,21,2,1,0,1.0023862129916041,563.0,432.0,428.0,317.0,523.1428571428571,509.22767857142856,93.45306945454527
2023-05-27,TON80,Ton Balığı Konservesi 80g,599.0,33.02,0,0,2023,5,27,5,21,2,1,0,1.0,960.0,603.0,601.0,640.0,839.5714285714286,821.6339285714286,149.07029342210194
2023-05-27,ZEYTY,Zeytinyağı 1L,232.0,248.8,0,0,2023,5,27,5,21,2,1,0,1.0027204030226702,272.0,224.0,207.0,209.0,296.42857142857144,278.17857142857144,63.58421487250077
2023-05-28,SARDL,Sardalya Konservesi,365.0,26.82,0,0,2023,5,28,6,21,2,1,0,1.0105501130369254,342.0,271.0,355.0,308.0,413.14285714285717,394.48214285714283,88.63864576926544
2023-05-28,SOMON,Somon Konservesi,157.0,75.63,0,0,2023,5,28,6,21,2,1,0,0.9866927592954989,143.0,160.0,150.0,129.0,192.14285714285714,180.10714285714286,33.05766966695503
2023-05-28,TON160,Ton Balığı Konservesi 160g,385.0,55.0,0,0,2023,5,28,6,21,2,1,0,0.9721608484312858,389.0,351.0,378.0,586.0,517.0,511.79910714285717,101.50862032359552
2023-05-28,TON80,Ton Balığı Konservesi 80g,695.0,32.29,0,0,2023,5,28,6,21,2,1,0,0.9778921865536038,599.0,701.0,593.0,702.0,839.0,820.1696428571429,150.13216399781177
2023-05-28,ZEYTY,Zeytinyağı 1L,202.0,245.4,0,0,2023,5,28,6,21,2,1,0,0.9890176322418136,232.0,228.0,215.0,229.0,297.57142857142856,279.0,62.12046668331097
2023-05-29,SARDL,Sardalya Konservesi,438.0,26.65,0,0,2023,5,29,0,22,2,0,0,1.0041446872645063,365.0,554.0,434.0,405.5,426.57142857142856,396.51785714285717,68.30289682206404
2023-05-29,SOMON,Somon Konservesi,190.0,74.56,0,0,2023,5,29,0,22,2,0,0,0.9727332028701892,157.0,210.0,182.0,83.0,191.71428571428572,181.10714285714286,33.559471021428365
2023-05-29,TON160,Ton Balığı Konservesi 160g,553.0,54.99,0,0,2023,5,29,0,22,2,0,0,0.9719840919133893,385.0,565.0,563.0,255.6875,521.8571428571429,504.6205357142857,92.67043500388566
2023-05-29,TON80,Ton Balığı Konservesi 80g,870.0,32.5,0,0,2023,5,29,0,22,2,0,0,0.9842519685039369,695.0,795.0,1015.0,428.75,838.1428571428571,819.9196428571429,151.06558020875804
2023-05-29,ZEYTY,Zeytinyağı 1L,306.0,253.47,0,0,2023,5,29,0,22,2,0,0,1.0215415617128463,202.0,289.0,353.0,123.0,293.85714285714283,278.0357142857143,67.51648828601911
2023-05-30,SARDL,Sardalya Konservesi,565.0,26.06,1,0,2023,5,30,1,22,2,0,0,0.9819140919366993,438.0,432.0,452.0,503.0,410.0,397.67857142857144,40.747188042036996
2023-05-30,SOMON,Somon Konservesi,182.0,76.72,0,0,2023,5,30,1,22,2,0,0,1.0009132420091322,190.0,202.0,296.5,183.0,188.85714285714286,184.92857142857142,32.58030371982722
2023-05-30,TON160,Ton Balığı Konservesi 160g,566.0,54.11,0,0,2023,5,30,1,22,2,0,0,0.9564295183384887,553.0,575.0,567.0,566.0,520.1428571428571,515.2388392857143,91.84666310655709
2023-05-30,TON80,Ton Balığı Konservesi 80g,929.0,32.11,0,0,2023,5,30,1,22,2,0,0,0.9724409448818897,870.0,851.0,880.0,1324.0,848.8571428571429,835.6785714285714,150.152620769032
2023-05-30,ZEYTY,Zeytinyağı 1L,282.0,248.11,0,0,2023,5,30,1,22,2,0,0,0.9999395465994962,306.0,392.0,291.0,310.0,296.2857142857143,284.57142857142856,67.61832662258111
2023-05-31,SARDL,Sardalya Konservesi,399.0,26.59,0,0,2023,5,31,2,22,2,0,0,1.0018839487565938,565.0,450.0,394.0,393.0,429.0,399.89285714285717,71.85169912163862
2023-05-31,SOMON,Somon Konservesi,199.0,74.44,0,0,2023,5,31,2,22,2,0,0,0.9711676451402478,182.0,242.0,174.0,191.0,186.0,184.89285714285714,32.109188716004624
2023-05-31,TON160,Ton Balığı Konservesi 160g,719.0,54.3,1,0,2023,5,31,2,22,2,0,0,0.959787892178524,566.0,585.0,779.0,598.0,518.8571428571429,515.2388392857143,91.00994189542918
2023-05-31,TON80,Ton Balığı Konservesi 80g,822.0,34.09,0,0,2023,5,31,2,22,2,0,0,1.032404603270745,929.0,976.0,1061.0,903.0,860.0,821.5714285714286,153.20139250889963
2023-05-31,ZEYTY,Zeytinyağı 1L,326.0,244.62,0,0,2023,5,31,2,22,2,0,0,0.9858740554156171,282.0,363.0,303.0,324.0,280.57142857142856,283.57142857142856,52.83261979388934
2023-06-01,SARDL,Sardalya Konservesi,627.0,26.44,0,0,2023,6,1,3,22,2,0,1,0.9962321024868125,399.0,412.0,471.0,444.0,421.7142857142857,400.10714285714283,71.95302700538666
2023-06-01,SOMON,Somon Konservesi,245.0,77.35,0,0,2023,6,1,3,22,2,0,1,1.009132420091324,199.0,184.0,207.0,183.0,179.85714285714286,185.17857142857142,22.191804579082646
2023-06-01,TON160,Ton Balığı Konservesi 160g,761.0,56.71,0,0,2023,6,1,3,22,2,0,1,1.0023862129916041,719.0,591.0,552.0,607.0,538.0,519.5602678571429,117.48333215113205
2023-06-01,TON80,Ton Balığı Konservesi 80g,1358.75,32.77,1,0,2023,6,1,3,22,2,0,1,0.9924288310115081,822.0,991.0,893.0,948.0,838.0,818.6785714285714,144.5821565754197
2023-06-01,ZEYTY,Zeytinyağı 1L,339.0,247.23,0,0,2023,6,1,3,22,2,0,1,0.9963929471032745,326.0,307.0,328.0,311.0,275.2857142857143,283.64285714285717,44.38736413933638
2023-06-02,SARDL,Sardalya Konservesi,575.0,25.94,0,0,2023,6,2,4,22,2,0,1,0.9773926149208743,627.0,431.0,203.0,366.0,452.42857142857144,406.64285714285717,105.28351745462771
2023-06-02,SOMON,Somon Konservesi,290.0,76.19,1,0,2023,6,2,4,22,2,0,1,0.9939986953685582,245.0,204.0,76.5,193.0,188.57142857142858,187.39285714285714,33.290925404465874
2023-06-02,TON160,Ton Balığı Konservesi 160g,734.0,56.91,0,0,2023,6,2,4,22,2,0,1,1.005921343349536,761.0,563.0,255.6875,616.0,562.2857142857143,525.0602678571429,144.6866894197182
2023-06-02,TON80,Ton Balığı Konservesi 80g,1257.0,32.71,0,0,2023,6,2,4,22,2,0,1,0.9906117504542701,1358.75,960.0,451.0,872.0,890.5357142857143,833.3482142857143,242.85645745701473
2023-06-02,ZEYTY,Zeytinyağı 1L,304.0,248.12,0,0,2023,6,2,4,22,2,0,1,0.9999798488664987,339.0,272.0,123.0,337.0,279.85714285714283,284.64285714285717,49.5460343903473
2023-06-03,SARDL,Sardalya Konservesi,399.0,27.66,0,0,2023,6,3,5,22,2,1,1,1.0422004521477015,575.0,342.0,284.0,323.0,473.0,414.10714285714283,114.09791116989483
2023-06-03,SOMON,Somon Konservesi,169.0,76.49,0,0,2023,6,3,5,22,2,1,1,0.9979125896934115,290.0,143.0,124.0,150.0,200.85714285714286,190.85714285714286,51.060188573318506
2023-06-03,TON160,Ton Balığı Konservesi 160g,551.0,54.92,0,0,2023,6,3,5,22,2,1,1,0.9707467962881131,734.0,389.0,432.0,389.0,586.7142857142857,529.2745535714286,158.5945714557658
2023-06-03,TON80,Ton Balığı Konservesi 80g,896.0,32.07,0,0,2023,6,3,5,22,2,1,1,0.971229557843731,1257.0,599.0,603.0,646.0,932.9642857142857,847.0982142857143,280.1026756897744
2023-06-03,ZEYTY,Zeytinyağı 1L,241.0,246.73,0,0,2023,6,3,5,22,2,1,1,0.9943778337531486,304.0,232.0,224.0,216.0,284.42857142857144,283.4642857142857,50.17255937547608
2023-06-04,SARDL,Sardalya Konservesi,493.0,26.3,0,0,2023,6,4,6,22,2,1,1,0.9909570459683498,399.0,365.0,271.0,328.0,481.14285714285717,416.82142857142856,104.84977916274347
2023-06-04,SOMON,Somon Konservesi,178.0,76.49,0,0,2023,6,4,6,22,2,1,1,0.9979125896934115,169.0,157.0,160.0,152.0,204.57142857142858,191.53571428571428,46.9285170688964
2023-06-04,TON160,Ton Balığı Konservesi 160g,556.0,54.96,0,0,2023,6,4,6,22,2,1,1,0.9714538223596995,551.0,385.0,351.0,372.0,609.8571428571429,535.0602678571429,134.99929453078425
2023-06-04,TON80,Ton Balığı Konservesi 80g,935.0,32.65,0,0,2023,6,4,6,22,2,1,1,0.988794669897032,896.0,695.0,701.0,492.0,975.3928571428571,856.0267857142857,240.8242727740344
2023-06-04,ZEYTY,Zeytinyağı 1L,240.0,246.97,0,0,2023,6,4,6,22,2,1,1,0.995345088161209,241.0,202.0,228.0,237.0,285.7142857142857,284.35714285714283,48.69878261898738
2023-06-05,SARDL,Sardalya Konservesi,564.0,26.63,0,0,2023,6,5,0,23,2,0,1,1.003391107761869,493.0,438.0,554.0,395.0,499.42857142857144,422.7142857142857,91.53479692236694
2023-06-05,SOMON,Somon Konservesi,214.0,74.57,0,0,2023,6,5,0,23,2,0,1,0.9728636660143508,178.0,190.0,210.0,228.0,207.57142857142858,192.46428571428572,43.9577719440567
2023-06-05,TON160,Ton Balığı Konservesi 160g,794.0,56.91,0,0,2023,6,5,0,23,2,0,1,1.005921343349536,556.0,553.0,565.0,561.0,634.2857142857143,541.6316964285714,97.90422919995852
2023-06-05,TON80,Ton Balığı Konservesi 80g,1358.75,33.57,0,0,2023,6,5,0,23,2,0,1,1.0166565717746818,935.0,870.0,795.0,964.0,1009.6785714285714,871.8482142857143,209.26890168939462
2023-06-05,ZEYTY,Zeytinyağı 1L,299.0,239.64,0,0,2023,6,5,0,23,2,0,1,0.9658035264483626,240.0,306.0,289.0,351.0,291.14285714285717,284.4642857142857,38.95479675824473
2023-06-06,SARDL,Sardalya Konservesi,635.0,25.73,0,0,2023,6,6,1,23,2,0,1,0.9694800301431802,564.0,565.0,432.0,462.0,517.4285714285714,428.75,89.81435880536574
2023-06-06,SOMON,Somon Konservesi,200.0,77.8,0,0,2023,6,6,1,23,2,0,1,1.015003261578604,214.0,182.0,202.0,190.0,211.0,191.96428571428572,43.28972164382652
2023-06-06,TON160,Ton Balığı Konservesi 160g,669.0,56.25,0,0,2023,6,6,1,23,2,0,1,0.9942554131683605,794.0,566.0,575.0,542.0,668.7142857142857,549.953125,106.54844639210536
2023-06-06,TON80,Ton Balığı Konservesi 80g,1245.0,33.18,0,0,2023,6,6,1,23,2,0,1,1.0048455481526346,1358.75,929.0,851.0,826.0,1079.5,885.9464285714286,234.8674714954515
2023-06-06,ZEYTY,Zeytinyağı 1L,356.0,235.08,0,0,2023,6,6,1,23,2,0,1,0.9474256926952141,299.0,282.0,392.0,300.0,290.14285714285717,282.60714285714283,38.598050777331835
2023-06-07,SARDL,Sardalya Konservesi,637.0,24.97,0,0,2023,6,7,2,23,2,0,1,0.9408440090429541,635.0,399.0,450.0,447.0,527.4285714285714,434.92857142857144,99.38118055053981
2023-06-07,SOMON,Somon Konservesi,214.0,75.33,0,0,2023,6,7,2,23,2,0,1,0.9827788649706457,200.0,199.0,242.0,214.0,213.57142857142858,192.32142857142858,41.78858354007341
2023-06-07,TON160,Ton Balığı Konservesi 160g,648.0,54.78,0,0,2023,6,7,2,23,2,0,1,0.9682722050375607,669.0,719.0,585.0,543.0,683.4285714285714,554.4888392857143,96.65205144030297
2023-06-07,TON80,Ton Balığı Konservesi 80g,1179.0,32.93,0,0,2023,6,7,2,23,2,0,1,0.9972743791641429,1245.0,822.0,976.0,1046.0,1124.642857142857,900.9107142857143,231.463183588974
2023-06-07,ZEYTY,Zeytinyağı 1L,357.0,250.11,0,0,2023,6,7,2,23,2,0,1,1.008,356.0,326.0,363.0,335.0,300.7142857142857,284.60714285714283,45.51085689413096
2023-06-08,SARDL,Sardalya Konservesi,653.0,26.39,0,0,2023,6,8,3,23,2,0,1,0.9943481537302186,637.0,627.0,412.0,429.0,561.4285714285714,441.7142857142857,88.20403834832263
2023-06-08,SOMON,Somon Konservesi,223.0,73.79,0,0,2023,6,8,3,23,2,0,1,0.9626875407697325,214.0,245.0,184.0,183.0,215.71428571428572,192.32142857142858,41.298564485601766
2023-06-08,TON160,Ton Balığı Konservesi 160g,770.0,54.41,0,0,2023,6,8,3,23,2,0,1,0.9617322138753865,648.0,761.0,591.0,539.0,673.2857142857143,558.2388392857143,96.02033514784605
2023-06-08,TON80,Ton Balığı Konservesi 80g,1185.0,33.04,0,0,2023,6,8,3,23,2,0,1,1.0006056935190792,1179.0,1358.75,991.0,846.0,1175.642857142857,905.6607142857143,189.12351878373897
2023-06-08,ZEYTY,Zeytinyağı 1L,277.0,247.62,0,0,2023,6,8,3,23,2,0,1,0.9979647355163728,357.0,339.0,307.0,331.0,305.14285714285717,285.39285714285717,49.69717822783805
2023-06-09,SARDL,Sardalya Konservesi,612.0,25.77,0,0,2023,6,9,4,23,2,0,1,0.9709871891484552,653.0,575.0,431.0,427.0,565.1428571428571,449.7142857142857,91.89564474886456
2023-06-09,SOMON,Somon Konservesi,230.0,77.34,0,0,2023,6,9,4,23,2,0,1,1.0090019569471624,223.0,290.0,204.0,257.0,212.57142857142858,193.75,39.496232490610566
2023-06-09,TON160,Ton Balığı Konservesi 160g,747.0,57.47,0,0,2023,6,9,4,23,2,0,1,1.0158197083517455,770.0,734.0,563.0,582.0,674.5714285714286,566.4888392857143,97.44033583490447
2023-06-09,TON80,Ton Balığı Konservesi 80g,1341.0,32.93,0,0,2023,6,9,4,23,2,0,1,0.9972743791641429,1185.0,1257.0,960.0,997.0,1150.8214285714287,917.7678571428571,171.6842252925004
2023-06-09,ZEYTY,Zeytinyağı 1L,339.0,241.12,0,0,2023,6,9,4,23,2,0,1,0.9717682619647355,277.0,304.0,272.0,281.0,296.2857142857143,283.4642857142857,48.15846857239196
2023-06-10,SARDL,Sardalya Konservesi,456.0,26.61,0,0,2023,6,10,5,23,2,1,1,1.0026375282592315,612.0,399.0,342.0,330.0,570.4285714285714,456.32142857142856,93.60530103018942
2023-06-10,SOMON,Somon Konservesi,177.0,77.44,0,0,2023,6,10,5,23,2,1,1,1.01030658838878,230.0,169.0,143.0,152.0,204.0,192.78571428571428,22.927421718689885
2023-06-10,TON160,Ton Balığı Konservesi 160g,596.0,56.25,0,0,2023,6,10,5,23,2,1,1,0.9942554131683605,747.0,551.0,389.0,428.0,676.4285714285714,572.3816964285714,98.8751015892557
2023-06-10,TON80,Ton Balığı Konservesi 80g,946.0,32.17,0,0,2023,6,10,5,23,2,1,1,0.9742580254391278,1341.0,896.0,599.0,601.0,1162.8214285714287,930.0535714285714,182.9111074109117
2023-06-10,ZEYTY,Zeytinyağı 1L,235.0,246.91,0,0,2023,6,10,5,23,2,1,1,0.9951032745591939,339.0,241.0,232.0,207.0,301.2857142857143,285.5357142857143,50.83540198757229
2023-06-11,SARDL,Sardalya Konservesi,425.0,25.68,0,0,2023,6,11,6,23,2,1,1,0.9675960813865863,456.0,493.0,365.0,355.0,578.5714285714286,460.82142857142856,77.25899546947521
2023-06-11,SOMON,Somon Konservesi,196.0,75.65,0,0,2023,6,11,6,23,2,1,1,0.9869536855838226,177.0,178.0,157.0,150.0,205.14285714285714,193.67857142857142,21.011334809482612
2023-06-11,TON160,Ton Balığı Konservesi 160g,520.0,56.19,0,0,2023,6,11,6,23,2,1,1,0.993194874060981,596.0,556.0,385.0,378.0,682.8571428571429,578.3816964285714,90.46625258704363
2023-06-11,TON80,Ton Balığı Konservesi 80g,859.0,33.71,0,0,2023,6,11,6,23,2,1,1,1.0208964264082374,946.0,935.0,695.0,593.0,1169.9642857142858,942.375,171.36683536176173
2023-06-11,ZEYTY,Zeytinyağı 1L,239.0,248.13,0,0,2023,6,11,6,23,2,1,1,1.0000201511335012,235.0,240.0,202.0,215.0,300.42857142857144,286.5357142857143,52.05720296896822
2023-06-12,SARDL,Sardalya Konservesi,641.0,27.14,0,0,2023,6,12,0,24,2,0,1,1.022607385079126,425.0,564.0,438.0,434.0,568.8571428571429,463.32142857142856,92.56966488619723
2023-06-12,SOMON,Somon Konservesi,223.0,75.74,0,0,2023,6,12,0,24,2,0,1,0.9881278538812784,196.0,214.0,190.0,182.0,207.71428571428572,195.32142857142858,18.025114754273986
2023-06-12,TON160,Ton Balığı Konservesi 160g,696.0,56.26,0,0,2023,6,12,0,24,2,0,1,0.9944321696862571,520.0,794.0,553.0,563.0,677.7142857142857,583.453125,99.4563795267621
2023-06-12,TON80,Ton Balığı Konservesi 80g,1155.0,31.46,0,0,2023,6,12,0,24,2,0,1,0.952755905511811,859.0,1358.75,870.0,1015.0,1159.107142857143,951.875,190.11618471470686
2023-06-12,ZEYTY,Zeytinyağı 1L,429.0,246.98,1,0,2023,6,12,0,24,2,0,1,0.9953853904282115,239.0,299.0,306.0,353.0,300.2857142857143,287.39285714285717,52.2516803101878
2023-06-13,SARDL,Sardalya Konservesi,653.0,25.53,0,0,2023,6,13,1,24,2,0,1,0.9619442351168049,641.0,635.0,565.0,452.0,579.8571428571429,470.7142857142857,96.39230358527699
2023-06-13,SOMON,Somon Konservesi,237.0,75.2,0,0,2023,6,13,1,24,2,0,1,0.9810828440965427,223.0,200.0,182.0,296.5,209.0,196.78571428571428,18.85028735413114
2023-06-13,TON160,Ton Balığı Konservesi 160g,680.0,57.04,0,0,2023,6,13,1,24,2,0,1,1.0082191780821916,696.0,669.0,566.0,567.0,663.7142857142857,588.203125,86.39968033450516
2023-06-13,TON80,Ton Balığı Konservesi 80g,1211.0,33.71,0,0,2023,6,13,1,24,2,0,1,1.0208964264082374,1155.0,1245.0,929.0,880.0,1130.0,956.875,168.86582444848605
2023-06-13,ZEYTY,Zeytinyağı 1L,323.0,251.29,0,0,2023,6,13,1,24,2,0,1,1.0127556675062972,429.0,356.0,282.0,291.0,318.85714285714283,290.10714285714283,71.33589225494774
2023-06-14,SARDL,Sardalya Konservesi,613.0,25.57,0,0,2023,6,14,2,24,2,0,1,0.9634513941220799,653.0,637.0,399.0,394.0,582.4285714285714,477.89285714285717,98.32913631075513
2023-06-14,SOMON,Somon Konservesi,225.0,75.86,0,0,2023,6,14,2,24,2,0,1,0.9896934116112197,237.0,214.0,199.0,174.0,214.28571428571428,194.66071428571428,20.973906691523684
2023-06-14,TON160,Ton Balığı Konservesi 160g,755.0,55.56,0,0,2023,6,14,2,24,2,0,1,0.9820592134334953,680.0,648.0,719.0,779.0,665.2857142857143,592.2388392857143,86.61161255034654
2023-06-14,TON80,Ton Balığı Konservesi 80g,1165.0,32.21,0,0,2023,6,14,2,24,2,0,1,0.9754694124772865,1211.0,1179.0,822.0,1061.0,1125.142857142857,968.6964285714286,165.46140392996918
2023-06-14,ZEYTY,Zeytinyağı 1L,314.0,239.96,0,0,2023,6,14,2,24,2,0,1,0.9670931989924434,323.0,357.0,326.0,303.0,314.14285714285717,291.25,69.53998507196782
2023-06-15,SARDL,Sardalya Konservesi,653.0,26.72,1,0,2023,6,15,3,24,2,0,1,1.0067822155237378,613.0,653.0,627.0,471.0,579.0,485.7142857142857,96.51079386956334
2023-06-15,SOMON,Somon Konservesi,223.0,76.01,0,0,2023,6,15,3,24,2,0,1,0.9916503587736465,225.0,223.0,245.0,207.0,215.85714285714286,196.48214285714286,21.357501191451124
2023-06-15,TON160,Ton Balığı Konservesi 160g,723.0,55.8,0,0,2023,6,15,3,24,2,0,1,0.9863013698630136,755.0,770.0,761.0,552.0,680.5714285714286,591.3816964285714,92.30719932713247
2023-06-15,TON80,Ton Balığı Konservesi 80g,1267.0,33.43,0,0,2023,6,15,3,24,2,0,1,1.0124167171411265,1165.0,1185.0,1358.75,893.0,1123.142857142857,972.4107142857143,164.78514149383454
2023-06-15,ZEYTY,Zeytinyağı 1L,361.0,244.87,0,0,2023,6,15,3,24,2,0,1,0.9868816120906801,314.0,277.0,339.0,328.0,308.0,291.64285714285717,66.97511975850917
2023-06-16,SARDL,Sardalya Konservesi,653.0,25.19,0,0,2023,6,16,4,24,2,0,1,0.949133383571967,653.0,612.0,575.0,203.0,579.0,492.2142857142857,96.51079386956334
2023-06-16,SOMON,Somon Konservesi,219.0,76.59,0,0,2023,6,16,4,24,2,0,1,0.9992172211350293,223.0,230.0,290.0,76.5,215.85714285714286,197.05357142857142,21.357501191451124
2023-06-16,TON160,Ton Balığı Konservesi 160g,715.0,55.99,0,0,2023,6,16,4,24,2,0,1,0.989659743703049,723.0,747.0,734.0,255.6875,673.8571428571429,597.4888392857143,86.22727443879214
2023-06-16,TON80,Ton Balığı Konservesi 80g,1178.0,32.73,0,0,2023,6,16,4,24,2,0,1,0.9912174439733493,1267.0,1341.0,1257.0,451.0,1134.857142857143,985.7678571428571,172.64262564753946
2023-06-16,ZEYTY,Zeytinyağı 1L,330.0,246.45,0,0,2023,6,16,4,24,2,0,1,0.993249370277078,361.0,339.0,304.0,123.0,320.0,292.82142857142856,68.01225379787569
2023-06-17,SARDL,Sardalya Konservesi,429.0,26.89,0,0,2023,6,17,5,24,2,1,1,1.013187641296157,653.0,456.0,399.0,284.0,584.8571428571429,508.2857142857143,100.02737720482433
2023-06-17,SOMON,Somon Konservesi,176.0,75.75,0,0,2023,6,17,5,24,2,1,1,0.9882583170254402,219.0,177.0,169.0,124.0,214.28571428571428,202.14285714285714,20.532204669041477
2023-06-17,TON160,Ton Balığı Konservesi 160g,485.0,55.64,0,0,2023,6,17,5,24,2,1,1,0.9834732655766681,715.0,596.0,551.0,432.0,669.2857142857143,613.8928571428571,82.46961922573676
2023-06-17,TON80,Ton Balığı Konservesi 80g,803.0,32.64,0,0,2023,6,17,5,24,2,1,1,0.9884918231374924,1178.0,946.0,896.0,603.0,1111.5714285714287,1011.7321428571429,149.66836354961333
2023-06-17,ZEYTY,Zeytinyağı 1L,254.0,240.57,0,0,2023,6,17,5,24,2,1,1,0.9695516372795969,330.0,235.0,241.0,224.0,318.7142857142857,300.2142857142857,67.67745632954953
2023-06-18,SARDL,Sardalya Konservesi,339.0,26.49,0,0,2023,6,18,6,24,2,1,1,0.9981160512434062,429.0,425.0,493.0,271.0,581.0,513.4642857142857,106.15711626326964
2023-06-18,SOMON,Somon Konservesi,167.0,75.94,0,0,2023,6,18,6,24,2,1,1,0.9907371167645139,176.0,196.0,178.0,160.0,214.14285714285714,204.0,20.8360950550442
2023-06-18,TON160,Ton Balığı Konservesi 160g,546.0,55.49,0,0,2023,6,18,6,24,2,1,1,0.9808219178082191,485.0,520.0,556.0,351.0,653.4285714285714,615.7857142857143,106.17416060865416
2023-06-18,TON80,Ton Balığı Konservesi 80g,845.0,33.97,0,0,2023,6,18,6,24,2,1,1,1.028770442156269,803.0,859.0,935.0,701.0,1091.142857142857,1018.875,182.2474769568648
2023-06-18,ZEYTY,Zeytinyağı 1L,237.0,243.58,0,0,2023,6,18,6,24,2,1,1,0.9816826196473553,254.0,239.0,240.0,228.0,321.42857142857144,301.2857142857143,64.0438837643302
2023-06-19,SARDL,Sardalya Konservesi,653.0,25.0,0,0,2023,6,19,0,25,2,0,1,0.9419743782969103,339.0,641.0,564.0,554.0,568.7142857142857,515.8928571428571,129.60673115970775
2023-06-19,SOMON,Somon Konservesi,219.0,75.05,0,0,2023,6,19,0,25,2,0,1,0.979125896934116,167.0,223.0,214.0,210.0,210.0,204.25,27.012342857787246
2023-06-19,TON160,Ton Balığı Konservesi 160g,768.0,56.62,0,0,2023,6,19,0,25,2,0,1,1.0007954043305345,546.0,696.0,794.0,565.0,657.1428571428571,622.75,101.06009527574554
2023-06-19,TON80,Ton Balığı Konservesi 80g,1358.75,33.72,0,0,2023,6,19,0,25,2,0,1,1.021199273167777,845.0,1155.0,1358.75,795.0,1089.142857142857,1024.017857142857,185.27135825722306
2023-06-19,ZEYTY,Zeytinyağı 1L,348.0,254.18,0,0,2023,6,19,0,25,2,0,1,1.0244030226700251,237.0,429.0,299.0,289.0,321.14285714285717,301.60714285714283,64.47590912226711
2023-06-20,SARDL,Sardalya Konservesi,611.0,26.17,0,0,2023,6,20,1,25,2,0,1,0.9860587792012058,653.0,653.0,635.0,432.0,570.4285714285714,519.4285714285714,130.79609721860606
2023-06-20,SOMON,Somon Konservesi,296.5,74.55,1,0,2023,6,20,1,25,2,0,1,0.9726027397260273,219.0,237.0,200.0,202.0,209.42857142857142,204.57142857142858,26.73235955951197
2023-06-20,TON160,Ton Balığı Konservesi 160g,824.1875,57.6,1,0,2023,6,20,1,25,2,0,1,1.0181175430844012,768.0,680.0,669.0,575.0,667.4285714285714,630.0,109.02424369967272
2023-06-20,TON80,Ton Balığı Konservesi 80g,1172.0,33.58,0,0,2023,6,20,1,25,2,0,1,1.0169594185342214,1358.75,1211.0,1245.0,851.0,1118.25,1044.1517857142858,211.49197187285114
2023-06-20,ZEYTY,Zeytinyağı 1L,287.0,238.9,0,0,2023,6,20,1,25,2,0,1,0.9628211586901764,348.0,323.0,356.0,392.0,309.57142857142856,303.7142857142857,46.714941017684
2023-06-21,SARDL,Sardalya Konservesi,610.0,26.59,0,0,2023,6,21,2,25,2,0,1,1.0018839487565938,611.0,613.0,637.0,450.0,564.4285714285714,525.8214285714286,127.29343678139513
2023-06-21,SOMON,Somon Konservesi,238.0,78.56,0,0,2023,6,21,2,25,2,0,1,1.0249184605348989,296.5,225.0,214.0,242.0,217.92857142857142,207.94642857142858,42.03810629598292
2023-06-21,TON160,Ton Balığı Konservesi 160g,715.0,57.45,0,0,2023,6,21,2,25,2,0,1,1.0154661953159523,824.1875,755.0,648.0,585.0,688.0267857142857,638.8995535714286,124.34027916295409
2023-06-21,TON80,Ton Balığı Konservesi 80g,1211.0,33.2,0,0,2023,6,21,2,25,2,0,1,1.005451241671714,1172.0,1165.0,1179.0,976.0,1112.6785714285713,1055.6160714285713,209.14203279339273
2023-06-21,ZEYTY,Zeytinyağı 1L,302.0,246.69,0,0,2023,6,21,2,25,2,0,1,0.9942166246851385,287.0,314.0,357.0,363.0,304.42857142857144,299.9642857142857,46.971115744526344
2023-06-22,SARDL,Sardalya Konservesi,648.0,26.23,0,0,2023,6,22,3,25,2,0,1,0.9883195177091184,610.0,653.0,653.0,412.0,564.0,531.5357142857143,127.10756599562956
2023-06-22,SOMON,Somon Konservesi,241.0,79.77,0,0,2023,6,22,3,25,2,0,1,1.0407045009784734,238.0,223.0,223.0,184.0,219.78571428571428,207.80357142857142,42.68475249123593
2023-06-22,TON160,Ton Balığı Konservesi 160g,788.0,56.3,0,0,2023,6,22,3,25,2,0,1,0.9951391957578435,715.0,723.0,770.0,591.0,682.3125,643.5424107142857,121.63922171905158
2023-06-22,TON80,Ton Balığı Konservesi 80g,1245.0,32.35,0,0,2023,6,22,3,25,2,0,1,0.9797092671108418,1211.0,1267.0,1185.0,991.0,1119.25,1064.0089285714287,211.76623314400294
2023-06-22,ZEYTY,Zeytinyağı 1L,336.0,250.28,0,0,2023,6,22,3,25,2,0,1,1.0086851385390427,302.0,361.0,277.0,307.0,302.7142857142857,297.7857142857143,46.78216998570505
2023-06-23,SARDL,Sardalya Konservesi,653.0,25.69,0,0,2023,6,23,4,25,2,0,1,0.9679728711379051,648.0,653.0,612.0,431.0,563.2857142857143,539.9642857142857,126.53683822733765
2023-06-23,SOMON,Somon Konservesi,234.0,76.23,0,0,2023,6,23,4,25,2,0,1,0.9945205479452055,241.0,219.0,230.0,204.0,222.35714285714286,209.83928571428572,43.44605302912451
2023-06-23,TON160,Ton Balığı Konservesi 160g,696.0,57.12,0,0,2023,6,23,4,25,2,0,1,1.0096332302253646,788.0,715.0,747.0,563.0,691.5982142857143,650.578125,127.59793959538696
2023-06-23,TON80,Ton Balığı Konservesi 80g,1329.0,32.18,0,0,2023,6,23,4,25,2,0,1,0.9745608721986674,1245.0,1178.0,1341.0,960.0,1116.107142857143,1073.080357142857,209.35754191607967
2023-06-23,ZEYTY,Zeytinyağı 1L,316.0,247.96,0,0,2023,6,23,4,25,2,0,1,0.9993350125944584,336.0,330.0,339.0,272.0,299.14285714285717,298.82142857142856,42.33370828480336
2023-06-24,SARDL,Sardalya Konservesi,413.0,26.37,0,0,2023,6,24,5,25,2,1,1,0.9935945742275811,653.0,429.0,456.0,342.0,563.2857142857143,547.8928571428571,126.53683822733765
2023-06-24,SOMON,Somon Konservesi,151.0,78.6,0,0,2023,6,24,5,25,2,1,1,1.025440313111546,234.0,176.0,177.0,143.0,224.5,210.91071428571428,43.62243306679077
2023-06-24,TON160,Ton Balığı Konservesi 160g,620.0,57.06,1,0,2023,6,24,5,25,2,1,1,1.0085726911179849,696.0,485.0,596.0,389.0,688.8839285714286,655.328125,127.21868694510111
2023-06-24,TON80,Ton Balığı Konservesi 80g,881.0,32.66,0,0,2023,6,24,5,25,2,1,1,0.9890975166565715,1329.0,803.0,946.0,599.0,1137.6785714285713,1086.2589285714287,224.06057190177978
2023-06-24,ZEYTY,Zeytinyağı 1L,293.0,255.82,0,0,2023,6,24,5,25,2,1,1,1.0310125944584383,316.0,254.0,235.0,232.0,297.14285714285717,300.39285714285717,40.94072370077045
2023-06-25,SARDL,Sardalya Konservesi,450.0,25.89,0,0,2023,6,25,6,25,2,1,1,0.9755086661642803,413.0,339.0,425.0,365.0,561.0,550.4285714285714,129.4771537118936
2023-06-25,SOMON,Somon Konservesi,168.0,74.74,0,0,2023,6,25,6,25,2,1,1,0.975081539465101,151.0,167.0,196.0,157.0,220.92857142857142,211.19642857142858,48.952722576165506
2023-06-25,TON160,Ton Balığı Konservesi 160g,450.0,56.8,0,0,2023,6,25,6,25,2,1,1,1.0039770216526733,620.0,546.0,520.0,385.0,708.1696428571429,663.578125,98.0478911088494
2023-06-25,TON80,Ton Balığı Konservesi 80g,849.0,33.16,0,0,2023,6,25,6,25,2,1,1,1.0042398546335551,881.0,845.0,859.0,695.0,1148.8214285714287,1096.330357142857,205.84129780234252
2023-06-25,ZEYTY,Zeytinyağı 1L,310.5,245.9,0,0,2023,6,25,6,25,2,1,1,0.9910327455919395,293.0,237.0,239.0,202.0,302.7142857142857,302.57142857142856,36.50440286556407
2023-06-26,SARDL,Sardalya Konservesi,550.0,26.34,0,0,2023,6,26,0,26,2,0,1,0.9924642049736248,450.0,653.0,641.0,438.0,576.8571428571429,553.4642857142857,101.54051501975064
2023-06-26,SOMON,Somon Konservesi,186.0,75.66,0,0,2023,6,26,0,26,2,0,1,0.9870841487279842,168.0,219.0,223.0,190.0,221.07142857142858,211.58928571428572,48.770233896155254
2023-06-26,TON160,Ton Balığı Konservesi 160g,749.0,55.42,0,0,2023,6,26,0,26,2,0,1,0.979584622182943,450.0,768.0,696.0,553.0,694.4553571428571,665.8995535714286,126.96215558540575
2023-06-26,TON80,Ton Balığı Konservesi 80g,1168.0,33.37,0,0,2023,6,26,0,26,2,0,1,1.0105996365838883,849.0,1358.75,1155.0,870.0,1149.392857142857,1101.830357142857,204.86051439245958
2023-06-26,ZEYTY,Zeytinyağı 1L,328.0,247.83,0,0,2023,6,26,0,26,2,0,1,0.9988110831234257,310.5,348.0,429.0,306.0,313.2142857142857,306.44642857142856,22.23334047261928
2023-06-27,SARDL,Sardalya Konservesi,588.0,26.19,0,0,2023,6,27,1,26,2,0,1,0.9868123587038433,550.0,611.0,653.0,565.0,562.1428571428571,557.4642857142857,95.97817212163147
2023-06-27,SOMON,Somon Konservesi,222.0,74.68,0,0,2023,6,27,1,26,2,0,1,0.9742987606001304,186.0,296.5,237.0,182.0,216.35714285714286,211.44642857142858,50.56572808872463
2023-06-27,TON160,Ton Balığı Konservesi 160g,819.0,53.53,0,0,2023,6,27,1,26,2,0,1,0.946177640300486,749.0,824.1875,680.0,566.0,691.7410714285714,672.8995535714286,125.32030019661207
2023-06-27,TON80,Ton Balığı Konservesi 80g,1083.0,33.56,0,0,2023,6,27,1,26,2,0,1,1.0163537250151422,1168.0,1172.0,1211.0,929.0,1122.142857142857,1112.4732142857142,183.99495334694123
2023-06-27,ZEYTY,Zeytinyağı 1L,306.0,243.3,0,0,2023,6,27,1,26,2,0,1,0.9805541561712847,328.0,287.0,323.0,282.0,310.35714285714283,307.23214285714283,17.876227896553104
2023-06-28,SARDL,Sardalya Konservesi,254.0,27.19,0,1,2023,6,28,2,26,2,0,1,1.0244913338357198,588.0,610.0,613.0,399.0,558.8571428571429,558.2857142857143,94.40767725036727
2023-06-28,SOMON,Somon Konservesi,91.0,76.68,0,1,2023,6,28,2,26,2,0,1,1.0003913894324854,222.0,238.0,225.0,199.0,205.71428571428572,212.875,36.8723667340654
2023-06-28,TON160,Ton Balığı Konservesi 160g,255.6875,57.51,0,1,2023,6,28,2,26,2,0,1,1.0165267344233317,819.0,715.0,755.0,719.0,691.0,681.9352678571429,124.418648119966
2023-06-28,TON80,Ton Balığı Konservesi 80g,561.0,33.08,0,1,2023,6,28,2,26,2,0,1,1.001817080557238,1083.0,1211.0,1165.0,822.0,1109.4285714285713,1117.9732142857142,183.04813314431598
2023-06-28,ZEYTY,Zeytinyağı 1L,138.0,241.87,0,1,2023,6,28,2,26,2,0,1,0.9747909319899245,306.0,302.0,314.0,326.0,313.07142857142856,308.0892857142857,14.939959201830588
2023-06-29,SARDL,Sardalya Konservesi,237.0,27.36,0,1,2023,6,29,3,26,2,0,1,1.0308967596081386,254.0,648.0,653.0,627.0,508.0,553.1071428571429,144.7376937773983
2023-06-29,SOMON,Somon Konservesi,89.0,79.7,0,1,2023,6,29,3,26,2,0,1,1.0397912589693412,91.0,241.0,223.0,245.0,184.71428571428572,209.01785714285714,53.521691196854235
2023-06-29,TON160,Ton Balığı Konservesi 160g,348.0,59.3,0,1,2023,6,29,3,26,2,0,1,1.0481661511268228,255.6875,788.0,723.0,761.0,625.3839285714286,665.3883928571429,204.80181104676686
2023-06-29,TON80,Ton Balığı Konservesi 80g,494.0,32.35,0,1,2023,6,29,3,26,2,0,1,0.9797092671108418,561.0,1245.0,1267.0,1358.75,1016.5714285714286,1108.6517857142858,268.06084952416876
2023-06-29,ZEYTY,Zeytinyağı 1L,123.0,244.99,0,1,2023,6,29,3,26,2,0,1,0.9873652392947103,138.0,336.0,361.0,339.0,289.64285714285717,301.375,68.3427113193218
2023-06-30,SARDL,Sardalya Konservesi,259.0,26.38,0,1,2023,6,30,4,26,2,0,1,0.9939713639788997,237.0,653.0,653.0,575.0,449.2857142857143,539.1785714285714,160.93654472670673
2023-06-30,SOMON,Somon Konservesi,79.0,77.07,0,1,2023,6,30,4,26,2,0,1,1.0054794520547943,89.0,234.0,219.0,290.0,163.0,203.44642857142858,57.56156124822659
2023-06-30,TON160,Ton Balığı Konservesi 160g,265.0,56.4,0,1,2023,6,30,4,26,2,0,1,0.9969067609368095,348.0,696.0,715.0,734.0,562.5267857142857,650.6383928571429,213.8938230111409
2023-06-30,TON80,Ton Balığı Konservesi 80g,428.75,33.36,1,1,2023,6,30,4,26,2,0,1,1.0102967898243487,494.0,1329.0,1178.0,1257.0,909.2857142857143,1077.767857142857,308.61773241650343
2023-06-30,ZEYTY,Zeytinyağı 1L,133.0,249.83,0,1,2023,6,30,4,26,2,0,1,1.0068715365239296,123.0,316.0,330.0,304.0,259.2142857142857,293.6607142857143,88.66033364422165
2023-07-01,SARDL,Sardalya Konservesi,203.0,26.86,0,1,2023,7,1,5,26,3,1,1,1.0120572720422005,259.0,413.0,429.0,399.0,393.0,527.8928571428571,146.0228292653804
2023-07-01,SOMON,Somon Konservesi,76.5,76.62,0,1,2023,7,1,5,26,3,1,1,0.9996086105675147,79.0,151.0,176.0,169.0,140.85714285714286,195.91071428571428,55.472000659277434
2023-07-01,TON160,Ton Balığı Konservesi 160g,255.6875,58.53,0,1,2023,7,1,5,26,3,1,1,1.0345558992487847,265.0,620.0,485.0,551.0,500.95535714285717,633.8883928571429,230.46084580876786
2023-07-01,TON80,Ton Balığı Konservesi 80g,428.75,33.26,0,1,2023,7,1,5,26,3,1,1,1.007268322228952,428.75,881.0,803.0,896.0,780.6785714285714,1048.1875,291.67485872849096
2023-07-01,ZEYTY,Zeytinyağı 1L,133.0,254.37,1,1,2023,7,1,5,26,3,1,1,1.025168765743073,133.0,293.0,254.0,241.0,233.07142857142858,287.55357142857144,95.81685158477588
2023-07-02,SARDL,Sardalya Konservesi,418.0,26.07,0,0,2023,7,2,6,26,3,1,1,0.9822908816880181,203.0,450.0,339.0,493.0,363.0,520.8928571428571,161.93414299234857
2023-07-02,SOMON,Somon Konservesi,150.0,74.58,0,0,2023,7,2,6,26,3,1,1,0.9729941291585126,76.5,168.0,167.0,178.0,130.21428571428572,192.60714285714286,60.15109942390735
2023-07-02,TON160,Ton Balığı Konservesi 160g,758.0,56.81,1,0,2023,7,2,6,26,3,1,1,1.00415377817057,255.6875,450.0,546.0,556.0,448.9107142857143,623.3415178571429,240.0338134197372
2023-07-02,TON80,Ton Balığı Konservesi 80g,944.0,33.45,0,0,2023,7,2,6,26,3,1,1,1.013022410660206,428.75,849.0,845.0,935.0,716.0714285714286,1031.5,314.91165144256735
2023-07-02,ZEYTY,Zeytinyağı 1L,196.0,240.44,0,0,2023,7,2,6,26,3,1,1,0.9690277078085642,133.0,310.5,237.0,240.0,210.21428571428572,283.69642857142856,98.19277686556853
2023-07-03,SARDL,Sardalya Konservesi,653.0,26.36,0,0,2023,7,3,0,27,3,0,1,0.9932177844762623,418.0,550.0,653.0,564.0,358.42857142857144,518.2142857142857,159.50220180596915
2023-07-03,SOMON,Somon Konservesi,217.0,77.46,0,0,2023,7,3,0,27,3,0,1,1.0105675146771036,150.0,186.0,219.0,214.0,127.64285714285714,191.60714285714286,58.63212592492461
2023-07-03,TON160,Ton Balığı Konservesi 160g,702.0,56.47,0,0,2023,7,3,0,27,3,0,1,0.9981440565620856,758.0,749.0,768.0,794.0,492.9107142857143,630.5558035714286,266.98326711266867
2023-07-03,TON80,Ton Balığı Konservesi 80g,1191.0,33.32,0,0,2023,7,3,0,27,3,0,1,1.0090854027861902,944.0,1168.0,1358.75,1358.75,729.6428571428571,1031.8214285714287,323.5244020015732
2023-07-03,ZEYTY,Zeytinyağı 1L,318.0,244.27,0,0,2023,7,3,0,27,3,0,1,0.984463476070529,196.0,328.0,348.0,299.0,193.85714285714286,282.125,87.67635289599326
2023-07-04,SARDL,Sardalya Konservesi,602.0,26.03,0,0,2023,7,4,1,27,3,0,1,0.980783722682743,653.0,588.0,611.0,635.0,373.14285714285717,521.3928571428571,183.12238946619627
2023-07-04,SOMON,Somon Konservesi,237.0,76.57,0,0,2023,7,4,1,27,3,0,1,0.9989562948467057,217.0,222.0,296.5,200.0,132.07142857142858,191.71428571428572,64.63772671037974
2023-07-04,TON160,Ton Balığı Konservesi 160g,680.0,55.22,0,0,2023,7,4,1,27,3,0,1,0.976049491825011,702.0,819.0,824.1875,669.0,486.19642857142856,627.2700892857143,259.9684036003905
2023-07-04,TON80,Ton Balığı Konservesi 80g,1358.75,33.5,0,0,2023,7,4,1,27,3,0,1,1.0145366444579043,1191.0,1083.0,1172.0,1245.0,732.9285714285714,1025.830357142857,328.79225692568417
2023-07-04,ZEYTY,Zeytinyağı 1L,335.0,252.58,0,0,2023,7,4,1,27,3,0,1,1.0179546599496223,318.0,306.0,287.0,356.0,192.42857142857142,282.80357142857144,85.17209469236742
2023-07-05,SARDL,Sardalya Konservesi,653.0,26.96,1,0,2023,7,5,2,27,3,0,1,1.0158251695553882,602.0,254.0,610.0,637.0,375.14285714285717,520.2142857142857,185.91523926369226
2023-07-05,SOMON,Somon Konservesi,223.0,79.88,0,0,2023,7,5,2,27,3,0,1,1.042139595564253,237.0,91.0,238.0,214.0,134.21428571428572,193.03571428571428,68.26288470736826
2023-07-05,TON160,Ton Balığı Konservesi 160g,645.0,56.38,0,0,2023,7,5,2,27,3,0,1,0.9965532479010163,680.0,255.6875,715.0,648.0,466.3392857142857,627.6629464285714,234.35830456408956
2023-07-05,TON80,Ton Balığı Konservesi 80g,1119.0,32.98,0,0,2023,7,5,2,27,3,0,1,0.9987886129618411,1358.75,561.0,1211.0,1179.0,772.3214285714286,1029.892857142857,388.77284805005587
2023-07-05,ZEYTY,Zeytinyağı 1L,299.0,253.6,0,0,2023,7,5,2,27,3,0,1,1.0220654911838791,335.0,138.0,302.0,357.0,196.57142857142858,282.05357142857144,92.04502004066057
2023-07-06,SARDL,Sardalya Konservesi,632.0,26.87,0,0,2023,7,6,3,27,3,0,1,1.0124340617935192,653.0,237.0,648.0,653.0,432.14285714285717,520.7857142857143,202.96668739100025
2023-07-06,SOMON,Somon Konservesi,192.0,79.49,0,0,2023,7,6,3,27,3,0,1,1.0370515329419439,223.0,89.0,241.0,223.0,153.07142857142858,193.35714285714286,72.4398765479741
2023-07-06,TON160,Ton Balığı Konservesi 160g,718.0,55.39,0,0,2023,7,6,3,27,3,0,1,0.9790543526292531,645.0,348.0,788.0,770.0,521.9553571428571,627.5558035714286,221.8995019167296
2023-07-06,TON80,Ton Balığı Konservesi 80g,1202.0,33.8,0,0,2023,7,6,3,27,3,0,1,1.0236220472440942,1119.0,494.0,1245.0,1185.0,852.0357142857143,1027.75,395.3721197748239
2023-07-06,ZEYTY,Zeytinyağı 1L,354.0,252.83,0,0,2023,7,6,3,27,3,0,1,1.0189622166246852,299.0,123.0,336.0,277.0,219.57142857142858,279.98214285714283,95.03658443437605
2023-07-07,SARDL,Sardalya Konservesi,594.0,26.02,0,0,2023,7,7,4,27,3,0,1,0.9804069329314243,632.0,259.0,653.0,612.0,488.57142857142856,520.0357142857143,194.39895159427246
2023-07-07,SOMON,Somon Konservesi,221.0,77.02,0,0,2023,7,7,4,27,3,0,1,1.0048271363339856,192.0,79.0,234.0,230.0,167.78571428571428,192.25,67.5523606439585
2023-07-07,TON160,Ton Balığı Konservesi 160g,666.0,54.61,0,0,2023,7,7,4,27,3,0,1,0.9652673442333185,718.0,265.0,696.0,747.0,574.8125,625.6986607142857,217.5822551597821
2023-07-07,TON80,Ton Balığı Konservesi 80g,1296.0,31.64,0,0,2023,7,7,4,27,3,0,1,0.9582071471835251,1202.0,428.75,1329.0,1341.0,953.1785714285714,1028.357142857143,378.7239461414503
2023-07-07,ZEYTY,Zeytinyağı 1L,370.0,250.735,0,0,2023,7,7,4,27,3,0,1,1.0105188916876575,354.0,133.0,316.0,339.0,252.57142857142858,282.73214285714283,96.0153757528049
2023-07-08,SARDL,Sardalya Konservesi,477.0,27.19,0,0,2023,7,8,5,27,3,1,1,1.0244913338357198,594.0,203.0,413.0,456.0,536.4285714285714,519.3928571428571,167.89168844114656
2023-07-08,SOMON,Somon Konservesi,171.0,76.0,0,0,2023,7,8,5,27,3,1,1,0.9915198956294846,221.0,76.5,151.0,177.0,188.07142857142858,191.92857142857142,56.93302247043486
2023-07-08,TON160,Ton Balığı Konservesi 160g,497.0,58.93,0,0,2023,7,8,5,27,3,1,1,1.0416261599646486,666.0,255.6875,620.0,596.0,632.0982142857143,622.8058035714286,170.00589702219546
2023-07-08,TON80,Ton Balığı Konservesi 80g,861.0,32.74,0,0,2023,7,8,5,27,3,1,1,0.9915202907328892,1296.0,428.75,881.0,946.0,1077.0714285714287,1026.75,315.0783207621333
2023-07-08,ZEYTY,Zeytinyağı 1L,247.0,248.64,0,0,2023,7,8,5,27,3,1,1,1.0020755667506296,370.0,133.0,293.0,235.0,286.42857142857144,283.8392857142857,88.30035323231918
2023-07-09,SARDL,Sardalya Konservesi,480.0,25.89,0,0,2023,7,9,6,27,3,1,1,0.9755086661642803,477.0,418.0,450.0,425.0,575.5714285714286,520.1428571428571,91.97618739445058
2023-07-09,SOMON,Somon Konservesi,136.0,76.51,0,0,2023,7,9,6,27,3,1,1,0.9981735159817352,171.0,150.0,168.0,196.0,201.57142857142858,191.71428571428572,31.664160301814928
2023-07-09,TON160,Ton Balığı Konservesi 160g,671.0,56.21,1,0,2023,7,9,6,27,3,1,1,0.9935483870967742,497.0,758.0,450.0,520.0,666.5714285714286,619.2700892857143,83.3263806623426
2023-07-09,TON80,Ton Balığı Konservesi 80g,1016.5,33.32,0,0,2023,7,9,6,27,3,1,1,1.0090854027861902,861.0,944.0,849.0,859.0,1138.8214285714287,1023.7142857142857,180.42581083172627
2023-07-09,ZEYTY,Zeytinyağı 1L,264.0,243.95,0,0,2023,7,9,6,27,3,1,1,0.9831738035264483,247.0,196.0,310.5,239.0,302.7142857142857,284.26785714285717,61.832338587813965
2023-07-10,SARDL,Sardalya Konservesi,653.0,27.3,1,0,2023,7,10,0,28,3,0,1,1.0286360211002261,480.0,653.0,550.0,641.0,584.4285714285714,522.1071428571429,75.84382449669697
2023-07-10,SOMON,Somon Konservesi,241.0,74.42,0,0,2023,7,10,0,28,3,0,1,0.9709067188519243,136.0,217.0,186.0,223.0,199.57142857142858,189.57142857142858,35.65509380559389
2023-07-10,TON160,Ton Balığı Konservesi 160g,749.0,56.38,0,0,2023,7,10,0,28,3,0,1,0.9965532479010163,671.0,702.0,749.0,696.0,654.1428571428571,624.6629464285714,73.3017247896853
2023-07-10,TON80,Ton Balığı Konservesi 80g,1172.0,33.58,0,0,2023,7,10,0,28,3,0,1,1.0169594185342214,1016.5,1191.0,1168.0,1155.0,1149.1785714285713,1029.3392857142858,169.10405538489968
2023-07-10,ZEYTY,Zeytinyağı 1L,357.0,242.43,0,0,2023,7,10,0,28,3,0,1,0.9770478589420655,264.0,318.0,328.0,429.0,312.42857142857144,285.1607142857143,45.441747115976526
2023-07-11,SARDL,Sardalya Konservesi,653.0,26.84,0,0,2023,7,11,1,28,3,0,1,1.0113036925395629,653.0,602.0,588.0,653.0,584.4285714285714,522.5357142857143,75.84382449669697
2023-07-11,SOMON,Somon Konservesi,241.0,74.36,0,0,2023,7,11,1,28,3,0,1,0.9701239399869536,241.0,237.0,222.0,237.0,203.0,190.21428571428572,38.63935817272311
2023-07-11,TON160,Ton Balığı Konservesi 160g,694.0,57.35,0,0,2023,7,11,1,28,3,0,1,1.0136986301369864,749.0,680.0,819.0,680.0,660.8571428571429,626.5558035714286,80.24011584286315
2023-07-11,TON80,Ton Balığı Konservesi 80g,1189.0,33.46,0,0,2023,7,11,1,28,3,0,1,1.0133252574197456,1172.0,1358.75,1083.0,1211.0,1146.4642857142858,1029.9464285714287,168.47220521074564
2023-07-11,ZEYTY,Zeytinyağı 1L,309.0,252.46,0,0,2023,7,11,1,28,3,0,1,1.017471032745592,357.0,335.0,306.0,323.0,318.0,282.5892857142857,48.52490769354076
2023-07-12,SARDL,Sardalya Konservesi,653.0,26.25,0,0,2023,7,12,2,28,3,0,1,0.9890730972117558,653.0,653.0,254.0,613.0,591.7142857142857,522.5357142857143,80.14094726524948
2023-07-12,SOMON,Somon Konservesi,224.0,77.09,0,0,2023,7,12,2,28,3,0,1,1.005740378343118,241.0,223.0,91.0,225.0,203.57142857142858,190.35714285714286,39.250720345224636
2023-07-12,TON160,Ton Balığı Konservesi 160g,791.0,56.55,0,0,2023,7,12,2,28,3,0,1,0.9995581087052584,694.0,645.0,255.6875,755.0,662.8571428571429,627.0558035714286,80.96795368421651
2023-07-12,TON80,Ton Balığı Konservesi 80g,1358.75,33.62,1,0,2023,7,12,2,28,3,0,1,1.0181708055723802,1189.0,1119.0,561.0,1165.0,1122.2142857142858,1029.1607142857142,143.13451049707822
2023-07-12,ZEYTY,Zeytinyağı 1L,341.0,258.31,0,0,2023,7,12,2,28,3,0,1,1.0410478589420655,309.0,299.0,138.0,314.0,314.2857142857143,282.0892857142857,47.99900792625555
2023-07-13,SARDL,Sardalya Konservesi,653.0,27.28,0,0,2023,7,13,3,28,3,0,1,1.0278824415975887,653.0,632.0,237.0,653.0,591.7142857142857,523.9642857142857,80.14094726524948
2023-07-13,SOMON,Somon Konservesi,237.0,76.8,0,0,2023,7,13,3,28,3,0,1,1.0019569471624266,224.0,192.0,89.0,223.0,203.71428571428572,190.32142857142858,39.33494750521575
2023-07-13,TON160,Ton Balığı Konservesi 160g,713.0,55.09,0,0,2023,7,13,3,28,3,0,1,0.9737516570923553,791.0,718.0,348.0,723.0,683.7142857142857,628.3415178571429,93.444661494944
2023-07-13,TON80,Ton Balığı Konservesi 80g,1358.75,32.52,1,0,2023,7,13,3,28,3,0,1,0.9848576620230164,1358.75,1202.0,494.0,1267.0,1156.4642857142858,1036.080357142857,168.6477115031161
2023-07-13,ZEYTY,Zeytinyağı 1L,294.0,251.78,0,0,2023,7,13,3,28,3,0,1,1.0147304785894207,341.0,354.0,123.0,361.0,320.2857142857143,283.05357142857144,48.39323053800757
2023-07-14,SARDL,Sardalya Konservesi,653.0,26.62,0,0,2023,7,14,4,28,3,0,1,1.0030143180105502,653.0,594.0,259.0,653.0,594.7142857142857,523.9642857142857,82.26525043158566
2023-07-14,SOMON,Somon Konservesi,228.0,75.13,0,0,2023,7,14,4,28,3,0,1,0.9801696020874102,237.0,221.0,79.0,219.0,210.14285714285714,190.82142857142858,40.75303085427517
2023-07-14,TON160,Ton Balığı Konservesi 160g,824.1875,56.98,1,0,2023,7,14,4,28,3,0,1,1.0071586389748122,713.0,666.0,265.0,715.0,683.0,627.984375,93.1575726032685
2023-07-14,TON80,Ton Balığı Konservesi 80g,1293.0,32.79,0,0,2023,7,14,4,28,3,0,1,0.9930345245305874,1358.75,1296.0,428.75,1178.0,1178.857142857143,1039.357142857143,185.28726891993895
2023-07-14,ZEYTY,Zeytinyağı 1L,257.0,259.12,0,0,2023,7,14,4,28,3,0,1,1.0443123425692695,294.0,370.0,133.0,330.0,311.7142857142857,280.6607142857143,46.71086342495439
2023-07-15,SARDL,Sardalya Konservesi,653.0,25.81,0,0,2023,7,15,5,28,3,1,1,0.9724943481537301,653.0,477.0,203.0,429.0,603.1428571428571,523.9642857142857,85.15168538443389
2023-07-15,SOMON,Somon Konservesi,165.0,75.21,0,0,2023,7,15,5,28,3,1,1,0.9812133072407043,228.0,171.0,76.5,176.0,211.14285714285714,191.14285714285714,41.14781716133721
2023-07-15,TON160,Ton Balığı Konservesi 160g,474.0,56.71,0,0,2023,7,15,5,28,3,1,1,1.0023862129916041,824.1875,497.0,255.6875,485.0,705.5982142857143,631.8839285714286,106.56778369808268
2023-07-15,TON80,Ton Balığı Konservesi 80g,995.0,33.4,0,0,2023,7,15,5,28,3,1,1,1.0115081768625074,1293.0,861.0,428.75,803.0,1178.4285714285713,1043.4642857142858,184.97436276671596
2023-07-15,ZEYTY,Zeytinyağı 1L,220.0,253.76,0,0,2023,7,15,5,28,3,1,1,1.0227103274559193,257.0,247.0,133.0,254.0,295.57142857142856,278.05357142857144,42.55136951519909
2023-07-16,SARDL,Sardalya Konservesi,502.0,27.25,0,0,2023,7,16,6,28,3,1,1,1.0267520723436323,653.0,480.0,418.0,339.0,628.2857142857143,531.9642857142857,65.38785383059731
2023-07-16,SOMON,Somon Konservesi,165.0,77.98,0,0,2023,7,16,6,28,3,1,1,1.017351598173516,165.0,136.0,150.0,167.0,210.28571428571428,190.75,42.17311262607265
2023-07-16,TON160,Ton Balığı Konservesi 160g,457.0,57.58,0,0,2023,7,16,6,28,3,1,1,1.017764030048608,474.0,671.0,758.0,546.0,702.3125,631.4910714285714,114.15566971063346
2023-07-16,TON80,Ton Balığı Konservesi 80g,843.0,33.02,0,0,2023,7,16,6,28,3,1,1,1.0,995.0,1016.5,944.0,845.0,1197.5714285714287,1050.3214285714287,150.34021932809378
2023-07-16,ZEYTY,Zeytinyağı 1L,254.0,245.65,0,0,2023,7,16,6,28,3,1,1,0.9900251889168766,220.0,264.0,196.0,237.0,291.7142857142857,276.8392857142857,48.49644071377533
2023-07-17,SARDL,Sardalya Konservesi,585.5,26.67,0,0,2023,7,17,0,29,3,0,1,1.004898266767144,502.0,653.0,653.0,653.0,631.4285714285714,537.7857142857143,57.072635424394505
2023-07-17,SOMON,Somon Konservesi,215.0,77.95,0,0,2023,7,17,0,29,3,0,1,1.0169602087410305,165.0,241.0,217.0,219.0,214.42857142857142,190.67857142857142,34.36013747962929
2023-07-17,TON160,Ton Balığı Konservesi 160g,712.0,56.974999999999994,0,0,2023,7,17,0,29,3,0,1,1.0070702607158637,457.0,749.0,702.0,768.0,671.7410714285714,628.3125,147.6733816277292
2023-07-17,TON80,Ton Balığı Konservesi 80g,1185.0,33.16,0,0,2023,7,17,0,29,3,0,1,1.0042398546335551,843.0,1172.0,1191.0,1358.75,1172.7857142857142,1050.25,193.3247714647686
2023-07-17,ZEYTY,Zeytinyağı 1L,301.0,253.91,0,0,2023,7,17,0,29,3,0,1,1.023314861460957,254.0,357.0,318.0,348.0,290.2857142857143,277.44642857142856,49.58398358917313
2023-07-18,SARDL,Sardalya Konservesi,653.0,26.31,0,0,2023,7,18,1,29,3,0,1,0.9913338357196684,585.5,653.0,602.0,611.0,621.7857142857143,535.375,58.50488380102594
2023-07-18,SOMON,Somon Konservesi,223.0,76.94,0,0,2023,7,18,1,29,3,0,1,1.0037834311806912,215.0,241.0,237.0,296.5,210.71428571428572,190.53571428571428,32.35590768166984
2023-07-18,TON160,Ton Balığı Konservesi 160g,659.0,56.37,0,0,2023,7,18,1,29,3,0,1,0.9963764913831197,712.0,694.0,680.0,824.1875,666.4553571428571,626.3125,145.0866601410783
2023-07-18,TON80,Ton Balığı Konservesi 80g,1057.0,33.71,0,0,2023,7,18,1,29,3,0,1,1.0208964264082374,1185.0,1189.0,1358.75,1172.0,1174.642857142857,1044.044642857143,193.37839940681872
2023-07-18,ZEYTY,Zeytinyağı 1L,363.0,254.3,0,0,2023,7,18,1,29,3,0,1,1.0248866498740554,301.0,309.0,335.0,287.0,282.2857142857143,275.76785714285717,40.75828866915353
2023-07-19,SARDL,Sardalya Konservesi,619.0,26.4,0,0,2023,7,19,2,29,3,0,1,0.9947249434815373,653.0,653.0,653.0,610.0,621.7857142857143,536.875,58.50488380102594
2023-07-19,SOMON,Somon Konservesi,213.0,76.58,0,0,2023,7,19,2,29,3,0,1,0.9990867579908674,223.0,224.0,223.0,238.0,208.14285714285714,187.91071428571428,30.190663962161736
2023-07-19,TON160,Ton Balığı Konservesi 160g,717.5,58.07,0,0,2023,7,19,2,29,3,0,1,1.0264250994255413,659.0,791.0,645.0,715.0,661.4553571428571,620.4129464285714,144.581412305407
2023-07-19,TON80,Ton Balığı Konservesi 80g,1110.0,32.49,0,0,2023,7,19,2,29,3,0,1,0.9839491217443973,1057.0,1358.75,1119.0,1211.0,1155.7857142857142,1039.9375,198.12277488610852
2023-07-19,ZEYTY,Zeytinyağı 1L,378.0,244.27,0,0,2023,7,19,2,29,3,0,1,0.984463476070529,363.0,341.0,299.0,302.0,290.0,278.48214285714283,50.58326468968396
2023-07-20,SARDL,Sardalya Konservesi,595.0,26.97,0,0,2023,7,20,3,29,3,0,1,1.0162019593067069,619.0,653.0,632.0,648.0,616.9285714285714,537.1964285714286,56.87004818841366
2023-07-20,SOMON,Somon Konservesi,207.0,76.41,0,0,2023,7,20,3,29,3,0,1,0.9968688845401174,213.0,237.0,192.0,241.0,206.57142857142858,187.01785714285714,29.506254381385467
2023-07-20,TON160,Ton Balığı Konservesi 160g,776.0,55.59,0,0,2023,7,20,3,29,3,0,1,0.9825894829871852,717.5,713.0,718.0,788.0,650.9553571428571,620.5022321428571,136.02092131075315
2023-07-20,TON80,Ton Balığı Konservesi 80g,1358.75,33.83,0,0,2023,7,20,3,29,3,0,1,1.0245305875227133,1110.0,1358.75,1202.0,1245.0,1120.25,1036.330357142857,176.8135199393232
2023-07-20,ZEYTY,Zeytinyağı 1L,318.0,241.75,0,0,2023,7,20,3,29,3,0,1,0.9743073047858942,378.0,294.0,354.0,336.0,295.2857142857143,281.19642857142856,58.16560921401977
2023-07-21,SARDL,Sardalya Konservesi,628.0,27.24,0,0,2023,7,21,4,29,3,0,1,1.0263752825923134,595.0,653.0,594.0,653.0,608.6428571428571,535.3035714285714,54.93080062353864
2023-07-21,SOMON,Somon Konservesi,290.0,74.48,1,0,2023,7,21,4,29,3,0,1,0.971689497716895,207.0,228.0,221.0,234.0,202.28571428571428,185.80357142857142,26.361046297610145
2023-07-21,TON160,Ton Balığı Konservesi 160g,711.0,55.9,0,0,2023,7,21,4,29,3,0,1,0.9880689350419796,776.0,824.1875,666.0,696.0,659.9553571428571,620.0736607142857,142.72921401810527
2023-07-21,TON80,Ton Balığı Konservesi 80g,1358.75,33.14,1,0,2023,7,21,4,29,3,0,1,1.003634161114476,1358.75,1293.0,1296.0,1329.0,1120.25,1040.392857142857,176.8135199393232
2023-07-21,ZEYTY,Zeytinyağı 1L,312.0,251.46,0,0,2023,7,21,4,29,3,0,1,1.0134408060453401,318.0,257.0,370.0,316.0,298.7142857142857,280.55357142857144,58.78127333801187
2023-07-22,SARDL,Sardalya Konservesi,425.0,25.89,0,0,2023,7,22,5,29,3,1,1,0.9755086661642803,628.0,653.0,477.0,413.0,605.0714285714286,534.4107142857143,52.31668676708994
2023-07-22,SOMON,Somon Konservesi,166.0,78.08,0,0,2023,7,22,5,29,3,1,1,1.0186562296151336,290.0,165.0,171.0,151.0,211.14285714285714,187.80357142857142,42.13639982813161
2023-07-22,TON160,Ton Balığı Konservesi 160g,518.0,57.88,0,0,2023,7,22,5,29,3,1,1,1.023066725585506,711.0,474.0,497.0,620.0,643.7857142857143,620.609375,126.5127981480056
2023-07-22,TON80,Ton Balığı Konservesi 80g,948.0,33.27,0,0,2023,7,22,5,29,3,1,1,1.0075711689884919,1358.75,995.0,861.0,881.0,1129.642857142857,1041.455357142857,188.8563087565332
2023-07-22,ZEYTY,Zeytinyağı 1L,244.0,250.46,0,0,2023,7,22,5,29,3,1,1,1.0094105793450883,312.0,220.0,247.0,293.0,306.57142857142856,280.4107142857143,55.88039949408938
2023-07-23,SARDL,Sardalya Konservesi,415.0,27.4,0,0,2023,7,23,6,29,3,1,1,1.0324039186134137,425.0,502.0,480.0,450.0,572.5,534.8392857142857,80.75116098236623
2023-07-23,SOMON,Somon Konservesi,157.0,75.2,0,0,2023,7,23,6,29,3,1,1,0.9810828440965427,166.0,165.0,136.0,168.0,211.28571428571428,188.33928571428572,41.95519151711829
2023-07-23,TON160,Ton Balığı Konservesi 160g,477.0,58.94,0,0,2023,7,23,6,29,3,1,1,1.0418029164825453,518.0,457.0,671.0,450.0,650.0714285714286,616.9665178571429,117.43878851392736
2023-07-23,TON80,Ton Balığı Konservesi 80g,1193.0,32.61,1,0,2023,7,23,6,29,3,1,1,0.9875832828588733,948.0,843.0,1016.5,849.0,1122.9285714285713,1043.8482142857142,195.17090343496176
2023-07-23,ZEYTY,Zeytinyağı 1L,255.0,248.28,0,0,2023,7,23,6,29,3,1,1,1.000624685138539,244.0,254.0,264.0,310.5,310.0,278.6607142857143,50.123181596276524
2023-07-24,SARDL,Sardalya Konservesi,585.0,27.19,0,0,2023,7,24,0,30,3,0,1,1.0244913338357198,415.0,585.5,653.0,550.0,560.0714285714286,533.5892857142857,98.21677918912694
2023-07-24,SOMON,Somon Konservesi,219.0,78.23,0,0,2023,7,24,0,30,3,0,1,1.0206131767775604,157.0,215.0,241.0,186.0,210.14285714285714,187.94642857142858,43.50643083280337
2023-07-24,TON160,Ton Balığı Konservesi 160g,709.0,56.74,0,0,2023,7,24,0,30,3,0,1,1.0029164825452939,477.0,712.0,749.0,749.0,652.9285714285714,617.9308035714286,112.07974414504595
2023-07-24,TON80,Ton Balığı Konservesi 80g,1263.0,33.89,0,0,2023,7,24,0,30,3,0,1,1.0263476680799515,1193.0,1185.0,1172.0,1168.0,1172.9285714285713,1056.1339285714287,151.43760502030517
2023-07-24,ZEYTY,Zeytinyağı 1L,341.0,248.15,0,0,2023,7,24,0,30,3,0,1,1.0001007556675063,255.0,301.0,357.0,328.0,310.14285714285717,276.67857142857144,49.938056868579736
2023-07-25,SARDL,Sardalya Konservesi,653.0,26.62,0,0,2023,7,25,1,30,3,0,1,1.0030143180105502,585.0,653.0,653.0,588.0,560.0,534.8392857142857,98.1953834624283
2023-07-25,SOMON,Somon Konservesi,212.5,74.99,0,0,2023,7,25,1,30,3,0,1,0.9783431180691453,219.0,223.0,241.0,222.0,210.71428571428572,189.125,43.60701123181234
2023-07-25,TON160,Ton Balığı Konservesi 160g,790.0,57.7,0,0,2023,7,25,1,30,3,0,1,1.0198851082633673,709.0,659.0,694.0,819.0,652.5,616.5022321428571,111.82165860571577
2023-07-25,TON80,Ton Balığı Konservesi 80g,1312.0,33.37,0,0,2023,7,25,1,30,3,0,1,1.0105996365838883,1263.0,1057.0,1189.0,1083.0,1184.0714285714287,1059.5267857142858,155.2943920889804
2023-07-25,ZEYTY,Zeytinyağı 1L,356.0,255.07,0,0,2023,7,25,1,30,3,0,1,1.0279899244332493,341.0,363.0,309.0,306.0,315.85714285714283,277.14285714285717,50.99486435393445
2023-07-26,SARDL,Sardalya Konservesi,591.0,26.04,0,0,2023,7,26,2,30,3,0,1,0.9811605124340618,653.0,619.0,653.0,254.0,560.0,537.1607142857143,98.1953834624283
2023-07-26,SOMON,Somon Konservesi,206.0,76.94,0,0,2023,7,26,2,30,3,0,1,1.0037834311806912,212.5,213.0,224.0,91.0,209.21428571428572,188.78571428571428,43.2934340122311
2023-07-26,TON160,Ton Balığı Konservesi 160g,708.0,57.09,0,0,2023,7,26,2,30,3,0,1,1.0091029606716748,790.0,717.5,791.0,255.6875,671.2142857142857,615.4665178571429,123.44832155699002
2023-07-26,TON80,Ton Balığı Konservesi 80g,1280.0,31.46,0,0,2023,7,26,2,30,3,0,1,0.952755905511811,1312.0,1110.0,1358.75,561.0,1220.5,1067.705357142857,150.34813766721663
2023-07-26,ZEYTY,Zeytinyağı 1L,304.0,253.34,0,0,2023,7,26,2,30,3,0,1,1.0210176322418136,356.0,378.0,341.0,138.0,314.85714285714283,278.92857142857144,49.97475553193006
2023-07-27,SARDL,Sardalya Konservesi,653.0,26.72,0,0,2023,7,27,3,30,3,0,1,1.0067822155237378,591.0,595.0,653.0,237.0,556.0,549.1964285714286,95.93574238346551
2023-07-27,SOMON,Somon Konservesi,226.0,77.49,0,0,2023,7,27,3,30,3,0,1,1.010958904109589,206.0,207.0,237.0,89.0,208.21428571428572,192.89285714285714,43.2722554905343
2023-07-27,TON160,Ton Balığı Konservesi 160g,723.0,55.34,0,0,2023,7,27,3,30,3,0,1,0.9781705700397703,708.0,776.0,713.0,348.0,669.8571428571429,631.6205357142857,122.90569361835698
2023-07-27,TON80,Ton Balığı Konservesi 80g,1036.0,32.83,0,0,2023,7,27,3,30,3,0,1,0.9942459115687461,1280.0,1358.75,1358.75,494.0,1244.7857142857142,1093.3839285714287,143.07853529410036
2023-07-27,ZEYTY,Zeytinyağı 1L,311.0,252.11,0,0,2023,7,27,3,30,3,0,1,1.0160604534005038,304.0,318.0,294.0,123.0,304.2857142857143,284.85714285714283,41.49985656888551
2023-07-28,SARDL,Sardalya Konservesi,642.0,26.73,0,0,2023,7,28,4,30,3,0,1,1.0071590052750565,653.0,628.0,653.0,259.0,564.2857142857143,564.0535714285714,102.16769594758465
2023-07-28,SOMON,Somon Konservesi,229.0,74.86,0,0,2023,7,28,4,30,3,0,1,0.9766470971950423,226.0,290.0,228.0,79.0,210.92857142857142,197.78571428571428,43.7763526075326
2023-07-28,TON160,Ton Balığı Konservesi 160g,752.0,56.3,0,0,2023,7,28,4,30,3,0,1,0.9951391957578435,723.0,711.0,824.1875,265.0,662.2857142857143,645.0133928571429,116.75574830347615
2023-07-28,TON80,Ton Balığı Konservesi 80g,1348.0,33.61,0,0,2023,7,28,4,30,3,0,1,1.0178679588128405,1036.0,1358.75,1293.0,428.75,1198.6785714285713,1112.7410714285713,151.96015886064566
2023-07-28,ZEYTY,Zeytinyağı 1L,333.0,243.16,0,0,2023,7,28,4,30,3,0,1,0.9799899244332494,311.0,312.0,257.0,133.0,303.2857142857143,291.57142857142856,41.19754962662306
2023-07-29,SARDL,Sardalya Konservesi,624.0,26.57,1,0,2023,7,29,5,30,3,1,1,1.0011303692539564,642.0,425.0,653.0,203.0,566.2857142857143,577.7321428571429,103.74763336371312
2023-07-29,SOMON,Somon Konservesi,160.0,78.79,0,0,2023,7,29,5,30,3,1,1,1.0279191128506198,229.0,166.0,165.0,76.5,202.21428571428572,203.14285714285714,28.985423265923608
2023-07-29,TON160,Ton Balığı Konservesi 160g,502.0,56.59,0,0,2023,7,29,5,30,3,1,1,1.000265134776845,752.0,518.0,474.0,255.6875,668.1428571428571,662.40625,120.57283907999113
2023-07-29,TON80,Ton Balığı Konservesi 80g,934.0,33.19,0,0,2023,7,29,5,30,3,1,1,1.0051483949121742,1348.0,948.0,995.0,428.75,1197.142857142857,1145.5714285714287,150.11598690282727
2023-07-29,ZEYTY,Zeytinyağı 1L,254.0,245.11,0,0,2023,7,29,5,30,3,1,1,0.9878488664987406,333.0,244.0,220.0,133.0,306.2857142857143,298.7142857142857,42.67596624844096
2023-07-30,SARDL,Sardalya Konservesi,474.0,26.61,0,0,2023,7,30,6,30,3,1,1,1.0026375282592315,624.0,415.0,502.0,418.0,594.7142857142857,592.7678571428571,83.95775581746348
2023-07-30,SOMON,Somon Konservesi,167.0,74.1,0,0,2023,7,30,6,30,3,1,1,0.9667318982387474,160.0,157.0,165.0,150.0,201.35714285714286,206.125,30.293995947649012
2023-07-30,TON160,Ton Balığı Konservesi 160g,438.0,55.41,0,0,2023,7,30,6,30,3,1,1,0.9794078656650463,502.0,477.0,457.0,758.0,665.8571428571429,671.203125,123.99654373063294
2023-07-30,TON80,Ton Balığı Konservesi 80g,1110.0,34.37,0,0,2023,7,30,6,30,3,1,1,1.0408843125378557,934.0,1193.0,843.0,944.0,1195.142857142857,1163.6160714285713,154.0307637794362
2023-07-30,ZEYTY,Zeytinyağı 1L,274.0,253.77,1,0,2023,7,30,6,30,3,1,1,1.0227506297229219,254.0,255.0,254.0,196.0,307.7142857142857,303.0357142857143,40.34730179212409
2023-07-31,SARDL,Sardalya Konservesi,617.0,27.18,0,0,2023,7,31,0,31,3,0,1,1.0241145440844008,474.0,585.0,585.5,653.0,603.1428571428571,594.7678571428571,63.33884687780161
2023-07-31,SOMON,Somon Konservesi,217.0,78.24,0,0,2023,7,31,0,31,3,0,1,1.020743639921722,167.0,219.0,215.0,217.0,202.78571428571428,206.73214285714286,28.002763469071148
2023-07-31,TON160,Ton Balığı Konservesi 160g,724.0,59.21,0,0,2023,7,31,0,31,3,0,1,1.0465753424657533,438.0,709.0,712.0,702.0,660.2857142857143,659.7745535714286,134.34124991443002
2023-07-31,TON80,Ton Balığı Konservesi 80g,1286.0,34.39,0,0,2023,7,31,0,31,3,0,1,1.0414900060569352,1110.0,1263.0,1185.0,1191.0,1183.2857142857142,1169.544642857143,157.3813990340187
2023-07-31,ZEYTY,Zeytinyağı 1L,310.5,245.63,0,0,2023,7,31,0,31,3,0,1,0.9899445843828715,274.0,341.0,301.0,318.0,310.42857142857144,305.82142857142856,36.68268048574188
2023-08-01,SARDL,Sardalya Konservesi,633.0,26.17,0,0,2023,8,1,1,31,3,0,1,0.9860587792012058,617.0,653.0,653.0,602.0,607.7142857142857,593.4821428571429,62.96484279795759
2023-08-01,SOMON,Somon Konservesi,269.0,76.43,0,0,2023,8,1,1,31,3,0,1,0.997129810828441,217.0,212.5,223.0,237.0,202.5,206.73214285714286,27.819357768766885
2023-08-01,TON160,Ton Balığı Konservesi 160g,664.0,57.57,0,0,2023,8,1,1,31,3,0,1,1.0175872735307114,724.0,790.0,659.0,680.0,662.4285714285714,660.5602678571429,135.36353169995834
2023-08-01,TON80,Ton Balığı Konservesi 80g,1059.0,33.36,0,0,2023,8,1,1,31,3,0,1,1.0102967898243487,1286.0,1312.0,1057.0,1358.75,1186.5714285714287,1172.9375,159.54817155837077
2023-08-01,ZEYTY,Zeytinyağı 1L,347.0,247.53,0,0,2023,8,1,1,31,3,0,1,0.9976020151133501,310.5,356.0,363.0,335.0,306.07142857142856,305.55357142857144,34.17166049451443
2023-08-02,SARDL,Sardalya Konservesi,587.0,27.53,0,0,2023,8,2,2,31,3,0,1,1.0373021853805577,633.0,591.0,619.0,653.0,604.8571428571429,594.5892857142857,60.990241217834196
2023-08-02,SOMON,Somon Konservesi,207.0,76.33,0,0,2023,8,2,2,31,3,0,1,0.9958251793868231,269.0,206.0,213.0,223.0,210.57142857142858,207.875,37.66013428395727
2023-08-02,TON160,Ton Balığı Konservesi 160g,756.0,58.12,0,0,2023,8,2,2,31,3,0,1,1.0273088820150242,664.0,708.0,717.5,645.0,644.4285714285714,659.9888392857143,123.42319763434114
2023-08-02,TON80,Ton Balığı Konservesi 80g,1133.0,33.16,0,0,2023,8,2,2,31,3,0,1,1.0042398546335551,1059.0,1280.0,1110.0,1119.0,1150.4285714285713,1162.232142857143,154.99016865902357
2023-08-02,ZEYTY,Zeytinyağı 1L,310.0,248.69,0,0,2023,8,2,2,31,3,0,1,1.0022770780856423,347.0,304.0,378.0,299.0,304.7857142857143,305.98214285714283,32.08563689936778
2023-08-03,SARDL,Sardalya Konservesi,568.0,26.96,0,0,2023,8,3,3,31,3,0,1,1.0158251695553882,587.0,653.0,595.0,632.0,604.2857142857143,592.2321428571429,61.16021115538685
2023-08-03,SOMON,Somon Konservesi,238.0,77.41,0,0,2023,8,3,3,31,3,0,1,1.0099151989562947,207.0,226.0,207.0,192.0,210.71428571428572,207.30357142857142,37.64179541287505
2023-08-03,TON160,Ton Balığı Konservesi 160g,656.0,56.22,0,0,2023,8,3,3,31,3,0,1,0.9937251436146707,756.0,723.0,776.0,718.0,651.2857142857143,663.953125,128.7616846292846
2023-08-03,TON80,Ton Balığı Konservesi 80g,1197.0,34.78,0,0,2023,8,3,3,31,3,0,1,1.0533010296789824,1133.0,1036.0,1358.75,1202.0,1129.4285714285713,1162.732142857143,144.08314398621553
2023-08-03,ZEYTY,Zeytinyağı 1L,273.0,256.48,0,0,2023,8,3,3,31,3,0,1,1.0336725440806047,310.0,311.0,318.0,354.0,305.64285714285717,306.375,32.14124334573105
2023-08-04,SARDL,Sardalya Konservesi,653.0,26.23,0,0,2023,8,4,4,31,3,0,1,0.9883195177091184,568.0,642.0,628.0,594.0,592.1428571428571,589.9464285714286,58.244967082798205
2023-08-04,SOMON,Somon Konservesi,183.0,78.22,0,0,2023,8,4,4,31,3,0,1,1.0204827136333985,238.0,229.0,290.0,221.0,212.42857142857142,208.94642857142858,38.712001338332094
2023-08-04,TON160,Ton Balığı Konservesi 160g,715.0,56.32,0,0,2023,8,4,4,31,3,0,1,0.9954927087936367,656.0,752.0,711.0,666.0,641.7142857142857,661.7388392857143,124.97695025578923
2023-08-04,TON80,Ton Balığı Konservesi 80g,1268.0,33.42,0,0,2023,8,4,4,31,3,0,1,1.0121138703815868,1197.0,1348.0,1358.75,1296.0,1152.4285714285713,1162.5535714285713,139.4595008629838
2023-08-04,ZEYTY,Zeytinyağı 1L,320.0,256.23,0,0,2023,8,4,4,31,3,0,1,1.0326649874055416,273.0,333.0,312.0,370.0,300.2142857142857,303.48214285714283,34.227008271802966
2023-08-05,SARDL,Sardalya Konservesi,462.0,27.17,0,0,2023,8,5,5,31,3,1,1,1.0237377543330823,653.0,624.0,425.0,477.0,593.7142857142857,592.0535714285714,59.938063270108145
2023-08-05,SOMON,Somon Konservesi,178.0,76.39,0,0,2023,8,5,5,31,3,1,1,0.9966079582517938,183.0,160.0,166.0,171.0,205.85714285714286,207.58928571428572,39.32949940959719
2023-08-05,TON160,Ton Balığı Konservesi 160g,693.0,57.36,1,0,2023,8,5,5,31,3,1,1,1.0138753866548829,715.0,502.0,518.0,497.0,636.4285714285714,663.4888392857143,120.227363971847
2023-08-05,TON80,Ton Balığı Konservesi 80g,985.0,33.38,0,0,2023,8,5,5,31,3,1,1,1.0109024833434281,1268.0,934.0,948.0,861.0,1141.0,1161.5535714285713,123.07721153812417
2023-08-05,ZEYTY,Zeytinyağı 1L,229.0,249.72,0,0,2023,8,5,5,31,3,1,1,1.0064282115869017,320.0,254.0,244.0,247.0,298.35714285714283,301.69642857142856,32.458581666633194
2023-08-06,SARDL,Sardalya Konservesi,429.0,25.56,0,0,2023,8,6,6,31,3,1,1,0.9630746043707611,462.0,474.0,415.0,480.0,570.5714285714286,591.5178571428571,75.53996104238958
2023-08-06,SOMON,Somon Konservesi,147.0,77.88499999999999,0,0,2023,8,6,6,31,3,1,1,1.016112198303979,178.0,167.0,157.0,136.0,208.42857142857142,207.83928571428572,36.30361388281284
2023-08-06,TON160,Ton Balığı Konservesi 160g,482.0,58.67,0,0,2023,8,6,6,31,3,1,1,1.037030490499337,693.0,438.0,477.0,671.0,663.7142857142857,670.4888392857143,105.39246381298497
2023-08-06,TON80,Ton Balığı Konservesi 80g,881.0,32.94,0,0,2023,8,6,6,31,3,1,1,0.9975772259236825,985.0,1110.0,1193.0,1016.5,1148.2857142857142,1165.982142857143,109.54711967263957
2023-08-06,ZEYTY,Zeytinyağı 1L,216.0,257.9,0,0,2023,8,6,6,31,3,1,1,1.039395465994962,229.0,274.0,255.0,264.0,294.7857142857143,301.05357142857144,38.89071991154273
2023-08-07,SARDL,Sardalya Konservesi,556.0,27.14,0,0,2023,8,7,0,32,3,0,1,1.022607385079126,429.0,617.0,585.0,653.0,564.1428571428571,589.6964285714286,86.2794463191719
2023-08-07,SOMON,Somon Konservesi,246.0,79.38,0,0,2023,8,7,0,32,3,0,1,1.0356164383561643,147.0,217.0,219.0,241.0,205.57142857142858,208.23214285714286,40.636014990223835
2023-08-07,TON160,Ton Balığı Konservesi 160g,716.0,55.96,0,0,2023,8,7,0,32,3,0,1,0.9891294741493593,482.0,724.0,709.0,749.0,670.0,663.7388392857143,89.85358460666207
2023-08-07,TON80,Ton Balığı Konservesi 80g,1086.0,32.87,0,0,2023,8,7,0,32,3,0,1,0.9954572986069047,881.0,1286.0,1263.0,1172.0,1115.5714285714287,1161.142857142857,149.7151263153431
2023-08-07,ZEYTY,Zeytinyağı 1L,349.0,250.31,0,0,2023,8,7,0,32,3,0,1,1.0088060453400505,216.0,310.5,341.0,357.0,286.5,299.3392857142857,48.93788580094807
2023-08-08,SARDL,Sardalya Konservesi,653.0,26.63,0,0,2023,8,8,1,32,3,0,1,1.003391107761869,556.0,633.0,653.0,653.0,555.4285714285714,586.2321428571429,83.07197109105077
2023-08-08,SOMON,Somon Konservesi,244.0,77.02,0,0,2023,8,8,1,32,3,0,1,1.0048271363339856,246.0,269.0,212.5,241.0,209.71428571428572,208.41071428571428,43.380926245352825
2023-08-08,TON160,Ton Balığı Konservesi 160g,756.0,55.28,0,0,2023,8,8,1,32,3,0,1,0.9771100309323906,716.0,664.0,790.0,694.0,668.8571428571429,662.5602678571429,89.09999732777457
2023-08-08,TON80,Ton Balığı Konservesi 80g,1211.0,32.97,0,0,2023,8,8,1,32,3,0,1,0.9984857662023016,1086.0,1059.0,1312.0,1189.0,1087.0,1158.0714285714287,129.48745112944343
2023-08-08,ZEYTY,Zeytinyağı 1L,310.0,242.25,0,0,2023,8,8,1,32,3,0,1,0.9763224181360202,349.0,347.0,356.0,309.0,292.0,299.05357142857144,53.98765290940732
2023-08-09,SARDL,Sardalya Konservesi,203.0,26.02,0,0,2023,8,9,2,32,3,0,1,0.9804069329314243,653.0,587.0,591.0,653.0,558.2857142857143,586.2321428571429,86.45945925830264
2023-08-09,SOMON,Somon Konservesi,209.0,80.6,0,0,2023,8,9,2,32,3,0,1,1.0515329419439008,244.0,207.0,206.0,224.0,206.14285714285714,208.51785714285714,38.43361623816888
2023-08-09,TON160,Ton Balığı Konservesi 160g,697.0,57.34,0,0,2023,8,9,2,32,3,0,1,1.0135218736190896,756.0,756.0,708.0,791.0,682.0,664.7745535714286,94.86305919587407
2023-08-09,TON80,Ton Balığı Konservesi 80g,1147.0,33.1,0,0,2023,8,9,2,32,3,0,1,1.0024227740763174,1211.0,1133.0,1280.0,1358.75,1108.7142857142858,1158.857142857143,136.56099282703252
2023-08-09,ZEYTY,Zeytinyağı 1L,311.0,249.65,0,0,2023,8,9,2,32,3,0,1,1.006146095717884,310.0,310.0,304.0,341.0,286.7142857142857,299.0892857142857,49.31434641060074
2023-08-10,SARDL,Sardalya Konservesi,646.0,26.03,0,0,2023,8,10,3,32,3,0,1,0.980783722682743,203.0,568.0,653.0,653.0,503.42857142857144,570.1607142857143,157.68624664488746
2023-08-10,SOMON,Somon Konservesi,264.0,78.38,0,0,2023,8,10,3,32,3,0,1,1.022570123939987,209.0,238.0,226.0,237.0,206.42857142857142,207.98214285714286,38.448481300120235
2023-08-10,TON160,Ton Balığı Konservesi 160g,769.0,56.8,0,0,2023,8,10,3,32,3,0,1,1.0039770216526733,697.0,656.0,723.0,713.0,673.5714285714286,661.4174107142857,89.67135763972959
2023-08-10,TON80,Ton Balığı Konservesi 80g,1206.0,32.46,0,0,2023,8,10,3,32,3,0,1,0.9830405814657782,1147.0,1197.0,1036.0,1358.75,1110.7142857142858,1151.294642857143,137.0774893818754
2023-08-10,ZEYTY,Zeytinyağı 1L,326.0,246.37,0,0,2023,8,10,3,32,3,0,1,0.992926952141058,311.0,273.0,311.0,294.0,286.85714285714283,298.01785714285717,49.394428064403094
2023-08-11,SARDL,Sardalya Konservesi,581.5,26.54,0,0,2023,8,11,4,32,3,0,1,1.0,646.0,653.0,642.0,653.0,514.5714285714286,569.9107142857143,165.5685730474002
2023-08-11,SOMON,Somon Konservesi,222.5,78.56,0,0,2023,8,11,4,32,3,0,1,1.0249184605348989,264.0,183.0,229.0,228.0,210.14285714285714,208.94642857142858,42.99390876015078
2023-08-11,TON160,Ton Balığı Konservesi 160g,702.0,58.27,0,0,2023,8,11,4,32,3,0,1,1.0299602297834733,769.0,715.0,752.0,824.1875,689.7142857142857,663.4174107142857,95.93350871951887
2023-08-11,TON80,Ton Balığı Konservesi 80g,1288.0,32.4,0,0,2023,8,11,4,32,3,0,1,0.9812235009085402,1206.0,1268.0,1348.0,1293.0,1112.0,1145.8392857142858,138.06037326715708
2023-08-11,ZEYTY,Zeytinyağı 1L,326.0,253.78,0,0,2023,8,11,4,32,3,0,1,1.0227909319899244,326.0,320.0,333.0,257.0,294.42857142857144,299.1607142857143,50.95376055097097
2023-08-12,SARDL,Sardalya Konservesi,517.0,26.91,0,0,2023,8,12,5,32,3,1,1,1.0139412207987943,581.5,462.0,624.0,653.0,504.35714285714283,567.3571428571429,157.61998453181445
2023-08-12,SOMON,Somon Konservesi,181.0,77.94,0,0,2023,8,12,5,32,3,1,1,1.0168297455968687,222.5,178.0,160.0,165.0,215.78571428571428,208.75,41.400339313078966
2023-08-12,TON160,Ton Balığı Konservesi 160g,547.0,57.96,0,0,2023,8,12,5,32,3,1,1,1.0244807777286786,702.0,693.0,502.0,474.0,687.8571428571429,659.0535714285714,95.48722178286178
2023-08-12,TON80,Ton Balığı Konservesi 80g,766.0,33.47,0,0,2023,8,12,5,32,3,1,1,1.0136281041792852,1288.0,985.0,934.0,995.0,1114.857142857143,1145.6607142857142,141.97820087537946
2023-08-12,ZEYTY,Zeytinyağı 1L,220.0,256.0,0,0,2023,8,12,5,32,3,1,1,1.0317380352644836,326.0,229.0,254.0,220.0,295.2857142857143,301.625,51.503120571198394
2023-08-13,SARDL,Sardalya Konservesi,461.0,26.19,0,0,2023,8,13,6,32,3,1,1,0.9868123587038433,517.0,429.0,474.0,502.0,512.2142857142857,562.5,156.52365559845794
2023-08-13,SOMON,Somon Konservesi,162.0,76.01,0,0,2023,8,13,6,32,3,1,1,0.9916503587736465,181.0,147.0,167.0,165.0,216.21428571428572,209.32142857142858,40.95714950088777
2023-08-13,TON160,Ton Balığı Konservesi 160g,503.0,57.68,0,0,2023,8,13,6,32,3,1,1,1.0195315952275739,547.0,482.0,438.0,457.0,667.0,661.6607142857143,109.14516327655836
2023-08-13,TON80,Ton Balığı Konservesi 80g,815.0,33.22,0,0,2023,8,13,6,32,3,1,1,1.0060569351907933,766.0,881.0,1110.0,843.0,1083.5714285714287,1137.482142857143,191.02081661680845
2023-08-13,ZEYTY,Zeytinyağı 1L,276.0,244.39,0,0,2023,8,13,6,32,3,1,1,0.9849471032745591,220.0,216.0,274.0,254.0,294.0,301.625,53.50700888668671
2023-08-14,SARDL,Sardalya Konservesi,653.0,26.44,0,0,2023,8,14,0,33,3,0,1,0.9962321024868125,461.0,556.0,617.0,585.5,516.7857142857143,561.0357142857143,154.1373459891254
2023-08-14,SOMON,Somon Konservesi,217.0,77.23,0,0,2023,8,14,0,33,3,0,1,1.007566862361383,162.0,246.0,217.0,215.0,218.35714285714286,209.21428571428572,36.92640686296866
2023-08-14,TON160,Ton Balığı Konservesi 160g,657.0,57.75,0,0,2023,8,14,0,33,3,0,1,1.02076889085285,503.0,716.0,724.0,712.0,670.0,663.3035714285714,103.34731088260875
2023-08-14,TON80,Ton Balığı Konservesi 80g,1345.0,33.64,0,0,2023,8,14,0,33,3,0,1,1.0187764990914596,815.0,1086.0,1286.0,1185.0,1074.142857142857,1136.482142857143,203.88185187458322
2023-08-14,ZEYTY,Zeytinyağı 1L,300.0,247.43,0,0,2023,8,14,0,33,3,0,1,0.997198992443325,276.0,349.0,310.5,301.0,302.57142857142856,302.4107142857143,42.62963422650594
2023-08-15,SARDL,Sardalya Konservesi,579.0,26.94,0,0,2023,8,15,1,33,3,0,1,1.0150715900527507,653.0,653.0,633.0,653.0,530.6428571428571,563.4464285714286,162.38963284995384
2023-08-15,SOMON,Somon Konservesi,226.0,78.0,0,0,2023,8,15,1,33,3,0,1,1.0176125244618395,217.0,244.0,269.0,223.0,214.21428571428572,209.28571428571428,34.87818939162514
2023-08-15,TON160,Ton Balığı Konservesi 160g,703.0,57.41,0,0,2023,8,15,1,33,3,0,1,1.0147591692443658,657.0,756.0,664.0,659.0,661.5714285714286,661.3392857142857,101.3572183630038
2023-08-15,TON80,Ton Balığı Konservesi 80g,1226.0,32.19,0,0,2023,8,15,1,33,3,0,1,0.974863718958207,1345.0,1211.0,1059.0,1057.0,1111.142857142857,1142.1964285714287,228.41732900652755
2023-08-15,ZEYTY,Zeytinyağı 1L,364.0,242.07,0,0,2023,8,15,1,33,3,0,1,0.9755969773299747,300.0,310.0,347.0,363.0,295.57142857142856,302.375,37.44265456604743
2023-08-16,SARDL,Sardalya Konservesi,632.0,26.79,0,0,2023,8,16,2,33,3,0,1,1.009419743782969,579.0,203.0,587.0,619.0,520.0714285714286,560.8035714285714,155.35293918779152
2023-08-16,SOMON,Somon Konservesi,249.0,78.65,0,0,2023,8,16,2,33,3,0,1,1.0260926288323549,226.0,209.0,207.0,213.0,211.64285714285714,209.39285714285714,32.925059207380365
2023-08-16,TON160,Ton Balığı Konservesi 160g,618.0,56.9,0,0,2023,8,16,2,33,3,0,1,1.0057445868316393,703.0,697.0,756.0,717.5,654.0,662.9107142857143,94.90170353230366
2023-08-16,TON80,Ton Balığı Konservesi 80g,1280.0,33.34,0,0,2023,8,16,2,33,3,0,1,1.0096910963052694,1226.0,1147.0,1133.0,1110.0,1113.2857142857142,1148.232142857143,229.5776660781811
2023-08-16,ZEYTY,Zeytinyağı 1L,328.0,249.16,0,0,2023,8,16,2,33,3,0,1,1.0041712846347608,364.0,311.0,310.0,378.0,303.2857142857143,302.4107142857143,45.587696752940566
2023-08-17,SARDL,Sardalya Konservesi,653.0,26.56,0,0,2023,8,17,3,33,3,0,1,1.0007535795026374,632.0,646.0,568.0,595.0,581.3571428571429,561.2678571428571,71.308434684425
2023-08-17,SOMON,Somon Konservesi,229.0,75.7,0,0,2023,8,17,3,33,3,0,1,0.9876060013046314,249.0,264.0,238.0,207.0,217.35714285714286,210.67857142857142,35.74063313852781
2023-08-17,TON160,Ton Balığı Konservesi 160g,824.1875,56.18,1,0,2023,8,17,3,33,3,0,1,0.9930181175430843,618.0,769.0,656.0,776.0,642.7142857142857,659.3571428571429,93.62463045893082
2023-08-17,TON80,Ton Balığı Konservesi 80g,1358.75,33.6,1,0,2023,8,17,3,33,3,0,1,1.017565112053301,1280.0,1206.0,1197.0,1358.75,1132.2857142857142,1154.3035714285713,238.17550551761522
2023-08-17,ZEYTY,Zeytinyağı 1L,362.0,250.14,0,0,2023,8,17,3,33,3,0,1,1.0081209068010075,328.0,326.0,273.0,318.0,305.7142857142857,300.625,46.51062346645192
2023-08-18,SARDL,Sardalya Konservesi,653.0,26.34,0,0,2023,8,18,4,33,3,0,1,0.9924642049736248,653.0,581.5,653.0,628.0,582.3571428571429,563.3392857142857,72.40667227870813
2023-08-18,SOMON,Somon Konservesi,232.0,77.61,0,0,2023,8,18,4,33,3,0,1,1.0125244618395302,229.0,222.5,183.0,290.0,212.35714285714286,211.46428571428572,30.136791310226915
2023-08-18,TON160,Ton Balığı Konservesi 160g,733.0,58.4,0,0,2023,8,18,4,33,3,0,1,1.032258064516129,824.1875,702.0,715.0,711.0,650.5982142857143,661.078125,107.3489482435111
2023-08-18,TON80,Ton Balığı Konservesi 80g,1137.0,33.25,0,0,2023,8,18,4,33,3,0,1,1.0069654754694124,1358.75,1288.0,1268.0,1358.75,1154.107142857143,1154.3035714285713,252.6144896025227
2023-08-18,ZEYTY,Zeytinyağı 1L,398.0,250.11,0,0,2023,8,18,4,33,3,0,1,1.008,362.0,326.0,320.0,312.0,310.85714285714283,302.19642857142856,50.90981755820284
2023-08-19,SARDL,Sardalya Konservesi,462.0,27.41,0,0,2023,8,19,5,33,3,1,1,1.0327807083647325,653.0,517.0,462.0,425.0,592.5714285714286,564.2321428571429,77.153217999116
2023-08-19,SOMON,Somon Konservesi,150.0,77.69,0,0,2023,8,19,5,33,3,1,1,1.0135681669928245,232.0,181.0,178.0,166.0,213.71428571428572,209.39285714285714,30.87455417067706
2023-08-19,TON160,Ton Balığı Konservesi 160g,563.0,58.47,0,0,2023,8,19,5,33,3,1,1,1.0334953601414052,733.0,547.0,693.0,518.0,655.0267857142857,661.8638392857143,110.4184504011355
2023-08-19,TON80,Ton Balığı Konservesi 80g,869.0,34.2,0,0,2023,8,19,5,33,3,1,1,1.0357359176256813,1137.0,766.0,985.0,948.0,1132.5357142857142,1146.3839285714287,245.62591936093574
2023-08-19,ZEYTY,Zeytinyağı 1L,351.0,251.75,1,0,2023,8,19,5,33,3,1,1,1.0146095717884132,398.0,220.0,229.0,244.0,321.14285714285717,305.26785714285717,60.79317004244391
2023-08-20,SARDL,Sardalya Konservesi,438.0,28.44,0,0,2023,8,20,6,33,3,1,1,1.0715900527505653,462.0,461.0,429.0,415.0,584.7142857142857,565.5535714285714,88.1489540223714
2023-08-20,SOMON,Somon Konservesi,187.0,80.0,0,0,2023,8,20,6,33,3,1,1,1.0437051532941943,150.0,162.0,147.0,157.0,209.28571428571428,208.82142857142858,37.79644730092245
2023-08-20,TON160,Ton Balığı Konservesi 160g,699.0,57.78,1,0,2023,8,20,6,33,3,1,1,1.02129916040654,563.0,503.0,482.0,477.0,657.3125,663.4709821428571,107.94750001929917
2023-08-20,TON80,Ton Balığı Konservesi 80g,863.0,34.76,0,0,2023,8,20,6,33,3,1,1,1.052695336159903,869.0,815.0,881.0,1193.0,1147.25,1143.5625,221.9533077774096
2023-08-20,ZEYTY,Zeytinyağı 1L,239.0,255.19,0,0,2023,8,20,6,33,3,1,1,1.0284735516372796,351.0,276.0,216.0,255.0,339.85714285714283,309.0892857142857,41.60299897614959
2023-08-21,SARDL,Sardalya Konservesi,640.0,27.25,0,0,2023,8,21,0,34,3,0,1,1.0267520723436323,438.0,653.0,556.0,585.0,581.4285714285714,566.375,93.77785300531123
2023-08-21,SOMON,Somon Konservesi,239.0,78.61,0,0,2023,8,21,0,34,3,0,1,1.0255707762557076,187.0,217.0,246.0,219.0,212.85714285714286,209.89285714285714,33.52326839390069
2023-08-21,TON160,Ton Balığı Konservesi 160g,824.1875,56.3,1,0,2023,8,21,0,34,3,0,1,0.9951391957578435,699.0,657.0,716.0,709.0,685.3125,671.3995535714286,84.01733607069782
2023-08-21,TON80,Ton Balığı Konservesi 80g,1068.0,33.02,0,0,2023,8,21,0,34,3,0,1,1.0,863.0,1345.0,1086.0,1263.0,1154.107142857143,1131.7767857142858,210.41961336927787
2023-08-21,ZEYTY,Zeytinyağı 1L,464.0,248.27,1,0,2023,8,21,0,34,3,0,1,1.0005843828715366,239.0,300.0,349.0,341.0,334.57142857142856,308.51785714285717,52.095608077383645
2023-08-22,SARDL,Sardalya Konservesi,653.0,27.35,0,0,2023,8,22,1,34,3,0,1,1.03051996985682,640.0,579.0,653.0,653.0,579.5714285714286,568.3392857142857,92.24036922240585
2023-08-22,SOMON,Somon Konservesi,246.0,77.98,0,0,2023,8,22,1,34,3,0,1,1.017351598173516,239.0,226.0,244.0,212.5,216.0,210.60714285714286,34.976182372198785
2023-08-22,TON160,Ton Balığı Konservesi 160g,723.0,55.81,0,0,2023,8,22,1,34,3,0,1,0.9864781263809103,824.1875,703.0,756.0,790.0,709.1964285714286,675.5133928571429,97.33537402816246
2023-08-22,TON80,Ton Balığı Konservesi 80g,1061.0,32.3,0,0,2023,8,22,1,34,3,0,1,0.9781950333131434,1068.0,1226.0,1211.0,1312.0,1114.5357142857142,1124.8125,193.9379426394902
2023-08-22,ZEYTY,Zeytinyağı 1L,320.0,253.85,0,0,2023,8,22,1,34,3,0,1,1.023073047858942,464.0,364.0,310.0,356.0,358.0,312.9107142857143,68.3105653126463
2023-08-23,SARDL,Sardalya Konservesi,653.0,27.23,0,0,2023,8,23,2,34,3,0,1,1.0259984928409949,653.0,632.0,203.0,591.0,590.1428571428571,568.3392857142857,96.31446511545529
2023-08-23,SOMON,Somon Konservesi,296.5,74.0,0,0,2023,8,23,2,34,3,0,1,0.9654272667971298,246.0,249.0,209.0,206.0,218.85714285714286,211.80357142857142,36.703444758535014
2023-08-23,TON160,Ton Balığı Konservesi 160g,765.0,58.41,0,0,2023,8,23,2,34,3,0,1,1.0324348210340255,723.0,618.0,697.0,708.0,712.0535714285714,673.1205357142857,97.41667398621047
2023-08-23,TON80,Ton Balığı Konservesi 80g,1264.0,33.69,0,0,2023,8,23,2,34,3,0,1,1.020290732889158,1061.0,1280.0,1147.0,1280.0,1090.9642857142858,1115.8482142857142,188.07093235063763
2023-08-23,ZEYTY,Zeytinyağı 1L,368.0,252.19,0,0,2023,8,23,2,34,3,0,1,1.016382871536524,320.0,328.0,311.0,304.0,351.7142857142857,311.625,69.67714662573908
2023-08-24,SARDL,Sardalya Konservesi,618.0,26.64,0,0,2023,8,24,3,34,3,0,1,1.0037678975131876,653.0,653.0,646.0,653.0,593.1428571428571,570.5535714285714,98.1451791504619
2023-08-24,SOMON,Somon Konservesi,231.0,76.93,0,0,2023,8,24,3,34,3,0,1,1.0036529680365296,296.5,229.0,264.0,226.0,225.64285714285714,215.03571428571428,46.33277663248945
2023-08-24,TON160,Ton Balığı Konservesi 160g,693.0,56.14,0,0,2023,8,24,3,34,3,0,1,0.992311091471498,765.0,824.1875,769.0,723.0,733.0535714285714,675.15625,89.26580179741626
2023-08-24,TON80,Ton Balığı Konservesi 80g,1302.0,32.46,0,0,2023,8,24,3,34,3,0,1,0.9830405814657782,1264.0,1358.75,1206.0,1036.0,1088.6785714285713,1115.2767857142858,185.46982651530965
2023-08-24,ZEYTY,Zeytinyağı 1L,358.0,261.83,0,0,2023,8,24,3,34,3,0,1,1.0552342569269522,368.0,362.0,326.0,311.0,357.42857142857144,313.9107142857143,69.04553363024792
2023-08-25,SARDL,Sardalya Konservesi,653.0,27.83,0,0,2023,8,25,4,34,3,0,1,1.0486058779201206,618.0,653.0,581.5,642.0,588.1428571428571,569.3035714285714,95.44182970345297
2023-08-25,SOMON,Somon Konservesi,229.0,79.54,0,0,2023,8,25,4,34,3,0,1,1.0377038486627528,231.0,232.0,222.5,229.0,225.92857142857142,215.21428571428572,46.36308568555035
2023-08-25,TON160,Ton Balığı Konservesi 160g,603.0,56.57,0,0,2023,8,25,4,34,3,0,1,0.9999116217410516,693.0,733.0,702.0,752.0,714.3125,674.0848214285714,80.26061878083942
2023-08-25,TON80,Ton Balığı Konservesi 80g,1229.0,33.21,0,0,2023,8,25,4,34,3,0,1,1.0057540884312537,1302.0,1137.0,1288.0,1348.0,1080.5714285714287,1124.7767857142858,172.48271134895145
2023-08-25,ZEYTY,Zeytinyağı 1L,318.0,260.86,0,0,2023,8,25,4,34,3,0,1,1.0513249370277078,358.0,398.0,326.0,333.0,356.85714285714283,315.5892857142857,69.01794107676766
2023-08-26,SARDL,Sardalya Konservesi,422.0,27.09,0,0,2023,8,26,5,34,3,1,1,1.0207234363225322,653.0,462.0,517.0,624.0,588.1428571428571,569.6964285714286,95.44182970345297
2023-08-26,SOMON,Somon Konservesi,145.0,77.3,0,0,2023,8,26,5,34,3,1,1,1.0084801043705152,229.0,150.0,181.0,160.0,225.5,215.21428571428572,46.31144566950993
2023-08-26,TON160,Ton Balığı Konservesi 160g,483.0,57.65,0,0,2023,8,26,5,34,3,1,1,1.0190013256738841,603.0,563.0,547.0,502.0,695.7410714285714,668.7633928571429,89.70095303118184
2023-08-26,TON80,Ton Balığı Konservesi 80g,930.0,34.62,0,0,2023,8,26,5,34,3,1,1,1.0484554815263476,1229.0,869.0,766.0,934.0,1093.7142857142858,1120.5267857142858,180.80349764842714
2023-08-26,ZEYTY,Zeytinyağı 1L,265.0,255.09,0,0,2023,8,26,5,34,3,1,1,1.0280705289672545,318.0,351.0,220.0,254.0,345.42857142857144,315.05357142857144,67.68027074132483
2023-08-27,SARDL,Sardalya Konservesi,421.0,27.48,0,0,2023,8,27,6,34,3,1,1,1.035418236623964,422.0,438.0,461.0,474.0,582.4285714285714,562.4821428571429,104.97437328995633
2023-08-27,SOMON,Somon Konservesi,172.0,77.72,0,0,2023,8,27,6,34,3,1,1,1.0139595564253097,145.0,187.0,162.0,167.0,224.78571428571428,214.67857142857142,47.68809874491467
2023-08-27,TON160,Ton Balığı Konservesi 160g,537.0,59.25,0,0,2023,8,27,6,34,3,1,1,1.0472823685373398,483.0,699.0,503.0,438.0,684.3125,668.0848214285714,111.80477893967642
2023-08-27,TON80,Ton Balığı Konservesi 80g,806.0,33.37,0,0,2023,8,27,6,34,3,1,1,1.0105996365838883,930.0,863.0,815.0,1110.0,1102.4285714285713,1120.3839285714287,169.26986061991596
2023-08-27,ZEYTY,Zeytinyağı 1L,230.0,247.12,0,0,2023,8,27,6,34,3,1,1,0.9959496221662468,265.0,239.0,276.0,274.0,333.14285714285717,315.44642857142856,74.00997358786296
2023-08-28,SARDL,Sardalya Konservesi,635.0,26.39,0,0,2023,8,28,0,35,3,0,1,0.9943481537302186,421.0,640.0,653.0,617.0,580.0,560.5892857142857,108.99235447192329
2023-08-28,SOMON,Somon Konservesi,192.0,76.6,0,0,2023,8,28,0,35,3,0,1,0.999347684279191,172.0,239.0,217.0,217.0,222.64285714285714,214.85714285714286,49.95223909371993
2023-08-28,TON160,Ton Balığı Konservesi 160g,690.0,57.58,0,0,2023,8,28,0,35,3,0,1,1.017764030048608,537.0,824.1875,657.0,724.0,661.1696428571429,671.6205357142857,124.32347505959116
2023-08-28,TON80,Ton Balığı Konservesi 80g,1145.0,32.12,0,0,2023,8,28,0,35,3,0,1,0.9727437916414292,806.0,1068.0,1345.0,1286.0,1094.2857142857142,1109.5267857142858,183.48180135526104
2023-08-28,ZEYTY,Zeytinyağı 1L,309.0,260.45,0,0,2023,8,28,0,35,3,0,1,1.0496725440806045,230.0,464.0,300.0,310.5,331.85714285714283,313.875,75.97023226551418
2023-08-29,SARDL,Sardalya Konservesi,653.0,25.68,0,0,2023,8,29,1,35,3,0,1,0.9675960813865863,635.0,653.0,579.0,633.0,579.2857142857143,561.2321428571429,108.54908918044777
2023-08-29,SOMON,Somon Konservesi,234.0,81.47,0,0,2023,8,29,1,35,3,0,1,1.0628832354859752,192.0,246.0,226.0,269.0,215.92857142857142,213.96428571428572,50.54241500250744
2023-08-29,TON160,Ton Balığı Konservesi 160g,702.0,57.68,0,0,2023,8,29,1,35,3,0,1,1.0195315952275739,690.0,723.0,703.0,664.0,642.0,670.40625,103.61949623502296
2023-08-29,TON80,Ton Balığı Konservesi 80g,1119.0,33.43,0,0,2023,8,29,1,35,3,0,1,1.0124167171411265,1145.0,1061.0,1226.0,1059.0,1105.2857142857142,1104.4910714285713,183.95082158529448
2023-08-29,ZEYTY,Zeytinyağı 1L,376.0,245.02,0,0,2023,8,29,1,35,3,0,1,0.9874861460957179,309.0,320.0,364.0,347.0,309.7142857142857,313.82142857142856,48.7466726581218
2023-08-30,SARDL,Sardalya Konservesi,244.0,27.19,0,1,2023,8,30,2,35,3,0,1,1.0244913338357198,653.0,653.0,632.0,587.0,579.2857142857143,561.9464285714286,108.54908918044777
2023-08-30,SOMON,Somon Konservesi,101.0,77.6,0,1,2023,8,30,2,35,3,0,1,1.0123939986953685,234.0,296.5,249.0,207.0,214.21428571428572,212.71428571428572,49.54615452859489
2023-08-30,TON160,Ton Balığı Konservesi 160g,330.0,57.64,0,1,2023,8,30,2,35,3,0,1,1.0188245691559876,702.0,765.0,618.0,756.0,639.0,671.7633928571429,101.1582918005239
2023-08-30,TON80,Ton Balığı Konservesi 80g,489.0,33.49,0,1,2023,8,30,2,35,3,0,1,1.0142337976983646,1119.0,1264.0,1280.0,1133.0,1113.5714285714287,1106.6339285714287,182.92699558645197
2023-08-30,ZEYTY,Zeytinyağı 1L,139.0,257.87,0,1,2023,8,30,2,35,3,0,1,1.0392745591939547,376.0,368.0,328.0,310.0,317.7142857142857,314.85714285714283,54.92028855749103
2023-08-31,SARDL,Sardalya Konservesi,623.0,26.85,0,0,2023,8,31,3,35,3,0,1,1.0116804822908818,244.0,618.0,653.0,568.0,520.8571428571429,549.6964285714286,160.09520976742593
2023-08-31,SOMON,Somon Konservesi,253.0,78.19,0,0,2023,8,31,3,35,3,0,1,1.020091324200913,101.0,231.0,229.0,238.0,186.28571428571428,208.92857142857142,50.5229792131404
2023-08-31,TON160,Ton Balığı Konservesi 160g,707.0,56.35,0,0,2023,8,31,3,35,3,0,1,0.9960229783473266,330.0,693.0,824.1875,656.0,576.8571428571429,656.5491071428571,137.8228676858193
2023-08-31,TON80,Ton Balığı Konservesi 80g,1152.0,33.44,0,0,2023,8,31,3,35,3,0,1,1.012719563900666,489.0,1302.0,1358.75,1197.0,1002.8571428571429,1083.6339285714287,283.5580061594852
2023-08-31,ZEYTY,Zeytinyağı 1L,323.0,251.68,0,0,2023,8,31,3,35,3,0,1,1.0143274559193955,139.0,358.0,362.0,273.0,285.0,308.75,81.66598639172445
2023-09-01,SARDL,Sardalya Konservesi,440.0,26.57,0,0,2023,9,1,4,35,3,0,0,1.0011303692539564,623.0,653.0,653.0,653.0,521.5714285714286,551.6607142857143,160.61118386012944
2023-09-01,SOMON,Somon Konservesi,178.0,79.94,0,0,2023,9,1,4,35,3,0,0,1.0429223744292235,253.0,229.0,232.0,183.0,189.42857142857142,209.46428571428572,54.31039539184957
2023-09-01,TON160,Ton Balığı Konservesi 160g,534.0,58.41,0,0,2023,9,1,4,35,3,0,0,1.0324348210340255,707.0,603.0,733.0,715.0,578.8571428571429,658.3705357142857,139.87545480584808
2023-09-01,TON80,Ton Balığı Konservesi 80g,933.5,33.71,0,0,2023,9,1,4,35,3,0,0,1.0208964264082374,1152.0,1229.0,1137.0,1268.0,981.4285714285714,1082.0267857142858,262.03489407765034
2023-09-01,ZEYTY,Zeytinyağı 1L,360.0,253.4,0,0,2023,9,1,4,35,3,0,0,1.0212594458438287,323.0,318.0,398.0,320.0,280.0,310.5357142857143,77.41231598826285
2023-09-02,SARDL,Sardalya Konservesi,313.0,26.87,0,0,2023,9,2,5,35,3,1,0,1.0124340617935192,440.0,422.0,462.0,462.0,491.14285714285717,544.0535714285714,151.47874281168757
2023-09-02,SOMON,Somon Konservesi,161.0,78.73,0,0,2023,9,2,5,35,3,1,0,1.027136333985649,178.0,145.0,150.0,178.0,182.14285714285714,209.28571428571428,51.46334803018728
2023-09-02,TON160,Ton Balığı Konservesi 160g,415.0,59.43,0,0,2023,9,2,5,35,3,1,0,1.0504639858594784,534.0,483.0,563.0,693.0,569.0,651.90625,140.3210604292884
2023-09-02,TON80,Ton Balığı Konservesi 80g,715.0,32.87,0,0,2023,9,2,5,35,3,1,0,0.9954572986069047,933.5,930.0,869.0,985.0,939.2142857142857,1070.080357142857,238.2243090630573
2023-09-02,ZEYTY,Zeytinyağı 1L,123.0,253.25,0,0,2023,9,2,5,35,3,1,0,1.0206549118387909,360.0,265.0,351.0,229.0,286.0,311.9642857142857,82.32051182218594
2023-09-03,SARDL,Sardalya Konservesi,203.0,26.93,0,0,2023,9,3,6,35,3,1,0,1.0146948003014318,313.0,421.0,438.0,429.0,475.57142857142856,538.7321428571429,164.7886091763795
2023-09-03,SOMON,Somon Konservesi,131.0,76.48,0,0,2023,9,3,6,35,3,1,0,0.9977821265492498,161.0,172.0,187.0,147.0,184.42857142857142,208.67857142857142,49.869353123460215
2023-09-03,TON160,Ton Balığı Konservesi 160g,400.0,56.8,0,0,2023,9,3,6,35,3,1,0,1.0039770216526733,415.0,537.0,699.0,482.0,559.2857142857143,641.9776785714286,149.3315263496117
2023-09-03,TON80,Ton Balığı Konservesi 80g,644.0,33.55,0,0,2023,9,3,6,35,3,1,0,1.0160508782556026,715.0,806.0,863.0,881.0,908.5,1060.4375,253.01136338117215
2023-09-03,ZEYTY,Zeytinyağı 1L,228.0,247.59,0,0,2023,9,3,6,35,3,1,0,0.9978438287153653,123.0,230.0,239.0,216.0,265.7142857142857,308.17857142857144,103.2048356194519
2023-09-04,SARDL,Sardalya Konservesi,461.0,27.17,0,0,2023,9,4,0,36,3,0,0,1.0237377543330823,203.0,635.0,640.0,556.0,444.42857142857144,530.6607142857143,194.70478263502454
2023-09-04,SOMON,Somon Konservesi,213.0,76.78,0,0,2023,9,4,0,36,3,0,0,1.001696020874103,131.0,192.0,239.0,246.0,178.57142857142858,208.10714285714286,53.823344200749666
2023-09-04,TON160,Ton Balığı Konservesi 160g,516.0,56.83,0,0,2023,9,4,0,36,3,0,0,1.004507291206363,400.0,690.0,824.1875,716.0,539.7142857142857,639.0491071428571,161.2417587410432
2023-09-04,TON80,Ton Balığı Konservesi 80g,917.0,34.1,0,0,2023,9,4,0,36,3,0,0,1.0327074500302846,644.0,1145.0,1068.0,1086.0,885.3571428571429,1051.9732142857142,270.73768274317183
2023-09-04,ZEYTY,Zeytinyağı 1L,292.0,250.3,0,0,2023,9,4,0,36,3,0,0,1.008765743073048,228.0,309.0,464.0,349.0,265.42857142857144,308.60714285714283,103.32288733682891
2023-09-05,SARDL,Sardalya Konservesi,447.0,26.74,0,0,2023,9,5,1,36,3,0,0,1.0075357950263752,461.0,653.0,653.0,653.0,419.57142857142856,527.2678571428571,176.5841226751491
2023-09-05,SOMON,Somon Konservesi,296.5,78.52,0,0,2023,9,5,1,36,3,0,0,1.0243966079582516,213.0,234.0,246.0,244.0,181.57142857142858,206.92857142857142,55.26257667673823
2023-09-05,TON160,Ton Balığı Konservesi 160g,607.0,57.5,0,0,2023,9,5,1,36,3,0,0,1.0163499779054352,516.0,702.0,723.0,756.0,514.8571428571429,631.90625,146.9948168830324
2023-09-05,TON80,Ton Balığı Konservesi 80g,921.0,34.27,0,0,2023,9,5,1,36,3,0,0,1.037855844942459,917.0,1119.0,1061.0,1211.0,852.7857142857143,1045.9375,246.96623540186792
2023-09-05,ZEYTY,Zeytinyağı 1L,330.0,251.48,0,0,2023,9,5,1,36,3,0,0,1.013521410579345,292.0,376.0,320.0,310.0,263.0,306.57142857142856,102.32301793829184
2023-09-06,SARDL,Sardalya Konservesi,389.0,27.32,0,0,2023,9,6,2,36,3,0,0,1.0293896006028636,447.0,244.0,653.0,203.0,390.14285714285717,519.9107142857143,145.65533354627237
2023-09-06,SOMON,Somon Konservesi,296.5,78.63,0,0,2023,9,6,2,36,3,0,0,1.025831702544031,296.5,101.0,296.5,209.0,190.5,208.80357142857142,68.58753531072529
2023-09-06,TON160,Ton Balığı Konservesi 160g,550.0,58.53,0,0,2023,9,6,2,36,3,0,0,1.0345558992487847,607.0,330.0,765.0,697.0,501.2857142857143,626.5848214285714,130.27114580202124
2023-09-06,TON80,Ton Balığı Konservesi 80g,926.0,33.23,0,0,2023,9,6,2,36,3,0,0,1.006359781950333,921.0,489.0,1264.0,1147.0,824.5,1035.580357142857,221.41081726058317
2023-09-06,ZEYTY,Zeytinyağı 1L,375.0,254.97,0,0,2023,9,6,2,36,3,0,0,1.0275869017632242,330.0,139.0,368.0,311.0,256.42857142857144,307.2857142857143,95.07691122254151
2023-09-07,SARDL,Sardalya Konservesi,505.0,27.57,0,0,2023,9,7,3,36,3,0,0,1.0388093443858328,389.0,623.0,618.0,646.0,410.85714285714283,526.5535714285714,130.97891506069172
2023-09-07,SOMON,Somon Konservesi,185.0,78.66,0,0,2023,9,7,3,36,3,0,0,1.0262230919765165,296.5,253.0,231.0,264.0,218.42857142857142,211.92857142857142,65.81693587230437
2023-09-07,TON160,Ton Balığı Konservesi 160g,563.0,58.59,0,0,2023,9,7,3,36,3,0,0,1.0356164383561643,550.0,707.0,693.0,769.0,532.7142857142857,621.3348214285714,106.41383726708096
2023-09-07,TON80,Ton Balığı Konservesi 80g,908.0,32.88,0,0,2023,9,7,3,36,3,0,0,0.9957601453664445,926.0,1152.0,1302.0,1206.0,886.9285714285714,1027.6875,165.6287084041247
2023-09-07,ZEYTY,Zeytinyağı 1L,349.0,254.74,0,0,2023,9,7,3,36,3,0,0,1.0266599496221662,375.0,323.0,358.0,326.0,290.14285714285717,309.57142857142856,88.08221267927013
2023-09-08,SARDL,Sardalya Konservesi,428.0,27.0,0,0,2023,9,8,4,36,3,0,0,1.0173323285606632,505.0,440.0,653.0,581.5,394.0,521.5178571428571,103.9246521925044
2023-09-08,SOMON,Somon Konservesi,215.0,78.69,0,0,2023,9,8,4,36,3,0,0,1.026614481409002,185.0,178.0,229.0,222.5,208.71428571428572,209.10714285714286,64.87543008390318
2023-09-08,TON160,Ton Balığı Konservesi 160g,545.0,56.36,0,0,2023,9,8,4,36,3,0,0,0.9961997348652231,563.0,534.0,603.0,702.0,512.1428571428571,613.9776785714286,76.94463067996514
2023-09-08,TON80,Ton Balığı Konservesi 80g,885.0,33.64,0,0,2023,9,8,4,36,3,0,0,1.0187764990914596,908.0,933.5,1229.0,1288.0,852.0714285714286,1017.0446428571429,119.91192204121519
2023-09-08,ZEYTY,Zeytinyağı 1L,362.0,252.79,0,0,2023,9,8,4,36,3,0,0,1.0188010075566751,349.0,360.0,318.0,326.0,293.85714285714283,310.39285714285717,90.22089294509065
2023-09-09,SARDL,Sardalya Konservesi,325.0,26.94,0,0,2023,9,9,5,36,3,1,0,1.0150715900527507,428.0,313.0,422.0,517.0,392.2857142857143,516.0357142857143,103.13537105137323
2023-09-09,SOMON,Somon Konservesi,123.0,77.16,0,0,2023,9,9,5,36,3,1,0,1.0066536203522505,215.0,161.0,145.0,181.0,214.0,208.83928571428572,63.447484846393344
2023-09-09,TON160,Ton Balığı Konservesi 160g,418.0,57.64,0,0,2023,9,9,5,36,3,1,0,1.0188245691559876,545.0,415.0,483.0,547.0,513.7142857142857,608.3705357142857,77.5751555712575
2023-09-09,TON80,Ton Balığı Konservesi 80g,546.0,33.58,0,0,2023,9,9,5,36,3,1,0,1.0169594185342214,885.0,715.0,930.0,766.0,845.1428571428571,1002.6517857142857,115.75178698610054
2023-09-09,ZEYTY,Zeytinyağı 1L,238.0,264.64,0,0,2023,9,9,5,36,3,1,0,1.06655919395466,362.0,123.0,265.0,220.0,294.14285714285717,311.67857142857144,90.46809487590737
2023-09-10,SARDL,Sardalya Konservesi,270.0,27.34,0,0,2023,9,10,6,36,3,1,0,1.0301431801055012,325.0,203.0,421.0,461.0,394.0,509.17857142857144,101.68742957383184
2023-09-10,SOMON,Somon Konservesi,149.0,77.71,0,0,2023,9,10,6,36,3,1,0,1.013829093281148,123.0,131.0,172.0,162.0,208.57142857142858,206.76785714285714,70.02287041354677
2023-09-10,TON160,Ton Balığı Konservesi 160g,365.0,57.08,0,0,2023,9,10,6,36,3,1,0,1.008926204153778,418.0,400.0,537.0,503.0,514.1428571428571,603.7633928571429,76.94463067996513
2023-09-10,TON80,Ton Balığı Konservesi 80g,1358.75,33.31,0,0,2023,9,10,6,36,3,1,0,1.0087825560266506,546.0,644.0,806.0,815.0,821.0,994.7946428571429,157.51190431202127
2023-09-10,ZEYTY,Zeytinyağı 1L,218.0,247.58,0,0,2023,9,10,6,36,3,1,0,0.9978035264483628,238.0,228.0,230.0,276.0,310.57142857142856,312.32142857142856,59.27297625634887
2023-09-11,SARDL,Sardalya Konservesi,451.0,26.6,0,0,2023,9,11,0,37,3,0,0,1.0022607385079128,270.0,461.0,635.0,653.0,403.57142857142856,502.35714285714283,81.95091446074336
2023-09-11,SOMON,Somon Konservesi,175.0,77.55,0,0,2023,9,11,0,37,3,0,0,1.0117416829745596,149.0,213.0,192.0,217.0,211.14285714285714,206.30357142857142,66.96312062478498
2023-09-11,TON160,Ton Balığı Konservesi 160g,523.0,57.7,0,0,2023,9,11,0,37,3,0,0,1.0198851082633673,365.0,516.0,690.0,657.0,509.14285714285717,598.8348214285714,86.18087291936014
2023-09-11,TON80,Ton Balığı Konservesi 80g,826.0,33.8,0,0,2023,9,11,0,37,3,0,0,1.0236220472440942,1358.75,917.0,1145.0,1345.0,923.1071428571429,1014.2142857142857,235.84068851057586
2023-09-11,ZEYTY,Zeytinyağı 1L,331.0,254.09,0,0,2023,9,11,0,37,3,0,0,1.0240403022670026,218.0,292.0,309.0,300.0,309.14285714285717,310.25,61.66692406638673
2023-09-12,SARDL,Sardalya Konservesi,393.0,27.0,0,0,2023,9,12,1,37,3,0,0,1.0173323285606632,451.0,447.0,653.0,579.0,402.14285714285717,495.14285714285717,80.86290573439231
2023-09-12,SOMON,Somon Konservesi,221.0,79.42,0,0,2023,9,12,1,37,3,0,0,1.0361382909328114,175.0,296.5,234.0,226.0,205.71428571428572,204.80357142857142,68.3141378381621
2023-09-12,TON160,Ton Balığı Konservesi 160g,558.5,57.39,0,0,2023,9,12,1,37,3,0,0,1.0144056562085726,523.0,607.0,702.0,703.0,510.14285714285717,594.0491071428571,86.31421005340258
2023-09-12,TON80,Ton Balığı Konservesi 80g,838.0,34.55,0,0,2023,9,12,1,37,3,0,0,1.0463355542095698,826.0,921.0,1119.0,1226.0,910.1071428571429,995.6785714285714,238.72385795546796
2023-09-12,ZEYTY,Zeytinyağı 1L,331.0,256.27,0,0,2023,9,12,1,37,3,0,0,1.0328261964735517,331.0,330.0,376.0,364.0,314.7142857142857,311.35714285714283,61.62173395189458
2023-09-13,SARDL,Sardalya Konservesi,406.0,27.9,0,0,2023,9,13,2,37,3,0,0,1.0512434061793519,393.0,389.0,244.0,632.0,394.42857142857144,488.5,78.40887947772278
2023-09-13,SOMON,Somon Konservesi,173.0,78.595,0,0,2023,9,13,2,37,3,0,0,1.025375081539465,221.0,296.5,101.0,249.0,194.92857142857142,204.625,56.53643999774863
2023-09-13,TON160,Ton Balığı Konservesi 160g,594.0,57.34,0,0,2023,9,13,2,37,3,0,0,1.0135218736190896,558.5,550.0,330.0,618.0,503.2142857142857,588.8883928571429,78.86901437555485
2023-09-13,TON80,Ton Balığı Konservesi 80g,931.0,34.36,0,0,2023,9,13,2,37,3,0,0,1.0405814657783161,838.0,926.0,489.0,1280.0,898.25,981.8214285714286,240.14964952434602
2023-09-13,ZEYTY,Zeytinyağı 1L,409.0,252.84,1,0,2023,9,13,2,37,3,0,0,1.0190025188916876,331.0,375.0,139.0,328.0,314.85714285714283,310.17857142857144,61.66422131573683
2023-09-14,SARDL,Sardalya Konservesi,428.0,27.11,0,0,2023,9,14,3,37,3,0,0,1.0214770158251696,406.0,505.0,623.0,653.0,396.85714285714283,480.42857142857144,78.47595931542266
2023-09-14,SOMON,Somon Konservesi,201.0,77.77,0,0,2023,9,14,3,37,3,0,0,1.0146118721461186,173.0,185.0,253.0,229.0,177.28571428571428,201.91071428571428,34.552926965812155
2023-09-14,TON160,Ton Balığı Konservesi 160g,590.0,59.43,0,0,2023,9,14,3,37,3,0,0,1.0504639858594784,594.0,563.0,707.0,824.1875,509.5,588.03125,84.75307270732652
2023-09-14,TON80,Ton Balığı Konservesi 80g,1028.0,33.28,0,0,2023,9,14,3,37,3,0,0,1.0078740157480315,931.0,908.0,1152.0,1358.75,898.9642857142857,969.3571428571429,240.25335709462556
2023-09-14,ZEYTY,Zeytinyağı 1L,367.0,254.9,0,0,2023,9,14,3,37,3,0,0,1.0273047858942066,409.0,349.0,323.0,362.0,319.7142857142857,313.07142857142856,68.18532169930766
2023-09-15,SARDL,Sardalya Konservesi,440.0,26.52,0,0,2023,9,15,4,37,3,0,0,0.9992464204973625,428.0,428.0,440.0,653.0,385.85714285714283,472.39285714285717,65.03698581429786
2023-09-15,SOMON,Somon Konservesi,208.0,77.02,0,0,2023,9,15,4,37,3,0,0,1.0048271363339856,201.0,215.0,178.0,232.0,179.57142857142858,200.91071428571428,35.65976791314035
2023-09-15,TON160,Ton Balığı Konservesi 160g,523.0,55.77,0,0,2023,9,15,4,37,3,0,0,0.9857711003093239,590.0,545.0,534.0,733.0,513.3571428571429,579.6674107142857,88.14037775319682
2023-09-15,TON80,Ton Balığı Konservesi 80g,966.0,32.92,0,0,2023,9,15,4,37,3,0,0,0.9969715324046032,1028.0,885.0,933.5,1137.0,916.1071428571429,957.5446428571429,245.23508522193382
2023-09-15,ZEYTY,Zeytinyağı 1L,333.0,258.1,0,0,2023,9,15,4,37,3,0,0,1.0402015113350127,367.0,362.0,360.0,398.0,322.2857142857143,313.25,69.79425546016002
2023-09-16,SARDL,Sardalya Konservesi,298.0,27.32,0,0,2023,9,16,5,37,3,1,0,1.0293896006028636,440.0,325.0,313.0,462.0,387.57142857142856,464.7857142857143,66.47520124792435
2023-09-16,SOMON,Somon Konservesi,142.0,76.89,0,0,2023,9,16,5,37,3,1,0,1.0031311154598825,208.0,123.0,161.0,150.0,178.57142857142858,200.05357142857142,34.58254445457083
2023-09-16,TON160,Ton Balığı Konservesi 160g,336.0,57.62,0,0,2023,9,16,5,37,3,1,0,1.0184710561201944,523.0,418.0,415.0,563.0,510.2142857142857,572.1674107142857,87.21136066230977
2023-09-16,TON80,Ton Balığı Konservesi 80g,608.0,34.41,0,0,2023,9,16,5,37,3,1,0,1.0420956995760144,966.0,546.0,715.0,869.0,927.6785714285714,951.4375,245.43357529268897
2023-09-16,ZEYTY,Zeytinyağı 1L,221.0,258.22,0,0,2023,9,16,5,37,3,1,0,1.040685138539043,333.0,238.0,123.0,351.0,318.14285714285717,310.92857142857144,67.87839266273305
2023-09-17,SARDL,Sardalya Konservesi,325.0,26.93,0,0,2023,9,17,6,37,3,1,0,1.0146948003014318,298.0,270.0,203.0,438.0,383.7142857142857,458.92857142857144,71.31786659202412
2023-09-17,SOMON,Somon Konservesi,149.0,77.98,0,0,2023,9,17,6,37,3,1,0,1.017351598173516,142.0,149.0,131.0,187.0,181.28571428571428,199.76785714285714,29.92609945468027
2023-09-17,TON160,Ton Balığı Konservesi 160g,388.0,56.83,0,0,2023,9,17,6,37,3,1,0,1.004507291206363,336.0,365.0,400.0,699.0,498.5,564.0602678571429,105.2944284692534
2023-09-17,TON80,Ton Balığı Konservesi 80g,630.0,34.68,0,0,2023,9,17,6,37,3,1,0,1.0502725620835855,608.0,1358.75,644.0,863.0,936.5357142857143,942.1160714285714,229.9973020028085
2023-09-17,ZEYTY,Zeytinyağı 1L,290.0,250.51,1,0,2023,9,17,6,37,3,1,0,1.0096120906801007,221.0,218.0,228.0,239.0,315.7142857142857,306.2857142857143,71.43461879162473
2023-09-18,SARDL,Sardalya Konservesi,404.0,26.05,0,0,2023,9,18,0,38,3,0,0,0.9815373021853806,325.0,451.0,461.0,640.0,391.57142857142856,454.89285714285717,58.59709077777426
2023-09-18,SOMON,Somon Konservesi,196.0,78.33,0,0,2023,9,18,0,38,3,0,0,1.021917808219178,149.0,175.0,213.0,239.0,181.28571428571428,198.41071428571428,29.92609945468027
2023-09-18,TON160,Ton Balığı Konservesi 160g,552.0,57.34,0,0,2023,9,18,0,38,3,0,0,1.0135218736190896,388.0,523.0,516.0,824.1875,501.7857142857143,552.953125,100.69254240130272
2023-09-18,TON80,Ton Balığı Konservesi 80g,1358.75,33.95,0,0,2023,9,18,0,38,3,0,0,1.0281647486371897,630.0,826.0,917.0,1068.0,832.4285714285714,933.7946428571429,161.87634904751138
2023-09-18,ZEYTY,Zeytinyağı 1L,309.0,252.52,0,0,2023,9,18,0,38,3,0,0,1.017712846347607,290.0,331.0,292.0,464.0,326.0,308.10714285714283,59.146710249457776
2023-09-19,SARDL,Sardalya Konservesi,561.0,27.25,1,0,2023,9,19,1,38,3,0,0,1.0267520723436323,404.0,393.0,447.0,653.0,384.85714285714283,446.4642857142857,53.08618329794027
2023-09-19,SOMON,Somon Konservesi,199.0,77.12,0,0,2023,9,19,1,38,3,0,0,1.0061317677756034,196.0,221.0,296.5,246.0,184.28571428571428,196.875,30.241882027602287
2023-09-19,TON160,Ton Balığı Konservesi 160g,531.0,56.28,0,0,2023,9,19,1,38,3,0,0,0.9947856827220504,552.0,558.5,607.0,723.0,505.92857142857144,543.2321428571429,102.29468403075708
2023-09-19,TON80,Ton Balığı Konservesi 80g,959.0,33.67,0,0,2023,9,19,1,38,3,0,0,1.0196850393700787,1358.75,838.0,921.0,1061.0,908.5357142857143,944.1785714285714,256.14141718050536
2023-09-19,ZEYTY,Zeytinyağı 1L,307.0,259.34,0,0,2023,9,19,1,38,3,0,0,1.045198992443325,309.0,331.0,330.0,320.0,322.85714285714283,302.57142857142856,59.42061530992005
2023-09-20,SARDL,Sardalya Konservesi,465.0,26.84,0,0,2023,9,20,2,38,3,0,0,1.0113036925395629,561.0,406.0,389.0,653.0,408.85714285714283,443.17857142857144,85.4759782461866
2023-09-20,SOMON,Somon Konservesi,185.0,77.99,0,0,2023,9,20,2,38,3,0,0,1.0174820613176776,199.0,173.0,296.5,296.5,181.14285714285714,195.19642857142858,26.7296874369338
2023-09-20,TON160,Ton Balığı Konservesi 160g,552.0,58.07,0,0,2023,9,20,2,38,3,0,0,1.0264250994255413,531.0,594.0,550.0,765.0,502.0,536.375,100.45065123399343
2023-09-20,TON80,Ton Balığı Konservesi 80g,774.0,34.31,0,0,2023,9,20,2,38,3,0,0,1.0390672319806178,959.0,931.0,926.0,1264.0,925.8214285714286,940.5357142857143,254.66655953936845
2023-09-20,ZEYTY,Zeytinyağı 1L,369.0,249.22,0,0,2023,9,20,2,38,3,0,0,1.0044130982367758,307.0,409.0,375.0,368.0,319.42857142857144,302.10714285714283,59.56469072321591
2023-09-21,SARDL,Sardalya Konservesi,653.0,26.8,1,0,2023,9,21,3,38,3,0,0,1.009796533534288,465.0,428.0,505.0,618.0,417.2857142857143,436.4642857142857,88.01839634552438
2023-09-21,SOMON,Somon Konservesi,205.0,78.67,0,0,2023,9,21,3,38,3,0,0,1.0263535551206784,185.0,201.0,185.0,231.0,182.85714285714286,191.21428571428572,26.504267401235154
2023-09-21,TON160,Ton Balığı Konservesi 160g,569.0,58.43,0,0,2023,9,21,3,38,3,0,0,1.0327883340698187,552.0,590.0,563.0,693.0,496.0,528.7678571428571,95.15426072085994
2023-09-21,TON80,Ton Balığı Konservesi 80g,780.0,34.66,0,0,2023,9,21,3,38,3,0,0,1.049666868564506,774.0,1028.0,908.0,1302.0,903.3928571428571,923.0357142857143,260.96997980063236
2023-09-21,ZEYTY,Zeytinyağı 1L,323.0,251.07,0,0,2023,9,21,3,38,3,0,0,1.0118690176322418,369.0,367.0,349.0,358.0,313.7142857142857,302.14285714285717,50.81572684945162
2023-09-22,SARDL,Sardalya Konservesi,357.0,26.2,0,0,2023,9,22,4,38,3,0,0,0.987189148455162,653.0,440.0,428.0,653.0,449.42857142857144,437.7142857142857,125.63022081072762
2023-09-22,SOMON,Somon Konservesi,214.0,77.91,0,0,2023,9,22,4,38,3,0,0,1.0164383561643835,205.0,208.0,215.0,229.0,183.42857142857142,190.28571428571428,26.99911815138352
2023-09-22,TON160,Ton Balığı Konservesi 160g,557.0,57.45,0,0,2023,9,22,4,38,3,0,0,1.0154661953159523,569.0,523.0,545.0,603.0,493.0,524.3392857142857,91.97463418428687
2023-09-22,TON80,Ton Balığı Konservesi 80g,981.0,34.49,0,0,2023,9,22,4,38,3,0,0,1.0445184736523319,780.0,966.0,885.0,1229.0,867.9642857142857,904.3928571428571,258.0518531779435
2023-09-22,ZEYTY,Zeytinyağı 1L,290.0,255.71,0,0,2023,9,22,4,38,3,0,0,1.0305692695214106,323.0,333.0,362.0,318.0,307.42857142857144,300.89285714285717,45.577249964052235
2023-09-23,SARDL,Sardalya Konservesi,285.0,27.64,0,0,2023,9,23,5,38,3,1,0,1.041446872645064,357.0,298.0,325.0,422.0,437.57142857142856,427.14285714285717,130.49119656494898
2023-09-23,SOMON,Somon Konservesi,127.0,78.88,0,0,2023,9,23,5,38,3,1,0,1.0290932811480755,214.0,142.0,123.0,145.0,184.28571428571428,189.75,27.986391250714718
2023-09-23,TON160,Ton Balığı Konservesi 160g,385.0,57.01,0,0,2023,9,23,5,38,3,1,0,1.007688908528502,557.0,336.0,418.0,483.0,497.85714285714283,522.6964285714286,94.68091777373223
2023-09-23,TON80,Ton Balığı Konservesi 80g,622.0,33.06,0,0,2023,9,23,5,38,3,1,0,1.0012113870381587,981.0,608.0,546.0,930.0,870.1071428571429,895.5357142857143,259.06192378877745
2023-09-23,ZEYTY,Zeytinyağı 1L,240.0,259.76,0,0,2023,9,23,5,38,3,1,0,1.0468916876574308,290.0,221.0,238.0,265.0,301.2857142857143,299.89285714285717,44.43990056137332
2023-09-24,SARDL,Sardalya Konservesi,334.0,26.64,0,0,2023,9,24,6,38,3,1,0,1.0037678975131876,285.0,325.0,270.0,421.0,435.7142857142857,422.25,132.87928642909145
2023-09-24,SOMON,Somon Konservesi,204.0,80.58,1,0,2023,9,24,6,38,3,1,0,1.0512720156555773,127.0,149.0,149.0,172.0,182.14285714285714,189.10714285714286,32.04386873973725
2023-09-24,TON160,Ton Balığı Konservesi 160g,428.0,56.73,0,0,2023,9,24,6,38,3,1,0,1.0027397260273971,385.0,388.0,365.0,537.0,504.85714285714283,519.1964285714286,81.63215986245599
2023-09-24,TON80,Ton Balığı Konservesi 80g,853.0,33.06,1,0,2023,9,24,6,38,3,1,0,1.0012113870381587,622.0,630.0,1358.75,806.0,872.1071428571429,884.5357142857143,256.7448416044141
2023-09-24,ZEYTY,Zeytinyağı 1L,216.0,261.47,0,0,2023,9,24,6,38,3,1,0,1.0537833753148615,240.0,290.0,218.0,230.0,304.0,299.0,38.96151947755614
2023-09-25,SARDL,Sardalya Konservesi,465.0,26.9,0,0,2023,9,25,0,39,3,0,0,1.0135644310474754,334.0,404.0,451.0,635.0,437.0,419.14285714285717,131.66751054581803
2023-09-25,SOMON,Somon Konservesi,205.0,80.08,0,0,2023,9,25,0,39,3,0,0,1.0447488584474884,204.0,196.0,175.0,192.0,190.0,190.25,29.17761699202523
2023-09-25,TON160,Ton Balığı Konservesi 160g,598.0,57.66,0,0,2023,9,25,0,39,3,0,0,1.0191780821917806,428.0,552.0,523.0,690.0,510.57142857142856,515.3035714285714,73.03619454959134
2023-09-25,TON80,Ton Balığı Konservesi 80g,956.0,33.61,0,0,2023,9,25,0,39,3,0,0,1.0178679588128405,853.0,1358.75,826.0,1145.0,903.9642857142857,886.2142857142857,234.5749892789887
2023-09-25,ZEYTY,Zeytinyağı 1L,320.0,254.14,0,0,2023,9,25,0,39,3,0,0,1.024241813602015,216.0,309.0,331.0,309.0,293.42857142857144,298.5,51.43558153281673
2023-09-26,SARDL,Sardalya Konservesi,446.0,26.85,0,0,2023,9,26,1,39,3,0,0,1.0116804822908818,465.0,561.0,393.0,653.0,445.7142857142857,413.07142857142856,131.13696947049124
2023-09-26,SOMON,Somon Konservesi,216.0,74.86,0,0,2023,9,26,1,39,3,0,0,0.9766470971950423,205.0,199.0,221.0,234.0,191.28571428571428,190.71428571428572,29.680039789473796
2023-09-26,TON160,Ton Balığı Konservesi 160g,512.0,58.35,0,0,2023,9,26,1,39,3,0,0,1.031374281926646,598.0,531.0,558.5,702.0,517.1428571428571,512.0178571428571,79.19475692121014
2023-09-26,TON80,Ton Balığı Konservesi 80g,1001.0,34.71,0,0,2023,9,26,1,39,3,0,0,1.0511811023622046,956.0,959.0,838.0,1119.0,846.4285714285714,879.4642857142857,130.9310978375718
2023-09-26,ZEYTY,Zeytinyağı 1L,282.0,255.04,0,0,2023,9,26,1,39,3,0,0,1.0278690176322418,320.0,307.0,331.0,376.0,295.0,298.89285714285717,52.15361924162108
2023-09-27,SARDL,Sardalya Konservesi,402.0,26.91,0,0,2023,9,27,2,39,3,0,0,1.0139412207987943,446.0,465.0,406.0,244.0,429.2857142857143,405.67857142857144,121.10699716327093
2023-09-27,SOMON,Somon Konservesi,205.0,78.64,0,0,2023,9,27,2,39,3,0,0,1.025962165688193,216.0,185.0,173.0,101.0,193.71428571428572,190.07142857142858,31.079008380332013
2023-09-27,TON160,Ton Balığı Konservesi 160g,587.0,58.3,0,0,2023,9,27,2,39,3,0,0,1.0304904993371629,512.0,552.0,594.0,330.0,514.4285714285714,505.23214285714283,78.96593599533337
2023-09-27,TON80,Ton Balığı Konservesi 80g,885.0,33.46,0,0,2023,9,27,2,39,3,0,0,1.0133252574197456,1001.0,774.0,931.0,489.0,852.4285714285714,875.25,137.73508042961245
2023-09-27,ZEYTY,Zeytinyağı 1L,283.0,254.33,0,0,2023,9,27,2,39,3,0,0,1.025007556675063,282.0,369.0,409.0,139.0,291.42857142857144,295.5357142857143,52.050799362600614
2023-09-28,SARDL,Sardalya Konservesi,638.0,28.14,1,0,2023,9,28,3,39,3,0,0,1.0602863602110024,402.0,653.0,428.0,623.0,420.2857142857143,411.32142857142856,120.34909539296294
2023-09-28,SOMON,Somon Konservesi,230.0,79.42,0,0,2023,9,28,3,39,3,0,0,1.0361382909328114,205.0,205.0,201.0,253.0,196.57142857142858,193.78571428571428,31.063682668871802
2023-09-28,TON160,Ton Balığı Konservesi 160g,555.0,57.93,0,0,2023,9,28,3,39,3,0,0,1.023950508174989,587.0,569.0,590.0,707.0,519.4285714285714,514.4107142857143,82.75839764611455
2023-09-28,TON80,Ton Balığı Konservesi 80g,842.0,32.71,0,0,2023,9,28,3,39,3,0,0,0.9906117504542701,885.0,780.0,1028.0,1152.0,868.2857142857143,889.3928571428571,133.52617007627222
2023-09-28,ZEYTY,Zeytinyağı 1L,265.0,255.66,0,0,2023,9,28,3,39,3,0,0,1.030367758186398,283.0,323.0,367.0,323.0,279.14285714285717,300.67857142857144,39.27012677777918
2023-09-29,SARDL,Sardalya Konservesi,428.0,26.81,0,0,2023,9,29,4,39,3,0,0,1.0101733232856067,638.0,357.0,440.0,440.0,418.14285714285717,411.85714285714283,115.55291511024684
2023-09-29,SOMON,Somon Konservesi,191.0,77.73,0,0,2023,9,29,4,39,3,0,0,1.0140900195694715,230.0,214.0,208.0,178.0,200.14285714285714,192.96428571428572,33.533210262010044
2023-09-29,TON160,Ton Balığı Konservesi 160g,553.0,57.4,0,0,2023,9,29,4,39,3,0,0,1.0145824127264693,555.0,557.0,523.0,534.0,517.4285714285714,508.98214285714283,81.52066638355629
2023-09-29,TON80,Ton Balığı Konservesi 80g,1358.75,34.51,1,0,2023,9,29,4,39,3,0,0,1.045124167171411,842.0,981.0,966.0,933.5,877.1428571428571,878.3214285714286,128.66160858550242
2023-09-29,ZEYTY,Zeytinyağı 1L,340.0,244.51,0,0,2023,9,29,4,39,3,0,0,0.9854307304785894,265.0,290.0,333.0,360.0,270.85714285714283,298.60714285714283,34.27549450860655
2023-09-30,SARDL,Sardalya Konservesi,285.0,28.02,0,0,2023,9,30,5,39,3,1,0,1.0557648831951771,428.0,285.0,298.0,313.0,428.2857142857143,411.42857142857144,112.36356806621608
2023-09-30,SOMON,Somon Konservesi,175.0,77.27,1,0,2023,9,30,5,39,3,1,0,1.00808871493803,191.0,127.0,142.0,161.0,196.85714285714286,193.42857142857142,33.072791291475674
2023-09-30,TON160,Ton Balığı Konservesi 160g,376.0,58.33,0,0,2023,9,30,5,39,3,1,0,1.0310207688908528,553.0,385.0,336.0,415.0,516.8571428571429,509.6607142857143,81.2104848966123
2023-09-30,TON80,Ton Balığı Konservesi 80g,613.0,33.03,0,0,2023,9,30,5,39,3,1,0,1.0003028467595396,1358.75,622.0,608.0,715.0,931.1071428571429,893.5089285714286,223.6429379400921
2023-09-30,ZEYTY,Zeytinyağı 1L,210.0,251.2,0,0,2023,9,30,5,39,3,1,0,1.0123929471032744,340.0,240.0,221.0,123.0,278.0,297.89285714285717,43.02324952859782
2023-10-01,SARDL,Sardalya Konservesi,322.0,26.71,0,0,2023,10,1,6,39,4,1,0,1.006405425772419,285.0,334.0,325.0,203.0,428.2857142857143,410.42857142857144,112.36356806621608
2023-10-01,SOMON,Somon Konservesi,121.0,76.98,0,0,2023,10,1,6,39,4,1,0,1.0043052837573385,175.0,204.0,149.0,131.0,203.71428571428572,193.92857142857142,17.4710645135916
2023-10-01,TON160,Ton Balığı Konservesi 160g,435.0,56.81,0,0,2023,10,1,6,39,4,1,0,1.00415377817057,376.0,428.0,388.0,400.0,515.5714285714286,508.26785714285717,83.67966129404296
2023-10-01,TON80,Ton Balığı Konservesi 80g,657.0,33.86,0,0,2023,10,1,6,39,4,1,0,1.0254391278013324,613.0,853.0,630.0,644.0,929.8214285714286,889.8660714285714,225.73226740459313
2023-10-01,ZEYTY,Zeytinyağı 1L,234.0,260.51,0,0,2023,10,1,6,39,4,1,0,1.0499143576826195,210.0,216.0,290.0,228.0,273.7142857142857,301.0,48.57542000406605
2023-10-02,SARDL,Sardalya Konservesi,436.0,28.46,0,0,2023,10,2,0,40,4,0,0,1.0723436322532027,322.0,465.0,404.0,461.0,426.57142857142856,414.67857142857144,114.1196114359204
2023-10-02,SOMON,Somon Konservesi,231.0,79.33,0,0,2023,10,2,0,40,4,0,0,1.0349641226353554,121.0,205.0,196.0,213.0,191.85714285714286,193.57142857142858,35.797712084380144
2023-10-02,TON160,Ton Balığı Konservesi 160g,527.0,58.79,0,0,2023,10,2,0,40,4,0,0,1.0391515687140962,435.0,598.0,552.0,516.0,516.5714285714286,509.51785714285717,82.49213526726301
2023-10-02,TON80,Ton Balığı Konservesi 80g,931.0,33.33,0,0,2023,10,2,0,40,4,0,0,1.0093882495457298,657.0,956.0,1358.75,917.0,901.8214285714286,890.3303571428571,247.91542216574314
2023-10-02,ZEYTY,Zeytinyağı 1L,315.0,258.55,0,0,2023,10,2,0,40,4,0,0,1.042015113350126,234.0,320.0,309.0,292.0,276.2857142857143,301.2142857142857,45.38250134767167
2023-10-03,SARDL,Sardalya Konservesi,399.0,27.81,0,0,2023,10,3,1,40,4,0,0,1.047852298417483,436.0,446.0,561.0,447.0,422.42857142857144,413.7857142857143,113.01306287749266
2023-10-03,SOMON,Somon Konservesi,186.0,81.9,0,0,2023,10,3,1,40,4,0,0,1.0684931506849316,231.0,216.0,199.0,296.5,195.57142857142858,194.21428571428572,38.62579942153128
2023-10-03,TON160,Ton Balığı Konservesi 160g,486.0,58.35,0,0,2023,10,3,1,40,4,0,0,1.031374281926646,527.0,512.0,531.0,607.0,506.42857142857144,509.9107142857143,74.81946525438701
2023-10-03,TON80,Ton Balığı Konservesi 80g,899.0,33.57,0,0,2023,10,3,1,40,4,0,0,1.0166565717746818,931.0,1001.0,959.0,921.0,898.25,890.8303571428571,247.1838468967304
2023-10-03,ZEYTY,Zeytinyağı 1L,304.0,267.81,0,0,2023,10,3,1,40,4,0,0,1.0793350125944585,315.0,282.0,307.0,330.0,275.57142857142856,302.0357142857143,44.612618330307704
2023-10-04,SARDL,Sardalya Konservesi,421.0,27.44,0,0,2023,10,4,2,40,4,0,0,1.0339110776186888,399.0,402.0,465.0,389.0,415.7142857142857,412.07142857142856,112.7751661281765
2023-10-04,SOMON,Somon Konservesi,76.5,78.27,0,0,2023,10,4,2,40,4,0,0,1.0211350293542074,186.0,205.0,185.0,296.5,191.28571428571428,190.26785714285714,37.63293896625775
2023-10-04,TON160,Ton Balığı Konservesi 160g,599.0,55.82,0,0,2023,10,4,2,40,4,0,0,0.9866548828988069,486.0,587.0,552.0,550.0,502.7142857142857,505.5892857142857,75.14145390686916
2023-10-04,TON80,Ton Balığı Konservesi 80g,901.0,34.27,0,0,2023,10,4,2,40,4,0,0,1.037855844942459,899.0,885.0,774.0,926.0,883.6785714285714,890.0446428571429,243.08977740940057
2023-10-04,ZEYTY,Zeytinyağı 1L,318.0,263.13,0,0,2023,10,4,2,40,4,0,0,1.0604735516372796,304.0,283.0,369.0,375.0,278.7142857142857,301.10714285714283,45.89740110911969
2023-10-05,SARDL,Sardalya Konservesi,489.0,28.27,0,0,2023,10,5,3,40,4,0,0,1.0651846269781462,421.0,638.0,653.0,505.0,418.42857142857144,413.2142857142857,112.61861471778144
2023-10-05,SOMON,Somon Konservesi,201.0,79.4,0,0,2023,10,5,3,40,4,0,0,1.0358773646444879,76.5,230.0,205.0,185.0,172.92857142857142,182.41071428571428,56.45974124057219
2023-10-05,TON160,Ton Balığı Konservesi 160g,550.0,58.4,0,0,2023,10,5,3,40,4,0,0,1.032258064516129,599.0,555.0,569.0,563.0,504.42857142857144,507.3392857142857,77.48517523341111
2023-10-05,TON80,Ton Balığı Konservesi 80g,892.0,33.61,0,0,2023,10,5,3,40,4,0,0,1.0178679588128405,901.0,842.0,780.0,908.0,885.9642857142857,889.1517857142857,243.1794788393358
2023-10-05,ZEYTY,Zeytinyağı 1L,332.0,245.91,0,0,2023,10,5,3,40,4,0,0,0.991073047858942,318.0,265.0,323.0,349.0,283.7142857142857,299.07142857142856,48.28634826295545
2023-10-06,SARDL,Sardalya Konservesi,410.0,28.5,0,0,2023,10,6,4,40,4,0,0,1.0738507912584778,489.0,428.0,357.0,428.0,397.14285714285717,412.64285714285717,70.35014468458844
2023-10-06,SOMON,Somon Konservesi,218.0,78.34,0,0,2023,10,6,4,40,4,0,0,1.0220482713633399,201.0,191.0,214.0,215.0,168.78571428571428,182.98214285714286,52.49909296268602
2023-10-06,TON160,Ton Balığı Konservesi 160g,694.0,58.42,0,0,2023,10,6,4,40,4,0,0,1.0326115775519222,550.0,553.0,557.0,545.0,503.7142857142857,506.875,76.96257593946646
2023-10-06,TON80,Ton Balığı Konservesi 80g,874.0,33.86,0,0,2023,10,6,4,40,4,0,0,1.0254391278013324,892.0,1358.75,981.0,885.0,893.1071428571429,888.5803571428571,242.40598938655734
2023-10-06,ZEYTY,Zeytinyağı 1L,123.0,255.99,0,0,2023,10,6,4,40,4,0,0,1.0316977329974812,332.0,340.0,290.0,362.0,293.2857142857143,298.4642857142857,50.54606574111136
2023-10-07,SARDL,Sardalya Konservesi,319.0,27.28,0,0,2023,10,7,5,40,4,1,0,1.0278824415975887,410.0,285.0,285.0,325.0,394.57142857142856,412.0,69.35622332772581
2023-10-07,SOMON,Somon Konservesi,148.0,77.07,0,0,2023,10,7,5,40,4,1,0,1.0054794520547943,218.0,175.0,127.0,123.0,172.64285714285714,183.08928571428572,55.319311189458766
2023-10-07,TON160,Ton Balığı Konservesi 160g,487.0,59.17,1,0,2023,10,7,5,40,4,1,0,1.045868316394167,694.0,376.0,385.0,418.0,523.8571428571429,512.1964285714286,105.26067415616126
2023-10-07,TON80,Ton Balığı Konservesi 80g,725.0,33.75,0,0,2023,10,7,5,40,4,1,0,1.0221078134463961,874.0,613.0,622.0,546.0,823.8571428571429,888.1875,130.72672332188057
2023-10-07,ZEYTY,Zeytinyağı 1L,307.0,249.77,1,0,2023,10,7,5,40,4,1,0,1.0066297229219143,123.0,210.0,240.0,238.0,262.2857142857143,289.92857142857144,76.83036354140698
2023-10-08,SARDL,Sardalya Konservesi,313.0,26.91,0,0,2023,10,8,6,40,4,1,0,1.0139412207987943,319.0,322.0,334.0,270.0,399.42857142857144,411.7857142857143,61.103347270167795
2023-10-08,SOMON,Somon Konservesi,143.0,79.33,0,0,2023,10,8,6,40,4,1,0,1.0349641226353554,148.0,121.0,204.0,149.0,168.78571428571428,183.98214285714286,56.06384540775587
2023-10-08,TON160,Ton Balığı Konservesi 160g,427.0,56.22,0,0,2023,10,8,6,40,4,1,0,0.9937251436146707,487.0,435.0,428.0,365.0,539.7142857142857,514.6607142857143,85.84426652513324
2023-10-08,TON80,Ton Balığı Konservesi 80g,628.0,34.32,0,0,2023,10,8,6,40,4,1,0,1.0393700787401574,725.0,657.0,853.0,1358.75,839.8571428571429,894.5803571428571,104.92605105728303
2023-10-08,ZEYTY,Zeytinyağı 1L,183.0,256.31,0,0,2023,10,8,6,40,4,1,0,1.0329874055415618,307.0,234.0,216.0,218.0,276.14285714285717,292.39285714285717,74.54177480095429
2023-10-09,SARDL,Sardalya Konservesi,415.0,27.77,0,0,2023,10,9,0,41,4,0,0,1.046345139412208,313.0,436.0,465.0,451.0,398.14285714285717,413.32142857142856,63.067235475132904
2023-10-09,SOMON,Somon Konservesi,200.0,80.05,0,0,2023,10,9,0,41,4,0,0,1.044357469015003,143.0,231.0,205.0,175.0,171.92857142857142,183.76785714285714,53.496439578901274
2023-10-09,TON160,Ton Balığı Konservesi 160g,577.0,59.19,0,0,2023,10,9,0,41,4,0,0,1.0462218294299601,427.0,527.0,598.0,523.0,538.5714285714286,516.875,87.50782277956105
2023-10-09,TON80,Ton Balığı Konservesi 80g,876.0,34.42,0,0,2023,10,9,0,41,4,0,0,1.042398546335554,628.0,931.0,956.0,826.0,835.7142857142857,868.4821428571429,113.56600765738602
2023-10-09,ZEYTY,Zeytinyağı 1L,307.0,259.96,0,0,2023,10,9,0,41,4,0,0,1.047697732997481,183.0,315.0,320.0,331.0,268.85714285714283,291.14285714285717,81.5136564661173
2023-10-10,SARDL,Sardalya Konservesi,407.0,26.9,0,0,2023,10,10,1,41,4,0,0,1.0135644310474754,415.0,399.0,446.0,393.0,395.14285714285717,412.0357142857143,61.44490369815755
2023-10-10,SOMON,Somon Konservesi,201.0,77.98,0,0,2023,10,10,1,41,4,0,0,1.017351598173516,200.0,186.0,216.0,221.0,167.5,184.66071428571428,48.874840153191165
2023-10-10,TON160,Ton Balığı Konservesi 160g,568.0,57.26,0,0,2023,10,10,1,41,4,0,0,1.012107821475917,577.0,486.0,512.0,558.5,545.7142857142857,518.8035714285714,88.44153301421665
2023-10-10,TON80,Ton Balığı Konservesi 80g,927.0,34.75,0,0,2023,10,10,1,41,4,0,0,1.0523924894003633,876.0,899.0,1001.0,838.0,827.8571428571429,870.2678571428571,107.62191315190198
2023-10-10,ZEYTY,Zeytinyağı 1L,344.0,247.89,0,0,2023,10,10,1,41,4,0,0,0.9990528967254407,307.0,304.0,282.0,331.0,267.7142857142857,290.2857142857143,80.8119510256461
2023-10-11,SARDL,Sardalya Konservesi,464.0,26.56,0,0,2023,10,11,2,41,4,0,0,1.0007535795026374,407.0,421.0,402.0,406.0,396.2857142857143,412.5357142857143,61.602798328521
2023-10-11,SOMON,Somon Konservesi,209.0,76.34,0,0,2023,10,11,2,41,4,0,0,0.995955642530985,201.0,76.5,205.0,173.0,169.64285714285714,183.94642857142858,50.13374968165502
2023-10-11,TON160,Ton Balığı Konservesi 160g,581.0,57.38,0,0,2023,10,11,2,41,4,0,0,1.014228899690676,568.0,599.0,587.0,594.0,557.4285714285714,519.1428571428571,84.55936207354992
2023-10-11,TON80,Ton Balığı Konservesi 80g,933.0,33.89,0,0,2023,10,11,2,41,4,0,0,1.0263476680799515,927.0,901.0,885.0,931.0,831.8571428571429,873.4464285714286,111.16868349708717
2023-10-11,ZEYTY,Zeytinyağı 1L,351.0,254.62,0,0,2023,10,11,2,41,4,0,0,1.026176322418136,344.0,318.0,283.0,409.0,273.42857142857144,290.75,85.10553672324953
2023-10-12,SARDL,Sardalya Konservesi,406.0,26.92,0,0,2023,10,12,3,41,4,0,0,1.014318010550113,464.0,489.0,638.0,428.0,402.42857142857144,414.60714285714283,66.4325651641226
2023-10-12,SOMON,Somon Konservesi,189.0,80.24,0,0,2023,10,12,3,41,4,0,0,1.0468362687540769,209.0,201.0,230.0,201.0,188.57142857142858,185.23214285714286,30.126716509089306
2023-10-12,TON160,Ton Balığı Konservesi 160g,528.0,59.39,0,0,2023,10,12,3,41,4,0,0,1.0497569597878922,581.0,550.0,555.0,590.0,554.8571428571429,518.6785714285714,83.3495222370402
2023-10-12,TON80,Ton Balığı Konservesi 80g,819.0,32.91,0,0,2023,10,12,3,41,4,0,0,0.9966686856450634,933.0,892.0,842.0,1028.0,836.4285714285714,873.5178571428571,115.07513073764063
2023-10-12,ZEYTY,Zeytinyağı 1L,320.0,257.04,0,0,2023,10,12,3,41,4,0,0,1.0359294710327456,351.0,332.0,265.0,367.0,278.14285714285717,288.67857142857144,88.81897051761813
2023-10-13,SARDL,Sardalya Konservesi,653.0,27.6,1,0,2023,10,13,4,41,4,0,0,1.039939713639789,406.0,410.0,428.0,440.0,390.57142857142856,413.82142857142856,54.79311739886104
2023-10-13,SOMON,Somon Konservesi,189.0,77.48,0,0,2023,10,13,4,41,4,0,0,1.0108284409654273,189.0,218.0,191.0,208.0,186.85714285714286,184.80357142857142,29.639099015931258
2023-10-13,TON160,Ton Balığı Konservesi 160g,557.0,59.58,0,0,2023,10,13,4,41,4,0,0,1.0531153336279275,528.0,694.0,553.0,523.0,551.7142857142857,516.4642857142857,83.97562004477709
2023-10-13,TON80,Ton Balığı Konservesi 80g,911.0,33.17,0,0,2023,10,13,4,41,4,0,0,1.004542701393095,819.0,874.0,1358.75,966.0,826.0,866.0535714285714,112.4781460254954
2023-10-13,ZEYTY,Zeytinyağı 1L,332.0,254.1,0,0,2023,10,13,4,41,4,0,0,1.024080604534005,320.0,123.0,340.0,333.0,276.42857142857144,287.0,87.71517759745103
2023-10-14,SARDL,Sardalya Konservesi,330.0,27.03,0,0,2023,10,14,5,41,4,1,0,1.0184626978146196,653.0,319.0,285.0,298.0,425.2857142857143,421.42857142857144,114.06827529410253
2023-10-14,SOMON,Somon Konservesi,145.0,78.81,0,0,2023,10,14,5,41,4,1,0,1.0281800391389433,189.0,148.0,175.0,142.0,182.71428571428572,184.125,26.41157754795073
2023-10-14,TON160,Ton Balığı Konservesi 160g,353.0,58.85,0,0,2023,10,14,5,41,4,1,0,1.0402121078214759,557.0,487.0,376.0,336.0,532.1428571428571,517.6785714285714,56.88124638645161
2023-10-14,TON80,Ton Balığı Konservesi 80g,758.0,35.17,0,0,2023,10,14,5,41,4,1,0,1.0651120533010296,911.0,725.0,613.0,608.0,831.2857142857143,864.0892857142857,115.92629021021985
2023-10-14,ZEYTY,Zeytinyağı 1L,279.0,252.84,0,0,2023,10,14,5,41,4,1,0,1.0190025188916876,332.0,307.0,210.0,221.0,306.2857142857143,286.9642857142857,56.966991277739815
2023-10-15,SARDL,Sardalya Konservesi,256.0,27.01,0,0,2023,10,15,6,41,4,1,0,1.017709118311982,330.0,313.0,322.0,325.0,426.85714285714283,422.57142857142856,112.4239425440266
2023-10-15,SOMON,Somon Konservesi,159.0,81.48,0,0,2023,10,15,6,41,4,1,0,1.063013698630137,145.0,143.0,121.0,149.0,182.28571428571428,184.23214285714286,27.0845237833604
2023-10-15,TON160,Ton Balığı Konservesi 160g,373.0,58.56,0,0,2023,10,15,6,41,4,1,0,1.0350861688024746,353.0,427.0,435.0,388.0,513.0,518.2857142857143,88.41379982785517
2023-10-15,TON80,Ton Balığı Konservesi 80g,669.0,34.44,0,0,2023,10,15,6,41,4,1,0,1.0430042398546333,758.0,628.0,657.0,630.0,836.0,869.4464285714286,111.46897924235559
2023-10-15,ZEYTY,Zeytinyağı 1L,226.0,258.13,0,0,2023,10,15,6,41,4,1,0,1.0403224181360202,279.0,183.0,234.0,290.0,302.2857142857143,289.0357142857143,57.88412069446523
2023-10-16,SARDL,Sardalya Konservesi,405.0,28.06,0,0,2023,10,16,0,42,4,0,0,1.0572720422004522,256.0,415.0,436.0,404.0,418.7142857142857,420.10714285714283,123.55796788783454
2023-10-16,SOMON,Somon Konservesi,192.5,80.27,0,0,2023,10,16,0,42,4,0,0,1.0472276581865623,159.0,200.0,231.0,196.0,184.57142857142858,184.58928571428572,23.677395287890814
2023-10-16,TON160,Ton Balığı Konservesi 160g,616.0,58.86,0,0,2023,10,16,0,42,4,0,0,1.0403888643393724,373.0,577.0,527.0,552.0,505.2857142857143,517.75,98.90182722564573
2023-10-16,TON80,Ton Balığı Konservesi 80g,861.0,32.79,0,0,2023,10,16,0,42,4,0,0,0.9930345245305874,669.0,876.0,931.0,1358.75,841.8571428571429,870.8392857142857,99.11008790132774
2023-10-16,ZEYTY,Zeytinyağı 1L,347.0,255.26,0,0,2023,10,16,0,42,4,0,0,1.0287556675062972,226.0,307.0,315.0,309.0,308.42857142857144,286.75,43.645760171548964
2023-10-17,SARDL,Sardalya Konservesi,409.0,26.94,0,0,2023,10,17,1,42,4,0,0,1.0150715900527507,405.0,407.0,399.0,561.0,417.2857142857143,420.14285714285717,123.66583236786875
2023-10-17,SOMON,Somon Konservesi,226.0,77.51,0,0,2023,10,17,1,42,4,0,0,1.0112198303979125,192.5,201.0,186.0,199.0,183.5,184.46428571428572,23.023538679649572
2023-10-17,TON160,Ton Balığı Konservesi 160g,512.0,58.66,0,0,2023,10,17,1,42,4,0,0,1.0368537339814405,616.0,568.0,486.0,531.0,510.85714285714283,520.0357142857143,104.55210594312723
2023-10-17,TON80,Ton Balığı Konservesi 80g,856.0,33.48,0,0,2023,10,17,1,42,4,0,0,1.0139309509388248,861.0,927.0,899.0,959.0,839.7142857142857,853.0625,98.4085265372746
2023-10-17,ZEYTY,Zeytinyağı 1L,320.0,254.57,0,0,2023,10,17,1,42,4,0,0,1.0259748110831235,347.0,344.0,304.0,307.0,314.14285714285717,288.10714285714283,45.98343386999472
2023-10-18,SARDL,Sardalya Konservesi,424.0,27.38,0,0,2023,10,18,2,42,4,0,0,1.031650339110776,409.0,464.0,421.0,465.0,417.57142857142856,414.7142857142857,123.64041564533863
2023-10-18,SOMON,Somon Konservesi,204.0,78.61,0,0,2023,10,18,2,42,4,0,0,1.0255707762557076,226.0,209.0,76.5,185.0,187.07142857142858,185.42857142857142,27.662291679330686
2023-10-18,TON160,Ton Balığı Konservesi 160g,569.0,59.07,0,0,2023,10,18,2,42,4,0,0,1.044100751215201,512.0,581.0,599.0,552.0,502.85714285714283,519.3571428571429,101.5503628278907
2023-10-18,TON80,Ton Balığı Konservesi 80g,867.0,33.92,0,0,2023,10,18,2,42,4,0,0,1.0272562083585706,856.0,933.0,901.0,774.0,829.5714285714286,849.3839285714286,91.31603937763833
2023-10-18,ZEYTY,Zeytinyağı 1L,331.0,252.16,0,0,2023,10,18,2,42,4,0,0,1.0162619647355164,320.0,351.0,318.0,369.0,310.7142857142857,288.57142857142856,44.24821761274402
2023-10-19,SARDL,Sardalya Konservesi,491.0,27.89,0,0,2023,10,19,3,42,4,0,0,1.0508666164280331,424.0,406.0,489.0,653.0,411.85714285714283,413.25,122.05112121761067
2023-10-19,SOMON,Somon Konservesi,200.0,80.01,0,0,2023,10,19,3,42,4,0,0,1.0438356164383562,204.0,189.0,201.0,205.0,186.35714285714286,186.10714285714286,27.05967831435136
2023-10-19,TON160,Ton Balığı Konservesi 160g,563.0,60.75,0,0,2023,10,19,3,42,4,0,0,1.0737958462218293,569.0,528.0,550.0,569.0,501.14285714285717,519.9642857142857,100.10232859667275
2023-10-19,TON80,Ton Balığı Konservesi 80g,954.0,32.69,0,0,2023,10,19,3,42,4,0,0,0.9900060569351906,867.0,819.0,892.0,780.0,820.1428571428571,852.7053571428571,81.76476130018055
2023-10-19,ZEYTY,Zeytinyağı 1L,343.0,257.08,0,0,2023,10,19,3,42,4,0,0,1.0360906801007557,331.0,320.0,332.0,323.0,307.85714285714283,287.2142857142857,41.79086252371659
2023-10-20,SARDL,Sardalya Konservesi,401.0,26.99,0,0,2023,10,20,4,42,4,0,0,1.0169555388093443,491.0,653.0,410.0,357.0,424.0,407.4642857142857,125.54945904569402
2023-10-20,SOMON,Somon Konservesi,207.0,80.86,0,0,2023,10,20,4,42,4,0,0,1.0549249836921069,200.0,189.0,218.0,214.0,187.92857142857142,185.92857142857142,27.55362736469316
2023-10-20,TON160,Ton Balığı Konservesi 160g,586.0,57.68,0,0,2023,10,20,4,42,4,0,0,1.0195315952275739,563.0,557.0,694.0,557.0,506.14285714285717,519.75,102.51248472166488
2023-10-20,TON80,Ton Balığı Konservesi 80g,918.0,33.32,0,0,2023,10,20,4,42,4,0,0,1.0090854027861902,954.0,911.0,874.0,981.0,839.4285714285714,858.9196428571429,96.11253324940735
2023-10-20,ZEYTY,Zeytinyağı 1L,308.0,252.4,0,0,2023,10,20,4,42,4,0,0,1.0172292191435768,343.0,332.0,123.0,290.0,311.14285714285717,287.92857142857144,43.76234519701663
2023-10-21,SARDL,Sardalya Konservesi,321.0,27.08,0,0,2023,10,21,5,42,4,1,0,1.0203466465712132,401.0,330.0,319.0,285.0,388.0,409.0357142857143,74.82423849706935
2023-10-21,SOMON,Somon Konservesi,175.0,80.62,0,0,2023,10,21,5,42,4,1,0,1.0517938682322243,207.0,145.0,148.0,127.0,190.5,185.67857142857142,28.49415144668557
2023-10-21,TON160,Ton Balığı Konservesi 160g,397.0,58.23,0,0,2023,10,21,5,42,4,1,0,1.0292532037118867,586.0,353.0,487.0,385.0,510.2857142857143,520.7857142857143,105.45412001705517
2023-10-21,TON80,Ton Balığı Konservesi 80g,596.0,35.47,0,0,2023,10,21,5,42,4,1,0,1.0741974560872198,918.0,758.0,725.0,622.0,840.4285714285714,856.6696428571429,97.01349930611944
2023-10-21,ZEYTY,Zeytinyağı 1L,233.0,259.48,0,0,2023,10,21,5,42,4,1,0,1.0457632241813604,308.0,279.0,307.0,240.0,307.7142857142857,288.57142857142856,42.78517767371567
2023-10-22,SARDL,Sardalya Konservesi,298.0,27.31,0,0,2023,10,22,6,42,4,1,0,1.0290128108515448,321.0,256.0,313.0,334.0,386.7142857142857,410.32142857142856,76.05417868360514
2023-10-22,SOMON,Somon Konservesi,143.0,79.02,0,0,2023,10,22,6,42,4,1,0,1.0309197651663404,175.0,159.0,143.0,204.0,194.78571428571428,187.39285714285714,22.033794390392263
2023-10-22,TON160,Ton Balığı Konservesi 160g,390.0,57.32,0,0,2023,10,22,6,42,4,1,0,1.0131683605832964,397.0,373.0,427.0,428.0,516.5714285714286,521.2142857142857,95.3429898539256
2023-10-22,TON80,Ton Balığı Konservesi 80g,629.0,32.34,0,0,2023,10,22,6,42,4,1,0,0.9794064203513022,596.0,669.0,628.0,853.0,817.2857142857143,855.7410714285714,132.70985178917226
2023-10-22,ZEYTY,Zeytinyağı 1L,252.0,250.87,0,0,2023,10,22,6,42,4,1,0,1.0110629722921916,233.0,226.0,183.0,216.0,301.14285714285717,288.32142857142856,50.72615555256333
2023-10-23,SARDL,Sardalya Konservesi,357.0,26.67,0,0,2023,10,23,0,43,4,0,0,1.004898266767144,298.0,405.0,415.0,465.0,392.7142857142857,409.0357142857143,64.85551707632708
2023-10-23,SOMON,Somon Konservesi,179.0,79.01,0,0,2023,10,23,0,43,4,0,0,1.0307893020221788,143.0,192.5,200.0,205.0,192.5,185.21428571428572,26.700499371110148
2023-10-23,TON160,Ton Balığı Konservesi 160g,546.0,58.45,0,0,2023,10,23,0,43,4,0,0,1.033141847105612,390.0,616.0,577.0,598.0,519.0,519.8571428571429,91.20307012376304
2023-10-23,TON80,Ton Balığı Konservesi 80g,1042.0,34.83,0,0,2023,10,23,0,43,4,0,0,1.0548152634766808,629.0,861.0,876.0,956.0,811.5714285714286,847.7410714285714,140.7750654328327
2023-10-23,ZEYTY,Zeytinyağı 1L,459.0,246.89,1,0,2023,10,23,0,43,4,0,0,0.9950226700251888,252.0,347.0,307.0,320.0,304.85714285714283,289.60714285714283,44.927454751812746
2023-10-24,SARDL,Sardalya Konservesi,478.0,26.84,0,0,2023,10,24,1,43,4,0,0,1.0113036925395629,357.0,409.0,407.0,446.0,385.85714285714283,405.17857142857144,65.86964038014149
2023-10-24,SOMON,Somon Konservesi,211.0,77.54,0,0,2023,10,24,1,43,4,0,0,1.011611219830398,179.0,226.0,201.0,216.0,190.57142857142858,184.28571428571428,27.183678576534994
2023-10-24,TON160,Ton Balığı Konservesi 160g,565.0,57.74,0,0,2023,10,24,1,43,4,0,0,1.0205921343349535,546.0,512.0,568.0,512.0,509.0,518.0,82.18677914766288
2023-10-24,TON80,Ton Balığı Konservesi 80g,1358.75,33.25,0,0,2023,10,24,1,43,4,0,0,1.0069654754694124,1042.0,856.0,927.0,1001.0,837.4285714285714,850.8125,165.7707826516837
2023-10-24,ZEYTY,Zeytinyağı 1L,368.0,249.17,0,0,2023,10,24,1,43,4,0,0,1.0042115869017632,459.0,320.0,344.0,282.0,320.85714285714283,294.57142857142856,73.3744473492612
2023-10-25,SARDL,Sardalya Konservesi,427.0,27.64,0,0,2023,10,25,2,43,4,0,0,1.041446872645064,478.0,424.0,464.0,402.0,395.7142857142857,406.32142857142856,74.50663121654179
2023-10-25,SOMON,Somon Konservesi,193.0,77.15,0,0,2023,10,25,2,43,4,0,0,1.0065231572080886,211.0,204.0,209.0,205.0,188.42857142857142,184.10714285714286,24.371138277732694
2023-10-25,TON160,Ton Balığı Konservesi 160g,501.0,57.37,0,0,2023,10,25,2,43,4,0,0,1.0140521431727794,565.0,569.0,581.0,587.0,516.5714285714286,519.8928571428571,84.90554976532701
2023-10-25,TON80,Ton Balığı Konservesi 80g,893.0,33.78,0,0,2023,10,25,2,43,4,0,0,1.023016353725015,1358.75,867.0,933.0,885.0,909.25,863.5892857142857,258.2642784048922
2023-10-25,ZEYTY,Zeytinyağı 1L,349.0,247.81,0,0,2023,10,25,2,43,4,0,0,0.9987304785894207,368.0,331.0,351.0,283.0,327.7142857142857,297.64285714285717,75.49329834652923
2023-10-26,SARDL,Sardalya Konservesi,526.0,27.8,1,0,2023,10,26,3,43,4,0,0,1.0474755086661642,427.0,491.0,406.0,638.0,396.14285714285717,407.2142857142857,74.70481593451113
2023-10-26,SOMON,Somon Konservesi,192.0,77.51,0,0,2023,10,26,3,43,4,0,0,1.0112198303979125,193.0,200.0,189.0,230.0,186.85714285714286,183.67857142857142,23.54023910547308
2023-10-26,TON160,Ton Balığı Konservesi 160g,782.0,59.29,1,0,2023,10,26,3,43,4,0,0,1.047989394608926,501.0,563.0,528.0,555.0,506.85714285714283,516.8214285714286,81.73825822185658
2023-10-26,TON80,Ton Balığı Konservesi 80g,792.0,35.91,0,0,2023,10,26,3,43,4,0,0,1.0875227135069652,893.0,954.0,819.0,842.0,912.9642857142857,863.875,257.74181318114535
2023-10-26,ZEYTY,Zeytinyağı 1L,310.0,255.36,0,0,2023,10,26,3,43,4,0,0,1.0291586901763226,349.0,343.0,320.0,265.0,330.2857142857143,300.0,75.92916498446478
2023-10-27,SARDL,Sardalya Konservesi,372.0,27.44,0,0,2023,10,27,4,43,4,0,0,1.0339110776186888,526.0,401.0,653.0,428.0,401.14285714285717,403.2142857142857,82.84006392124446
2023-10-27,SOMON,Somon Konservesi,193.0,78.94,0,0,2023,10,27,4,43,4,0,0,1.029876060013046,192.0,207.0,189.0,191.0,185.71428571428572,182.32142857142858,22.983430884837063
2023-10-27,TON160,Ton Balığı Konservesi 160g,471.0,56.95,0,0,2023,10,27,4,43,4,0,0,1.0066283694211224,782.0,586.0,557.0,553.0,538.1428571428571,524.9285714285714,132.78231379646493
2023-10-27,TON80,Ton Balığı Konservesi 80g,934.0,34.29,0,0,2023,10,27,4,43,4,0,0,1.0384615384615383,792.0,918.0,911.0,1358.75,889.8214285714286,862.0892857142857,260.6991686745829
2023-10-27,ZEYTY,Zeytinyağı 1L,336.0,256.79,0,0,2023,10,27,4,43,4,0,0,1.0349219143576827,310.0,308.0,332.0,340.0,325.57142857142856,301.60714285714283,76.03257447273741
2023-10-28,SARDL,Sardalya Konservesi,316.0,27.61,0,0,2023,10,28,5,43,4,1,0,1.0403165033911077,372.0,321.0,330.0,285.0,397.0,401.2142857142857,83.57032966310273
2023-10-28,SOMON,Somon Konservesi,140.0,76.95,0,0,2023,10,28,5,43,4,1,0,1.0039138943248531,193.0,175.0,145.0,175.0,183.71428571428572,182.39285714285714,21.375330685272424
2023-10-28,TON160,Ton Balığı Konservesi 160g,390.0,57.31,0,0,2023,10,28,5,43,4,1,0,1.0129916040654,471.0,397.0,353.0,376.0,521.7142857142857,522.0,132.98836325748505
2023-10-28,TON80,Ton Balığı Konservesi 80g,648.0,34.86,0,0,2023,10,28,5,43,4,1,0,1.0557238037552996,934.0,596.0,758.0,613.0,892.1071428571429,846.9196428571429,261.05729963070513
2023-10-28,ZEYTY,Zeytinyağı 1L,213.0,251.28,0,0,2023,10,28,5,43,4,1,0,1.0127153652392946,336.0,233.0,279.0,210.0,329.57142857142856,301.4642857142857,75.68984331435993
2023-10-29,SARDL,Sardalya Konservesi,203.0,27.58,0,1,2023,10,29,6,43,4,1,0,1.0391861341371513,316.0,298.0,256.0,322.0,396.2857142857143,402.32142857142856,84.3459429684544
2023-10-29,SOMON,Somon Konservesi,76.5,77.71,0,1,2023,10,29,6,43,4,1,0,1.013829093281148,140.0,143.0,159.0,121.0,178.71428571428572,181.14285714285714,27.084523783360407
2023-10-29,TON160,Ton Balığı Konservesi 160g,255.6875,59.86,0,1,2023,10,29,6,43,4,1,0,1.0580645161290323,390.0,390.0,373.0,435.0,520.7142857142857,522.5,134.1040818241742
2023-10-29,TON80,Ton Balığı Konservesi 80g,428.75,34.34,1,1,2023,10,29,6,43,4,1,0,1.0399757722592369,648.0,629.0,669.0,657.0,899.5357142857143,848.1696428571429,251.80285064954626
2023-10-29,ZEYTY,Zeytinyağı 1L,123.0,259.31,0,1,2023,10,29,6,43,4,1,0,1.0450780856423174,213.0,252.0,226.0,234.0,326.7142857142857,301.57142857142856,80.18668693682723
2023-10-30,SARDL,Sardalya Konservesi,392.0,27.86,0,0,2023,10,30,0,44,4,0,0,1.049736247174077,203.0,357.0,405.0,436.0,382.7142857142857,398.07142857142856,107.31218366012497
2023-10-30,SOMON,Somon Konservesi,290.0,80.43,1,0,2023,10,30,0,44,4,0,0,1.0493150684931507,76.5,179.0,192.5,231.0,169.21428571428572,179.55357142857142,46.44338591487578
2023-10-30,TON160,Ton Balığı Konservesi 160g,558.0,57.63,0,0,2023,10,30,0,44,4,0,0,1.0186478126380911,255.6875,546.0,616.0,527.0,501.5267857142857,516.0959821428571,162.52142429739783
2023-10-30,TON80,Ton Balığı Konservesi 80g,876.0,34.32,0,0,2023,10,30,0,44,4,0,0,1.0393700787401574,428.75,1042.0,861.0,931.0,870.9285714285714,840.0178571428571,295.2820937357223
2023-10-30,ZEYTY,Zeytinyağı 1L,467.0,253.06,1,0,2023,10,30,0,44,4,0,0,1.019889168765743,123.0,459.0,347.0,315.0,308.2857142857143,297.60714285714283,109.63532624982128
2023-10-31,SARDL,Sardalya Konservesi,411.0,28.09,0,0,2023,10,31,1,44,4,0,0,1.0584024114544084,392.0,478.0,409.0,399.0,387.7142857142857,396.5,106.72818166681378
2023-10-31,SOMON,Somon Konservesi,225.0,77.2,0,0,2023,10,31,1,44,4,0,0,1.0071754729288975,290.0,211.0,226.0,186.0,185.07142857142858,181.66071428571428,65.41561266970116
2023-10-31,TON160,Ton Balığı Konservesi 160g,491.0,58.41,0,0,2023,10,31,1,44,4,0,0,1.0324348210340255,558.0,565.0,512.0,486.0,503.24107142857144,517.203125,163.13086048129918
2023-10-31,TON80,Ton Balığı Konservesi 80g,874.0,34.57,0,0,2023,10,31,1,44,4,0,0,1.0469412477286493,876.0,1358.75,856.0,899.0,847.2142857142857,838.0535714285714,285.76587257503445
2023-10-31,ZEYTY,Zeytinyağı 1L,349.0,251.16,0,0,2023,10,31,1,44,4,0,0,1.0122317380352646,467.0,368.0,320.0,304.0,309.42857142857144,303.0357142857143,111.49418092865821
2023-11-01,SARDL,Sardalya Konservesi,430.0,26.37,0,0,2023,11,1,2,44,4,0,0,0.9935945742275811,411.0,427.0,424.0,421.0,378.14285714285717,396.92857142857144,100.07901640108753
2023-11-01,SOMON,Somon Konservesi,190.0,78.49,0,0,2023,11,1,2,44,4,0,0,1.0240052185257664,225.0,193.0,204.0,76.5,187.07142857142858,183.05357142857142,66.54473969407626
2023-11-01,TON160,Ton Balığı Konservesi 160g,492.0,56.95,0,0,2023,11,1,2,44,4,0,0,1.0066283694211224,491.0,501.0,569.0,599.0,492.66964285714283,517.3816964285714,160.84332889769757
2023-11-01,TON80,Ton Balığı Konservesi 80g,899.0,34.42,0,0,2023,11,1,2,44,4,0,0,1.042398546335554,874.0,893.0,867.0,901.0,777.9642857142857,837.1607142857143,180.48663550312318
2023-11-01,ZEYTY,Zeytinyağı 1L,333.0,253.19,0,0,2023,11,1,2,44,4,0,0,1.0204130982367758,349.0,349.0,331.0,318.0,306.7142857142857,304.64285714285717,110.05258483366677
2023-11-02,SARDL,Sardalya Konservesi,399.0,27.81,0,0,2023,11,2,3,44,4,0,0,1.047852298417483,430.0,526.0,491.0,489.0,378.57142857142856,397.25,100.3292199757977
2023-11-02,SOMON,Somon Konservesi,200.0,77.9,0,0,2023,11,2,3,44,4,0,0,1.0163078930202218,190.0,192.0,200.0,201.0,186.64285714285714,187.10714285714286,66.50984531488184
2023-11-02,TON160,Ton Balığı Konservesi 160g,590.0,61.48,0,0,2023,11,2,3,44,4,0,0,1.086699072028281,492.0,782.0,563.0,550.0,491.38392857142856,513.5602678571429,160.80160698213115
2023-11-02,TON80,Ton Balığı Konservesi 80g,897.0,34.94,0,0,2023,11,2,3,44,4,0,0,1.058146577831617,899.0,792.0,954.0,892.0,778.8214285714286,837.0892857142857,181.13707483823276
2023-11-02,ZEYTY,Zeytinyağı 1L,349.0,259.61,0,0,2023,11,2,3,44,4,0,0,1.046287153652393,333.0,310.0,343.0,332.0,304.42857142857144,305.17857142857144,109.19074616293746
2023-11-03,SARDL,Sardalya Konservesi,346.5,28.2,0,0,2023,11,3,4,44,4,0,0,1.062547098718915,399.0,372.0,401.0,410.0,360.42857142857144,394.0357142857143,78.28762597596099
2023-11-03,SOMON,Somon Konservesi,236.0,82.48,1,0,2023,11,3,4,44,4,0,0,1.0760600130463145,200.0,193.0,207.0,218.0,187.78571428571428,187.07142857142858,66.68574131880129
2023-11-03,TON160,Ton Balığı Konservesi 160g,601.0,57.89,0,0,2023,11,3,4,44,4,0,0,1.0232434821034024,590.0,471.0,586.0,694.0,463.95535714285717,514.9888392857143,111.91074099876622
2023-11-03,TON80,Ton Balığı Konservesi 80g,992.0,32.96,0,0,2023,11,3,4,44,4,0,0,0.9981829194427619,897.0,934.0,918.0,874.0,793.8214285714286,837.2678571428571,186.67321682810203
2023-11-03,ZEYTY,Zeytinyağı 1L,371.0,255.3,0,0,2023,11,3,4,44,4,0,0,1.0289168765743073,349.0,336.0,308.0,123.0,310.0,305.7857142857143,110.50942644559028
2023-11-04,SARDL,Sardalya Konservesi,294.0,27.21,0,0,2023,11,4,5,44,4,1,0,1.0252449133383572,346.5,316.0,321.0,319.0,356.7857142857143,391.76785714285717,78.25271941113401
2023-11-04,SOMON,Somon Konservesi,197.0,76.1,1,0,2023,11,4,5,44,4,1,0,0.9928245270711022,236.0,140.0,175.0,148.0,193.92857142857142,187.71428571428572,69.17997577058723
2023-11-04,TON160,Ton Balığı Konservesi 160g,428.0,57.94,0,0,2023,11,4,5,44,4,1,0,1.0241272646928854,601.0,390.0,397.0,487.0,482.5267857142857,511.6674107142857,123.46484326447546
2023-11-04,TON80,Ton Balığı Konservesi 80g,610.0,33.57,0,0,2023,11,4,5,44,4,1,0,1.0166565717746818,992.0,648.0,596.0,725.0,802.1071428571429,841.4821428571429,195.032254658408
2023-11-04,ZEYTY,Zeytinyağı 1L,233.0,253.37,0,0,2023,11,4,5,44,4,1,0,1.0211385390428211,371.0,213.0,233.0,307.0,315.0,314.64285714285717,112.65285911447901
2023-11-05,SARDL,Sardalya Konservesi,285.0,26.54,0,0,2023,11,5,6,44,4,1,0,1.0,294.0,203.0,298.0,313.0,353.64285714285717,390.875,80.5712491554882
2023-11-05,SOMON,Somon Konservesi,143.0,80.29,0,0,2023,11,5,6,44,4,1,0,1.0474885844748858,197.0,76.5,143.0,143.0,202.07142857142858,189.46428571428572,65.00283876584957
2023-11-05,TON160,Ton Balığı Konservesi 160g,373.0,58.71,0,0,2023,11,5,6,44,4,1,0,1.0377375165709235,428.0,255.6875,390.0,427.0,487.95535714285717,509.56026785714283,119.48994637301605
2023-11-05,TON80,Ton Balığı Konservesi 80g,714.0,33.79,0,0,2023,11,5,6,44,4,1,0,1.0233192004845546,610.0,428.75,629.0,628.0,796.6785714285714,837.375,200.4891265903256
2023-11-05,ZEYTY,Zeytinyağı 1L,208.0,257.72,0,0,2023,11,5,6,44,4,1,0,1.038670025188917,233.0,123.0,252.0,183.0,317.85714285714283,312.0,109.85358220745245
2023-11-06,SARDL,Sardalya Konservesi,430.0,27.09,0,0,2023,11,6,0,45,4,0,0,1.0207234363225322,285.0,392.0,357.0,415.0,365.35714285714283,389.875,57.747088155817735
2023-11-06,SOMON,Somon Konservesi,182.0,80.35,0,0,2023,11,6,0,45,4,0,0,1.0482713633398564,143.0,290.0,179.0,200.0,211.57142857142858,189.46428571428572,45.53700745129215
2023-11-06,TON160,Ton Balığı Konservesi 160g,558.0,59.43,0,0,2023,11,6,0,45,4,0,0,1.0504639858594784,373.0,558.0,546.0,577.0,504.7142857142857,507.63169642857144,84.62409878538232
2023-11-06,TON80,Ton Balığı Konservesi 80g,1127.0,32.74,0,0,2023,11,6,0,45,4,0,0,0.9915202907328892,714.0,876.0,1042.0,876.0,837.4285714285714,840.4464285714286,129.75342916837212
2023-11-06,ZEYTY,Zeytinyağı 1L,324.0,255.07,0,0,2023,11,6,0,45,4,0,0,1.0279899244332493,208.0,467.0,459.0,307.0,330.0,312.89285714285717,87.05745229444737
2023-11-07,SARDL,Sardalya Konservesi,459.0,25.84,0,0,2023,11,7,1,45,4,0,0,0.9736247174076865,430.0,411.0,478.0,407.0,370.7857142857143,390.4107142857143,62.27750874302618
2023-11-07,SOMON,Somon Konservesi,202.0,77.92,0,0,2023,11,7,1,45,4,0,0,1.0165688193085454,182.0,225.0,211.0,201.0,196.14285714285714,188.82142857142858,30.27335776679188
2023-11-07,TON160,Ton Balığı Konservesi 160g,561.0,59.12,0,0,2023,11,7,1,45,4,0,0,1.044984533804684,558.0,491.0,565.0,568.0,504.7142857142857,506.953125,84.62409878538232
2023-11-07,TON80,Ton Balığı Konservesi 80g,1238.0,34.94,1,0,2023,11,7,1,45,4,0,0,1.058146577831617,1127.0,874.0,1358.75,927.0,873.2857142857143,849.4107142857143,170.4794359893228
2023-11-07,ZEYTY,Zeytinyağı 1L,382.0,254.39,0,0,2023,11,7,1,45,4,0,0,1.025249370277078,324.0,349.0,368.0,344.0,309.57142857142856,313.5,63.007558125612
2023-11-08,SARDL,Sardalya Konservesi,441.5,27.89,0,0,2023,11,8,2,45,4,0,0,1.0508666164280331,459.0,430.0,427.0,464.0,377.64285714285717,392.26785714285717,69.64954790814618
2023-11-08,SOMON,Somon Konservesi,209.0,82.24,0,0,2023,11,8,2,45,4,0,0,1.0729288975864317,202.0,190.0,193.0,209.0,192.85714285714286,188.85714285714286,27.763456625742972
2023-11-08,TON160,Ton Balığı Konservesi 160g,587.0,58.91,0,0,2023,11,8,2,45,4,0,0,1.0412726469288553,561.0,492.0,501.0,581.0,514.7142857142857,506.703125,86.84030225211183
2023-11-08,TON80,Ton Balığı Konservesi 80g,921.0,34.19,0,0,2023,11,8,2,45,4,0,0,1.0354330708661417,1238.0,899.0,893.0,933.0,925.2857142857143,860.5178571428571,219.26674340151195
2023-11-08,ZEYTY,Zeytinyağı 1L,350.0,252.37,0,0,2023,11,8,2,45,4,0,0,1.0171083123425693,382.0,333.0,349.0,351.0,314.2857142857143,314.85714285714283,67.52213041098514
2023-11-09,SARDL,Sardalya Konservesi,424.0,26.69,0,0,2023,11,9,3,45,4,0,0,1.0056518462697814,441.5,399.0,526.0,406.0,379.2857142857143,391.4642857142857,71.20853012037526
2023-11-09,SOMON,Somon Konservesi,183.0,80.43,0,0,2023,11,9,3,45,4,0,0,1.0493150684931507,209.0,200.0,192.0,189.0,195.57142857142858,188.85714285714286,28.3599314929656
2023-11-09,TON160,Ton Balığı Konservesi 160g,607.0,61.72,0,0,2023,11,9,3,45,4,0,0,1.0909412284577993,587.0,590.0,782.0,528.0,528.2857142857143,506.9174107142857,90.06241222195933
2023-11-09,TON80,Ton Balığı Konservesi 80g,947.0,34.59,0,0,2023,11,9,3,45,4,0,0,1.0475469412477287,921.0,897.0,792.0,819.0,928.4285714285714,860.0892857142857,218.98467004401346
2023-11-09,ZEYTY,Zeytinyağı 1L,123.0,261.14,0,0,2023,11,9,3,45,4,0,0,1.0524534005037782,350.0,349.0,310.0,320.0,316.7142857142857,314.82142857142856,68.60445633172394
2023-11-10,SARDL,Sardalya Konservesi,470.0,28.03,0,0,2023,11,10,4,45,4,0,0,1.0561416729464959,424.0,346.5,372.0,653.0,382.85714285714283,392.10714285714283,72.9672953485041
2023-11-10,SOMON,Somon Konservesi,181.0,80.16,0,0,2023,11,10,4,45,4,0,0,1.0457925636007828,183.0,236.0,193.0,189.0,193.14285714285714,188.64285714285714,28.643955566160514
2023-11-10,TON160,Ton Balığı Konservesi 160g,538.0,58.96,0,0,2023,11,10,4,45,4,0,0,1.0421564295183385,607.0,601.0,471.0,557.0,530.7142857142857,509.7388392857143,92.20758154966505
2023-11-10,TON80,Ton Balığı Konservesi 80g,1225.0,34.62,1,0,2023,11,10,4,45,4,0,0,1.0484554815263476,947.0,992.0,934.0,911.0,935.5714285714286,864.6607142857143,218.60379467799459
2023-11-10,ZEYTY,Zeytinyağı 1L,300.0,252.37,0,0,2023,11,10,4,45,4,0,0,1.0171083123425693,123.0,371.0,336.0,332.0,284.42857142857144,307.7857142857143,97.83124440051034
2023-11-11,SARDL,Sardalya Konservesi,313.0,28.34,0,0,2023,11,11,5,45,4,1,0,1.0678221552373777,470.0,294.0,316.0,330.0,400.5,385.57142857142856,77.50107526135588
2023-11-11,SOMON,Somon Konservesi,131.0,82.32,0,0,2023,11,11,5,45,4,1,0,1.0739726027397258,181.0,197.0,140.0,145.0,185.28571428571428,188.35714285714286,21.60797912588654
2023-11-11,TON160,Ton Balığı Konservesi 160g,355.0,58.48,0,0,2023,11,11,5,45,4,1,0,1.0336721166593017,538.0,428.0,390.0,353.0,521.7142857142857,509.06026785714283,87.13918805702825
2023-11-11,TON80,Ton Balığı Konservesi 80g,636.0,34.12,0,0,2023,11,11,5,45,4,1,0,1.0333131435493639,1225.0,610.0,648.0,758.0,968.8571428571429,875.875,244.79748675958547
2023-11-11,ZEYTY,Zeytinyağı 1L,196.0,254.22,0,0,2023,11,11,5,45,4,1,0,1.0245642317380352,300.0,233.0,213.0,279.0,274.2857142857143,306.64285714285717,90.78677268874638
2023-11-12,SARDL,Sardalya Konservesi,271.0,27.5,0,0,2023,11,12,6,45,4,1,0,1.0361718161266014,313.0,285.0,203.0,256.0,403.2142857142857,384.9642857142857,73.37225698612373
2023-11-12,SOMON,Somon Konservesi,126.0,78.26,0,0,2023,11,12,6,45,4,1,0,1.0210045662100458,131.0,143.0,76.5,159.0,175.85714285714286,187.85714285714286,28.835328860205077
2023-11-12,TON160,Ton Balığı Konservesi 160g,362.0,59.51,0,0,2023,11,12,6,45,4,1,0,1.0518780380026513,355.0,373.0,255.6875,373.0,511.2857142857143,509.13169642857144,103.12567460096835
2023-11-12,TON80,Ton Balığı Konservesi 80g,702.0,34.13,0,0,2023,11,12,6,45,4,1,0,1.0336159903089037,636.0,714.0,428.75,669.0,972.5714285714286,871.5178571428571,238.56295964437905
2023-11-12,ZEYTY,Zeytinyağı 1L,272.0,251.79,1,0,2023,11,12,6,45,4,1,0,1.0147707808564232,196.0,208.0,123.0,226.0,269.0,303.67857142857144,94.58858282054983
2023-11-13,SARDL,Sardalya Konservesi,418.0,28.12,0,0,2023,11,13,0,46,4,0,0,1.0595327807083648,271.0,430.0,392.0,405.0,401.2142857142857,385.5,77.22146568088723
2023-11-13,SOMON,Somon Konservesi,200.0,79.69,0,0,2023,11,13,0,46,4,0,0,1.0396607958251793,126.0,182.0,290.0,192.5,173.42857142857142,186.67857142857142,32.541548533411344
2023-11-13,TON160,Ton Balığı Konservesi 160g,582.0,58.31,0,0,2023,11,13,0,46,4,0,0,1.0306672558550596,362.0,558.0,558.0,616.0,509.7142857142857,508.7388392857143,105.63729500151992
2023-11-13,TON80,Ton Balığı Konservesi 80g,689.0,34.68,0,0,2023,11,13,0,46,4,0,0,1.0502725620835855,702.0,1127.0,876.0,861.0,970.8571428571429,872.6964285714286,240.7636659821053
2023-11-13,ZEYTY,Zeytinyağı 1L,336.0,263.94,0,0,2023,11,13,0,46,4,0,0,1.0637380352644836,272.0,324.0,467.0,347.0,278.14285714285717,305.32142857142856,90.72380902392455
2023-11-14,SARDL,Sardalya Konservesi,433.0,27.56,0,0,2023,11,14,1,46,4,0,0,1.038432554634514,418.0,459.0,411.0,409.0,399.5,385.9642857142857,76.60667943027562
2023-11-14,SOMON,Somon Konservesi,286.0,81.98,1,0,2023,11,14,1,46,4,0,0,1.0695368558382257,200.0,202.0,225.0,226.0,176.0,186.94642857142858,34.00980250849234
2023-11-14,TON160,Ton Balığı Konservesi 160g,530.0,58.48,0,0,2023,11,14,1,46,4,0,0,1.0336721166593017,582.0,561.0,491.0,512.0,513.1428571428571,507.52455357142856,107.8323213318232
2023-11-14,TON80,Ton Balığı Konservesi 80g,915.0,34.73,0,0,2023,11,14,1,46,4,0,0,1.0517867958812839,689.0,1238.0,874.0,856.0,908.2857142857143,866.5535714285714,250.15309598038377
2023-11-14,ZEYTY,Zeytinyağı 1L,335.0,261.13,0,0,2023,11,14,1,46,4,0,0,1.0524130982367759,336.0,382.0,349.0,320.0,279.85714285714283,304.92857142857144,91.84121908930398
2023-11-15,SARDL,Sardalya Konservesi,406.0,26.23,0,0,2023,11,15,2,46,4,0,0,0.9883195177091184,433.0,441.5,430.0,424.0,395.7857142857143,386.82142857142856,73.82064816321898
2023-11-15,SOMON,Somon Konservesi,214.0,78.34,0,0,2023,11,15,2,46,4,0,0,1.0220482713633399,286.0,209.0,190.0,204.0,188.0,189.08928571428572,53.783516681848305
2023-11-15,TON160,Ton Balığı Konservesi 160g,605.0,57.37,0,0,2023,11,15,2,46,4,0,0,1.0140521431727794,530.0,587.0,492.0,569.0,508.7142857142857,508.1674107142857,106.16294753147861
2023-11-15,TON80,Ton Balığı Konservesi 80g,873.0,34.27,0,0,2023,11,15,2,46,4,0,0,1.037855844942459,915.0,921.0,899.0,867.0,862.1428571428571,868.6607142857143,204.89381686736104
2023-11-15,ZEYTY,Zeytinyağı 1L,357.0,258.01,0,0,2023,11,15,2,46,4,0,0,1.03983879093199,335.0,350.0,333.0,331.0,273.14285714285717,305.4642857142857,84.55851735421375
2023-11-16,SARDL,Sardalya Konservesi,432.0,27.81,0,0,2023,11,16,3,46,4,0,0,1.047852298417483,406.0,424.0,399.0,491.0,390.7142857142857,386.17857142857144,71.3342234034344
2023-11-16,SOMON,Somon Konservesi,188.0,77.64,0,0,2023,11,16,3,46,4,0,0,1.0129158512720156,214.0,183.0,200.0,200.0,188.71428571428572,189.44642857142858,54.14090962699171
2023-11-16,TON160,Ton Balığı Konservesi 160g,526.0,57.81,0,0,2023,11,16,3,46,4,0,0,1.0218294299602297,605.0,607.0,590.0,563.0,511.2857142857143,509.453125,108.56597730675793
2023-11-16,TON80,Ton Balığı Konservesi 80g,969.0,35.07,0,0,2023,11,16,3,46,4,0,0,1.0620835857056328,873.0,947.0,897.0,954.0,855.2857142857143,868.875,203.39347276130624
2023-11-16,ZEYTY,Zeytinyağı 1L,323.0,254.08,0,0,2023,11,16,3,46,4,0,0,1.024,357.0,123.0,349.0,343.0,274.14285714285717,306.39285714285717,85.65323222433699
2023-11-17,SARDL,Sardalya Konservesi,461.0,27.82,0,0,2023,11,17,4,46,4,0,0,1.048229088168802,432.0,470.0,346.5,401.0,391.85714285714283,384.07142857142856,72.0171937142503
2023-11-17,SOMON,Somon Konservesi,182.0,79.83,0,0,2023,11,17,4,46,4,0,0,1.041487279843444,188.0,181.0,236.0,207.0,189.42857142857142,189.01785714285714,54.08591049696494
2023-11-17,TON160,Ton Balığı Konservesi 160g,551.0,56.7,0,0,2023,11,17,4,46,4,0,0,1.0022094564737074,526.0,538.0,601.0,586.0,499.7142857142857,508.13169642857144,100.6954389660797
2023-11-17,TON80,Ton Balığı Konservesi 80g,930.0,33.78,0,0,2023,11,17,4,46,4,0,0,1.023016353725015,969.0,1225.0,992.0,918.0,858.4285714285714,869.4107142857143,205.20872069095535
2023-11-17,ZEYTY,Zeytinyağı 1L,286.0,261.14,0,0,2023,11,17,4,46,4,0,0,1.0524534005037782,323.0,300.0,371.0,308.0,302.7142857142857,305.67857142857144,54.53963172383384
2023-11-18,SARDL,Sardalya Konservesi,297.0,27.12,0,0,2023,11,18,5,46,4,1,0,1.0218538055764883,461.0,313.0,294.0,321.0,390.57142857142856,386.2142857142857,70.45295627309548
2023-11-18,SOMON,Somon Konservesi,169.0,81.36,0,0,2023,11,18,5,46,4,1,0,1.0614481409001957,182.0,131.0,197.0,175.0,189.57142857142858,188.125,54.061252738158366
2023-11-18,TON160,Ton Balığı Konservesi 160g,400.0,58.43,0,0,2023,11,18,5,46,4,1,0,1.0327883340698187,551.0,355.0,428.0,397.0,501.57142857142856,506.88169642857144,101.63473347049768
2023-11-18,TON80,Ton Balığı Konservesi 80g,572.0,33.65,0,0,2023,11,18,5,46,4,1,0,1.0190793458509992,930.0,636.0,610.0,596.0,816.2857142857143,869.8392857142857,136.00210082410763
2023-11-18,ZEYTY,Zeytinyağı 1L,229.0,273.3,0,0,2023,11,18,5,46,4,1,0,1.1014609571788414,286.0,196.0,233.0,233.0,300.7142857142857,304.89285714285717,54.91118369911625
2023-11-19,SARDL,Sardalya Konservesi,329.0,27.5,0,0,2023,11,19,6,46,4,1,0,1.0361718161266014,297.0,271.0,285.0,298.0,388.2857142857143,385.35714285714283,73.57924137896785
2023-11-19,SOMON,Somon Konservesi,135.0,79.21,0,0,2023,11,19,6,46,4,1,0,1.033398564905414,169.0,126.0,143.0,143.0,195.0,187.91071428571428,48.856934001224325
2023-11-19,TON160,Ton Balığı Konservesi 160g,417.0,57.46,0,0,2023,11,19,6,46,4,1,0,1.0156429518338488,400.0,362.0,373.0,390.0,508.0,506.9888392857143,91.76237427907684
2023-11-19,TON80,Ton Balığı Konservesi 80g,688.0,33.89,0,0,2023,11,19,6,46,4,1,0,1.0263476680799515,572.0,702.0,714.0,629.0,807.1428571428571,868.9821428571429,151.41931687802847
2023-11-19,ZEYTY,Zeytinyağı 1L,251.0,258.16,0,0,2023,11,19,6,46,4,1,0,1.0404433249370277,229.0,272.0,208.0,252.0,305.42857142857144,304.75,44.93275398806948
2023-11-20,SARDL,Sardalya Konservesi,372.0,27.46,0,0,2023,11,20,0,47,4,0,0,1.0346646571213263,329.0,418.0,430.0,357.0,396.57142857142856,386.4642857142857,60.224184352733694
2023-11-20,SOMON,Somon Konservesi,191.0,79.5,0,0,2023,11,20,0,47,4,0,0,1.0371819960861055,135.0,200.0,182.0,179.0,196.28571428571428,187.625,46.814222503117776
2023-11-20,TON160,Ton Balığı Konservesi 160g,548.0,56.69,0,0,2023,11,20,0,47,4,0,0,1.0020326999558107,417.0,582.0,558.0,546.0,515.8571428571429,507.953125,78.58631893535649
2023-11-20,TON80,Ton Balığı Konservesi 80g,938.0,34.99,0,0,2023,11,20,0,47,4,0,0,1.0596608116293156,688.0,689.0,1127.0,1042.0,805.1428571428571,871.0892857142857,153.12242223291614
2023-11-20,ZEYTY,Zeytinyağı 1L,321.0,262.21,0,0,2023,11,20,0,47,4,0,0,1.0567657430730477,251.0,336.0,324.0,459.0,302.42857142857144,304.7142857142857,48.12434291449989
2023-11-21,SARDL,Sardalya Konservesi,460.0,27.49,0,0,2023,11,21,1,47,4,0,0,1.0357950263752826,372.0,433.0,459.0,478.0,390.0,387.0,60.005555298374865
2023-11-21,SOMON,Somon Konservesi,179.0,80.14,0,0,2023,11,21,1,47,4,0,0,1.0455316373124592,191.0,286.0,202.0,211.0,195.0,188.05357142857142,46.81879964287839
2023-11-21,TON160,Ton Balığı Konservesi 160g,555.0,59.01,0,0,2023,11,21,1,47,4,0,0,1.0430402121078215,548.0,530.0,561.0,565.0,511.0,508.02455357142856,74.77521871137111
2023-11-21,TON80,Ton Balığı Konservesi 80g,938.0,34.84,0,0,2023,11,21,1,47,4,0,0,1.0551181102362204,938.0,915.0,1238.0,1358.75,840.7142857142857,867.375,150.54535782249872
2023-11-21,ZEYTY,Zeytinyağı 1L,281.0,258.24,0,0,2023,11,21,1,47,4,0,0,1.040765743073048,321.0,335.0,382.0,368.0,300.2857142857143,299.7857142857143,46.69301976996231
2023-11-22,SARDL,Sardalya Konservesi,599.0,28.35,1,0,2023,11,22,2,47,4,0,0,1.0681989449886964,460.0,406.0,441.5,427.0,393.85714285714283,386.35714285714283,63.96725352716959
2023-11-22,SOMON,Somon Konservesi,230.0,80.25,0,0,2023,11,22,2,47,4,0,0,1.0469667318982387,179.0,214.0,209.0,193.0,179.71428571428572,186.91071428571428,24.122702209842632
2023-11-22,TON160,Ton Balığı Konservesi 160g,587.0,59.07,0,0,2023,11,22,2,47,4,0,0,1.044100751215201,555.0,605.0,587.0,501.0,514.5714285714286,507.6674107142857,76.41303802985736
2023-11-22,TON80,Ton Balığı Konservesi 80g,932.0,33.91,0,0,2023,11,22,2,47,4,0,0,1.0269533615990307,938.0,873.0,921.0,893.0,844.0,852.3482142857143,152.67285285865142
2023-11-22,ZEYTY,Zeytinyağı 1L,333.0,254.77,0,0,2023,11,22,2,47,4,0,0,1.0267808564231737,281.0,357.0,350.0,349.0,292.57142857142856,296.67857142857144,44.406670455601386
2023-11-23,SARDL,Sardalya Konservesi,420.0,26.79,0,0,2023,11,23,3,47,4,0,0,1.009419743782969,599.0,432.0,424.0,526.0,421.42857142857144,392.5,100.96675549053485
2023-11-23,SOMON,Somon Konservesi,181.0,76.57,0,0,2023,11,23,3,47,4,0,0,0.9989562948467057,230.0,188.0,183.0,192.0,182.0,188.23214285714286,28.307831660749272
2023-11-23,TON160,Ton Balığı Konservesi 160g,545.0,60.47,0,0,2023,11,23,3,47,4,0,0,1.0688466637207246,587.0,526.0,607.0,782.0,512.0,510.7388392857143,73.0935473668279
2023-11-23,TON80,Ton Balığı Konservesi 80g,955.0,34.91,0,0,2023,11,23,3,47,4,0,0,1.057238037552998,932.0,969.0,947.0,792.0,852.4285714285714,853.7410714285714,156.1301349759825
2023-11-23,ZEYTY,Zeytinyağı 1L,351.0,260.0,0,0,2023,11,23,3,47,4,0,0,1.0478589420654911,333.0,323.0,123.0,310.0,289.14285714285717,296.10714285714283,39.22766273702175
2023-11-24,SARDL,Sardalya Konservesi,464.0,27.88,0,0,2023,11,24,4,47,4,0,0,1.0504898266767144,420.0,461.0,470.0,372.0,419.7142857142857,388.7142857142857,100.85916630912214
2023-11-24,SOMON,Somon Konservesi,209.0,79.08,0,0,2023,11,24,4,47,4,0,0,1.031702544031311,181.0,182.0,181.0,193.0,181.0,187.83928571428572,28.18391976523703
2023-11-24,TON160,Ton Balığı Konservesi 160g,577.0,57.78,0,0,2023,11,24,4,47,4,0,0,1.02129916040654,545.0,551.0,538.0,471.0,514.7142857142857,502.27455357142856,74.04663909931907
2023-11-24,TON80,Ton Balığı Konservesi 80g,952.0,35.19,0,0,2023,11,24,4,47,4,0,0,1.065717746820109,955.0,930.0,1225.0,934.0,850.4285714285714,859.5625,154.46882872482234
2023-11-24,ZEYTY,Zeytinyağı 1L,284.0,257.16,0,0,2023,11,24,4,47,4,0,0,1.0364130982367759,351.0,286.0,300.0,336.0,293.14285714285717,297.57142857142856,44.348726292978505
2023-11-25,SARDL,Sardalya Konservesi,304.0,27.91,0,0,2023,11,25,5,47,4,1,0,1.0516201959306708,464.0,297.0,313.0,316.0,420.14285714285717,392.0,101.06998989384827
2023-11-25,SOMON,Somon Konservesi,152.0,81.23,0,0,2023,11,25,5,47,4,1,0,1.0597521200260926,209.0,169.0,131.0,140.0,184.85714285714286,188.41071428571428,30.124345477971413
2023-11-25,TON160,Ton Balığı Konservesi 160g,434.0,58.61,0,0,2023,11,25,5,47,4,1,0,1.0359699513919576,577.0,400.0,355.0,390.0,518.4285714285714,506.06026785714283,76.77208073871923
2023-11-25,TON80,Ton Balığı Konservesi 80g,699.0,34.62,0,0,2023,11,25,5,47,4,1,0,1.0484554815263476,952.0,572.0,636.0,648.0,853.5714285714286,860.2053571428571,156.56719233059388
2023-11-25,ZEYTY,Zeytinyağı 1L,255.0,263.29,0,0,2023,11,25,5,47,4,1,0,1.06111838790932,284.0,229.0,196.0,213.0,292.85714285714283,295.7142857142857,44.40881508375175
2023-11-26,SARDL,Sardalya Konservesi,382.0,28.11,1,0,2023,11,26,6,47,4,1,0,1.059155990957046,304.0,329.0,271.0,203.0,421.14285714285717,391.57142857142856,99.6735146556459
2023-11-26,SOMON,Somon Konservesi,135.0,77.13,0,0,2023,11,26,6,47,4,1,0,1.006262230919765,152.0,135.0,126.0,76.5,182.42857142857142,188.83928571428572,32.2276131232059
2023-11-26,TON160,Ton Balığı Konservesi 160g,367.0,58.24,0,0,2023,11,26,6,47,4,1,0,1.0294299602297834,434.0,417.0,362.0,255.6875,523.2857142857143,507.63169642857144,68.67972598885933
2023-11-26,TON80,Ton Balığı Konservesi 80g,598.0,34.37,0,0,2023,11,26,6,47,4,1,0,1.0408843125378557,699.0,688.0,702.0,428.75,871.7142857142857,862.0267857142857,122.05560793577233
2023-11-26,ZEYTY,Zeytinyağı 1L,225.0,262.55,0,0,2023,11,26,6,47,4,1,0,1.0581360201511336,255.0,251.0,272.0,123.0,296.57142857142856,297.2142857142857,38.926670988998175
2023-11-27,SARDL,Sardalya Konservesi,460.0,27.74,0,0,2023,11,27,0,48,4,0,0,1.0452147701582517,382.0,372.0,418.0,392.0,428.7142857142857,397.9642857142857,93.31794090761889
2023-11-27,SOMON,Somon Konservesi,199.0,78.41,0,0,2023,11,27,0,48,4,0,0,1.022961513372472,135.0,191.0,200.0,290.0,182.42857142857142,190.92857142857142,32.2276131232059
2023-11-27,TON160,Ton Balığı Konservesi 160g,475.0,59.14,0,0,2023,11,27,0,48,4,0,0,1.0453380468404772,367.0,548.0,582.0,558.0,516.1428571428571,511.60714285714283,82.73739293980829
2023-11-27,TON80,Ton Balığı Konservesi 80g,847.0,34.29,0,0,2023,11,27,0,48,4,0,0,1.0384615384615383,598.0,938.0,689.0,876.0,858.8571428571429,868.0714285714286,146.8541550557639
2023-11-27,ZEYTY,Zeytinyağı 1L,255.5,263.37,0,0,2023,11,27,0,48,4,0,0,1.06144080604534,225.0,321.0,336.0,467.0,292.85714285714283,300.85714285714283,44.797427647237996
2023-11-28,SARDL,Sardalya Konservesi,455.0,27.97,0,0,2023,11,28,1,48,4,0,0,1.0538809344385833,460.0,460.0,433.0,411.0,441.2857142857143,400.39285714285717,90.2823613000045
2023-11-28,SOMON,Somon Konservesi,178.0,79.9,0,0,2023,11,28,1,48,4,0,0,1.0424005218525767,199.0,179.0,286.0,225.0,183.57142857142858,187.67857142857142,32.720315518329485
2023-11-28,TON160,Ton Balığı Konservesi 160g,538.0,58.43,0,0,2023,11,28,1,48,4,0,0,1.0327883340698187,475.0,555.0,530.0,491.0,505.7142857142857,508.64285714285717,82.65332073529463
2023-11-28,TON80,Ton Balığı Konservesi 80g,891.0,33.94,0,0,2023,11,28,1,48,4,0,0,1.0278619018776498,847.0,938.0,915.0,874.0,845.8571428571429,867.0357142857143,142.64808512726566
2023-11-28,ZEYTY,Zeytinyağı 1L,286.0,258.65,0,0,2023,11,28,1,48,4,0,0,1.042418136020151,255.5,281.0,335.0,349.0,283.5,293.30357142857144,44.780017865114836
2023-11-29,SARDL,Sardalya Konservesi,398.0,27.97,0,0,2023,11,29,2,48,4,0,0,1.0538809344385833,455.0,599.0,406.0,430.0,440.57142857142856,401.9642857142857,90.12927223874328
2023-11-29,SOMON,Somon Konservesi,209.0,79.19,0,0,2023,11,29,2,48,4,0,0,1.0331376386170905,178.0,230.0,214.0,190.0,183.42857142857142,186.0,32.74577399124504
2023-11-29,TON160,Ton Balığı Konservesi 160g,508.0,59.26,0,0,2023,11,29,2,48,4,0,0,1.0474591250552363,538.0,587.0,605.0,492.0,503.2857142857143,510.32142857142856,81.20080928520039
2023-11-29,TON80,Ton Balığı Konservesi 80g,879.0,33.87,0,0,2023,11,29,2,48,4,0,0,1.025741974560872,891.0,932.0,873.0,899.0,839.1428571428571,867.6428571428571,138.63793200446838
2023-11-29,ZEYTY,Zeytinyağı 1L,336.0,255.09,0,0,2023,11,29,2,48,4,0,0,1.0280705289672545,286.0,333.0,357.0,333.0,284.2142857142857,291.05357142857144,44.773371125086896
2023-11-30,SARDL,Sardalya Konservesi,403.0,27.67,0,0,2023,11,30,3,48,4,0,0,1.0425772418990205,398.0,420.0,432.0,399.0,411.85714285714283,400.82142857142856,57.272531436479824
2023-11-30,SOMON,Somon Konservesi,197.0,78.91,0,0,2023,11,30,3,48,4,0,0,1.029484670580561,209.0,181.0,188.0,200.0,180.42857142857142,186.67857142857142,28.44794745294815
2023-11-30,TON160,Ton Balığı Konservesi 160g,603.0,57.98,0,0,2023,11,30,3,48,4,0,0,1.0248342907644719,508.0,545.0,526.0,590.0,492.0,510.89285714285717,72.66819570256808
2023-11-30,TON80,Ton Balığı Konservesi 80g,916.0,33.12,0,0,2023,11,30,3,48,4,0,0,1.0030284675953967,879.0,955.0,969.0,897.0,831.5714285714286,866.9285714285714,134.09431648763152
2023-11-30,ZEYTY,Zeytinyağı 1L,324.0,249.9,0,0,2023,11,30,3,48,4,0,0,1.0071536523929472,336.0,351.0,323.0,349.0,284.64285714285717,291.1607142857143,45.32908768634323
2023-12-01,SARDL,Sardalya Konservesi,394.0,27.51,0,0,2023,12,1,4,48,4,0,0,1.0365486058779203,403.0,464.0,461.0,346.5,409.42857142857144,400.9642857142857,57.23011195415767
2023-12-01,SOMON,Somon Konservesi,232.0,82.65,0,0,2023,12,1,4,48,4,0,0,1.0782778864970646,197.0,209.0,182.0,236.0,182.71428571428572,186.57142857142858,29.135970241348538
2023-12-01,TON160,Ton Balığı Konservesi 160g,590.0,59.01,0,0,2023,12,1,4,48,4,0,0,1.0430402121078215,603.0,577.0,551.0,601.0,500.2857142857143,511.35714285714283,82.3766032433046
2023-12-01,TON80,Ton Balığı Konservesi 80g,842.0,34.44,0,0,2023,12,1,4,48,4,0,0,1.0430042398546333,916.0,952.0,930.0,992.0,826.0,867.6071428571429,128.8177006470747
2023-12-01,ZEYTY,Zeytinyağı 1L,359.0,260.22,0,0,2023,12,1,4,48,4,0,0,1.0487455919395468,324.0,284.0,286.0,371.0,280.7857142857143,290.26785714285717,39.51777779562974
2023-12-02,SARDL,Sardalya Konservesi,261.0,27.87,0,0,2023,12,2,5,48,4,1,0,1.0501130369253957,394.0,304.0,297.0,294.0,399.42857142857144,402.6607142857143,51.98030762656239
2023-12-02,SOMON,Somon Konservesi,190.0,76.5,0,0,2023,12,2,5,48,4,1,0,0.9980430528375733,232.0,152.0,169.0,197.0,186.0,186.42857142857142,33.55592347112484
2023-12-02,TON160,Ton Balığı Konservesi 160g,393.0,58.41,0,0,2023,12,2,5,48,4,1,0,1.0324348210340255,590.0,434.0,400.0,428.0,502.14285714285717,510.9642857142857,84.51317169812201
2023-12-02,TON80,Ton Balığı Konservesi 80g,692.0,34.9,0,0,2023,12,2,5,48,4,1,0,1.0569351907934583,842.0,699.0,572.0,610.0,810.2857142857143,862.25,117.05798319025797
2023-12-02,ZEYTY,Zeytinyağı 1L,244.0,265.1,0,0,2023,12,2,5,48,4,1,0,1.0684130982367759,359.0,255.0,229.0,233.0,291.5,289.8392857142857,49.452839487064175
2023-12-03,SARDL,Sardalya Konservesi,311.0,28.03,0,0,2023,12,3,6,48,4,1,0,1.0561416729464959,261.0,382.0,329.0,285.0,393.2857142857143,401.48214285714283,65.83239902893122
2023-12-03,SOMON,Somon Konservesi,148.0,84.65,0,0,2023,12,3,6,48,4,1,0,1.1043705153294194,190.0,135.0,135.0,143.0,191.42857142857142,186.17857142857142,30.02697200216893
2023-12-03,TON160,Ton Balığı Konservesi 160g,450.0,59.32,0,0,2023,12,3,6,48,4,1,0,1.048519664162616,393.0,367.0,417.0,373.0,496.2857142857143,509.7142857142857,91.18061615225479
2023-12-03,TON80,Ton Balığı Konservesi 80g,816.0,33.35,1,0,2023,12,3,6,48,4,1,0,1.009993943064809,692.0,598.0,688.0,714.0,809.2857142857143,865.1785714285714,118.19153140236985
2023-12-03,ZEYTY,Zeytinyağı 1L,245.0,247.22,0,0,2023,12,3,6,48,4,1,0,0.9963526448362721,244.0,225.0,251.0,208.0,289.92857142857144,290.23214285714283,50.957849061281834
2023-12-04,SARDL,Sardalya Konservesi,427.0,28.75,0,0,2023,12,4,0,49,4,0,0,1.0832705350414469,311.0,460.0,372.0,430.0,383.14285714285717,402.4107142857143,72.94616410163383
2023-12-04,SOMON,Somon Konservesi,296.5,80.03,1,0,2023,12,4,0,49,4,0,0,1.0440965427266797,148.0,199.0,191.0,182.0,193.28571428571428,186.35714285714286,26.100538217402434
2023-12-04,TON160,Ton Balığı Konservesi 160g,545.0,58.82,0,0,2023,12,4,0,49,4,0,0,1.0396818382677862,450.0,475.0,548.0,558.0,508.14285714285717,512.4642857142857,75.63823674004381
2023-12-04,TON80,Ton Balığı Konservesi 80g,833.0,33.93,0,0,2023,12,4,0,49,4,0,0,1.0275590551181102,816.0,847.0,938.0,1127.0,840.4285714285714,868.8214285714286,73.51838124545313
2023-12-04,ZEYTY,Zeytinyağı 1L,441.0,262.11,1,0,2023,12,4,0,49,4,0,0,1.0563627204030228,245.0,255.5,321.0,324.0,292.7857142857143,291.55357142857144,47.127360367817076
2023-12-05,SARDL,Sardalya Konservesi,458.0,27.59,0,0,2023,12,5,1,49,4,0,0,1.0395629238884703,427.0,455.0,460.0,459.0,378.42857142857144,402.30357142857144,68.05355034298604
2023-12-05,SOMON,Somon Konservesi,211.0,80.37,0,0,2023,12,5,1,49,4,0,0,1.0485322896281801,296.5,178.0,179.0,202.0,207.21428571428572,190.44642857142858,47.16977946989037
2023-12-05,TON160,Ton Balığı Konservesi 160g,535.0,60.39,0,0,2023,12,5,1,49,4,0,0,1.0674326115775519,545.0,538.0,555.0,561.0,518.1428571428571,512.0,75.15190964845516
2023-12-05,TON80,Ton Balığı Konservesi 80g,887.0,35.04,0,0,2023,12,5,1,49,4,0,0,1.061175045427014,833.0,891.0,938.0,1238.0,838.4285714285714,858.3214285714286,73.50024295391898
2023-12-05,ZEYTY,Zeytinyağı 1L,300.0,249.59,0,0,2023,12,5,1,49,4,0,0,1.005904282115869,441.0,286.0,281.0,382.0,319.2857142857143,295.73214285714283,69.50710823533147
2023-12-06,SARDL,Sardalya Konservesi,444.0,27.63,0,0,2023,12,6,2,49,4,0,0,1.0410700828937454,458.0,398.0,599.0,441.5,378.85714285714283,402.26785714285717,68.62319474596386
2023-12-06,SOMON,Somon Konservesi,203.0,79.71,0,0,2023,12,6,2,49,4,0,0,1.0399217221135029,211.0,209.0,230.0,209.0,211.92857142857142,190.76785714285714,45.378435197265
2023-12-06,TON160,Ton Balığı Konservesi 160g,597.0,59.45,0,0,2023,12,6,2,49,4,0,0,1.0508174988952717,535.0,508.0,587.0,587.0,517.7142857142857,511.07142857142856,75.0282486483467
2023-12-06,TON80,Ton Balığı Konservesi 80g,757.0,34.3,0,0,2023,12,6,2,49,4,0,0,1.038764385221078,887.0,879.0,932.0,921.0,837.8571428571429,845.7857142857143,73.03749852285189
2023-12-06,ZEYTY,Zeytinyağı 1L,268.0,252.57,0,0,2023,12,6,2,49,4,0,0,1.0179143576826197,300.0,336.0,333.0,350.0,321.2857142857143,292.80357142857144,68.5850184946009
2023-12-07,SARDL,Sardalya Konservesi,425.0,28.27,0,0,2023,12,7,3,49,4,0,0,1.0651846269781462,444.0,403.0,420.0,424.0,385.42857142857144,402.35714285714283,72.83510404298207
2023-12-07,SOMON,Somon Konservesi,214.0,80.75,0,0,2023,12,7,3,49,4,0,0,1.0534898891063273,203.0,197.0,181.0,183.0,211.07142857142858,190.55357142857142,45.499476710753264
2023-12-07,TON160,Ton Balığı Konservesi 160g,567.0,58.44,0,0,2023,12,7,3,49,4,0,0,1.0329650905877152,597.0,603.0,545.0,607.0,530.4285714285714,511.42857142857144,80.45258881862708
2023-12-07,TON80,Ton Balığı Konservesi 80g,839.0,34.93,0,0,2023,12,7,3,49,4,0,0,1.0578437310720774,757.0,916.0,955.0,947.0,820.4285714285714,839.9285714285714,76.07640269898661
2023-12-07,ZEYTY,Zeytinyağı 1L,300.0,258.66,0,0,2023,12,7,3,49,4,0,0,1.0424584382871538,268.0,324.0,351.0,123.0,311.57142857142856,289.875,70.92920682590757
2023-12-08,SARDL,Sardalya Konservesi,376.0,28.39,0,0,2023,12,8,4,49,4,0,0,1.0697061039939715,425.0,394.0,464.0,470.0,388.57142857142856,402.39285714285717,74.1818871487645
2023-12-08,SOMON,Somon Konservesi,193.0,79.4,0,0,2023,12,8,4,49,4,0,0,1.0358773646444879,214.0,232.0,209.0,181.0,213.5,191.66071428571428,45.07493760395014
2023-12-08,TON160,Ton Balığı Konservesi 160g,593.0,61.21,0,0,2023,12,8,4,49,4,0,0,1.081926646045073,567.0,590.0,577.0,538.0,525.2857142857143,510.0,76.07170802542034
2023-12-08,TON80,Ton Balığı Konservesi 80g,921.0,34.54,0,0,2023,12,8,4,49,4,0,0,1.0460327074500302,839.0,842.0,952.0,1225.0,809.4285714285714,836.0714285714286,64.6654393599729
2023-12-08,ZEYTY,Zeytinyağı 1L,316.0,272.33,0,0,2023,12,8,4,49,4,0,0,1.0975516372795968,300.0,359.0,284.0,300.0,308.14285714285717,296.19642857142856,70.80825886723608
2023-12-09,SARDL,Sardalya Konservesi,266.0,28.62,0,0,2023,12,9,5,49,4,1,0,1.078372268274303,376.0,261.0,304.0,313.0,386.0,399.0357142857143,74.27426651718825
2023-12-09,SOMON,Somon Konservesi,139.0,77.02,0,0,2023,12,9,5,49,4,1,0,1.0048271363339856,193.0,190.0,152.0,131.0,207.92857142857142,192.08928571428572,44.816690130862085
2023-12-09,TON160,Ton Balığı Konservesi 160g,387.0,59.49,0,0,2023,12,9,5,49,4,1,0,1.051524524966858,593.0,393.0,434.0,355.0,525.7142857142857,511.9642857142857,76.504279369881
2023-12-09,TON80,Ton Balığı Konservesi 80g,576.0,35.45,0,0,2023,12,9,5,49,4,1,0,1.0735917625681406,921.0,692.0,699.0,636.0,820.7142857142857,825.2142857142857,77.0123675905636
2023-12-09,ZEYTY,Zeytinyağı 1L,200.0,265.51,0,0,2023,12,9,5,49,4,1,0,1.070065491183879,316.0,244.0,255.0,196.0,302.0,296.76785714285717,67.44627491566897
2023-12-10,SARDL,Sardalya Konservesi,264.0,28.49,0,0,2023,12,10,6,49,4,1,0,1.0734740015071589,266.0,311.0,382.0,271.0,386.7142857142857,397.35714285714283,72.88281527153303
2023-12-10,SOMON,Somon Konservesi,148.0,81.66,0,0,2023,12,10,6,49,4,1,0,1.0653620352250488,139.0,148.0,135.0,126.0,200.64285714285714,192.375,51.815951763360005
2023-12-10,TON160,Ton Balığı Konservesi 160g,363.0,58.46,0,0,2023,12,10,6,49,4,1,0,1.0333186036235085,387.0,450.0,367.0,362.0,524.8571428571429,513.1071428571429,78.25264334497736
2023-12-10,TON80,Ton Balığı Konservesi 80g,653.0,32.43,0,0,2023,12,10,6,49,4,1,0,0.9821320411871592,576.0,816.0,598.0,702.0,804.1428571428571,823.0714285714286,113.27022052217484
2023-12-10,ZEYTY,Zeytinyağı 1L,230.0,256.14,0,0,2023,12,10,6,49,4,1,0,1.0323022670025188,200.0,245.0,225.0,272.0,295.7142857142857,296.9107142857143,75.34081294516336
2023-12-11,SARDL,Sardalya Konservesi,440.0,28.84,0,0,2023,12,11,0,50,4,0,0,1.0866616428033158,264.0,427.0,460.0,418.0,380.0,397.10714285714283,82.54493725641989
2023-12-11,SOMON,Somon Konservesi,170.0,78.55,0,0,2023,12,11,0,50,4,0,0,1.024787997390737,148.0,296.5,199.0,200.0,200.64285714285714,193.16071428571428,51.815951763360005
2023-12-11,TON160,Ton Balığı Konservesi 160g,610.0,60.98,0,0,2023,12,11,0,50,4,0,0,1.0778612461334511,363.0,545.0,475.0,582.0,512.4285714285714,513.1428571428571,96.82778035057449
2023-12-11,TON80,Ton Balığı Konservesi 80g,991.0,35.77,0,0,2023,12,11,0,50,4,0,0,1.08328285887341,653.0,833.0,847.0,689.0,780.8571428571429,821.3214285714286,126.41786341524428
2023-12-11,ZEYTY,Zeytinyağı 1L,272.0,254.25,0,0,2023,12,11,0,50,4,0,0,1.0246851385390428,230.0,441.0,255.5,336.0,293.57142857142856,295.4107142857143,77.21368001172061
2023-12-12,SARDL,Sardalya Konservesi,499.0,27.23,0,0,2023,12,12,1,50,4,0,0,1.0259984928409949,440.0,458.0,455.0,433.0,381.85714285714283,397.89285714285717,83.91350421997537
2023-12-12,SOMON,Somon Konservesi,215.0,79.94,0,0,2023,12,12,1,50,4,0,0,1.0429223744292235,170.0,211.0,178.0,286.0,182.57142857142858,192.08928571428572,30.47872013310872
2023-12-12,TON160,Ton Balığı Konservesi 160g,255.6875,58.43,0,0,2023,12,12,1,50,4,0,0,1.0327883340698187,610.0,535.0,538.0,530.0,521.7142857142857,514.1428571428571,103.36781298791612
2023-12-12,TON80,Ton Balığı Konservesi 80g,866.0,34.68,0,0,2023,12,12,1,50,4,0,0,1.0502725620835855,991.0,887.0,891.0,915.0,803.4285714285714,832.1071428571429,149.3115949313771
2023-12-12,ZEYTY,Zeytinyağı 1L,314.0,257.89,0,0,2023,12,12,1,50,4,0,0,1.0393551637279597,272.0,300.0,286.0,335.0,269.42857142857144,293.125,41.67676068209235
2023-12-13,SARDL,Sardalya Konservesi,426.0,27.15,0,0,2023,12,13,2,50,4,0,0,1.0229841748304447,499.0,444.0,398.0,406.0,387.7142857142857,400.25,91.2263015540899
2023-12-13,SOMON,Somon Konservesi,177.0,79.43,0,0,2023,12,13,2,50,4,0,0,1.0362687540769733,215.0,203.0,209.0,214.0,183.14285714285714,189.55357142857142,31.131059364288316
2023-12-13,TON160,Ton Balığı Konservesi 160g,605.0,59.35,0,0,2023,12,13,2,50,4,0,0,1.0490499337163057,255.6875,597.0,508.0,605.0,481.8125,504.34598214285717,143.50267219492264
2023-12-13,TON80,Ton Balığı Konservesi 80g,831.0,35.1,0,0,2023,12,13,2,50,4,0,0,1.0629921259842519,866.0,757.0,879.0,873.0,800.4285714285714,830.3571428571429,147.55321880918638
2023-12-13,ZEYTY,Zeytinyağı 1L,330.0,268.7,0,0,2023,12,13,2,50,4,0,0,1.0829219143576825,314.0,268.0,336.0,357.0,271.42857142857144,292.375,43.676298465175186
2023-12-14,SARDL,Sardalya Konservesi,448.0,29.21,0,0,2023,12,14,3,50,4,0,0,1.1006028636021101,426.0,425.0,403.0,432.0,385.14285714285717,400.9642857142857,89.6147840694222
2023-12-14,SOMON,Somon Konservesi,205.0,79.27,0,0,2023,12,14,3,50,4,0,0,1.0341813437703848,177.0,214.0,197.0,188.0,179.42857142857142,188.23214285714286,29.893461619876547
2023-12-14,TON160,Ton Balığı Konservesi 160g,551.0,59.69,0,0,2023,12,14,3,50,4,0,0,1.05505965532479,605.0,567.0,603.0,526.0,482.95535714285717,504.34598214285717,144.60057555519253
2023-12-14,TON80,Ton Balığı Konservesi 80g,938.0,34.88,0,0,2023,12,14,3,50,4,0,0,1.056329497274379,831.0,839.0,916.0,969.0,811.0,828.8571428571429,146.57080200367088
2023-12-14,ZEYTY,Zeytinyağı 1L,334.0,261.64,0,0,2023,12,14,3,50,4,0,0,1.0544685138539043,330.0,300.0,324.0,323.0,280.2857142857143,291.4107142857143,48.84572409029036
2023-12-15,SARDL,Sardalya Konservesi,425.0,26.65,0,0,2023,12,15,4,50,4,0,0,1.0041446872645063,448.0,376.0,394.0,461.0,388.42857142857144,401.5357142857143,91.71669630417371
2023-12-15,SOMON,Somon Konservesi,196.0,82.23,0,0,2023,12,15,4,50,4,0,0,1.07279843444227,205.0,193.0,232.0,182.0,178.14285714285714,188.83928571428572,28.31035482780416
2023-12-15,TON160,Ton Balığı Konservesi 160g,567.0,58.61,0,0,2023,12,15,4,50,4,0,0,1.0359699513919576,551.0,593.0,590.0,551.0,480.66964285714283,505.2388392857143,143.17003801154164
2023-12-15,TON80,Ton Balığı Konservesi 80g,1100.0,35.3,0,0,2023,12,15,4,50,4,0,0,1.0690490611750452,938.0,921.0,842.0,930.0,825.1428571428571,827.75,154.29563460170286
2023-12-15,ZEYTY,Zeytinyağı 1L,318.0,262.4,0,0,2023,12,15,4,50,4,0,0,1.0575314861460956,334.0,316.0,359.0,286.0,285.14285714285717,291.80357142857144,52.67329674964533
2023-12-16,SARDL,Sardalya Konservesi,315.0,27.58,0,0,2023,12,16,5,50,4,1,0,1.0391861341371513,425.0,266.0,261.0,297.0,395.42857142857144,400.25,92.47676670900671
2023-12-16,SOMON,Somon Konservesi,154.0,81.95,0,0,2023,12,16,5,50,4,1,0,1.0691454664057403,196.0,139.0,190.0,169.0,178.57142857142858,189.33928571428572,28.594038672755406
2023-12-16,TON160,Ton Balığı Konservesi 160g,401.0,58.85,0,0,2023,12,16,5,50,4,1,0,1.0402121078214759,567.0,387.0,393.0,400.0,476.95535714285717,505.81026785714283,140.07391424134954
2023-12-16,TON80,Ton Balığı Konservesi 80g,834.0,34.84,1,0,2023,12,16,5,50,4,1,0,1.0551181102362204,1100.0,576.0,692.0,572.0,850.7142857142857,833.8214285714286,184.67242555916192
2023-12-16,ZEYTY,Zeytinyağı 1L,232.0,257.63,0,0,2023,12,16,5,50,4,1,0,1.0383073047858942,318.0,200.0,244.0,229.0,285.42857142857144,292.94642857142856,52.87361390730781
2023-12-17,SARDL,Sardalya Konservesi,324.0,27.76,0,0,2023,12,17,6,50,4,1,0,1.0459683496608894,315.0,264.0,311.0,329.0,402.42857142857144,400.89285714285717,82.34653836654014
2023-12-17,SOMON,Somon Konservesi,157.0,78.39,0,0,2023,12,17,6,50,4,1,0,1.0227005870841486,154.0,148.0,148.0,135.0,180.71428571428572,188.80357142857142,25.53242569566681
2023-12-17,TON160,Ton Balığı Konservesi 160g,383.0,59.19,0,0,2023,12,17,6,50,4,1,0,1.0462218294299601,401.0,363.0,450.0,417.0,478.95535714285717,505.84598214285717,138.6683445643824
2023-12-17,TON80,Ton Balığı Konservesi 80g,553.0,34.56,0,0,2023,12,17,6,50,4,1,0,1.0466384009691097,834.0,653.0,816.0,688.0,887.5714285714286,843.1785714285714,141.37757618384404
2023-12-17,ZEYTY,Zeytinyağı 1L,249.0,265.37,0,0,2023,12,17,6,50,4,1,0,1.069501259445844,232.0,230.0,245.0,251.0,290.0,293.05357142857144,45.06291897632321
2023-12-18,SARDL,Sardalya Konservesi,415.0,26.95,0,0,2023,12,18,0,51,4,0,0,1.0154483798040694,324.0,440.0,427.0,372.0,411.0,400.7142857142857,67.28050733062568
2023-12-18,SOMON,Somon Konservesi,181.0,80.77,0,0,2023,12,18,0,51,4,0,0,1.0537508153946509,157.0,170.0,296.5,191.0,182.0,189.58928571428572,23.776739333502373
2023-12-18,TON160,Ton Balığı Konservesi 160g,575.0,58.15,0,0,2023,12,18,0,51,4,0,0,1.027839151568714,383.0,610.0,545.0,548.0,481.8125,504.63169642857144,136.0625478487134
2023-12-18,TON80,Ton Balığı Konservesi 80g,872.0,34.11,0,0,2023,12,18,0,51,4,0,0,1.0330102967898243,553.0,991.0,833.0,938.0,873.2857142857143,838.3571428571429,170.9831514952208
2023-12-18,ZEYTY,Zeytinyağı 1L,459.0,258.19,1,0,2023,12,18,0,51,4,0,0,1.0405642317380353,249.0,272.0,441.0,321.0,292.7142857142857,292.98214285714283,41.258188220498695
2023-12-19,SARDL,Sardalya Konservesi,408.0,27.98,0,0,2023,12,19,1,51,4,0,0,1.054257724189902,415.0,499.0,458.0,460.0,407.42857142857144,402.25,66.1383830637355
2023-12-19,SOMON,Somon Konservesi,198.0,83.15,0,0,2023,12,19,1,51,4,0,0,1.0848010437051532,181.0,215.0,211.0,179.0,183.57142857142858,189.23214285714286,23.20816769197934
2023-12-19,TON160,Ton Balığı Konservesi 160g,631.0,59.37,0,0,2023,12,19,1,51,4,0,0,1.049403446752099,575.0,255.6875,535.0,555.0,476.8125,505.59598214285717,131.1201589907139
2023-12-19,TON80,Ton Balığı Konservesi 80g,1232.0,34.24,1,0,2023,12,19,1,51,4,0,0,1.03694730466384,872.0,866.0,887.0,938.0,856.2857142857143,836.0,163.06104612047673
2023-12-19,ZEYTY,Zeytinyağı 1L,321.0,258.49,0,0,2023,12,19,1,51,4,0,0,1.0417732997481108,459.0,314.0,300.0,281.0,319.42857142857144,297.9107142857143,73.5297154055354
2023-12-20,SARDL,Sardalya Konservesi,408.0,28.42,0,0,2023,12,20,2,51,4,0,0,1.0708364732479279,408.0,426.0,444.0,599.0,394.42857142857144,400.39285714285717,52.72209259521773
2023-12-20,SOMON,Somon Konservesi,189.0,77.22,0,0,2023,12,20,2,51,4,0,0,1.007436399217221,198.0,177.0,203.0,230.0,181.14285714285714,189.91071428571428,20.04518704850391
2023-12-20,TON160,Ton Balığı Konservesi 160g,783.0,58.11,1,0,2023,12,20,2,51,4,0,0,1.0271321254971277,631.0,605.0,597.0,587.0,530.4285714285714,508.31026785714283,98.2426539117255
2023-12-20,TON80,Ton Balığı Konservesi 80g,982.0,34.04,0,0,2023,12,20,2,51,4,0,0,1.0308903694730465,1232.0,831.0,757.0,932.0,908.5714285714286,846.5,216.58859399243235
2023-12-20,ZEYTY,Zeytinyağı 1L,315.0,257.11,0,0,2023,12,20,2,51,4,0,0,1.0362115869017632,321.0,330.0,268.0,333.0,320.42857142857144,299.3392857142857,73.49117212939498
2023-12-21,SARDL,Sardalya Konservesi,431.0,27.9,0,0,2023,12,21,3,51,4,0,0,1.0512434061793519,408.0,448.0,425.0,420.0,391.85714285714283,393.57142857142856,51.34662783938054
2023-12-21,SOMON,Somon Konservesi,189.0,78.83,0,0,2023,12,21,3,51,4,0,0,1.0284409654272666,189.0,205.0,214.0,181.0,182.85714285714286,188.44642857142858,20.144714537801462
2023-12-21,TON160,Ton Balığı Konservesi 160g,645.0,59.25,0,0,2023,12,21,3,51,4,0,0,1.0472823685373398,783.0,551.0,567.0,545.0,555.8571428571429,515.3102678571429,136.39089482247772
2023-12-21,TON80,Ton Balığı Konservesi 80g,901.0,34.62,0,0,2023,12,21,3,51,4,0,0,1.0484554815263476,982.0,938.0,839.0,955.0,930.1428571428571,848.2857142857143,215.08946090051907
2023-12-21,ZEYTY,Zeytinyağı 1L,322.0,266.61,0,0,2023,12,21,3,51,4,0,0,1.0744987405541562,315.0,334.0,300.0,351.0,318.2857142857143,298.69642857142856,73.38418150554027
2023-12-22,SARDL,Sardalya Konservesi,436.0,27.26,0,0,2023,12,22,4,51,4,0,0,1.027128862094951,431.0,425.0,376.0,464.0,389.42857142857144,393.9642857142857,48.575910157388705
2023-12-22,SOMON,Somon Konservesi,196.0,79.67,0,0,2023,12,22,4,51,4,0,0,1.0393998695368558,189.0,196.0,193.0,209.0,180.57142857142858,188.73214285714286,18.00793475903606
2023-12-22,TON160,Ton Balığı Konservesi 160g,567.0,60.01,0,0,2023,12,22,4,51,4,0,0,1.0607158638974812,645.0,567.0,593.0,577.0,569.2857142857143,518.8816964285714,140.4014651938198
2023-12-22,TON80,Ton Balığı Konservesi 80g,913.0,34.4,0,0,2023,12,22,4,51,4,0,0,1.0417928528164748,901.0,1100.0,921.0,952.0,924.8571428571429,846.3571428571429,215.31870066750488
2023-12-22,ZEYTY,Zeytinyağı 1L,283.0,260.41,0,0,2023,12,22,4,51,4,0,0,1.0495113350125946,322.0,318.0,316.0,284.0,316.57142857142856,297.6607142857143,73.09550178329967
2023-12-23,SARDL,Sardalya Konservesi,299.0,27.1,0,0,2023,12,23,5,51,4,1,0,1.0211002260738509,436.0,315.0,266.0,304.0,391.0,392.9642857142857,50.07327963428188
2023-12-23,SOMON,Somon Konservesi,142.0,79.93,0,0,2023,12,23,5,51,4,1,0,1.0427919112850619,196.0,154.0,139.0,152.0,180.57142857142858,188.26785714285714,18.00793475903606
2023-12-23,TON160,Ton Balığı Konservesi 160g,372.0,59.28,0,0,2023,12,23,5,51,4,1,0,1.0478126380910295,567.0,401.0,387.0,434.0,569.2857142857143,518.5245535714286,140.4014651938198
2023-12-23,TON80,Ton Balığı Konservesi 80g,428.75,35.21,0,0,2023,12,23,5,51,4,1,0,1.0663234403391884,913.0,834.0,576.0,699.0,898.1428571428571,844.9642857142857,201.09817550260323
2023-12-23,ZEYTY,Zeytinyağı 1L,224.0,258.17,0,0,2023,12,23,5,51,4,1,0,1.0404836272040303,283.0,232.0,200.0,255.0,311.57142857142856,297.625,74.17065264837369
2023-12-24,SARDL,Sardalya Konservesi,275.0,27.86,0,0,2023,12,24,6,51,4,1,0,1.049736247174077,299.0,324.0,264.0,382.0,388.7142857142857,392.7857142857143,54.30688810121368
2023-12-24,SOMON,Somon Konservesi,135.0,81.37,0,0,2023,12,24,6,51,4,1,0,1.0615786040443576,142.0,157.0,148.0,135.0,178.85714285714286,187.91071428571428,21.24012375535607
2023-12-24,TON160,Ton Balığı Konservesi 160g,351.0,59.76,0,0,2023,12,24,6,51,4,1,0,1.0562969509500661,372.0,383.0,363.0,367.0,565.1428571428571,516.3102678571429,146.4905327673982
2023-12-24,TON80,Ton Balığı Konservesi 80g,628.0,34.19,0,0,2023,12,24,6,51,4,1,0,1.0354330708661417,428.75,553.0,653.0,598.0,840.25,835.3125,269.3811194200503
2023-12-24,ZEYTY,Zeytinyağı 1L,229.0,255.54,0,0,2023,12,24,6,51,4,1,0,1.0298841309823676,224.0,249.0,230.0,225.0,310.42857142857144,296.51785714285717,75.64799433969837
2023-12-25,SARDL,Sardalya Konservesi,443.0,28.2,0,0,2023,12,25,0,52,4,0,0,1.062547098718915,275.0,415.0,440.0,460.0,381.7142857142857,388.9642857142857,65.948753553329
2023-12-25,SOMON,Somon Konservesi,181.0,82.35,0,0,2023,12,25,0,52,4,0,0,1.0743639921722112,135.0,181.0,170.0,199.0,175.71428571428572,187.91071428571428,26.087763962659032
2023-12-25,TON160,Ton Balığı Konservesi 160g,597.0,57.82,0,0,2023,12,25,0,52,4,0,0,1.0220061864781262,351.0,575.0,610.0,475.0,560.5714285714286,515.7388392857143,153.45559308027526
2023-12-25,TON80,Ton Balığı Konservesi 80g,842.0,33.72,0,0,2023,12,25,0,52,4,0,0,1.021199273167777,628.0,872.0,991.0,847.0,850.9642857142857,836.3839285714286,257.2712749775436
2023-12-25,ZEYTY,Zeytinyağı 1L,322.0,257.69,0,0,2023,12,25,0,52,4,0,0,1.0385491183879094,229.0,459.0,272.0,255.5,307.57142857142856,296.6607142857143,78.67201353903245
2023-12-26,SARDL,Sardalya Konservesi,434.0,28.15,0,0,2023,12,26,1,52,4,0,0,1.060663149962321,443.0,408.0,499.0,455.0,385.7142857142857,388.35714285714283,69.07897481798932
2023-12-26,SOMON,Somon Konservesi,227.0,81.46,0,0,2023,12,26,1,52,4,0,0,1.0627527723418133,181.0,198.0,215.0,178.0,175.71428571428572,187.26785714285714,26.087763962659032
2023-12-26,TON160,Ton Balığı Konservesi 160g,538.0,57.33,0,0,2023,12,26,1,52,4,0,0,1.0133451171011931,597.0,631.0,255.6875,538.0,563.7142857142857,520.0959821428571,154.02458059858955
2023-12-26,TON80,Ton Balığı Konservesi 80g,964.0,34.33,0,0,2023,12,26,1,52,4,0,0,1.039672925499697,842.0,1232.0,866.0,891.0,846.6785714285714,836.2053571428571,257.11227744758736
2023-12-26,ZEYTY,Zeytinyağı 1L,296.0,260.62,0,0,2023,12,26,1,52,4,0,0,1.0503576826196475,322.0,321.0,314.0,286.0,288.0,299.0357142857143,44.21915120548269
2023-12-27,SARDL,Sardalya Konservesi,203.0,27.22,0,0,2023,12,27,2,52,4,0,0,1.025621703089676,434.0,408.0,426.0,398.0,389.42857142857144,387.60714285714283,71.14505638214575
2023-12-27,SOMON,Somon Konservesi,204.0,80.21,0,0,2023,12,27,2,52,4,0,0,1.0464448793215915,227.0,189.0,177.0,209.0,179.85714285714286,189.01785714285714,31.87699573584126
2023-12-27,TON160,Ton Balığı Konservesi 160g,535.0,58.19,0,0,2023,12,27,2,52,4,0,0,1.0285461776403004,538.0,783.0,605.0,508.0,550.4285714285714,520.0959821428571,151.23916726260333
2023-12-27,TON80,Ton Balığı Konservesi 80g,915.0,34.86,0,0,2023,12,27,2,52,4,0,0,1.0557238037552996,964.0,982.0,831.0,879.0,808.3928571428571,838.8125,204.80538817084087
2023-12-27,ZEYTY,Zeytinyağı 1L,322.0,257.98,0,0,2023,12,27,2,52,4,0,0,1.0397178841309824,296.0,315.0,330.0,336.0,284.42857142857144,299.39285714285717,42.066840238114615
2023-12-28,SARDL,Sardalya Konservesi,393.0,28.22,0,0,2023,12,28,3,52,4,0,0,1.0633006782215524,203.0,431.0,448.0,403.0,360.14285714285717,380.64285714285717,98.97546593546517
2023-12-28,SOMON,Somon Konservesi,192.0,78.96,0,0,2023,12,28,3,52,4,0,0,1.0301369863013696,204.0,189.0,205.0,197.0,182.0,188.83928571428572,33.075670817082234
2023-12-28,TON160,Ton Balığı Konservesi 160g,523.5,59.68,0,0,2023,12,28,3,52,4,0,0,1.0548828988068935,535.0,645.0,551.0,603.0,515.0,521.0602678571429,111.506352584356
2023-12-28,TON80,Ton Balığı Konservesi 80g,891.0,35.27,0,0,2023,12,28,3,52,4,0,0,1.0681405208964263,915.0,901.0,938.0,916.0,798.8214285714286,840.0982142857143,196.74680822727032
2023-12-28,ZEYTY,Zeytinyağı 1L,327.0,266.29,0,0,2023,12,28,3,52,4,0,0,1.0732090680100757,322.0,322.0,334.0,324.0,285.42857142857144,298.89285714285717,42.98781665719243
2023-12-29,SARDL,Sardalya Konservesi,426.0,27.26,0,0,2023,12,29,4,52,4,0,0,1.027128862094951,393.0,436.0,425.0,394.0,354.7142857142857,380.2857142857143,95.41962461624084
2023-12-29,SOMON,Somon Konservesi,212.0,83.06,0,0,2023,12,29,4,52,4,0,0,1.0836268754076972,192.0,196.0,196.0,232.0,182.42857142857142,188.66071428571428,33.2006884610199
2023-12-29,TON160,Ton Balığı Konservesi 160g,512.0,60.92,0,0,2023,12,29,4,52,4,0,0,1.0768007070260717,523.5,567.0,567.0,590.0,497.64285714285717,518.2209821428571,96.32008889016659
2023-12-29,TON80,Ton Balığı Konservesi 80g,894.0,34.96,0,0,2023,12,29,4,52,4,0,0,1.0587522713506965,891.0,913.0,1100.0,842.0,797.3928571428571,839.2053571428571,195.91579064437036
2023-12-29,ZEYTY,Zeytinyağı 1L,330.0,256.75,0,0,2023,12,29,4,52,4,0,0,1.0347607052896726,327.0,283.0,318.0,359.0,286.14285714285717,299.0,43.731866990516195
2023-12-30,SARDL,Sardalya Konservesi,310.0,27.68,0,0,2023,12,30,5,52,4,1,0,1.0429540316503392,426.0,299.0,315.0,261.0,353.2857142857143,381.42857142857144,94.06507372684958
2023-12-30,SOMON,Somon Konservesi,121.0,81.23,0,0,2023,12,30,5,52,4,1,0,1.0597521200260926,212.0,142.0,154.0,190.0,184.71428571428572,187.94642857142858,34.802846079567715
2023-12-30,TON160,Ton Balığı Konservesi 160g,522.0,58.93,0,0,2023,12,30,5,52,4,1,0,1.0416261599646486,512.0,372.0,401.0,393.0,489.7857142857143,515.4352678571429,91.8594293576051
2023-12-30,TON80,Ton Balığı Konservesi 80g,614.0,34.89,0,0,2023,12,30,5,52,4,1,0,1.0566323440339187,894.0,428.75,834.0,692.0,794.6785714285714,841.0625,194.1710325485025
2023-12-30,ZEYTY,Zeytinyağı 1L,245.0,269.15,0,0,2023,12,30,5,52,4,1,0,1.0847355163727959,330.0,224.0,232.0,244.0,292.85714285714283,297.9642857142857,46.67771977945716
2023-12-31,SARDL,Sardalya Konservesi,314.0,27.73,0,0,2023,12,31,6,52,4,1,0,1.044837980406933,310.0,275.0,324.0,311.0,354.85714285714283,383.17857142857144,93.0939105982542
2023-12-31,SOMON,Somon Konservesi,102.5,79.42,1,0,2023,12,31,6,52,4,1,0,1.0361382909328114,121.0,135.0,157.0,148.0,181.71428571428572,185.48214285714286,39.66406554096643
2023-12-31,TON160,Ton Balığı Konservesi 160g,367.0,59.21,0,0,2023,12,31,6,52,4,1,0,1.0465753424657533,522.0,351.0,383.0,450.0,511.2142857142857,520.0424107142857,75.91544481793419
2023-12-31,TON80,Ton Balığı Konservesi 80g,637.0,33.02,0,0,2023,12,31,6,52,4,1,0,1.0,614.0,628.0,553.0,816.0,821.1428571428571,838.2767857142857,141.4524991783774
2023-12-31,ZEYTY,Zeytinyağı 1L,242.0,263.18,0,0,2023,12,31,6,52,4,1,0,1.0606750629722923,245.0,229.0,249.0,245.0,295.85714285714283,298.0,41.95008371635894
2024-01-01,SARDL,Sardalya Konservesi,203.0,28.58,0,1,2024,1,1,0,1,1,0,0,1.0768651092690278,314.0,443.0,415.0,427.0,360.42857142857144,383.2857142857143,88.57549913841083
2024-01-01,SOMON,Somon Konservesi,84.0,81.26,0,1,2024,1,1,0,1,1,0,0,1.060143509458578,102.5,181.0,181.0,296.5,177.07142857142858,183.85714285714286,47.22501859133953
2024-01-01,TON160,Ton Balığı Konservesi 160g,255.6875,59.14,0,1,2024,1,1,0,1,1,0,0,1.0453380468404772,367.0,597.0,575.0,545.0,513.5,517.078125,70.32247151515685
2024-01-01,TON80,Ton Balığı Konservesi 80g,428.75,35.71,0,1,2024,1,1,0,1,1,0,0,1.0814657783161719,637.0,842.0,872.0,833.0,822.4285714285714,831.8839285714286,139.43081575086518
2024-01-01,ZEYTY,Zeytinyağı 1L,139.0,267.9,0,1,2024,1,1,0,1,1,0,0,1.079697732997481,242.0,322.0,459.0,441.0,297.7142857142857,297.89285714285717,38.65537601987715
2024-01-02,SARDL,Sardalya Konservesi,396.0,27.94,0,0,2024,1,2,1,1,1,0,0,1.052750565184627,203.0,434.0,408.0,458.0,326.14285714285717,375.2857142857143,97.30609534081442
2024-01-02,SOMON,Somon Konservesi,191.0,80.9,0,0,2024,1,2,1,1,1,0,0,1.0554468362687541,84.0,227.0,198.0,211.0,163.21428571428572,176.26785714285714,58.71389468065805
2024-01-02,TON160,Ton Balığı Konservesi 160g,542.0,59.07,0,0,2024,1,2,1,1,1,0,0,1.044100751215201,255.6875,538.0,631.0,535.0,464.74107142857144,506.7455357142857,109.9427906899879
2024-01-02,TON80,Ton Balığı Konservesi 80g,991.0,35.4,0,0,2024,1,2,1,1,1,0,0,1.072077528770442,428.75,964.0,1232.0,887.0,763.3928571428571,817.4464285714286,202.83366836846545
2024-01-02,ZEYTY,Zeytinyağı 1L,347.0,263.42,0,0,2024,1,2,1,1,1,0,0,1.0616423173803526,139.0,296.0,321.0,300.0,271.57142857142856,287.10714285714283,69.26003451451932
2024-01-03,SARDL,Sardalya Konservesi,653.0,27.51,0,0,2024,1,3,2,1,1,0,0,1.0365486058779203,396.0,203.0,408.0,444.0,320.7142857142857,373.07142857142856,91.15136547836728
2024-01-03,SOMON,Somon Konservesi,176.0,81.18,0,0,2024,1,3,2,1,1,0,0,1.0590998043052837,191.0,204.0,189.0,203.0,158.07142857142858,175.55357142857142,53.54470762162857
2024-01-03,TON160,Ton Balığı Konservesi 160g,551.0,59.53,0,0,2024,1,3,2,1,1,0,0,1.0522315510384446,542.0,535.0,783.0,597.0,465.3125,506.9955357142857,110.39647417565823
2024-01-03,TON80,Ton Balığı Konservesi 80g,916.0,34.8,0,0,2024,1,3,2,1,1,0,0,1.0539067231980617,991.0,915.0,982.0,757.0,767.25,821.1607142857143,207.48760003110013
2024-01-03,ZEYTY,Zeytinyağı 1L,282.0,254.9,0,0,2024,1,3,2,1,1,0,0,1.0273047858942066,347.0,322.0,315.0,268.0,278.85714285714283,288.7857142857143,74.72489226361951
2024-01-04,SARDL,Sardalya Konservesi,401.0,27.66,0,0,2024,1,4,3,1,1,0,0,1.0422004521477015,653.0,393.0,431.0,425.0,385.0,380.5357142857143,139.92855319769313
2024-01-04,SOMON,Somon Konservesi,189.0,78.07,0,0,2024,1,4,3,1,1,0,0,1.0185257664709717,176.0,192.0,189.0,214.0,154.07142857142858,174.58928571428572,50.50117867554202
2024-01-04,TON160,Ton Balığı Konservesi 160g,569.0,58.43,0,0,2024,1,4,3,1,1,0,0,1.0327883340698187,551.0,523.5,645.0,567.0,467.5982142857143,505.35267857142856,112.23020807988762
2024-01-04,TON80,Ton Balığı Konservesi 80g,879.0,34.32,0,0,2024,1,4,3,1,1,0,0,1.0393700787401574,916.0,891.0,901.0,839.0,767.3928571428571,826.8392857142857,207.60659195653844
2024-01-04,ZEYTY,Zeytinyağı 1L,322.0,261.43,0,0,2024,1,4,3,1,1,0,0,1.0536221662468515,282.0,327.0,322.0,300.0,273.14285714285717,289.2857142857143,72.36810662952901
2024-01-05,SARDL,Sardalya Konservesi,487.0,29.1,0,0,2024,1,5,4,1,1,0,0,1.0964581763376038,401.0,426.0,436.0,376.0,386.14285714285717,379.67857142857144,140.0374099677505
2024-01-05,SOMON,Somon Konservesi,175.0,81.0,0,0,2024,1,5,4,1,1,0,0,1.0567514677103718,189.0,212.0,196.0,193.0,153.64285714285714,173.69642857142858,50.13707401191421
2024-01-05,TON160,Ton Balığı Konservesi 160g,574.0,59.73,0,0,2024,1,5,4,1,1,0,0,1.0557666813963764,569.0,512.0,567.0,593.0,474.0982142857143,505.42410714285717,117.21439056555668
2024-01-05,TON80,Ton Balığı Konservesi 80g,988.0,35.18,0,0,2024,1,5,4,1,1,0,0,1.0654149000605693,879.0,894.0,913.0,921.0,765.6785714285714,828.2678571428571,206.4621996418509
2024-01-05,ZEYTY,Zeytinyağı 1L,461.0,257.84,1,0,2024,1,5,4,1,1,0,0,1.039153652392947,322.0,330.0,283.0,316.0,272.42857142857144,290.07142857142856,71.7701357178068
2024-01-06,SARDL,Sardalya Konservesi,444.5,27.87,0,0,2024,1,6,5,1,1,1,0,1.0501130369253957,487.0,310.0,299.0,266.0,394.85714285714283,383.64285714285717,144.74970186662165
2024-01-06,SOMON,Somon Konservesi,132.0,80.91,0,0,2024,1,6,5,1,1,1,0,1.0555772994129158,175.0,121.0,142.0,139.0,148.35714285714286,173.05357142857142,44.604478741596054
2024-01-06,TON160,Ton Balığı Konservesi 160g,400.0,57.56,0,0,2024,1,6,5,1,1,1,0,1.017410517012815,574.0,522.0,372.0,387.0,482.95535714285717,504.7455357142857,122.76668841435072
2024-01-06,TON80,Ton Balığı Konservesi 80g,621.0,34.67,0,0,2024,1,6,5,1,1,1,0,1.049969715324046,988.0,614.0,428.75,576.0,779.1071428571429,830.6607142857143,218.88276243339803
2024-01-06,ZEYTY,Zeytinyağı 1L,219.0,251.03,0,0,2024,1,6,5,1,1,1,0,1.0117078085642317,461.0,245.0,224.0,200.0,291.14285714285717,295.25,100.5806949194337
2024-01-07,SARDL,Sardalya Konservesi,402.0,28.35,1,0,2024,1,7,6,1,1,1,0,1.0681989449886964,444.5,314.0,275.0,264.0,414.07142857142856,390.01785714285717,140.47195110632856
2024-01-07,SOMON,Somon Konservesi,159.0,79.34,0,0,2024,1,7,6,1,1,1,0,1.0350945857795173,132.0,102.5,135.0,148.0,149.92857142857142,172.80357142857142,43.66389485931924
2024-01-07,TON160,Ton Balığı Konservesi 160g,389.0,57.25,0,0,2024,1,7,6,1,1,1,0,1.0119310649580202,400.0,367.0,351.0,363.0,465.5267857142857,505.20982142857144,124.94050593110921
2024-01-07,TON80,Ton Balığı Konservesi 80g,675.0,34.78,0,0,2024,1,7,6,1,1,1,0,1.0533010296789824,621.0,637.0,628.0,653.0,780.1071428571429,832.2678571428571,218.0170032141424
2024-01-07,ZEYTY,Zeytinyağı 1L,199.0,258.28,0,0,2024,1,7,6,1,1,1,0,1.0409269521410578,219.0,242.0,229.0,230.0,287.42857142857144,295.92857142857144,103.0191845286711
2024-01-08,SARDL,Sardalya Konservesi,417.0,28.45,0,0,2024,1,8,0,2,1,0,0,1.071966842501884,402.0,203.0,443.0,440.0,426.64285714285717,394.94642857142856,133.80293789927015
2024-01-08,SOMON,Somon Konservesi,186.0,80.81,0,0,2024,1,8,0,2,1,0,0,1.0542726679712981,159.0,84.0,181.0,170.0,158.0,173.19642857142858,38.33188403057314
2024-01-08,TON160,Ton Balığı Konservesi 160g,599.0,60.42,0,0,2024,1,8,0,2,1,0,0,1.0679628811312416,389.0,255.6875,597.0,610.0,468.66964285714283,506.13839285714283,122.29776415601239
2024-01-08,TON80,Ton Balığı Konservesi 80g,993.0,33.78,1,0,2024,1,8,0,2,1,0,0,1.023016353725015,675.0,428.75,842.0,991.0,785.5357142857143,833.0535714285714,214.30121074919438
2024-01-08,ZEYTY,Zeytinyağı 1L,285.0,268.68,0,0,2024,1,8,0,2,1,0,0,1.0828413098236775,199.0,139.0,322.0,272.0,281.2857142857143,294.82142857142856,107.3696330218098
2024-01-09,SARDL,Sardalya Konservesi,416.0,28.88,0,0,2024,1,9,1,2,1,0,0,1.0881688018085909,417.0,396.0,434.0,499.0,457.2142857142857,394.125,92.15379226364627
2024-01-09,SOMON,Somon Konservesi,177.0,81.07,0,0,2024,1,9,1,2,1,0,0,1.057664709719504,186.0,191.0,227.0,215.0,172.57142857142858,173.76785714285714,20.967094400966236
2024-01-09,TON160,Ton Balığı Konservesi 160g,582.0,60.05,0,0,2024,1,9,1,2,1,0,0,1.0614228899690674,599.0,542.0,538.0,255.6875,517.7142857142857,505.7455357142857,86.14660814703117
2024-01-09,TON80,Ton Balığı Konservesi 80g,813.0,34.41,0,0,2024,1,9,1,2,1,0,0,1.0420956995760144,993.0,991.0,964.0,866.0,866.1428571428571,833.125,155.89144574716846
2024-01-09,ZEYTY,Zeytinyağı 1L,467.0,257.88,0,0,2024,1,9,1,2,1,0,0,1.039314861460957,285.0,347.0,296.0,314.0,302.14285714285717,295.2857142857143,87.45747265848422
2024-01-10,SARDL,Sardalya Konservesi,441.0,29.29,0,0,2024,1,10,2,2,1,0,0,1.10361718161266,416.0,653.0,203.0,426.0,460.07142857142856,391.1607142857143,90.22953533970403
2024-01-10,SOMON,Somon Konservesi,218.0,81.41,0,0,2024,1,10,2,2,1,0,0,1.0621004566210044,177.0,176.0,204.0,177.0,170.57142857142858,172.41071428571428,19.535072245042475
2024-01-10,TON160,Ton Balığı Konservesi 160g,530.0,59.31,0,0,2024,1,10,2,2,1,0,0,1.0483429076447195,582.0,551.0,535.0,605.0,523.4285714285714,517.3995535714286,89.29512331375707
2024-01-10,TON80,Ton Balığı Konservesi 80g,891.0,34.45,0,0,2024,1,10,2,2,1,0,0,1.0433070866141732,813.0,916.0,915.0,831.0,840.7142857142857,831.2321428571429,146.35654442230285
2024-01-10,ZEYTY,Zeytinyağı 1L,292.0,264.39,0,0,2024,1,10,2,2,1,0,0,1.065551637279597,467.0,282.0,322.0,330.0,319.2857142857143,300.75,107.23916306666175
2024-01-11,SARDL,Sardalya Konservesi,416.0,28.75,0,0,2024,1,11,3,2,1,0,0,1.0832705350414469,441.0,401.0,393.0,448.0,429.7857142857143,391.69642857142856,30.46836767159006
2024-01-11,SOMON,Somon Konservesi,235.0,81.88,0,0,2024,1,11,3,2,1,0,0,1.0682322243966078,218.0,189.0,192.0,205.0,176.57142857142858,173.875,26.638675785763674
2024-01-11,TON160,Ton Balığı Konservesi 160g,589.0,62.89,0,0,2024,1,11,3,2,1,0,0,1.1116217410517013,530.0,569.0,523.5,551.0,520.4285714285714,514.7209821428571,88.56420861510075
2024-01-11,TON80,Ton Balığı Konservesi 80g,1006.0,34.5,0,0,2024,1,11,3,2,1,0,0,1.0448213204118715,891.0,879.0,891.0,938.0,837.1428571428571,833.375,144.50654953026265
2024-01-11,ZEYTY,Zeytinyağı 1L,328.0,264.65,0,0,2024,1,11,3,2,1,0,0,1.0665994962216623,292.0,322.0,327.0,334.0,320.7142857142857,299.39285714285717,106.72505842227527
2024-01-12,SARDL,Sardalya Konservesi,354.0,27.25,0,0,2024,1,12,4,2,1,0,0,1.0267520723436323,416.0,487.0,426.0,425.0,431.92857142857144,390.55357142857144,28.575089051225824
2024-01-12,SOMON,Somon Konservesi,203.0,77.7,0,0,2024,1,12,4,2,1,0,0,1.0136986301369864,235.0,175.0,212.0,196.0,183.14285714285714,174.94642857142858,34.67673846364704
2024-01-12,TON160,Ton Balığı Konservesi 160g,824.1875,58.29,0,0,2024,1,12,4,2,1,0,0,1.0303137428192664,589.0,574.0,512.0,567.0,523.2857142857143,516.078125,90.68942291453543
2024-01-12,TON80,Ton Balığı Konservesi 80g,923.0,35.05,0,0,2024,1,12,4,2,1,0,0,1.0614778921865533,1006.0,988.0,894.0,1100.0,855.2857142857143,835.8035714285714,157.98176507191442
2024-01-12,ZEYTY,Zeytinyağı 1L,331.0,273.35,0,0,2024,1,12,4,2,1,0,0,1.101662468513854,328.0,461.0,330.0,318.0,321.57142857142856,299.17857142857144,106.76119323495945
2024-01-13,SARDL,Sardalya Konservesi,408.5,28.7,0,0,2024,1,13,5,2,1,1,0,1.081386586284853,354.0,444.5,310.0,315.0,412.92857142857144,388.01785714285717,30.033909407292185
2024-01-13,SOMON,Somon Konservesi,141.0,78.68,0,0,2024,1,13,5,2,1,1,0,1.0264840182648403,203.0,132.0,121.0,154.0,187.14285714285714,175.19642857142858,35.191990430724154
2024-01-13,TON160,Ton Balığı Konservesi 160g,584.0,59.15,1,0,2024,1,13,5,2,1,1,0,1.0455148033583737,824.1875,400.0,522.0,401.0,559.0267857142857,525.2633928571429,146.27337712534958
2024-01-13,TON80,Ton Balığı Konservesi 80g,585.0,35.26,0,0,2024,1,13,5,2,1,1,0,1.0678376741368867,923.0,621.0,614.0,834.0,846.0,829.4821428571429,150.6198304783695
2024-01-13,ZEYTY,Zeytinyağı 1L,213.0,260.49,0,0,2024,1,13,5,2,1,1,0,1.0498337531486146,331.0,219.0,245.0,232.0,303.0,299.64285714285717,88.14949423186344
2024-01-14,SARDL,Sardalya Konservesi,463.0,27.3,1,0,2024,1,14,6,2,1,1,0,1.0286360211002261,408.5,402.0,314.0,324.0,407.7857142857143,391.35714285714283,26.61430871864107
2024-01-14,SOMON,Somon Konservesi,170.0,80.88,0,0,2024,1,14,6,2,1,1,0,1.0551859099804304,141.0,159.0,102.5,157.0,188.42857142857142,174.73214285714286,32.93355504070336
2024-01-14,TON160,Ton Balığı Konservesi 160g,324.0,59.78,0,0,2024,1,14,6,2,1,1,0,1.0566504639858594,584.0,389.0,367.0,383.0,585.3125,531.7991071428571,128.3698929931909
2024-01-14,TON80,Ton Balığı Konservesi 80g,640.0,35.56,0,0,2024,1,14,6,2,1,1,0,1.0769230769230769,585.0,675.0,637.0,553.0,840.8571428571429,820.5892857142857,159.9108382520572
2024-01-14,ZEYTY,Zeytinyağı 1L,214.0,257.41,0,0,2024,1,14,6,2,1,1,0,1.037420654911839,213.0,199.0,242.0,249.0,302.14285714285717,298.9642857142857,89.1261812851655
2024-01-15,SARDL,Sardalya Konservesi,482.0,28.65,0,0,2024,1,15,0,3,1,0,0,1.0795026375282593,463.0,417.0,203.0,415.0,416.5,396.32142857142856,33.49999999999597
2024-01-15,SOMON,Somon Konservesi,199.0,80.8,0,0,2024,1,15,0,3,1,0,0,1.0541422048271363,170.0,186.0,84.0,181.0,190.0,175.19642857142858,31.527765540868756
2024-01-15,TON160,Ton Balığı Konservesi 160g,552.0,59.53,0,0,2024,1,15,0,3,1,0,0,1.0522315510384446,324.0,599.0,255.6875,575.0,576.0267857142857,529.6919642857143,146.06792377402618
2024-01-15,TON80,Ton Balığı Konservesi 80g,824.0,35.32,0,0,2024,1,15,0,3,1,0,0,1.0696547546941246,640.0,993.0,428.75,872.0,835.8571428571429,823.6964285714286,166.3775110718861
2024-01-15,ZEYTY,Zeytinyağı 1L,321.0,268.53,0,0,2024,1,15,0,3,1,0,0,1.0822367758186398,214.0,285.0,139.0,459.0,304.2857142857143,297.7142857142857,86.37074019542008
2024-01-16,SARDL,Sardalya Konservesi,478.0,27.26,0,0,2024,1,16,1,3,1,0,0,1.027128862094951,482.0,416.0,396.0,408.0,425.7857142857143,398.7142857142857,41.673189965546406
2024-01-16,SOMON,Somon Konservesi,200.0,82.55,0,0,2024,1,16,1,3,1,0,0,1.0769732550554467,199.0,177.0,191.0,198.0,191.85714285714286,175.83928571428572,31.63557370760828
2024-01-16,TON160,Ton Balığı Konservesi 160g,554.0,56.87,0,0,2024,1,16,1,3,1,0,0,1.0052143172779495,552.0,582.0,542.0,631.0,569.3125,528.8705357142857,145.91605838203682
2024-01-16,TON80,Ton Balığı Konservesi 80g,830.5,33.77,0,0,2024,1,16,1,3,1,0,0,1.0227135069654754,824.0,813.0,991.0,1232.0,811.7142857142857,821.9821428571429,151.35797995228856
2024-01-16,ZEYTY,Zeytinyağı 1L,359.0,264.39,0,0,2024,1,16,1,3,1,0,0,1.065551637279597,321.0,467.0,347.0,321.0,309.42857142857144,292.7857142857143,86.10237538894636
2024-01-17,SARDL,Sardalya Konservesi,484.0,28.23,0,0,2024,1,17,2,3,1,0,0,1.063677467972871,478.0,441.0,653.0,408.0,434.64285714285717,401.2142857142857,45.646024184032775
2024-01-17,SOMON,Somon Konservesi,212.0,83.91,0,0,2024,1,17,2,3,1,0,0,1.094716242661448,200.0,218.0,176.0,189.0,195.14285714285714,175.91071428571428,31.023800387382984
2024-01-17,TON160,Ton Balığı Konservesi 160g,471.0,58.56,0,0,2024,1,17,2,3,1,0,0,1.0350861688024746,554.0,530.0,551.0,783.0,565.3125,526.1205357142857,145.8940691977687
2024-01-17,TON80,Ton Balığı Konservesi 80g,837.0,35.13,0,0,2024,1,17,2,3,1,0,0,1.063900666262871,830.5,891.0,916.0,982.0,814.2142857142857,807.6428571428571,151.52718599392452
2024-01-17,ZEYTY,Zeytinyağı 1L,353.0,249.17,0,0,2024,1,17,2,3,1,0,0,1.0042115869017632,359.0,292.0,282.0,315.0,294.0,294.14285714285717,58.372367892122845
2024-01-18,SARDL,Sardalya Konservesi,440.0,28.33,0,0,2024,1,18,3,3,1,0,0,1.0674453654860587,484.0,416.0,401.0,431.0,440.7857142857143,403.92857142857144,49.38442495940626
2024-01-18,SOMON,Somon Konservesi,171.0,84.055,0,0,2024,1,18,3,3,1,0,0,1.0966079582517938,212.0,235.0,189.0,189.0,194.28571428571428,176.73214285714286,30.362884611063482
2024-01-18,TON160,Ton Balığı Konservesi 160g,506.0,61.71,0,0,2024,1,18,3,3,1,0,0,1.0907644719399028,471.0,589.0,569.0,645.0,556.8839285714286,514.9776785714286,149.92279449115037
2024-01-18,TON80,Ton Balığı Konservesi 80g,983.0,34.27,0,0,2024,1,18,3,3,1,0,0,1.037855844942459,837.0,1006.0,879.0,901.0,806.5,802.4642857142857,148.30683283876684
2024-01-18,ZEYTY,Zeytinyağı 1L,327.0,261.86,0,0,2024,1,18,3,3,1,0,0,1.0553551637279597,353.0,328.0,322.0,322.0,302.7142857142857,295.5,62.43587186256061
2024-01-19,SARDL,Sardalya Konservesi,464.0,28.74,0,0,2024,1,19,4,3,1,0,0,1.0828937452901282,440.0,354.0,487.0,436.0,444.2142857142857,404.25,48.19565777714044
2024-01-19,SOMON,Somon Konservesi,190.0,84.2,0,0,2024,1,19,4,3,1,0,0,1.0984996738421395,171.0,203.0,175.0,196.0,185.14285714285714,176.08928571428572,25.268086403132703
2024-01-19,TON160,Ton Balığı Konservesi 160g,522.0,59.01,0,0,2024,1,19,4,3,1,0,0,1.0430402121078215,506.0,824.1875,574.0,567.0,545.0267857142857,510.01339285714283,150.2412810193039
2024-01-19,TON80,Ton Balığı Konservesi 80g,1020.0,34.06,0,0,2024,1,19,4,3,1,0,0,1.031496062992126,983.0,923.0,988.0,913.0,803.2142857142857,805.3928571428571,143.3212757940612
2024-01-19,ZEYTY,Zeytinyağı 1L,301.0,257.31,0,0,2024,1,19,4,3,1,0,0,1.0370176322418136,327.0,331.0,461.0,283.0,302.57142857142856,295.67857142857144,62.369482769639625
2024-01-20,SARDL,Sardalya Konservesi,298.0,28.65,0,0,2024,1,20,5,3,1,1,0,1.0795026375282593,464.0,408.5,444.5,299.0,459.92857142857144,405.25,27.267851295721297
2024-01-20,SOMON,Somon Konservesi,136.0,80.99,0,0,2024,1,20,5,3,1,1,0,1.0566210045662099,190.0,141.0,132.0,142.0,183.28571428571428,175.875,24.1916947574593
2024-01-20,TON160,Ton Balığı Konservesi 160g,450.0,59.82,0,0,2024,1,20,5,3,1,1,0,1.0573574900574458,522.0,584.0,400.0,372.0,501.85714285714283,508.40625,86.59181749532075
2024-01-20,TON80,Ton Balığı Konservesi 80g,677.0,34.27,0,0,2024,1,20,5,3,1,1,0,1.037855844942459,1020.0,585.0,621.0,428.75,817.0714285714286,809.2142857142857,160.4936209976948
2024-01-20,ZEYTY,Zeytinyağı 1L,272.0,264.27,0,0,2024,1,20,5,3,1,1,0,1.0650680100755667,301.0,213.0,219.0,224.0,298.2857142857143,296.32142857142856,61.1084126388347
2024-01-21,SARDL,Sardalya Konservesi,267.0,27.95,0,0,2024,1,21,6,3,1,1,0,1.0531273549359457,298.0,463.0,402.0,275.0,444.14285714285717,405.2142857142857,66.19775568055661
2024-01-21,SOMON,Somon Konservesi,130.0,79.37,0,0,2024,1,21,6,3,1,1,0,1.0354859752120027,136.0,170.0,159.0,135.0,182.57142857142858,175.66071428571428,25.676559627132725
2024-01-21,TON160,Ton Balığı Konservesi 160g,385.0,58.4,0,0,2024,1,21,6,3,1,1,0,1.032258064516129,450.0,324.0,389.0,351.0,482.7142857142857,511.1919642857143,79.96397998623007
2024-01-21,TON80,Ton Balığı Konservesi 80g,675.0,34.67,0,0,2024,1,21,6,3,1,1,0,1.049969715324046,677.0,640.0,675.0,628.0,830.2142857142857,818.0803571428571,140.89176021058674
2024-01-21,ZEYTY,Zeytinyağı 1L,252.0,267.03,0,0,2024,1,21,6,3,1,1,0,1.0761914357682618,272.0,214.0,199.0,229.0,306.7142857142857,298.0357142857143,50.53947066638198
2024-01-22,SARDL,Sardalya Konservesi,462.0,27.74,0,0,2024,1,22,0,4,1,0,0,1.0452147701582517,267.0,482.0,417.0,443.0,416.14285714285717,404.92857142857144,92.94160993410101
2024-01-22,SOMON,Somon Konservesi,169.0,81.22,0,0,2024,1,22,0,4,1,0,0,1.0596216568819308,130.0,199.0,186.0,181.0,176.85714285714286,175.48214285714286,32.488093056936656
2024-01-22,TON160,Ton Balığı Konservesi 160g,514.0,60.0,0,0,2024,1,22,0,4,1,0,0,1.0605391073795847,385.0,552.0,599.0,597.0,491.42857142857144,512.40625,60.816272884970054
2024-01-22,TON80,Ton Balığı Konservesi 80g,890.0,34.53,0,0,2024,1,22,0,4,1,0,0,1.0457298606904906,675.0,824.0,993.0,842.0,835.2142857142857,819.7589285714286,133.4403290934597
2024-01-22,ZEYTY,Zeytinyağı 1L,412.0,260.84,1,0,2024,1,22,0,4,1,0,0,1.0512443324937026,252.0,321.0,285.0,322.0,312.14285714285717,298.85714285714283,39.82640904152471
2024-01-23,SARDL,Sardalya Konservesi,400.0,28.38,0,0,2024,1,23,1,4,1,0,0,1.0693293142426525,462.0,478.0,416.0,434.0,413.2857142857143,405.60714285714283,90.86384371815785
2024-01-23,SOMON,Somon Konservesi,218.0,80.68,0,0,2024,1,23,1,4,1,0,0,1.0525766470971951,169.0,200.0,177.0,227.0,172.57142857142858,175.05357142857142,31.026102681758637
2024-01-23,TON160,Ton Balığı Konservesi 160g,579.0,59.48,0,0,2024,1,23,1,4,1,0,0,1.0513477684489614,514.0,554.0,582.0,538.0,486.0,509.4419642857143,56.01487897573975
2024-01-23,TON80,Ton Balığı Konservesi 80g,829.0,34.95,0,0,2024,1,23,1,4,1,0,0,1.0584494245911569,890.0,830.5,813.0,964.0,844.6428571428571,821.4732142857143,134.84024939587695
2024-01-23,ZEYTY,Zeytinyağı 1L,308.0,257.83,0,0,2024,1,23,1,4,1,0,0,1.0391133501259444,412.0,359.0,467.0,296.0,325.14285714285717,302.07142857142856,55.11632719811341
2024-01-24,SARDL,Sardalya Konservesi,538.0,28.79,0,0,2024,1,24,2,4,1,0,0,1.084777694046722,400.0,484.0,441.0,203.0,402.14285714285717,404.39285714285717,86.27171914253945
2024-01-24,SOMON,Somon Konservesi,208.0,82.12,0,0,2024,1,24,2,4,1,0,0,1.0713633398564906,218.0,212.0,218.0,204.0,175.14285714285714,174.73214285714286,34.2560387446677
2024-01-24,TON160,Ton Balığı Konservesi 160g,538.0,58.98,0,0,2024,1,24,2,4,1,0,0,1.0425099425541315,579.0,471.0,530.0,535.0,489.57142857142856,510.90625,61.592361925965676
2024-01-24,TON80,Ton Balığı Konservesi 80g,865.0,35.45,0,0,2024,1,24,2,4,1,0,0,1.0735917625681406,829.0,837.0,891.0,915.0,844.4285714285714,816.6517857142857,134.86766000151832
2024-01-24,ZEYTY,Zeytinyağı 1L,302.0,251.23,0,0,2024,1,24,2,4,1,0,0,1.0125138539042822,308.0,353.0,292.0,322.0,317.85714285714283,302.5,53.233537584961454
2024-01-25,SARDL,Sardalya Konservesi,427.0,27.57,0,0,2024,1,25,3,4,1,0,0,1.0388093443858328,538.0,440.0,416.0,393.0,409.85714285714283,416.35714285714283,96.60646729805015
2024-01-25,SOMON,Somon Konservesi,175.0,79.66,0,0,2024,1,25,3,4,1,0,0,1.039269406392694,208.0,171.0,235.0,192.0,174.57142857142858,174.875,33.56514632202624
2024-01-25,TON160,Ton Balığı Konservesi 160g,558.5,59.38,1,0,2024,1,25,3,4,1,0,0,1.0495802032699957,538.0,506.0,589.0,523.5,499.14285714285717,511.01339285714283,63.40459649854213
2024-01-25,TON80,Ton Balığı Konservesi 80g,830.0,34.78,0,0,2024,1,25,3,4,1,0,0,1.0533010296789824,865.0,983.0,1006.0,891.0,848.4285714285714,814.8660714285714,135.02574710384621
2024-01-25,ZEYTY,Zeytinyağı 1L,316.0,259.12,0,0,2024,1,25,3,4,1,0,0,1.0443123425692695,302.0,327.0,328.0,327.0,310.57142857142856,301.7857142857143,51.06811511062816
2024-01-26,SARDL,Sardalya Konservesi,431.0,27.74,0,0,2024,1,26,4,4,1,0,0,1.0452147701582517,427.0,464.0,354.0,426.0,408.0,417.57142857142856,96.05380436678725
2024-01-26,SOMON,Somon Konservesi,194.0,82.82,0,0,2024,1,26,4,4,1,0,0,1.0804957599478147,175.0,190.0,203.0,212.0,175.14285714285714,174.26785714285714,33.52823969645352
2024-01-26,TON160,Ton Balığı Konservesi 160g,579.0,60.21,0,0,2024,1,26,4,4,1,0,0,1.064250994255413,558.5,522.0,824.1875,512.0,506.64285714285717,512.2633928571429,67.33418787765194
2024-01-26,TON80,Ton Balığı Konservesi 80g,888.0,33.16,0,0,2024,1,26,4,4,1,0,0,1.0042398546335551,830.0,1020.0,923.0,894.0,826.5714285714286,812.6875,121.29695948766293
2024-01-26,ZEYTY,Zeytinyağı 1L,330.0,262.82,0,0,2024,1,26,4,4,1,0,0,1.0592241813602015,316.0,301.0,331.0,330.0,309.0,301.39285714285717,50.64582904840229
2024-01-27,SARDL,Sardalya Konservesi,293.0,28.25,0,0,2024,1,27,5,4,1,1,0,1.0644310474755088,431.0,298.0,408.5,310.0,403.2857142857143,417.75,93.6264106003453
2024-01-27,SOMON,Somon Konservesi,141.0,81.02,0,0,2024,1,27,5,4,1,1,0,1.0570123939986953,194.0,136.0,141.0,121.0,175.71428571428572,173.625,33.85613822097966
2024-01-27,TON160,Ton Balığı Konservesi 160g,311.0,62.25,0,0,2024,1,27,5,4,1,1,0,1.100309323906319,579.0,450.0,584.0,522.0,514.7857142857143,514.65625,72.73115858125381
2024-01-27,TON80,Ton Balığı Konservesi 80g,685.0,36.65,0,0,2024,1,27,5,4,1,1,0,1.1099333737129011,888.0,677.0,585.0,614.0,807.7142857142857,812.4732142857143,93.22680995956786
2024-01-27,ZEYTY,Zeytinyağı 1L,218.0,262.12,0,0,2024,1,27,5,4,1,1,0,1.0564030226700252,330.0,272.0,213.0,245.0,313.14285714285717,301.39285714285717,51.06671639932911
2024-01-28,SARDL,Sardalya Konservesi,389.0,27.94,0,0,2024,1,28,6,4,1,1,0,1.052750565184627,293.0,267.0,463.0,314.0,402.57142857142856,417.14285714285717,94.57775838405173
2024-01-28,SOMON,Somon Konservesi,165.0,82.27,0,0,2024,1,28,6,4,1,1,0,1.0733202870189171,141.0,130.0,170.0,102.5,176.42857142857142,174.33928571428572,32.918369455655494
2024-01-28,TON160,Ton Balığı Konservesi 160g,352.0,59.75,0,0,2024,1,28,6,4,1,1,0,1.0561201944321696,311.0,385.0,324.0,367.0,494.92857142857144,507.1205357142857,105.12707729672917
2024-01-28,TON80,Ton Balığı Konservesi 80g,631.0,34.96,0,0,2024,1,28,6,4,1,1,0,1.0587522713506965,685.0,675.0,640.0,637.0,808.8571428571429,815.0089285714286,91.3882351498748
2024-01-28,ZEYTY,Zeytinyağı 1L,218.0,251.97,0,0,2024,1,28,6,4,1,1,0,1.0154962216624686,218.0,252.0,214.0,242.0,305.42857142857144,300.42857142857144,61.359207792737784
2024-01-29,SARDL,Sardalya Konservesi,485.0,28.37,0,0,2024,1,29,0,5,1,0,0,1.0689525244913338,389.0,462.0,482.0,203.0,420.0,419.82142857142856,74.55199527846148
2024-01-29,SOMON,Somon Konservesi,163.0,83.57,0,0,2024,1,29,0,5,1,0,0,1.0902804957599477,165.0,169.0,199.0,84.0,181.42857142857142,176.57142857142858,26.775966480266757
2024-01-29,TON160,Ton Balığı Konservesi 160g,592.0,59.5,0,0,2024,1,29,0,5,1,0,0,1.0517012814847546,352.0,514.0,552.0,255.6875,490.2142857142857,506.58482142857144,111.42929639568848
2024-01-29,TON80,Ton Balığı Konservesi 80g,941.0,34.99,0,0,2024,1,29,0,5,1,0,0,1.0596608116293156,631.0,890.0,824.0,428.75,802.5714285714286,814.7946428571429,102.91559185866012
2024-01-29,ZEYTY,Zeytinyağı 1L,332.0,257.23,0,0,2024,1,29,0,5,1,0,0,1.0366952141057935,218.0,412.0,321.0,139.0,300.57142857142856,299.57142857142856,67.34700474125813
2024-01-30,SARDL,Sardalya Konservesi,415.0,28.11,0,0,2024,1,30,1,5,1,0,0,1.059155990957046,485.0,400.0,478.0,396.0,423.2857142857143,429.89285714285717,77.17234886001062
2024-01-30,SOMON,Somon Konservesi,179.0,80.72,0,0,2024,1,30,1,5,1,0,0,1.053098499673842,163.0,218.0,200.0,191.0,180.57142857142858,179.39285714285714,27.33042957862844
2024-01-30,TON160,Ton Balığı Konservesi 160g,608.0,61.41,0,0,2024,1,30,1,5,1,0,0,1.0854617764030048,592.0,579.0,554.0,542.0,501.35714285714283,518.5959821428571,117.915476184467
2024-01-30,TON80,Ton Balığı Konservesi 80g,982.0,34.16,0,0,2024,1,30,1,5,1,0,0,1.0345245305875226,941.0,829.0,830.5,991.0,809.8571428571429,833.0892857142857,111.57722075081224
2024-01-30,ZEYTY,Zeytinyağı 1L,344.0,267.17,0,0,2024,1,30,1,5,1,0,0,1.0767556675062973,332.0,308.0,359.0,347.0,289.14285714285717,306.4642857142857,49.78429662530344
2024-01-31,SARDL,Sardalya Konservesi,448.0,28.51,0,0,2024,1,31,2,5,1,0,0,1.0742275810097965,415.0,538.0,484.0,653.0,425.42857142857144,430.57142857142856,76.62431542457965
2024-01-31,SOMON,Somon Konservesi,201.0,82.77,0,0,2024,1,31,2,5,1,0,0,1.0798434442270057,179.0,208.0,212.0,176.0,175.0,178.96428571428572,21.855586623713638
2024-01-31,TON160,Ton Balığı Konservesi 160g,545.0,61.48,0,0,2024,1,31,2,5,1,0,0,1.086699072028281,608.0,538.0,471.0,551.0,505.5,520.953125,121.55142944449511
2024-01-31,TON80,Ton Balığı Konservesi 80g,954.0,35.5,0,0,2024,1,31,2,5,1,0,0,1.0751059963658387,982.0,865.0,837.0,916.0,831.7142857142857,832.7678571428571,129.49866702751868
2024-01-31,ZEYTY,Zeytinyağı 1L,317.0,266.44,0,0,2024,1,31,2,5,1,0,0,1.0738136020151134,344.0,302.0,353.0,282.0,294.2857142857143,306.35714285714283,53.75783442350301
2024-02-01,SARDL,Sardalya Konservesi,451.0,28.02,0,0,2024,2,1,3,5,1,0,0,1.0557648831951771,448.0,427.0,440.0,401.0,412.57142857142856,423.25,60.425869578231406
2024-02-01,SOMON,Somon Konservesi,195.0,82.25,0,0,2024,2,1,3,5,1,0,0,1.0730593607305936,201.0,175.0,171.0,189.0,174.0,179.85714285714286,20.190756961209996
2024-02-01,TON160,Ton Balığı Konservesi 160g,623.0,61.69,0,0,2024,2,1,3,5,1,0,0,1.0904109589041096,545.0,558.5,506.0,569.0,506.5,520.7388392857143,121.89168689181969
2024-02-01,TON80,Ton Balığı Konservesi 80g,1219.0,35.31,1,0,2024,2,1,3,5,1,0,0,1.069351907934585,954.0,830.0,983.0,879.0,844.4285714285714,834.125,137.43708517336879
2024-02-01,ZEYTY,Zeytinyağı 1L,301.0,259.8,0,0,2024,2,1,3,5,1,0,0,1.0470528967254409,317.0,316.0,327.0,322.0,296.42857142857144,307.60714285714283,54.41157089828458
2024-02-02,SARDL,Sardalya Konservesi,416.0,27.92,0,0,2024,2,2,4,5,1,0,0,1.0519969856819895,451.0,431.0,464.0,487.0,416.0,425.0357142857143,62.04030947698221
2024-02-02,SOMON,Somon Konservesi,187.0,79.59,0,0,2024,2,2,4,5,1,0,0,1.0383561643835617,195.0,194.0,190.0,175.0,176.85714285714286,180.07142857142858,21.713502492140126
2024-02-02,TON160,Ton Balığı Konservesi 160g,605.0,60.19,0,0,2024,2,2,4,5,1,0,0,1.0638974812196198,623.0,579.0,522.0,574.0,515.7142857142857,522.6674107142857,128.72414210980327
2024-02-02,TON80,Ton Balığı Konservesi 80g,945.0,35.49,0,0,2024,2,2,4,5,1,0,0,1.074803149606299,1219.0,888.0,1020.0,988.0,900.0,846.2678571428571,196.558727441274
2024-02-02,ZEYTY,Zeytinyağı 1L,346.0,254.69,0,0,2024,2,2,4,5,1,0,0,1.0264584382871536,301.0,330.0,301.0,461.0,294.2857142857143,306.85714285714283,53.80431917518115
2024-02-03,SARDL,Sardalya Konservesi,302.0,27.08,0,0,2024,2,3,5,5,1,1,0,1.0203466465712132,416.0,293.0,298.0,444.5,413.85714285714283,422.5,61.69394506061821
2024-02-03,SOMON,Somon Konservesi,129.0,78.81,0,0,2024,2,3,5,5,1,1,0,1.0281800391389433,187.0,141.0,136.0,132.0,175.85714285714286,180.5,20.939823076525144
2024-02-03,TON160,Ton Balığı Konservesi 160g,439.0,60.09,0,0,2024,2,3,5,5,1,1,0,1.062129916040654,605.0,311.0,450.0,400.0,519.4285714285714,523.7745535714286,131.20576352032876
2024-02-03,TON80,Ton Balığı Konservesi 80g,615.0,34.78,0,0,2024,2,3,5,5,1,1,0,1.0533010296789824,945.0,685.0,677.0,621.0,908.1428571428571,844.7321428571429,197.15850524508429
2024-02-03,ZEYTY,Zeytinyağı 1L,206.0,261.76,0,0,2024,2,3,5,5,1,1,0,1.0549521410579346,346.0,218.0,272.0,219.0,296.57142857142856,302.75,55.874434054873284
2024-02-04,SARDL,Sardalya Konservesi,294.0,27.16,0,0,2024,2,4,6,5,1,1,0,1.0233609645817634,302.0,389.0,267.0,402.0,415.14285714285717,417.4107142857143,58.78046322667578
2024-02-04,SOMON,Somon Konservesi,178.0,78.93,1,0,2024,2,4,6,5,1,1,0,1.0297455968688844,129.0,165.0,130.0,159.0,174.14285714285714,180.39285714285714,24.463773022086635
2024-02-04,TON160,Ton Balığı Konservesi 160g,376.0,59.86,0,0,2024,2,4,6,5,1,1,0,1.0580645161290323,439.0,352.0,385.0,389.0,537.7142857142857,525.1674107142857,103.25972800938152
2024-02-04,TON80,Ton Balığı Konservesi 80g,724.0,35.1,0,0,2024,2,4,6,5,1,1,0,1.0629921259842519,615.0,631.0,675.0,675.0,898.1428571428571,844.5178571428571,211.60846593920232
2024-02-04,ZEYTY,Zeytinyağı 1L,337.5,258.4,0,0,2024,2,4,6,5,1,1,0,1.041410579345088,206.0,218.0,252.0,199.0,294.85714285714283,302.2857142857143,58.79463856347385
2024-02-05,SARDL,Sardalya Konservesi,382.0,28.49,0,0,2024,2,5,0,6,1,0,0,1.0734740015071589,294.0,485.0,462.0,417.0,401.57142857142856,413.55357142857144,74.64774420091607
2024-02-05,SOMON,Somon Konservesi,207.0,79.57,0,0,2024,2,5,0,6,1,0,0,1.038095238095238,178.0,163.0,169.0,186.0,176.0,181.07142857142858,24.14539293529895
2024-02-05,TON160,Ton Balığı Konservesi 160g,545.0,58.73,0,0,2024,2,5,0,6,1,0,0,1.0380910296067167,376.0,592.0,514.0,599.0,541.1428571428571,524.703125,96.22444001989763
2024-02-05,TON80,Ton Balığı Konservesi 80g,796.0,34.17,0,0,2024,2,5,0,6,1,0,0,1.0348273773470624,724.0,941.0,890.0,993.0,911.4285714285714,846.2678571428571,194.2480005412809
2024-02-05,ZEYTY,Zeytinyağı 1L,467.0,263.04,1,0,2024,2,5,0,6,1,0,0,1.060110831234257,337.5,332.0,412.0,285.0,311.92857142857144,307.23214285714283,49.349458432884916
2024-02-06,SARDL,Sardalya Konservesi,437.0,28.06,0,0,2024,2,6,1,6,1,0,0,1.0572720422004522,382.0,415.0,400.0,416.0,386.85714285714283,412.30357142857144,64.98827733119124
2024-02-06,SOMON,Somon Konservesi,207.0,81.95,0,0,2024,2,6,1,6,1,0,0,1.0691454664057403,207.0,179.0,218.0,177.0,182.28571428571428,181.82142857142858,25.863193188482164
2024-02-06,TON160,Ton Balığı Konservesi 160g,511.0,60.19,0,0,2024,2,6,1,6,1,0,0,1.0638974812196198,545.0,608.0,579.0,582.0,534.4285714285714,522.7745535714286,93.6907272943935
2024-02-06,TON80,Ton Balığı Konservesi 80g,906.0,35.17,0,0,2024,2,6,1,6,1,0,0,1.0651120533010296,796.0,982.0,829.0,813.0,890.7142857142857,839.2321428571429,198.2588495592847
2024-02-06,ZEYTY,Zeytinyağı 1L,263.0,261.06,0,0,2024,2,6,1,6,1,0,0,1.0521309823677583,467.0,344.0,308.0,467.0,331.2142857142857,313.73214285714283,77.08537320338233
2024-02-07,SARDL,Sardalya Konservesi,418.0,28.04,0,0,2024,2,7,2,6,1,0,0,1.0565184626978146,437.0,448.0,538.0,441.0,390.0,413.05357142857144,67.07458535093338
2024-02-07,SOMON,Somon Konservesi,200.0,83.3,0,0,2024,2,7,2,6,1,0,0,1.0867579908675797,207.0,201.0,208.0,218.0,186.28571428571428,182.89285714285714,27.39047453473718
2024-02-07,TON160,Ton Balığı Konservesi 160g,529.0,59.8,0,0,2024,2,7,2,6,1,0,0,1.0570039770216526,511.0,545.0,538.0,530.0,520.5714285714286,520.2388392857143,87.9959414648526
2024-02-07,TON80,Ton Balığı Konservesi 80g,919.0,35.18,0,0,2024,2,7,2,6,1,0,0,1.0654149000605693,906.0,954.0,865.0,891.0,879.8571428571429,842.5535714285714,194.47144483739112
2024-02-07,ZEYTY,Zeytinyağı 1L,316.0,261.96,0,0,2024,2,7,2,6,1,0,0,1.0557581863979848,263.0,317.0,302.0,292.0,319.64285714285717,306.44642857142856,80.83456061905805
2024-02-08,SARDL,Sardalya Konservesi,451.0,28.36,0,0,2024,2,8,3,6,1,0,0,1.068575734740015,418.0,451.0,427.0,416.0,385.7142857142857,412.23214285714283,63.62052678633729
2024-02-08,SOMON,Somon Konservesi,237.0,80.14,0,0,2024,2,8,3,6,1,0,0,1.0455316373124592,200.0,195.0,175.0,235.0,186.14285714285714,182.25,27.303409869028833
2024-02-08,TON160,Ton Balığı Konservesi 160g,599.0,58.82,0,0,2024,2,8,3,6,1,0,0,1.0396818382677862,529.0,623.0,558.5,589.0,518.2857142857143,520.203125,87.46182840857766
2024-02-08,TON80,Ton Balığı Konservesi 80g,1009.0,34.57,0,0,2024,2,8,3,6,1,0,0,1.0469412477286493,919.0,1219.0,830.0,1006.0,874.8571428571429,843.5535714285714,192.68923907977432
2024-02-08,ZEYTY,Zeytinyağı 1L,304.0,261.84,0,0,2024,2,8,3,6,1,0,0,1.0552745591939545,316.0,301.0,316.0,328.0,319.5,307.30357142857144,80.84089311728304
2024-02-09,SARDL,Sardalya Konservesi,420.0,28.19,0,0,2024,2,9,4,6,1,0,0,1.0621703089675962,451.0,416.0,431.0,354.0,385.7142857142857,413.48214285714283,63.62052678633729
2024-02-09,SOMON,Somon Konservesi,204.0,82.91,0,0,2024,2,9,4,6,1,0,0,1.0816699282452706,237.0,187.0,194.0,203.0,192.14285714285714,182.32142857142858,33.48844861256168
2024-02-09,TON160,Ton Balığı Konservesi 160g,598.0,61.59,0,0,2024,2,9,4,6,1,0,0,1.0886433937251436,599.0,605.0,579.0,824.1875,514.8571428571429,520.5602678571429,83.03097528719579
2024-02-09,TON80,Ton Balığı Konservesi 80g,842.0,33.96,0,0,2024,2,9,4,6,1,0,0,1.0284675953967293,1009.0,945.0,888.0,923.0,844.8571428571429,843.6607142857143,139.06524676259804
2024-02-09,ZEYTY,Zeytinyağı 1L,322.0,264.24,0,0,2024,2,9,4,6,1,0,0,1.0649471032745592,304.0,346.0,330.0,331.0,319.92857142857144,306.44642857142856,80.7343527520082
2024-02-10,SARDL,Sardalya Konservesi,278.0,28.68,0,0,2024,2,10,5,6,1,1,0,1.0806330067822156,420.0,302.0,293.0,408.5,386.2857142857143,415.8392857142857,63.95496927712285
2024-02-10,SOMON,Somon Konservesi,147.0,81.59,0,0,2024,2,10,5,6,1,1,0,1.0644487932159166,204.0,129.0,141.0,141.0,194.57142857142858,182.35714285714286,33.669259683263654
2024-02-10,TON160,Ton Balığı Konservesi 160g,394.0,60.05,0,0,2024,2,10,5,6,1,1,0,1.0614228899690674,598.0,439.0,311.0,584.0,513.8571428571429,512.4821428571429,81.79736868512083
2024-02-10,TON80,Ton Balığı Konservesi 80g,560.0,35.02,0,0,2024,2,10,5,6,1,1,0,1.0605693519079347,842.0,615.0,685.0,585.0,830.1428571428571,840.7678571428571,131.9714976442851
2024-02-10,ZEYTY,Zeytinyağı 1L,236.0,263.03,0,0,2024,2,10,5,6,1,1,0,1.0600705289672543,322.0,206.0,218.0,213.0,316.5,306.125,79.94842087245992
2024-02-11,SARDL,Sardalya Konservesi,321.0,28.59,0,0,2024,2,11,6,6,1,1,0,1.0772418990203467,278.0,294.0,389.0,463.0,382.85714285714283,411.17857142857144,69.61903133345899
2024-02-11,SOMON,Somon Konservesi,145.0,81.15,0,0,2024,2,11,6,6,1,1,0,1.0587084148727983,147.0,178.0,165.0,170.0,197.14285714285714,182.57142857142858,28.044182827748575
2024-02-11,TON160,Ton Balığı Konservesi 160g,408.0,58.89,0,0,2024,2,11,6,6,1,1,0,1.0409191338930623,394.0,376.0,352.0,324.0,507.42857142857144,505.69642857142856,90.01640062206694
2024-02-11,TON80,Ton Balığı Konservesi 80g,730.0,34.97,0,0,2024,2,11,6,6,1,1,0,1.0590551181102361,560.0,724.0,631.0,640.0,822.2857142857143,839.875,147.62420113891923
2024-02-11,ZEYTY,Zeytinyağı 1L,220.0,260.97,0,0,2024,2,11,6,6,1,1,0,1.0517682619647357,236.0,337.5,218.0,214.0,320.7857142857143,306.94642857142856,73.58886755869673
2024-02-12,SARDL,Sardalya Konservesi,434.0,28.32,0,0,2024,2,12,0,7,1,0,0,1.06706857573474,321.0,382.0,485.0,482.0,386.7142857142857,406.10714285714283,64.43010239971476
2024-02-12,SOMON,Somon Konservesi,156.5,82.31,0,0,2024,2,12,0,7,1,0,0,1.0738421395955642,145.0,207.0,163.0,199.0,192.42857142857142,181.67857142857142,33.950243704854934
2024-02-12,TON160,Ton Balığı Konservesi 160g,679.0,60.39,0,0,2024,2,12,0,7,1,0,0,1.0674326115775519,408.0,545.0,592.0,552.0,512.0,508.69642857142856,82.7486152955649
2024-02-12,TON80,Ton Balığı Konservesi 80g,919.0,35.12,0,0,2024,2,12,0,7,1,0,0,1.063597819503331,730.0,796.0,941.0,824.0,823.1428571428571,843.0892857142857,146.97440658317188
2024-02-12,ZEYTY,Zeytinyağı 1L,335.0,270.57,0,0,2024,2,12,0,7,1,0,0,1.0904584382871536,220.0,467.0,332.0,321.0,304.0,307.1607142857143,82.0548596976437
2024-02-13,SARDL,Sardalya Konservesi,483.0,27.15,0,0,2024,2,13,1,7,1,0,0,1.0229841748304447,434.0,437.0,415.0,478.0,394.14285714285717,404.39285714285717,66.75185033996573
2024-02-13,SOMON,Somon Konservesi,168.0,78.85,0,0,2024,2,13,1,7,1,0,0,1.0287018917155901,156.5,207.0,179.0,200.0,185.21428571428572,180.16071428571428,35.66026867404047
2024-02-13,TON160,Ton Balığı Konservesi 160g,567.0,61.51,0,0,2024,2,13,1,7,1,0,0,1.0872293415819707,679.0,511.0,608.0,554.0,531.1428571428571,513.2321428571429,104.33827768597786
2024-02-13,TON80,Ton Balığı Konservesi 80g,857.0,34.23,0,0,2024,2,13,1,7,1,0,0,1.0366444579043002,919.0,906.0,982.0,830.5,840.7142857142857,846.4821428571429,150.49885302521136
2024-02-13,ZEYTY,Zeytinyağı 1L,352.0,267.72,0,0,2024,2,13,1,7,1,0,0,1.078972292191436,335.0,263.0,344.0,359.0,285.14285714285717,307.6607142857143,45.278503256433574
2024-02-14,SARDL,Sardalya Konservesi,401.0,28.7,0,0,2024,2,14,2,7,1,0,0,1.081386586284853,483.0,418.0,448.0,484.0,400.7142857142857,404.57142857142856,73.58830134768552
2024-02-14,SOMON,Somon Konservesi,176.0,82.99,0,0,2024,2,14,2,7,1,0,0,1.0827136333985647,168.0,200.0,201.0,212.0,179.64285714285714,179.01785714285714,34.72356822787913
2024-02-14,TON160,Ton Balığı Konservesi 160g,597.0,60.16,0,0,2024,2,14,2,7,1,0,0,1.06336721166593,567.0,529.0,545.0,471.0,539.1428571428571,513.6964285714286,104.68274065229765
2024-02-14,TON80,Ton Balığı Konservesi 80g,879.0,34.86,0,0,2024,2,14,2,7,1,0,0,1.0557238037552996,857.0,919.0,954.0,837.0,833.7142857142857,847.4285714285714,148.07623519177815
2024-02-14,ZEYTY,Zeytinyağı 1L,344.0,266.21,0,0,2024,2,14,2,7,1,0,0,1.0728866498740552,352.0,316.0,317.0,353.0,297.85714285714283,307.4107142857143,50.24748276092568
2024-02-15,SARDL,Sardalya Konservesi,596.0,28.66,1,0,2024,2,15,3,7,1,0,0,1.079879427279578,401.0,451.0,451.0,440.0,398.2857142857143,401.60714285714283,73.20226382135391
2024-02-15,SOMON,Somon Konservesi,183.0,82.32,0,0,2024,2,15,3,7,1,0,0,1.0739726027397258,176.0,237.0,195.0,171.0,176.21428571428572,177.73214285714286,33.54332663742143
2024-02-15,TON160,Ton Balığı Konservesi 160g,603.0,59.13,0,0,2024,2,15,3,7,1,0,0,1.0451612903225806,597.0,599.0,623.0,506.0,548.8571428571429,518.1964285714286,106.7199271792427
2024-02-15,TON80,Ton Balığı Konservesi 80g,942.0,36.03,0,0,2024,2,15,3,7,1,0,0,1.0911568746214415,879.0,1009.0,1219.0,983.0,828.0,848.9285714285714,144.97586005952627
2024-02-15,ZEYTY,Zeytinyağı 1L,326.0,255.18,0,0,2024,2,15,3,7,1,0,0,1.028433249370277,344.0,304.0,301.0,327.0,301.85714285714283,307.0892857142857,52.97303896457946
2024-02-16,SARDL,Sardalya Konservesi,476.0,27.91,0,0,2024,2,16,4,7,1,0,0,1.0516201959306708,596.0,420.0,416.0,464.0,419.0,407.17857142857144,104.45094542415468
2024-02-16,SOMON,Somon Konservesi,190.0,79.73,0,0,2024,2,16,4,7,1,0,0,1.0401826484018264,183.0,204.0,187.0,190.0,168.5,178.16071428571428,21.156165374030145
2024-02-16,TON160,Ton Balığı Konservesi 160g,528.0,58.94,0,0,2024,2,16,4,7,1,0,0,1.0418029164825453,603.0,598.0,605.0,522.0,549.4285714285714,521.6607142857143,107.0433823937086
2024-02-16,TON80,Ton Balığı Konservesi 80g,920.0,34.36,0,0,2024,2,16,4,7,1,0,0,1.0405814657783161,942.0,842.0,945.0,1020.0,818.4285714285714,847.4642857142857,132.72886792612857
2024-02-16,ZEYTY,Zeytinyağı 1L,363.0,262.61,0,0,2024,2,16,4,7,1,0,0,1.0583778337531486,326.0,322.0,346.0,301.0,305.0,307.05357142857144,53.7680202350802
2024-02-17,SARDL,Sardalya Konservesi,344.0,28.0,0,0,2024,2,17,5,7,1,1,0,1.0550113036925397,476.0,278.0,302.0,298.0,427.0,407.60714285714283,106.66145820616944
2024-02-17,SOMON,Somon Konservesi,129.0,81.92,0,0,2024,2,17,5,7,1,1,0,1.068754076973255,190.0,147.0,129.0,136.0,166.5,178.16071428571428,17.604450194954797
2024-02-17,TON160,Ton Balığı Konservesi 160g,414.0,58.05,0,0,2024,2,17,5,7,1,1,0,1.026071586389748,528.0,394.0,439.0,450.0,539.4285714285714,521.875,104.99977324238563
2024-02-17,TON80,Ton Balığı Konservesi 80g,703.0,35.5,0,0,2024,2,17,5,7,1,1,0,1.0751059963658387,920.0,560.0,615.0,677.0,829.5714285714286,843.8928571428571,138.1989594061827
2024-02-17,ZEYTY,Zeytinyağı 1L,217.0,268.54,0,0,2024,2,17,5,7,1,1,0,1.0822770780856423,363.0,236.0,206.0,272.0,310.85714285714283,309.26785714285717,57.995484224861684
2024-02-18,SARDL,Sardalya Konservesi,334.0,28.56,0,0,2024,2,18,6,7,1,1,0,1.0761115297663904,344.0,321.0,294.0,267.0,436.42857142857144,409.25,93.38603953992362
2024-02-18,SOMON,Somon Konservesi,194.0,80.62,1,0,2024,2,18,6,7,1,1,0,1.0517938682322243,129.0,145.0,178.0,130.0,163.92857142857142,177.91071428571428,21.753215416401236
2024-02-18,TON160,Ton Balığı Konservesi 160g,377.0,60.58,0,0,2024,2,18,6,7,1,1,0,1.0707909854175872,414.0,408.0,376.0,385.0,542.2857142857143,520.5892857142857,100.5612819556883
2024-02-18,TON80,Ton Balığı Konservesi 80g,592.0,36.27,0,0,2024,2,18,6,7,1,1,0,1.0984251968503937,703.0,730.0,724.0,675.0,850.0,844.8214285714286,95.7635978160079
2024-02-18,ZEYTY,Zeytinyağı 1L,232.0,265.68,0,0,2024,2,18,6,7,1,1,0,1.070750629722922,217.0,220.0,337.5,252.0,308.14285714285717,307.30357142857144,62.36299268911691
2024-02-19,SARDL,Sardalya Konservesi,453.0,28.59,0,0,2024,2,19,0,8,1,0,0,1.0772418990203467,334.0,434.0,382.0,462.0,438.2857142857143,411.64285714285717,90.80145792829852
2024-02-19,SOMON,Somon Konservesi,224.0,79.67,0,0,2024,2,19,0,8,1,0,0,1.0393998695368558,194.0,156.5,207.0,169.0,170.92857142857142,180.19642857142858,22.517453547985728
2024-02-19,TON160,Ton Balığı Konservesi 160g,614.0,59.17,0,0,2024,2,19,0,8,1,0,0,1.045868316394167,377.0,679.0,545.0,514.0,537.8571428571429,520.3035714285714,107.87713469719247
2024-02-19,TON80,Ton Balığı Konservesi 80g,811.0,34.6,0,0,2024,2,19,0,8,1,0,0,1.0478497880072684,592.0,919.0,796.0,890.0,830.2857142857143,841.8571428571429,131.95165059686616
2024-02-19,ZEYTY,Zeytinyağı 1L,294.0,266.18,0,0,2024,2,19,0,8,1,0,0,1.072765743073048,232.0,335.0,467.0,412.0,309.85714285714283,306.5892857142857,59.64178784328021
2024-02-20,SARDL,Sardalya Konservesi,409.0,28.39,0,0,2024,2,20,1,8,1,0,0,1.0697061039939715,453.0,483.0,437.0,400.0,441.0,411.32142857142856,90.93587484229282
2024-02-20,SOMON,Somon Konservesi,198.0,78.85,0,0,2024,2,20,1,8,1,0,0,1.0287018917155901,224.0,168.0,207.0,218.0,180.57142857142858,182.16071428571428,28.866688661599248
2024-02-20,TON160,Ton Balığı Konservesi 160g,519.0,60.15,0,0,2024,2,20,1,8,1,0,0,1.0631904551480336,614.0,567.0,511.0,579.0,528.5714285714286,523.875,95.8277224030312
2024-02-20,TON80,Ton Balığı Konservesi 80g,936.0,35.02,0,0,2024,2,20,1,8,1,0,0,1.0605693519079347,811.0,857.0,906.0,829.0,814.8571428571429,839.0357142857143,126.03098636370663
2024-02-20,ZEYTY,Zeytinyağı 1L,315.0,265.75,0,0,2024,2,20,1,8,1,0,0,1.0710327455919395,294.0,352.0,263.0,308.0,304.0,302.375,58.7679050729789
2024-02-21,SARDL,Sardalya Konservesi,653.0,28.31,0,0,2024,2,21,2,8,1,0,0,1.0666917859834213,409.0,401.0,418.0,538.0,430.42857142857144,411.64285714285717,89.52998965496883
2024-02-21,SOMON,Somon Konservesi,180.0,83.77,0,0,2024,2,21,2,8,1,0,0,1.0928897586431832,198.0,176.0,200.0,208.0,184.85714285714286,181.44642857142858,28.91613489287337
2024-02-21,TON160,Ton Balığı Konservesi 160g,524.0,62.64,0,0,2024,2,21,2,8,1,0,0,1.1072028281042863,519.0,597.0,529.0,538.0,521.7142857142857,521.7321428571429,94.3251721187835
2024-02-21,TON80,Ton Balığı Konservesi 80g,897.0,35.88,0,0,2024,2,21,2,8,1,0,0,1.0866141732283465,936.0,879.0,919.0,865.0,826.1428571428571,842.8571428571429,133.73534632677405
2024-02-21,ZEYTY,Zeytinyağı 1L,302.0,265.41,0,0,2024,2,21,2,8,1,0,0,1.069662468513854,315.0,344.0,316.0,302.0,298.7142857142857,302.625,55.29229688878995
2024-02-22,SARDL,Sardalya Konservesi,452.0,28.69,0,0,2024,2,22,3,8,1,0,0,1.0810097965335344,653.0,596.0,451.0,427.0,466.42857142857144,415.75,120.89507453829101
2024-02-22,SOMON,Somon Konservesi,203.0,81.53,0,0,2024,2,22,3,8,1,0,0,1.0636660143509458,180.0,183.0,237.0,175.0,185.42857142857142,180.44642857142858,28.75098342003347
2024-02-22,TON160,Ton Balığı Konservesi 160g,502.0,61.71,0,0,2024,2,22,3,8,1,0,0,1.0907644719399028,524.0,603.0,599.0,558.5,511.2857142857143,521.2321428571429,88.46791185832001
2024-02-22,TON80,Ton Balığı Konservesi 80g,913.0,34.97,0,0,2024,2,22,3,8,1,0,0,1.0590551181102361,897.0,942.0,1009.0,830.0,828.7142857142857,844.0,135.08727337751245
2024-02-22,ZEYTY,Zeytinyağı 1L,351.0,260.9,0,0,2024,2,22,3,8,1,0,0,1.0514861460957179,302.0,326.0,304.0,316.0,292.7142857142857,302.625,51.72270386627225
2024-02-23,SARDL,Sardalya Konservesi,577.0,27.11,1,0,2024,2,23,4,8,1,0,0,1.0214770158251696,452.0,476.0,420.0,431.0,445.85714285714283,416.64285714285717,106.57615207200914
2024-02-23,SOMON,Somon Konservesi,200.0,80.41,0,0,2024,2,23,4,8,1,0,0,1.049054142204827,203.0,190.0,204.0,194.0,188.28571428571428,181.44642857142858,29.454565496225246
2024-02-23,TON160,Ton Balığı Konservesi 160g,575.0,59.93,0,0,2024,2,23,4,8,1,0,0,1.0593018117543085,502.0,528.0,598.0,579.0,496.85714285714283,519.2142857142857,78.71558204792062
2024-02-23,TON80,Ton Balığı Konservesi 80g,1053.0,34.62,0,0,2024,2,23,4,8,1,0,0,1.0484554815263476,913.0,920.0,842.0,888.0,824.5714285714286,846.9642857142857,131.4291407855137
2024-02-23,ZEYTY,Zeytinyağı 1L,295.0,258.51,0,0,2024,2,23,4,8,1,0,0,1.0418539042821158,351.0,363.0,322.0,330.0,296.2857142857143,303.875,55.15346554754976
2024-02-24,SARDL,Sardalya Konservesi,283.0,28.12,0,0,2024,2,24,5,8,1,1,0,1.0595327807083648,577.0,344.0,278.0,293.0,460.2857142857143,421.85714285714283,117.60344990080564
2024-02-24,SOMON,Somon Konservesi,138.0,82.67,0,0,2024,2,24,5,8,1,1,0,1.078538812785388,200.0,129.0,147.0,141.0,189.71428571428572,181.66071428571428,29.792137025923868
2024-02-24,TON160,Ton Balığı Konservesi 160g,403.0,60.3,0,0,2024,2,24,5,8,1,1,0,1.0658418029164825,575.0,414.0,394.0,311.0,503.57142857142856,519.0714285714286,83.66372599651001
2024-02-24,TON80,Ton Balığı Konservesi 80g,654.0,34.08,0,0,2024,2,24,5,8,1,1,0,1.0321017565112052,1053.0,703.0,560.0,685.0,843.5714285714286,852.8571428571429,155.02027517162114
2024-02-24,ZEYTY,Zeytinyağı 1L,215.0,263.86,0,0,2024,2,24,5,8,1,1,0,1.0634156171284634,295.0,217.0,236.0,218.0,286.57142857142856,302.625,46.80048839794001
2024-02-25,SARDL,Sardalya Konservesi,351.0,28.82,1,0,2024,2,25,6,8,1,1,0,1.0859080633006784,283.0,334.0,321.0,389.0,451.57142857142856,421.5,129.33143101202774
2024-02-25,SOMON,Somon Konservesi,148.0,83.03,0,0,2024,2,25,6,8,1,1,0,1.083235485975212,138.0,194.0,145.0,165.0,191.0,181.55357142857142,26.776855677991694
2024-02-25,TON160,Ton Balığı Konservesi 160g,344.0,59.74,0,0,2024,2,25,6,8,1,1,0,1.0559434379142731,403.0,377.0,408.0,352.0,502.0,522.3571428571429,85.70492012325425
2024-02-25,TON80,Ton Balığı Konservesi 80g,645.0,36.65,0,0,2024,2,25,6,8,1,1,0,1.1099333737129011,654.0,592.0,730.0,631.0,836.5714285714286,851.75,163.31039683463237
2024-02-25,ZEYTY,Zeytinyağı 1L,231.0,259.52,0,0,2024,2,25,6,8,1,1,0,1.0459244332493702,215.0,232.0,220.0,218.0,286.2857142857143,302.51785714285717,47.29945132068762
2024-02-26,SARDL,Sardalya Konservesi,481.0,28.79,0,0,2024,2,26,0,9,1,0,0,1.084777694046722,351.0,453.0,434.0,485.0,454.0,420.14285714285717,126.89234282125348
2024-02-26,SOMON,Somon Konservesi,220.0,80.84,0,0,2024,2,26,0,9,1,0,0,1.0546640574037833,148.0,224.0,156.5,163.0,184.42857142857142,180.94642857142858,31.197527374548542
2024-02-26,TON160,Ton Balığı Konservesi 160g,532.0,62.17,0,0,2024,2,26,0,9,1,0,0,1.0988952717631462,344.0,614.0,679.0,592.0,497.2857142857143,522.0714285714286,94.21202026230425
2024-02-26,TON80,Ton Balığı Konservesi 80g,876.0,35.1,0,0,2024,2,26,0,9,1,0,0,1.0629921259842519,645.0,811.0,919.0,941.0,844.1428571428571,852.25,150.8337148114073
2024-02-26,ZEYTY,Zeytinyağı 1L,295.0,256.31,0,0,2024,2,26,0,9,1,0,0,1.0329874055415618,231.0,294.0,335.0,332.0,286.14285714285717,302.98214285714283,47.491853938082826
2024-02-27,SARDL,Sardalya Konservesi,432.0,28.2,0,0,2024,2,27,1,9,1,0,0,1.062547098718915,481.0,409.0,483.0,415.0,458.0,420.0,127.29624241639341
2024-02-27,SOMON,Somon Konservesi,215.0,80.61,0,0,2024,2,27,1,9,1,0,0,1.0516634050880624,220.0,198.0,168.0,179.0,183.85714285714286,182.98214285714286,30.377780100091492
2024-02-27,TON160,Ton Balığı Konservesi 160g,584.0,60.77,0,0,2024,2,27,1,9,1,0,0,1.0741493592576226,532.0,519.0,567.0,608.0,485.57142857142856,519.9285714285714,81.52475522370976
2024-02-27,TON80,Ton Balığı Konservesi 80g,1001.0,35.12,0,0,2024,2,27,1,9,1,0,0,1.063597819503331,876.0,936.0,857.0,982.0,853.4285714285714,849.9285714285714,150.45359987147262
2024-02-27,ZEYTY,Zeytinyağı 1L,332.0,275.19,0,0,2024,2,27,1,9,1,0,0,1.1090780856423175,295.0,315.0,352.0,344.0,286.2857142857143,301.6607142857143,47.5209227102978
2024-02-28,SARDL,Sardalya Konservesi,408.0,28.88,0,0,2024,2,28,2,9,1,0,0,1.0881688018085909,432.0,653.0,401.0,448.0,461.2857142857143,420.60714285714283,126.1120061502392
2024-02-28,SOMON,Somon Konservesi,196.0,80.66,0,0,2024,2,28,2,9,1,0,0,1.0523157208088714,215.0,180.0,176.0,201.0,186.28571428571428,184.26785714285714,32.31467306407552
2024-02-28,TON160,Ton Balığı Konservesi 160g,522.0,60.81,0,0,2024,2,28,2,9,1,0,0,1.074856385329209,584.0,524.0,597.0,545.0,494.85714285714283,519.0714285714286,89.29805628983715
2024-02-28,TON80,Ton Balığı Konservesi 80g,1013.0,33.69,0,0,2024,2,28,2,9,1,0,0,1.020290732889158,1001.0,897.0,879.0,954.0,862.7142857142857,850.6071428571429,158.20526148616005
2024-02-28,ZEYTY,Zeytinyağı 1L,331.0,260.46,0,0,2024,2,28,2,9,1,0,0,1.0497128463476069,332.0,302.0,344.0,317.0,288.7142857142857,301.23214285714283,49.62094411877002
2024-02-29,SARDL,Sardalya Konservesi,403.0,28.71,0,0,2024,2,29,3,9,1,0,0,1.0817633760361718,408.0,452.0,596.0,451.0,426.2857142857143,419.17857142857144,93.92854426941362
2024-02-29,SOMON,Somon Konservesi,202.5,81.59,0,0,2024,2,29,3,9,1,0,0,1.0644487932159166,196.0,203.0,183.0,195.0,188.57142857142858,184.08928571428572,32.361794052334446
2024-02-29,TON160,Ton Balığı Konservesi 160g,576.0,61.85,0,0,2024,2,29,3,9,1,0,0,1.0932390631904552,522.0,502.0,603.0,623.0,494.57142857142856,518.25,89.19240838931182
2024-02-29,TON80,Ton Balığı Konservesi 80g,883.0,34.26,0,0,2024,2,29,3,9,1,0,0,1.0375529981829192,1013.0,913.0,942.0,1219.0,879.2857142857143,852.7142857142857,168.15738093198394
2024-02-29,ZEYTY,Zeytinyağı 1L,346.0,267.47,0,0,2024,2,29,3,9,1,0,0,1.0779647355163728,331.0,351.0,326.0,301.0,292.85714285714283,301.73214285714283,52.0654350198817
2024-03-01,SARDL,Sardalya Konservesi,445.0,27.65,0,0,2024,3,1,4,9,1,0,0,1.0418236623963828,403.0,577.0,476.0,416.0,419.2857142857143,417.4642857142857,93.51775996339504
2024-03-01,SOMON,Somon Konservesi,209.0,77.93,0,0,2024,3,1,4,9,1,0,0,1.016699282452707,202.5,200.0,190.0,187.0,188.5,184.35714285714286,32.325170790989816
2024-03-01,TON160,Ton Balığı Konservesi 160g,561.0,60.71,0,0,2024,3,1,4,9,1,0,0,1.073088820150243,576.0,575.0,528.0,605.0,505.14285714285717,516.5714285714286,94.45003718267971
2024-03-01,TON80,Ton Balığı Konservesi 80g,945.0,34.97,0,0,2024,3,1,4,9,1,0,0,1.0590551181102361,883.0,1053.0,920.0,945.0,875.0,840.7142857142857,167.53606576893498
2024-03-01,ZEYTY,Zeytinyağı 1L,346.0,263.87,0,0,2024,3,1,4,9,1,0,0,1.063455919395466,346.0,295.0,363.0,346.0,292.14285714285717,303.3392857142857,51.161276278804756
2024-03-02,SARDL,Sardalya Konservesi,268.0,28.34,0,0,2024,3,2,5,9,1,1,0,1.0678221552373777,445.0,283.0,344.0,302.0,400.42857142857144,418.5,65.53842929370066
2024-03-02,SOMON,Somon Konservesi,147.0,81.74,0,0,2024,3,2,5,9,1,1,0,1.066405740378343,209.0,138.0,129.0,129.0,189.78571428571428,185.14285714285714,33.03010891956142
2024-03-02,TON160,Ton Balığı Konservesi 160g,502.0,62.52,1,0,2024,3,2,5,9,1,1,0,1.1050817498895271,561.0,403.0,414.0,439.0,503.14285714285717,515.0,92.85908422879035
2024-03-02,TON80,Ton Balığı Konservesi 80g,668.0,34.15,0,0,2024,3,2,5,9,1,1,0,1.034221683827983,945.0,654.0,703.0,615.0,859.5714285714286,840.7142857142857,152.73054392497446
2024-03-02,ZEYTY,Zeytinyağı 1L,210.0,253.82,0,0,2024,3,2,5,9,1,1,0,1.0229521410579345,346.0,215.0,217.0,206.0,299.42857142857144,303.3392857142857,55.11459922397191
2024-03-03,SARDL,Sardalya Konservesi,300.0,29.16,0,0,2024,3,3,6,9,1,1,0,1.0987189148455163,268.0,351.0,334.0,294.0,398.2857142857143,417.2857142857143,70.10400436901666
2024-03-03,SOMON,Somon Konservesi,148.0,82.75,0,0,2024,3,3,6,9,1,1,0,1.0795825179386822,147.0,148.0,194.0,178.0,191.07142857142858,185.78571428571428,30.776653179843603
2024-03-03,TON160,Ton Balığı Konservesi 160g,378.0,61.0,0,0,2024,3,3,6,9,1,1,0,1.0782147591692444,502.0,344.0,377.0,376.0,517.2857142857143,517.25,81.9648589045216
2024-03-03,TON80,Ton Balığı Konservesi 80g,574.0,36.72,0,0,2024,3,3,6,9,1,1,0,1.112053301029679,668.0,645.0,592.0,724.0,861.5714285714286,842.6071428571429,149.65054531903726
2024-03-03,ZEYTY,Zeytinyağı 1L,235.0,265.55,0,0,2024,3,3,6,9,1,1,0,1.0702267002518893,210.0,231.0,232.0,337.5,298.7142857142857,303.48214285714283,56.40837492699785
2024-03-04,SARDL,Sardalya Konservesi,490.0,28.66,0,0,2024,3,4,0,10,1,0,0,1.079879427279578,300.0,481.0,453.0,382.0,391.0,417.5,78.0384520605045
2024-03-04,SOMON,Somon Konservesi,184.0,78.66,0,0,2024,3,4,0,10,1,0,0,1.0262230919765165,148.0,220.0,224.0,207.0,191.07142857142858,184.71428571428572,30.776653179843603
2024-03-04,TON160,Ton Balığı Konservesi 160g,466.0,58.17,0,0,2024,3,4,0,10,1,0,0,1.0281926646045072,378.0,532.0,614.0,545.0,522.1428571428571,517.3214285714286,70.13897768342666
2024-03-04,TON80,Ton Balığı Konservesi 80g,428.75,35.43,0,0,2024,3,4,0,10,1,0,0,1.0729860690490611,574.0,876.0,811.0,796.0,851.4285714285714,837.25,168.05044594094906
2024-03-04,ZEYTY,Zeytinyağı 1L,327.0,259.92,0,0,2024,3,4,0,10,1,0,0,1.0475365239294712,235.0,295.0,294.0,467.0,299.2857142857143,299.82142857142856,55.622879841884846
2024-03-05,SARDL,Sardalya Konservesi,479.0,28.51,0,0,2024,3,5,1,10,1,0,0,1.0742275810097965,490.0,432.0,409.0,437.0,392.2857142857143,421.35714285714283,79.82212367865874
2024-03-05,SOMON,Somon Konservesi,205.0,82.51,0,0,2024,3,5,1,10,1,0,0,1.0764514024787997,184.0,215.0,198.0,207.0,185.92857142857142,183.89285714285714,28.02146286246265
2024-03-05,TON160,Ton Balığı Konservesi 160g,707.0,59.3,1,0,2024,3,5,1,10,1,0,0,1.0481661511268228,466.0,584.0,519.0,511.0,512.7142857142857,514.5,72.97194503303858
2024-03-05,TON80,Ton Balığı Konservesi 80g,904.0,35.61,0,0,2024,3,5,1,10,1,0,0,1.0784373107207752,428.75,1001.0,936.0,906.0,787.5357142857143,824.1339285714286,230.55117059321975
2024-03-05,ZEYTY,Zeytinyağı 1L,313.0,261.51,0,0,2024,3,5,1,10,1,0,0,1.0539445843828714,327.0,332.0,315.0,263.0,303.85714285714283,294.82142857142856,56.51969736716737
2024-03-06,SARDL,Sardalya Konservesi,484.0,27.89,0,0,2024,3,6,2,10,1,0,0,1.0508666164280331,479.0,408.0,653.0,418.0,399.0,422.85714285714283,85.49463920815747
2024-03-06,SOMON,Somon Konservesi,213.0,80.69,0,0,2024,3,6,2,10,1,0,0,1.0527071102413568,205.0,196.0,180.0,200.0,184.5,183.82142857142858,26.50628856202476
2024-03-06,TON160,Ton Balığı Konservesi 160g,584.0,63.18,0,0,2024,3,6,2,10,1,0,0,1.1167476800707026,707.0,522.0,524.0,529.0,530.2857142857143,521.5,102.02404011753694
2024-03-06,TON80,Ton Balığı Konservesi 80g,937.0,34.87,0,0,2024,3,6,2,10,1,0,0,1.0560266505148392,904.0,1013.0,897.0,919.0,773.6785714285714,824.0625,218.165013726502
2024-03-06,ZEYTY,Zeytinyağı 1L,344.0,270.32,0,0,2024,3,6,2,10,1,0,0,1.0894508816120907,313.0,331.0,302.0,316.0,301.14285714285717,296.60714285714283,55.38781024566255
2024-03-07,SARDL,Sardalya Konservesi,415.0,27.92,0,0,2024,3,7,3,10,1,0,0,1.0519969856819895,484.0,403.0,452.0,451.0,409.85714285714283,425.2142857142857,91.44657560825286
2024-03-07,SOMON,Somon Konservesi,216.0,81.59,0,0,2024,3,7,3,10,1,0,0,1.0644487932159166,213.0,202.5,203.0,237.0,186.92857142857142,184.28571428571428,28.443553123435677
2024-03-07,TON160,Ton Balığı Konservesi 160g,525.0,61.52,0,0,2024,3,7,3,10,1,0,0,1.0874060980998674,584.0,576.0,502.0,599.0,539.1428571428571,523.4642857142857,103.8595663567374
2024-03-07,TON80,Ton Balığı Konservesi 80g,873.0,36.6,0,0,2024,3,7,3,10,1,0,0,1.1084191399152028,937.0,883.0,913.0,1009.0,762.8214285714286,824.7053571428571,205.81133726696905
2024-03-07,ZEYTY,Zeytinyağı 1L,293.0,259.67,0,0,2024,3,7,3,10,1,0,0,1.046528967254408,344.0,346.0,351.0,304.0,303.0,297.60714285714283,56.75679107678067
2024-03-08,SARDL,Sardalya Konservesi,203.0,27.57,0,0,2024,3,8,4,10,1,0,0,1.0388093443858328,415.0,445.0,577.0,420.0,411.57142857142856,423.92857142857144,91.40907530228478
2024-03-08,SOMON,Somon Konservesi,206.0,84.02,0,0,2024,3,8,4,10,1,0,0,1.0961513372472276,216.0,209.0,200.0,204.0,188.85714285714286,183.53571428571428,30.085592185344332
2024-03-08,TON160,Ton Balığı Konservesi 160g,655.0,60.65,0,0,2024,3,8,4,10,1,0,0,1.0720282810428634,525.0,561.0,575.0,598.0,531.8571428571429,520.8214285714286,102.62460486554649
2024-03-08,TON80,Ton Balığı Konservesi 80g,809.0,35.85,0,0,2024,3,8,4,10,1,0,0,1.0857056329497274,873.0,945.0,1053.0,842.0,761.3928571428571,819.8482142857143,204.87068366120263
2024-03-08,ZEYTY,Zeytinyağı 1L,320.0,262.85,0,0,2024,3,8,4,10,1,0,0,1.0593450881612092,293.0,346.0,295.0,322.0,295.42857142857144,297.2142857142857,53.506563905304006
2024-03-09,SARDL,Sardalya Konservesi,330.0,28.76,0,0,2024,3,9,5,10,1,1,0,1.0836473247927658,203.0,268.0,283.0,278.0,377.0,416.17857142857144,118.42860014934294
2024-03-09,SOMON,Somon Konservesi,137.0,82.96,0,0,2024,3,9,5,10,1,1,0,1.0823222439660793,206.0,147.0,138.0,147.0,188.42857142857142,183.60714285714286,29.770551124991098
2024-03-09,TON160,Ton Balığı Konservesi 160g,409.0,59.12,0,0,2024,3,9,5,10,1,1,0,1.044984533804684,655.0,502.0,403.0,394.0,545.2857142857143,522.8571428571429,112.7263859761241
2024-03-09,TON80,Ton Balığı Konservesi 80g,903.0,34.67,1,0,2024,3,9,5,10,1,1,0,1.049969715324046,809.0,668.0,654.0,560.0,741.9642857142857,818.6696428571429,190.50133576584278
2024-03-09,ZEYTY,Zeytinyağı 1L,248.0,261.61,0,0,2024,3,9,5,10,1,1,0,1.0543476070528968,320.0,210.0,215.0,236.0,291.7142857142857,297.14285714285717,50.21193180149613
2024-03-10,SARDL,Sardalya Konservesi,320.0,27.6,0,0,2024,3,10,6,10,1,1,0,1.039939713639789,330.0,300.0,351.0,321.0,385.85714285714283,418.0357142857143,111.00364644375053
2024-03-10,SOMON,Somon Konservesi,147.0,83.54,0,0,2024,3,10,6,10,1,1,0,1.0898891063274625,137.0,148.0,148.0,145.0,187.0,183.25,32.22835190739141
2024-03-10,TON160,Ton Balığı Konservesi 160g,426.0,62.56,0,0,2024,3,10,6,10,1,1,0,1.1057887759611136,409.0,378.0,344.0,408.0,532.0,523.3928571428571,123.63117190525492
2024-03-10,TON80,Ton Balığı Konservesi 80g,663.0,36.4,0,0,2024,3,10,6,10,1,1,0,1.1023622047244093,903.0,574.0,645.0,730.0,775.5357142857143,830.9196428571429,195.9239025622887
2024-03-10,ZEYTY,Zeytinyağı 1L,299.5,267.01,0,0,2024,3,10,6,10,1,1,0,1.0761108312342569,248.0,235.0,231.0,220.0,297.14285714285717,297.57142857142856,41.139715488517794
2024-03-11,SARDL,Sardalya Konservesi,456.0,28.65,0,0,2024,3,11,0,11,1,0,0,1.0795026375282593,320.0,490.0,481.0,434.0,388.7142857142857,418.0,108.65804815369674
2024-03-11,SOMON,Somon Konservesi,165.5,81.61,0,0,2024,3,11,0,11,1,0,0,1.0647097195042399,147.0,184.0,220.0,156.5,186.85714285714286,183.32142857142858,32.431613031261904
2024-03-11,TON160,Ton Balığı Konservesi 160g,562.0,62.81,0,0,2024,3,11,0,11,1,0,0,1.1102076889085284,426.0,466.0,532.0,679.0,538.8571428571429,524.0357142857143,114.67261889313221
2024-03-11,TON80,Ton Balığı Konservesi 80g,902.0,35.14,0,0,2024,3,11,0,11,1,0,0,1.0642035130224106,663.0,428.75,876.0,919.0,788.25,828.5267857142857,183.13616291346128
2024-03-11,ZEYTY,Zeytinyağı 1L,351.0,258.51,0,0,2024,3,11,0,11,1,0,0,1.0418539042821158,299.5,327.0,295.0,335.0,306.35714285714283,300.4107142857143,30.833848129550507
2024-03-12,SARDL,Sardalya Konservesi,348.0,27.99,0,0,2024,3,12,1,11,1,0,0,1.0546345139412208,456.0,479.0,432.0,483.0,383.85714285714283,418.7857142857143,104.03753901265236
2024-03-12,SOMON,Somon Konservesi,184.0,81.32,0,0,2024,3,12,1,11,1,0,0,1.0609262883235484,165.5,205.0,215.0,168.0,184.21428571428572,183.64285714285714,33.44131320046238
2024-03-12,TON160,Ton Balığı Konservesi 160g,558.0,61.37,0,0,2024,3,12,1,11,1,0,0,1.0847547503314183,562.0,707.0,584.0,567.0,552.5714285714286,519.8571428571429,110.15875989204122
2024-03-12,TON80,Ton Balığı Konservesi 80g,946.0,34.49,0,0,2024,3,12,1,11,1,0,0,1.0445184736523319,902.0,904.0,1001.0,857.0,855.8571428571429,827.9196428571429,93.92981168835071
2024-03-12,ZEYTY,Zeytinyağı 1L,342.0,250.34,0,0,2024,3,12,1,11,1,0,0,1.008926952141058,351.0,313.0,332.0,352.0,309.7857142857143,300.98214285714283,34.61437218706638
2024-03-13,SARDL,Sardalya Konservesi,430.0,28.83,0,0,2024,3,13,2,11,1,0,0,1.0862848530519968,348.0,484.0,408.0,401.0,365.14285714285717,413.9642857142857,95.50292939909805
2024-03-13,SOMON,Somon Konservesi,221.0,83.39,0,0,2024,3,13,2,11,1,0,0,1.0879321591650357,184.0,213.0,196.0,176.0,181.21428571428572,184.21428571428572,32.18417978714724
2024-03-13,TON160,Ton Balığı Konservesi 160g,513.0,61.3,0,0,2024,3,13,2,11,1,0,0,1.0835174547061421,558.0,584.0,522.0,597.0,531.2857142857143,519.5357142857143,87.38747867155487
2024-03-13,TON80,Ton Balığı Konservesi 80g,870.0,36.01,0,0,2024,3,13,2,11,1,0,0,1.090551181102362,946.0,937.0,1013.0,879.0,861.8571428571429,831.0982142857143,98.73605989611423
2024-03-13,ZEYTY,Zeytinyağı 1L,310.0,270.33,0,0,2024,3,13,2,11,1,0,0,1.089491183879093,342.0,344.0,331.0,344.0,313.92857142857144,300.625,36.73375896391543
2024-03-14,SARDL,Sardalya Konservesi,431.0,28.6,0,0,2024,3,14,3,11,1,0,0,1.0776186887716654,430.0,415.0,403.0,596.0,357.42857142857144,415.0,86.01135030303814
2024-03-14,SOMON,Somon Konservesi,242.0,83.67,0,0,2024,3,14,3,11,1,0,0,1.0915851272015655,221.0,216.0,202.5,183.0,182.35714285714286,185.82142857142858,33.61139971016053
2024-03-14,TON160,Ton Balığı Konservesi 160g,566.0,61.63,0,0,2024,3,14,3,11,1,0,0,1.08935041979673,513.0,525.0,576.0,603.0,521.1428571428571,516.5357142857143,84.31573315308891
2024-03-14,TON80,Ton Balığı Konservesi 80g,922.0,35.06,0,0,2024,3,14,3,11,1,0,0,1.0617807389460931,870.0,873.0,883.0,942.0,852.2857142857143,830.7767857142857,93.3375849371744
2024-03-14,ZEYTY,Zeytinyağı 1L,319.0,272.2,0,0,2024,3,14,3,11,1,0,0,1.0970277078085642,310.0,293.0,346.0,326.0,309.07142857142856,299.4107142857143,34.25934005424468
2024-03-15,SARDL,Sardalya Konservesi,460.0,28.58,0,0,2024,3,15,4,11,1,0,0,1.0768651092690278,431.0,203.0,445.0,476.0,359.7142857142857,409.10714285714283,87.98620021668737
2024-03-15,SOMON,Somon Konservesi,211.0,81.42,0,0,2024,3,15,4,11,1,0,0,1.0622309197651663,242.0,206.0,209.0,190.0,186.07142857142858,187.92857142857142,38.95983890648215
2024-03-15,TON160,Ton Balığı Konservesi 160g,255.6875,60.76,0,0,2024,3,15,4,11,1,0,0,1.0739726027397258,566.0,655.0,561.0,528.0,527.0,515.2142857142857,86.03487664894995
2024-03-15,TON80,Ton Balığı Konservesi 80g,898.0,35.09,0,0,2024,3,15,4,11,1,0,0,1.0626892792247122,922.0,809.0,945.0,920.0,859.2857142857143,830.0625,96.91871901360238
2024-03-15,ZEYTY,Zeytinyağı 1L,329.0,265.84,0,0,2024,3,15,4,11,1,0,0,1.071395465994962,319.0,320.0,346.0,363.0,312.7857142857143,299.1607142857143,33.63016644677937
2024-03-16,SARDL,Sardalya Konservesi,339.0,27.4,0,0,2024,3,16,5,11,1,1,0,1.0324039186134137,460.0,330.0,268.0,344.0,396.42857142857144,408.5357142857143,61.25318261896322
2024-03-16,SOMON,Somon Konservesi,142.0,80.26,0,0,2024,3,16,5,11,1,1,0,1.0470971950424006,211.0,137.0,147.0,129.0,186.78571428571428,188.67857142857142,39.42911058982634
2024-03-16,TON160,Ton Balığı Konservesi 160g,433.0,60.38,0,0,2024,3,16,5,11,1,1,0,1.0672558550596554,255.6875,409.0,502.0,414.0,469.95535714285717,505.4888392857143,114.64425680146216
2024-03-16,TON80,Ton Balığı Konservesi 80g,632.0,36.9,0,0,2024,3,16,5,11,1,1,0,1.117504542701393,898.0,903.0,668.0,703.0,872.0,829.2767857142857,95.0420959364827
2024-03-16,ZEYTY,Zeytinyağı 1L,254.0,282.5,0,0,2024,3,16,5,11,1,1,0,1.1385390428211586,329.0,248.0,210.0,217.0,314.07142857142856,297.94642857142856,34.120410034939056
2024-03-17,SARDL,Sardalya Konservesi,351.0,28.36,0,0,2024,3,17,6,11,1,1,0,1.068575734740015,339.0,320.0,300.0,334.0,397.7142857142857,408.35714285714283,59.70124031574032
2024-03-17,SOMON,Somon Konservesi,151.0,79.79,0,0,2024,3,17,6,11,1,1,0,1.0409654272667972,142.0,147.0,148.0,194.0,187.5,189.14285714285714,38.40898332421719
2024-03-17,TON160,Ton Balığı Konservesi 160g,422.0,62.31,0,0,2024,3,17,6,11,1,1,0,1.1013698630136985,433.0,426.0,378.0,377.0,473.38392857142856,506.1674107142857,112.86252023901673
2024-03-17,TON80,Ton Balığı Konservesi 80g,611.0,35.17,0,0,2024,3,17,6,11,1,1,0,1.0651120533010296,632.0,663.0,574.0,592.0,833.2857142857143,826.7410714285714,129.3222258362324
2024-03-17,ZEYTY,Zeytinyağı 1L,212.0,269.37,0,0,2024,3,17,6,11,1,1,0,1.0856221662468515,254.0,299.5,235.0,232.0,314.92857142857144,299.26785714285717,32.20562654183845
2024-03-18,SARDL,Sardalya Konservesi,411.0,28.21,0,0,2024,3,18,0,12,1,0,0,1.0629238884702337,351.0,456.0,490.0,453.0,402.14285714285717,408.9642857142857,53.83749799606113
2024-03-18,SOMON,Somon Konservesi,169.0,81.66,0,0,2024,3,18,0,12,1,0,0,1.0653620352250488,151.0,165.5,184.0,224.0,188.07142857142858,187.60714285714286,37.72977225329765
2024-03-18,TON160,Ton Balığı Konservesi 160g,569.0,59.56,0,0,2024,3,18,0,12,1,0,0,1.0527618205921343,422.0,562.0,466.0,614.0,472.8125,507.77455357142856,113.15216639736397
2024-03-18,TON80,Ton Balığı Konservesi 80g,889.0,35.96,0,0,2024,3,18,0,12,1,0,0,1.0890369473046637,611.0,902.0,428.75,811.0,825.8571428571429,827.4196428571429,141.64089401420134
2024-03-18,ZEYTY,Zeytinyağı 1L,300.0,266.48,0,0,2024,3,18,0,12,1,0,0,1.0739748110831235,212.0,351.0,327.0,294.0,302.42857142857144,298.55357142857144,50.80307452263473
2024-03-19,SARDL,Sardalya Konservesi,452.0,28.39,0,0,2024,3,19,1,12,1,0,0,1.0697061039939715,411.0,348.0,479.0,409.0,395.7142857142857,407.4642857142857,48.78426756552198
2024-03-19,SOMON,Somon Konservesi,231.0,81.14,0,0,2024,3,19,1,12,1,0,0,1.0585779517286367,169.0,184.0,205.0,198.0,188.57142857142858,185.64285714285714,37.402571849438054
2024-03-19,TON160,Ton Balığı Konservesi 160g,473.0,63.13,0,0,2024,3,19,1,12,1,0,0,1.1158638974812196,569.0,558.0,707.0,519.0,473.8125,506.1674107142857,114.0987157118055
2024-03-19,TON80,Ton Balığı Konservesi 80g,998.0,34.98,0,0,2024,3,19,1,12,1,0,0,1.0593579648697757,889.0,946.0,904.0,936.0,824.0,830.2053571428571,140.5572244081843
2024-03-19,ZEYTY,Zeytinyağı 1L,324.0,270.16,0,0,2024,3,19,1,12,1,0,0,1.0888060453400505,300.0,342.0,313.0,315.0,295.14285714285717,298.76785714285717,46.117345151358464
2024-03-20,SARDL,Sardalya Konservesi,455.0,28.33,0,0,2024,3,20,2,12,1,0,0,1.0674453654860587,452.0,430.0,484.0,653.0,410.57142857142856,409.0,47.65451060447584
2024-03-20,SOMON,Somon Konservesi,214.0,82.96,0,0,2024,3,20,2,12,1,0,0,1.0823222439660793,231.0,221.0,213.0,180.0,195.28571428571428,186.82142857142858,40.5327615874463
2024-03-20,TON160,Ton Balığı Konservesi 160g,816.0,60.54,1,0,2024,3,20,2,12,1,0,0,1.0700839593460008,473.0,513.0,584.0,524.0,461.66964285714283,504.52455357142856,108.00623724686588
2024-03-20,TON80,Ton Balığı Konservesi 80g,859.0,36.45,0,0,2024,3,20,2,12,1,0,0,1.1038764385221078,998.0,870.0,937.0,897.0,831.4285714285714,832.4196428571429,149.18875867264632
2024-03-20,ZEYTY,Zeytinyağı 1L,323.0,259.88,0,0,2024,3,20,2,12,1,0,0,1.0473753148614608,324.0,310.0,344.0,302.0,292.57142857142856,299.0892857142857,43.496578956883326
2024-03-21,SARDL,Sardalya Konservesi,436.0,28.27,0,0,2024,3,21,3,12,1,0,0,1.0651846269781462,455.0,431.0,415.0,452.0,414.14285714285717,401.92857142857144,50.22094042471314
2024-03-21,SOMON,Somon Konservesi,199.0,82.52,0,0,2024,3,21,3,12,1,0,0,1.0765818656229613,214.0,242.0,216.0,203.0,194.28571428571428,188.03571428571428,39.87360984291191
2024-03-21,TON160,Ton Balığı Konservesi 160g,589.0,60.64,0,0,2024,3,21,3,12,1,0,0,1.071851524524967,816.0,566.0,525.0,502.0,504.95535714285717,514.953125,173.10483755292987
2024-03-21,TON80,Ton Balığı Konservesi 80g,975.0,34.13,0,0,2024,3,21,3,12,1,0,0,1.0336159903089037,859.0,922.0,873.0,913.0,829.8571428571429,831.0625,148.77211720326574
2024-03-21,ZEYTY,Zeytinyağı 1L,325.0,261.41,0,0,2024,3,21,3,12,1,0,0,1.0535415617128465,323.0,319.0,293.0,351.0,294.42857142857144,299.8392857142857,44.62755928368759
2024-03-22,SARDL,Sardalya Konservesi,447.0,29.77,0,0,2024,3,22,4,12,1,0,0,1.1217030896759608,436.0,460.0,203.0,577.0,414.85714285714283,401.35714285714283,50.535230520986595
2024-03-22,SOMON,Somon Konservesi,206.0,82.36,0,0,2024,3,22,4,12,1,0,0,1.074494455316373,199.0,211.0,206.0,200.0,188.14285714285714,187.89285714285714,34.20735092261387
2024-03-22,TON160,Ton Balığı Konservesi 160g,563.0,62.51,0,0,2024,3,22,4,12,1,0,0,1.1049049933716304,589.0,255.6875,655.0,575.0,508.24107142857144,518.0602678571429,174.6678709476047
2024-03-22,TON80,Ton Balığı Konservesi 80g,960.0,34.98,0,0,2024,3,22,4,12,1,0,0,1.0593579648697757,975.0,898.0,809.0,1053.0,837.4285714285714,833.2767857142857,155.4422262909443
2024-03-22,ZEYTY,Zeytinyağı 1L,321.0,261.42,0,0,2024,3,22,4,12,1,0,0,1.0535818639798489,325.0,329.0,320.0,295.0,295.2857142857143,298.9107142857143,45.231678742942584
2024-03-23,SARDL,Sardalya Konservesi,274.0,28.76,0,0,2024,3,23,5,12,1,1,0,1.0836473247927658,447.0,339.0,330.0,283.0,413.0,396.7142857142857,48.80915214724652
2024-03-23,SOMON,Somon Konservesi,153.0,80.55,0,0,2024,3,23,5,12,1,1,0,1.0508806262230919,206.0,142.0,137.0,138.0,187.42857142857142,188.10714285714286,33.69894727760857
2024-03-23,TON160,Ton Balığı Konservesi 160g,398.0,61.43,0,0,2024,3,23,5,12,1,1,0,1.085815289438798,563.0,433.0,409.0,403.0,552.1428571428571,517.6316964285714,134.6457433061892
2024-03-23,TON80,Ton Balığı Konservesi 80g,691.0,34.08,0,0,2024,3,23,5,12,1,1,0,1.0321017565112052,960.0,632.0,903.0,654.0,846.2857142857143,829.9553571428571,161.1311208154326
2024-03-23,ZEYTY,Zeytinyağı 1L,228.0,270.05,0,0,2024,3,23,5,12,1,1,0,1.0883627204030226,321.0,254.0,248.0,215.0,294.14285714285717,299.8392857142857,44.32993184229883
2024-03-24,SARDL,Sardalya Konservesi,337.0,29.29,0,0,2024,3,24,6,12,1,1,0,1.10361718161266,274.0,351.0,320.0,351.0,403.7142857142857,396.39285714285717,67.74391555879977
2024-03-24,SOMON,Somon Konservesi,142.0,84.22,0,0,2024,3,24,6,12,1,1,0,1.098760600130463,153.0,151.0,147.0,148.0,189.0,188.64285714285714,31.405944235659096
2024-03-24,TON160,Ton Balığı Konservesi 160g,623.0,61.19,1,0,2024,3,24,6,12,1,1,0,1.0815731330092797,398.0,422.0,426.0,344.0,547.1428571428571,517.453125,140.33700933993214
2024-03-24,TON80,Ton Balığı Konservesi 80g,682.0,34.62,0,0,2024,3,24,6,12,1,1,0,1.0484554815263476,691.0,611.0,663.0,645.0,854.7142857142857,831.2767857142857,149.15172843530033
2024-03-24,ZEYTY,Zeytinyağı 1L,233.0,264.05,0,0,2024,3,24,6,12,1,1,0,1.0641813602015113,228.0,212.0,299.5,231.0,290.42857142857144,300.30357142857144,49.08787067717496
2024-03-25,SARDL,Sardalya Konservesi,471.0,28.11,0,0,2024,3,25,0,13,1,0,0,1.059155990957046,337.0,411.0,456.0,481.0,401.7142857142857,395.89285714285717,69.7369206033489
2024-03-25,SOMON,Somon Konservesi,190.0,81.53,0,0,2024,3,25,0,13,1,0,0,1.0636660143509458,142.0,169.0,165.5,220.0,187.71428571428572,188.42857142857142,33.34523597014656
2024-03-25,TON160,Ton Balığı Konservesi 160g,537.0,60.77,0,0,2024,3,25,0,13,1,0,0,1.0741493592576226,623.0,569.0,562.0,532.0,575.8571428571429,527.4174107142857,130.69612155866054
2024-03-25,TON80,Ton Balığı Konservesi 80g,834.0,35.5,0,0,2024,3,25,0,13,1,0,0,1.0751059963658387,682.0,889.0,902.0,876.0,864.8571428571429,832.5982142857143,131.1429608880161
2024-03-25,ZEYTY,Zeytinyağı 1L,292.0,269.91,0,0,2024,3,25,0,13,1,0,0,1.0877984886649874,233.0,300.0,351.0,295.0,293.42857142857144,300.375,43.85908170059026
2024-03-26,SARDL,Sardalya Konservesi,589.0,28.72,1,0,2024,3,26,1,13,1,0,0,1.0821401657874905,471.0,452.0,348.0,432.0,410.2857142857143,395.5357142857143,74.5871174884632
2024-03-26,SOMON,Somon Konservesi,195.0,85.32,0,0,2024,3,26,1,13,1,0,0,1.1131115459882581,190.0,231.0,184.0,215.0,190.71428571428572,187.35714285714286,32.30951503666928
2024-03-26,TON160,Ton Balığı Konservesi 160g,516.0,62.13,0,0,2024,3,26,1,13,1,0,0,1.09818824569156,537.0,473.0,558.0,584.0,571.2857142857143,527.5959821428571,131.53290372338301
2024-03-26,TON80,Ton Balığı Konservesi 80g,952.0,35.21,0,0,2024,3,26,1,13,1,0,0,1.0663234403391884,834.0,998.0,946.0,1001.0,857.0,831.0982142857143,131.10301293257717
2024-03-26,ZEYTY,Zeytinyağı 1L,355.0,267.66,0,0,2024,3,26,1,13,1,0,0,1.0787304785894207,292.0,324.0,342.0,332.0,292.2857142857143,300.26785714285717,43.76343331181981
2024-03-27,SARDL,Sardalya Konservesi,417.0,29.27,0,0,2024,3,27,2,13,1,0,0,1.1028636021100227,589.0,455.0,430.0,408.0,429.85714285714283,401.14285714285717,100.74460874149031
2024-03-27,SOMON,Somon Konservesi,199.0,83.51,0,0,2024,3,27,2,13,1,0,0,1.089497716894977,195.0,214.0,221.0,196.0,185.57142857142858,186.64285714285714,27.30602584813543
2024-03-27,TON160,Ton Balığı Konservesi 160g,526.0,60.13,0,0,2024,3,27,2,13,1,0,0,1.0628369421122403,516.0,816.0,513.0,522.0,577.4285714285714,525.1674107142857,127.1073786775799
2024-03-27,TON80,Ton Balığı Konservesi 80g,945.0,35.59,0,0,2024,3,27,2,13,1,0,0,1.077831617201696,952.0,859.0,870.0,1013.0,850.4285714285714,829.3482142857143,123.80745419515411
2024-03-27,ZEYTY,Zeytinyağı 1L,322.0,269.39,0,0,2024,3,27,2,13,1,0,0,1.0857027707808564,355.0,323.0,310.0,331.0,296.7142857142857,301.0892857142857,48.7876838478534
2024-03-28,SARDL,Sardalya Konservesi,442.0,28.13,0,0,2024,3,28,3,13,1,0,0,1.0599095704596835,417.0,436.0,431.0,403.0,424.42857142857144,401.4642857142857,100.1862551165851
2024-03-28,SOMON,Somon Konservesi,190.0,82.06,0,0,2024,3,28,3,13,1,0,0,1.0705805609915198,199.0,199.0,242.0,202.5,183.42857142857142,186.75,25.211486422244892
2024-03-28,TON160,Ton Balığı Konservesi 160g,544.0,60.58,0,0,2024,3,28,3,13,1,0,0,1.0707909854175872,526.0,589.0,566.0,576.0,536.0,525.3102678571429,71.47493733237324
2024-03-28,TON80,Ton Balığı Konservesi 80g,790.0,36.92,0,0,2024,3,28,3,13,1,0,0,1.1181102362204725,945.0,975.0,922.0,883.0,862.7142857142857,826.9196428571429,128.95957284579904
2024-03-28,ZEYTY,Zeytinyağı 1L,332.0,269.82,0,0,2024,3,28,3,13,1,0,0,1.0874357682619646,322.0,325.0,319.0,346.0,296.57142857142856,300.76785714285717,48.69927153068153
2024-03-29,SARDL,Sardalya Konservesi,468.0,28.85,0,0,2024,3,29,4,13,1,0,0,1.0870384325546345,442.0,447.0,460.0,445.0,425.2857142857143,402.85714285714283,100.3273214462102
2024-03-29,SOMON,Somon Konservesi,214.0,80.88,0,0,2024,3,29,4,13,1,0,0,1.0551859099804304,190.0,206.0,211.0,209.0,182.14285714285714,186.30357142857142,24.504615697377922
2024-03-29,TON160,Ton Balığı Konservesi 160g,483.0,61.76,0,0,2024,3,29,4,13,1,0,0,1.0916482545293857,544.0,563.0,255.6875,561.0,529.5714285714286,524.1674107142857,67.84506158116743
2024-03-29,TON80,Ton Balığı Konservesi 80g,910.0,36.68,0,0,2024,3,29,4,13,1,0,0,1.1108419139915202,790.0,960.0,898.0,945.0,836.2857142857143,823.5982142857143,120.81213278711223
2024-03-29,ZEYTY,Zeytinyağı 1L,269.0,270.49,0,0,2024,3,29,4,13,1,0,0,1.0901360201511336,332.0,321.0,329.0,346.0,297.57142857142856,300.26785714285717,49.44645974134428
2024-03-30,SARDL,Sardalya Konservesi,289.0,28.47,0,0,2024,3,30,5,13,1,1,0,1.0727204220045214,468.0,274.0,339.0,268.0,428.2857142857143,403.67857142857144,101.39315276965796
2024-03-30,SOMON,Somon Konservesi,150.0,80.86,0,0,2024,3,30,5,13,1,1,0,1.0549249836921069,214.0,153.0,142.0,147.0,183.28571428571428,186.48214285714286,25.946832084824656
2024-03-30,TON160,Ton Balığı Konservesi 160g,422.0,61.83,0,0,2024,3,30,5,13,1,1,0,1.092885550154662,483.0,398.0,433.0,502.0,518.1428571428571,521.3816964285714,68.01330402068078
2024-03-30,TON80,Ton Balığı Konservesi 80g,576.0,34.9,0,0,2024,3,30,5,13,1,1,0,1.0569351907934583,910.0,691.0,632.0,668.0,829.1428571428571,822.3482142857143,113.53770089185751
2024-03-30,ZEYTY,Zeytinyağı 1L,334.0,258.26,1,0,2024,3,30,5,13,1,1,0,1.0408463476070529,269.0,228.0,254.0,210.0,290.14285714285717,297.51785714285717,49.24573948214063
2024-03-31,SARDL,Sardalya Konservesi,398.5,30.01,0,0,2024,3,31,6,13,1,1,0,1.1307460437076113,289.0,337.0,351.0,300.0,430.42857142857144,404.42857142857144,97.67950508825017
2024-03-31,SOMON,Somon Konservesi,199.0,82.67,0,0,2024,3,31,6,13,1,1,0,1.078538812785388,150.0,142.0,151.0,148.0,182.85714285714286,186.58928571428572,26.548248978219156
2024-03-31,TON160,Ton Balığı Konservesi 160g,527.0,60.14,0,0,2024,3,31,6,13,1,1,0,1.0630136986301368,422.0,623.0,422.0,378.0,521.5714285714286,518.5245535714286,61.21235480646374
2024-03-31,TON80,Ton Balığı Konservesi 80g,831.0,35.41,0,0,2024,3,31,6,13,1,1,0,1.0723803755299817,576.0,682.0,611.0,574.0,812.7142857142857,819.0625,141.68828966633322
2024-03-31,ZEYTY,Zeytinyağı 1L,367.0,258.59,0,0,2024,3,31,6,13,1,1,0,1.042176322418136,334.0,233.0,212.0,235.0,305.2857142857143,301.94642857142856,42.83189732630833
2024-04-01,SARDL,Sardalya Konservesi,508.0,28.6,0,0,2024,4,1,0,14,2,0,0,1.0776186887716654,398.5,471.0,411.0,490.0,439.2142857142857,407.94642857142856,90.36770124646985
2024-04-01,SOMON,Somon Konservesi,285.0,81.54,0,0,2024,4,1,0,14,2,0,0,1.0637964774951076,199.0,190.0,169.0,184.0,191.0,188.41071428571428,19.81581859693574
2024-04-01,TON160,Ton Balığı Konservesi 160g,594.0,62.09,0,0,2024,4,1,0,14,2,0,0,1.0974812196199735,527.0,537.0,569.0,466.0,507.85714285714283,523.8459821428571,42.63577750914781
2024-04-01,TON80,Ton Balığı Konservesi 80g,1214.0,35.47,0,0,2024,4,1,0,14,2,0,0,1.0741974560872198,831.0,834.0,889.0,428.75,834.0,828.2410714285714,129.44110629934912
2024-04-01,ZEYTY,Zeytinyağı 1L,458.0,264.81,0,0,2024,4,1,0,14,2,0,0,1.0672443324937029,367.0,292.0,300.0,327.0,324.42857142857144,306.6607142857143,34.21918147694869
2024-04-02,SARDL,Sardalya Konservesi,457.0,29.24,0,0,2024,4,2,1,14,2,0,0,1.1017332328560663,508.0,589.0,452.0,479.0,444.5,408.5892857142857,93.56236779104343
2024-04-02,SOMON,Somon Konservesi,296.5,82.33,0,0,2024,4,2,1,14,2,0,0,1.0741030658838877,285.0,195.0,231.0,205.0,204.57142857142858,192.01785714285714,40.62370877068862
2024-04-02,TON160,Ton Balığı Konservesi 160g,824.1875,61.33,1,0,2024,4,2,1,14,2,0,0,1.084047724259832,594.0,516.0,473.0,707.0,516.0,528.4174107142857,53.2509780817845
2024-04-02,TON80,Ton Balığı Konservesi 80g,1082.0,34.53,0,0,2024,4,2,1,14,2,0,0,1.0457298606904906,1214.0,952.0,998.0,904.0,888.2857142857143,856.2857142857143,193.34831633239284
2024-04-02,ZEYTY,Zeytinyağı 1L,467.0,268.62,0,0,2024,4,2,1,14,2,0,0,1.0825994962216625,458.0,355.0,324.0,313.0,348.14285714285717,311.3392857142857,57.559906681150856
2024-04-03,SARDL,Sardalya Konservesi,456.0,27.52,0,0,2024,4,3,2,14,2,0,0,1.0369253956292388,457.0,417.0,455.0,484.0,425.64285714285717,407.80357142857144,69.89320084106383
2024-04-03,SOMON,Somon Konservesi,296.5,79.92,0,0,2024,4,3,2,14,2,0,0,1.0426614481409002,296.5,199.0,214.0,213.0,219.07142857142858,195.28571428571428,52.89803759075003
2024-04-03,TON160,Ton Balığı Konservesi 160g,663.0,62.58,0,0,2024,4,3,2,14,2,0,0,1.1061422889969066,824.1875,526.0,816.0,584.0,560.0267857142857,532.6026785714286,128.07877142207488
2024-04-03,TON80,Ton Balığı Konservesi 80g,1115.0,34.69,0,0,2024,4,3,2,14,2,0,0,1.0505754088431252,1082.0,945.0,859.0,937.0,906.8571428571429,862.6428571428571,206.29786601855392
2024-04-03,ZEYTY,Zeytinyağı 1L,467.0,278.08,0,0,2024,4,3,2,14,2,0,0,1.1207254408060452,467.0,322.0,323.0,344.0,364.14285714285717,316.8392857142857,73.21982557438098
2024-04-04,SARDL,Sardalya Konservesi,503.0,29.09,0,0,2024,4,4,3,14,2,0,0,1.0960813865862848,456.0,442.0,436.0,415.0,431.2142857142857,406.80357142857144,70.63984778606104
2024-04-04,SOMON,Somon Konservesi,267.0,82.4,0,0,2024,4,4,3,14,2,0,0,1.0750163078930202,296.5,190.0,199.0,216.0,233.0,198.26785714285714,59.19389045050765
2024-04-04,TON160,Ton Balığı Konservesi 160g,690.0,59.37,0,0,2024,4,4,3,14,2,0,0,1.049403446752099,663.0,544.0,589.0,525.0,579.5982142857143,535.4241071428571,132.40682581468914
2024-04-04,TON80,Ton Balığı Konservesi 80g,428.75,36.22,0,0,2024,4,4,3,14,2,0,0,1.0969109630526952,1115.0,790.0,975.0,873.0,931.1428571428571,869.0,221.01766789967115
2024-04-04,ZEYTY,Zeytinyağı 1L,467.0,274.58,0,0,2024,4,4,3,14,2,0,0,1.1066196473551637,467.0,332.0,325.0,293.0,384.85714285714283,321.23214285714283,79.5475299667401
2024-04-05,SARDL,Sardalya Konservesi,506.0,28.99,0,0,2024,4,5,4,14,2,0,0,1.0923134890730972,503.0,468.0,447.0,203.0,439.92857142857144,409.94642857142856,75.76852280214291
2024-04-05,SOMON,Somon Konservesi,230.0,81.63,0,0,2024,4,5,4,14,2,0,0,1.0649706457925634,267.0,214.0,206.0,206.0,244.0,200.08928571428572,56.98464705515025
2024-04-05,TON160,Ton Balığı Konservesi 160g,739.0,59.92,0,0,2024,4,5,4,14,2,0,0,1.0591250552364118,690.0,483.0,563.0,655.0,600.4553571428571,541.3169642857143,137.27441112928824
2024-04-05,TON80,Ton Balığı Konservesi 80g,1100.0,33.74,0,0,2024,4,5,4,14,2,0,0,1.0218049666868565,428.75,910.0,960.0,809.0,879.5357142857143,853.1339285714286,290.66792437746614
2024-04-05,ZEYTY,Zeytinyağı 1L,467.0,263.43,0,0,2024,4,5,4,14,2,0,0,1.0616826196473552,467.0,269.0,321.0,320.0,404.14285714285717,327.44642857142856,80.9494257163656
2024-04-06,SARDL,Sardalya Konservesi,320.0,29.38,0,0,2024,4,6,5,14,2,1,0,1.107008289374529,506.0,289.0,274.0,330.0,445.35714285714283,420.76785714285717,79.38971086026204
2024-04-06,SOMON,Somon Konservesi,182.0,81.78,0,0,2024,4,6,5,14,2,1,0,1.0669275929549902,230.0,150.0,153.0,137.0,246.28571428571428,200.94642857142858,55.89115698007579
2024-04-06,TON160,Ton Balığı Konservesi 160g,493.0,60.05,0,0,2024,4,6,5,14,2,1,0,1.0614228899690674,739.0,422.0,398.0,409.0,637.0267857142857,544.3169642857143,134.84692255413694
2024-04-06,TON80,Ton Balığı Konservesi 80g,799.0,35.91,0,0,2024,4,6,5,14,2,1,0,1.0875227135069652,1100.0,576.0,691.0,903.0,906.6785714285714,863.5267857142857,302.6126069431875
2024-04-06,ZEYTY,Zeytinyağı 1L,356.0,270.05,0,0,2024,4,6,5,14,2,1,0,1.0883627204030226,467.0,334.0,228.0,248.0,432.42857142857144,332.69642857142856,56.86785015236828
2024-04-07,SARDL,Sardalya Konservesi,352.0,27.93,0,0,2024,4,7,6,14,2,1,0,1.0523737754333082,320.0,398.5,337.0,320.0,449.7857142857143,420.4107142857143,69.45733531147923
2024-04-07,SOMON,Somon Konservesi,204.0,82.98,0,0,2024,4,7,6,14,2,1,0,1.082583170254403,182.0,199.0,142.0,147.0,250.85714285714286,202.55357142857142,47.360949355028495
2024-04-07,TON160,Ton Balığı Konservesi 160g,537.0,62.94,0,0,2024,4,7,6,14,2,1,0,1.1125055236411843,493.0,527.0,623.0,426.0,647.1696428571429,547.3169642857143,117.53666711949721
2024-04-07,TON80,Ton Balığı Konservesi 80g,707.0,36.49,0,0,2024,4,7,6,14,2,1,0,1.1050878255602665,799.0,831.0,682.0,663.0,938.5357142857143,859.8125,272.2096476282657
2024-04-07,ZEYTY,Zeytinyağı 1L,338.0,268.52,0,0,2024,4,7,6,14,2,1,0,1.0821964735516372,356.0,367.0,233.0,299.5,435.57142857142856,336.55357142857144,50.80635505805884
2024-04-08,SARDL,Sardalya Konservesi,430.0,28.02,0,0,2024,4,8,0,15,2,0,0,1.0557648831951771,352.0,508.0,471.0,456.0,443.14285714285717,421.55357142857144,76.9944339361143
2024-04-08,SOMON,Somon Konservesi,267.0,83.01,0,0,2024,4,8,0,15,2,0,0,1.0829745596868885,204.0,285.0,190.0,165.5,251.57142857142858,204.58928571428572,46.4779773758759
2024-04-08,TON160,Ton Balığı Konservesi 160g,684.0,61.65,0,0,2024,4,8,0,15,2,0,0,1.089703932832523,537.0,594.0,537.0,562.0,648.5982142857143,551.28125,115.8817861255803
2024-04-08,TON80,Ton Balığı Konservesi 80g,1187.0,36.11,0,0,2024,4,8,0,15,2,0,0,1.093579648697759,707.0,1214.0,834.0,902.0,920.8214285714286,861.3839285714286,284.1469218807155
2024-04-08,ZEYTY,Zeytinyağı 1L,467.0,262.75,0,0,2024,4,8,0,15,2,0,0,1.0589420654911839,338.0,458.0,292.0,351.0,431.42857142857144,337.92857142857144,58.002463001889375
2024-04-09,SARDL,Sardalya Konservesi,488.0,29.33,0,0,2024,4,9,1,15,2,0,0,1.1051243406179352,430.0,457.0,589.0,348.0,432.0,420.625,71.49125820685899
2024-04-09,SOMON,Somon Konservesi,226.0,83.35,0,0,2024,4,9,1,15,2,0,0,1.0874103065883887,267.0,296.5,195.0,184.0,249.0,208.21428571428572,44.787461042871314
2024-04-09,TON160,Ton Balığı Konservesi 160g,730.0,61.55,0,0,2024,4,9,1,15,2,0,0,1.0879363676535572,684.0,824.1875,516.0,558.0,661.4553571428571,555.6383928571429,113.78833325181523
2024-04-09,TON80,Ton Balığı Konservesi 80g,1111.0,34.36,0,0,2024,4,9,1,15,2,0,0,1.0405814657783161,1187.0,1082.0,952.0,946.0,916.9642857142857,871.5625,279.65158488478335
2024-04-09,ZEYTY,Zeytinyağı 1L,467.0,266.04,0,0,2024,4,9,1,15,2,0,0,1.0722015113350127,467.0,467.0,355.0,342.0,432.7142857142857,342.07142857142856,58.78410863976129
2024-04-10,SARDL,Sardalya Konservesi,203.0,28.66,0,1,2024,4,10,2,15,2,0,0,1.079879427279578,488.0,456.0,417.0,430.0,436.42857142857144,425.625,74.20659706265234
2024-04-10,SOMON,Somon Konservesi,92.0,79.99,0,1,2024,4,10,2,15,2,0,0,1.0435746901500325,226.0,296.5,199.0,221.0,238.92857142857142,209.71428571428572,39.99627958888701
2024-04-10,TON160,Ton Balığı Konservesi 160g,295.0,59.89,0,1,2024,4,10,2,15,2,0,0,1.058594785682722,730.0,663.0,526.0,513.0,648.0,561.78125,95.42536350467822
2024-04-10,TON80,Ton Balığı Konservesi 80g,430.0,35.28,0,1,2024,4,10,2,15,2,0,0,1.068443367655966,1111.0,1115.0,945.0,870.0,921.1071428571429,877.4553571428571,282.70213480589297
2024-04-10,ZEYTY,Zeytinyağı 1L,318.0,268.8,0,1,2024,4,10,2,15,2,0,0,1.0833249370277078,467.0,467.0,322.0,310.0,432.7142857142857,346.5357142857143,58.78410863976129
2024-04-11,SARDL,Sardalya Konservesi,203.0,28.59,0,1,2024,4,11,3,15,2,0,0,1.0772418990203467,203.0,503.0,442.0,431.0,400.2857142857143,417.51785714285717,114.01858662182138
2024-04-11,SOMON,Somon Konservesi,76.5,82.14,0,1,2024,4,11,3,15,2,0,0,1.071624266144814,92.0,267.0,190.0,242.0,209.71428571428572,205.10714285714286,60.411682881471194
2024-04-11,TON160,Ton Balığı Konservesi 160g,255.6875,59.77,0,1,2024,4,11,3,15,2,0,0,1.0564737074679629,295.0,690.0,544.0,566.0,595.4285714285714,553.9955357142857,163.13272422872646
2024-04-11,TON80,Ton Balığı Konservesi 80g,428.75,35.9,0,1,2024,4,11,3,15,2,0,0,1.0872198667474258,430.0,428.75,790.0,922.0,823.25,861.7410714285714,320.4378839962581
2024-04-11,ZEYTY,Zeytinyağı 1L,142.0,259.73,0,1,2024,4,11,3,15,2,0,0,1.0467707808564233,318.0,467.0,332.0,319.0,411.42857142857144,346.82142857142856,70.17325497855695
2024-04-12,SARDL,Sardalya Konservesi,203.0,27.79,0,1,2024,4,12,4,15,2,0,0,1.0470987189148455,203.0,506.0,468.0,460.0,357.42857142857144,409.375,124.84371181982677
2024-04-12,SOMON,Somon Konservesi,76.5,81.64,0,1,2024,4,12,4,15,2,0,0,1.0651011089367253,76.5,230.0,214.0,211.0,182.5,199.19642857142858,72.08501924810719
2024-04-12,TON160,Ton Balığı Konservesi 160g,346.0,59.78,1,1,2024,4,12,4,15,2,0,0,1.0566504639858594,255.6875,739.0,483.0,255.6875,533.3839285714286,542.9129464285714,199.6693895953235
2024-04-12,TON80,Ton Balığı Konservesi 80g,428.75,35.18,0,1,2024,4,12,4,15,2,0,0,1.0654149000605693,428.75,1100.0,910.0,898.0,823.25,844.125,320.4378839962581
2024-04-12,ZEYTY,Zeytinyağı 1L,126.0,268.09,0,1,2024,4,12,4,15,2,0,0,1.080463476070529,142.0,467.0,269.0,329.0,365.0,340.5,118.29342049891548
2024-04-13,SARDL,Sardalya Konservesi,203.0,28.13,0,1,2024,4,13,5,15,2,1,0,1.0599095704596835,203.0,320.0,289.0,339.0,314.14285714285717,400.19642857142856,117.02909691102028
2024-04-13,SOMON,Somon Konservesi,76.5,83.61,0,1,2024,4,13,5,15,2,1,0,1.0908023483365947,76.5,182.0,150.0,142.0,160.57142857142858,194.39285714285714,78.30625165093149
2024-04-13,TON160,Ton Balığı Konservesi 160g,255.6875,62.08,0,1,2024,4,13,5,15,2,1,0,1.0973044631020767,346.0,493.0,422.0,433.0,477.24107142857144,546.1383928571429,187.07298747111813
2024-04-13,TON80,Ton Balığı Konservesi 80g,428.75,34.89,1,1,2024,4,13,5,15,2,1,0,1.0566323440339187,428.75,799.0,576.0,632.0,727.3571428571429,827.3660714285714,324.23094447807085
2024-04-13,ZEYTY,Zeytinyağı 1L,123.0,269.82,0,1,2024,4,13,5,15,2,1,0,1.0874357682619646,126.0,356.0,334.0,254.0,316.2857142857143,333.25,137.88003757580253
2024-04-14,SARDL,Sardalya Konservesi,332.0,29.7,0,0,2024,4,14,6,15,2,1,0,1.1190655614167295,203.0,352.0,398.5,351.0,297.42857142857144,395.3392857142857,124.18917980626084
2024-04-14,SOMON,Somon Konservesi,122.0,82.32,0,0,2024,4,14,6,15,2,1,0,1.0739726027397258,76.5,204.0,199.0,151.0,145.5,192.05357142857142,83.4765436115636
2024-04-14,TON160,Ton Balığı Konservesi 160g,379.0,61.16,0,0,2024,4,14,6,15,2,1,0,1.0810428634555898,255.6875,537.0,527.0,422.0,443.3392857142857,539.8058035714286,204.43831160398528
2024-04-14,TON80,Ton Balığı Konservesi 80g,586.0,36.16,0,0,2024,4,14,6,15,2,1,0,1.095093882495457,428.75,707.0,831.0,611.0,674.4642857142857,820.1071428571429,340.39295394475624
2024-04-14,ZEYTY,Zeytinyağı 1L,239.0,271.69,0,0,2024,4,14,6,15,2,1,0,1.0949722921914358,123.0,338.0,367.0,212.0,283.0,328.57142857142856,153.8895707967242
2024-04-15,SARDL,Sardalya Konservesi,432.0,29.02,0,0,2024,4,15,0,16,2,0,0,1.0934438583270536,332.0,430.0,508.0,411.0,294.57142857142856,394.6607142857143,122.94830504844347
2024-04-15,SOMON,Somon Konservesi,280.0,82.45,1,0,2024,4,15,0,16,2,0,0,1.075668623613829,122.0,267.0,285.0,169.0,133.78571428571428,191.01785714285714,79.56069860116047
2024-04-15,TON160,Ton Balığı Konservesi 160g,560.0,60.39,0,0,2024,4,15,0,16,2,0,0,1.0674326115775519,379.0,684.0,594.0,569.0,420.76785714285717,538.2700892857143,201.06842453932515
2024-04-15,TON80,Ton Balığı Konservesi 80g,936.0,36.16,0,0,2024,4,15,0,16,2,0,0,1.095093882495457,586.0,1187.0,1214.0,889.0,657.1785714285714,819.2142857142857,341.53573856081954
2024-04-15,ZEYTY,Zeytinyağı 1L,356.0,271.49,0,0,2024,4,15,0,16,2,0,0,1.0941662468513855,239.0,467.0,458.0,300.0,268.85714285714283,329.5357142857143,152.53571010469275
2024-04-16,SARDL,Sardalya Konservesi,453.0,27.92,0,0,2024,4,16,1,16,2,0,0,1.0519969856819895,432.0,488.0,457.0,452.0,294.85714285714283,395.4107142857143,123.31724476788418
2024-04-16,SOMON,Somon Konservesi,231.0,84.21,0,0,2024,4,16,1,16,2,0,0,1.0986301369863012,280.0,226.0,296.5,231.0,135.64285714285714,194.98214285714286,83.2544865085928
2024-04-16,TON160,Ton Balığı Konservesi 160g,587.0,60.06,0,0,2024,4,16,1,16,2,0,0,1.0615996464869641,560.0,730.0,824.1875,473.0,403.05357142857144,537.9486607142857,178.17076323161393
2024-04-16,TON80,Ton Balığı Konservesi 80g,854.0,34.46,0,0,2024,4,16,1,16,2,0,0,1.0436099333737128,936.0,1111.0,1082.0,998.0,621.3214285714286,820.8928571428571,285.16383135714165
2024-04-16,ZEYTY,Zeytinyağı 1L,428.0,272.45,1,0,2024,4,16,1,16,2,0,0,1.098035264483627,356.0,467.0,467.0,324.0,253.0,331.5357142857143,133.02631318652723
2024-04-17,SARDL,Sardalya Konservesi,427.0,29.85,0,0,2024,4,17,2,16,2,0,0,1.124717407686511,453.0,203.0,456.0,455.0,289.85714285714283,395.44642857142856,114.58101729260788
2024-04-17,SOMON,Somon Konservesi,205.0,84.74,0,0,2024,4,17,2,16,2,0,0,1.1055446836268752,231.0,92.0,296.5,214.0,136.35714285714286,194.98214285714286,84.17527065876372
2024-04-17,TON160,Ton Balığı Konservesi 160g,569.0,62.07,0,0,2024,4,17,2,16,2,0,0,1.0971277065841802,587.0,295.0,663.0,816.0,382.625,542.0200892857143,138.13638244955646
2024-04-17,TON80,Ton Balığı Konservesi 80g,832.0,36.56,0,0,2024,4,17,2,16,2,0,0,1.107207752877044,854.0,430.0,1115.0,859.0,584.6071428571429,815.75,220.91820022459595
2024-04-17,ZEYTY,Zeytinyağı 1L,364.0,261.77,0,0,2024,4,17,2,16,2,0,0,1.054992443324937,428.0,318.0,467.0,323.0,247.42857142857142,335.25,123.00929117056869
2024-04-18,SARDL,Sardalya Konservesi,427.0,28.38,0,0,2024,4,18,3,16,2,0,0,1.0693293142426525,427.0,203.0,503.0,436.0,321.85714285714283,394.44642857142856,117.52223700421834
2024-04-18,SOMON,Somon Konservesi,190.0,82.43,0,0,2024,4,18,3,16,2,0,0,1.0754076973255056,205.0,76.5,267.0,199.0,152.5,194.66071428571428,85.08133363631111
2024-04-18,TON160,Ton Balığı Konservesi 160g,583.0,61.2,0,0,2024,4,18,3,16,2,0,0,1.0817498895271762,569.0,255.6875,690.0,589.0,421.76785714285717,533.1986607142857,147.6608264911843
2024-04-18,TON80,Ton Balığı Konservesi 80g,936.0,35.38,0,0,2024,4,18,3,16,2,0,0,1.0714718352513628,832.0,428.75,428.75,975.0,642.0357142857143,814.7857142857143,226.21622347193286
2024-04-18,ZEYTY,Zeytinyağı 1L,309.0,266.58,0,0,2024,4,18,3,16,2,0,0,1.0743778337531487,364.0,142.0,467.0,325.0,254.0,336.7142857142857,128.51329373518791
2024-04-19,SARDL,Sardalya Konservesi,439.0,29.05,0,0,2024,4,19,4,16,2,0,0,1.0945742275810098,427.0,203.0,506.0,447.0,353.85714285714283,394.125,110.02185929990954
2024-04-19,SOMON,Somon Konservesi,205.0,85.18,0,0,2024,4,19,4,16,2,0,0,1.1112850619699934,190.0,76.5,230.0,206.0,168.71428571428572,194.33928571428572,78.76434109780516
2024-04-19,TON160,Ton Balığı Konservesi 160g,573.0,62.21,0,0,2024,4,19,4,16,2,0,0,1.0996022978347326,583.0,346.0,739.0,563.0,468.5267857142857,532.984375,137.79855776575283
2024-04-19,TON80,Ton Balığı Konservesi 80g,885.0,36.28,0,0,2024,4,19,4,16,2,0,0,1.0987280436099334,936.0,428.75,1100.0,960.0,714.5,813.3928571428571,227.74597508334952
2024-04-19,ZEYTY,Zeytinyağı 1L,445.0,258.62,1,0,2024,4,19,4,16,2,0,0,1.0422972292191437,309.0,126.0,467.0,321.0,277.85714285714283,336.14285714285717,119.43677347091578
2024-04-20,SARDL,Sardalya Konservesi,310.0,29.24,0,0,2024,4,20,5,16,2,1,0,1.1017332328560663,439.0,203.0,320.0,274.0,387.57142857142856,393.8392857142857,90.52045283223036
2024-04-20,SOMON,Somon Konservesi,138.0,84.0,0,0,2024,4,20,5,16,2,1,0,1.095890410958904,205.0,76.5,182.0,153.0,187.07142857142858,194.30357142857142,67.91810544780408
2024-04-20,TON160,Ton Balığı Konservesi 160g,370.0,59.65,0,0,2024,4,20,5,16,2,1,0,1.0543526292532037,573.0,255.6875,493.0,398.0,500.95535714285717,533.3415178571429,130.6848682297467
2024-04-20,TON80,Ton Balığı Konservesi 80g,790.0,35.31,0,0,2024,4,20,5,16,2,1,0,1.069351907934585,885.0,428.75,799.0,691.0,779.6785714285714,810.7142857142857,195.31548807237897
2024-04-20,ZEYTY,Zeytinyağı 1L,201.0,268.79,0,0,2024,4,20,5,16,2,1,0,1.0832846347607055,445.0,123.0,356.0,228.0,323.42857142857144,340.57142857142856,112.49423265640031
2024-04-21,SARDL,Sardalya Konservesi,316.0,28.58,0,0,2024,4,21,6,16,2,1,0,1.0768651092690278,310.0,332.0,352.0,337.0,402.85714285714283,395.125,56.97785701898498
2024-04-21,SOMON,Somon Konservesi,189.0,80.91,1,0,2024,4,21,6,16,2,1,0,1.0555772994129158,138.0,122.0,204.0,142.0,195.85714285714286,193.76785714285714,53.725935919964996
2024-04-21,TON160,Ton Balığı Konservesi 160g,349.0,60.94,0,0,2024,4,21,6,16,2,1,0,1.0771542200618647,370.0,379.0,537.0,623.0,517.2857142857143,532.3415178571429,97.97740264250473
2024-04-21,TON80,Ton Balığı Konservesi 80g,695.0,36.98,0,0,2024,4,21,6,16,2,1,0,1.1199273167777102,790.0,586.0,707.0,682.0,831.2857142857143,814.25,120.55526296504374
2024-04-21,ZEYTY,Zeytinyağı 1L,220.0,270.49,0,0,2024,4,21,6,16,2,1,0,1.0901360201511336,201.0,239.0,338.0,233.0,334.57142857142856,339.60714285714283,91.17539350588133
2024-04-22,SARDL,Sardalya Konservesi,495.0,28.42,0,0,2024,4,22,0,17,2,0,0,1.0708364732479279,316.0,432.0,430.0,471.0,400.57142857142856,394.375,60.50580452280657
2024-04-22,SOMON,Somon Konservesi,277.0,82.49,1,0,2024,4,22,0,17,2,0,0,1.0761904761904761,189.0,280.0,267.0,190.0,205.42857142857142,195.44642857142858,43.33919374291264
2024-04-22,TON160,Ton Balığı Konservesi 160g,291.5,61.56,0,0,2024,4,22,0,17,2,0,0,1.088113124171454,349.0,560.0,684.0,537.0,513.0,522.5558035714286,105.40872829135198
2024-04-22,TON80,Ton Balığı Konservesi 80g,844.0,35.81,0,0,2024,4,22,0,17,2,0,0,1.0844942459115687,695.0,936.0,1187.0,834.0,846.8571428571429,814.7142857142857,85.55004105089023
2024-04-22,ZEYTY,Zeytinyağı 1L,306.0,282.56,0,0,2024,4,22,0,17,2,0,0,1.1387808564231738,220.0,356.0,467.0,292.0,331.85714285714283,339.14285714285717,94.70907836004665
2024-04-23,SARDL,Sardalya Konservesi,203.0,29.21,0,1,2024,4,23,1,17,2,0,0,1.1006028636021101,495.0,453.0,488.0,589.0,409.57142857142856,395.23214285714283,69.91389261764864
2024-04-23,SOMON,Somon Konservesi,81.0,81.79,0,1,2024,4,23,1,17,2,0,0,1.067058056099152,277.0,231.0,226.0,195.0,205.0,198.55357142857142,42.485291572496045
2024-04-23,TON160,Ton Balığı Konservesi 160g,255.6875,62.84,0,1,2024,4,23,1,17,2,0,0,1.1107379584622183,291.5,587.0,730.0,516.0,474.64285714285717,513.7879464285714,131.16170499480006
2024-04-23,TON80,Ton Balığı Konservesi 80g,508.0,35.17,1,1,2024,4,23,1,17,2,0,0,1.0651120533010296,844.0,854.0,1111.0,952.0,833.7142857142857,815.0714285714286,76.11989290085431
2024-04-23,ZEYTY,Zeytinyağı 1L,123.0,265.87,0,1,2024,4,23,1,17,2,0,0,1.0715163727959698,306.0,428.0,467.0,355.0,324.7142857142857,339.64285714285717,94.46994987069363
2024-04-24,SARDL,Sardalya Konservesi,455.0,28.31,0,0,2024,4,24,2,17,2,0,0,1.0666917859834213,203.0,427.0,203.0,417.0,373.85714285714283,381.44642857142856,100.98255389162928
2024-04-24,SOMON,Somon Konservesi,76.5,84.99,0,0,2024,4,24,2,17,2,0,0,1.1088062622309196,81.0,205.0,92.0,199.0,183.57142857142858,194.48214285714286,60.98594685897479
2024-04-24,TON160,Ton Balığı Konservesi 160g,651.0,62.21,0,0,2024,4,24,2,17,2,0,0,1.0996022978347326,255.6875,569.0,295.0,526.0,427.3125,504.49107142857144,143.09468838412607
2024-04-24,TON80,Ton Balığı Konservesi 80g,1004.0,36.07,0,0,2024,4,24,2,17,2,0,0,1.0923682616596002,508.0,832.0,430.0,945.0,784.2857142857143,799.2142857142857,143.37679296840207
2024-04-24,ZEYTY,Zeytinyağı 1L,311.0,275.13,0,0,2024,4,24,2,17,2,0,0,1.1088362720403022,123.0,364.0,318.0,322.0,281.14285714285717,331.35714285714283,108.22727409088176
2024-04-25,SARDL,Sardalya Konservesi,445.0,28.86,0,0,2024,4,25,3,17,2,0,0,1.0874152223059532,455.0,427.0,203.0,442.0,377.85714285714283,382.80357142857144,103.94939244880571
2024-04-25,SOMON,Somon Konservesi,222.0,79.54,0,0,2024,4,25,3,17,2,0,0,1.0377038486627528,76.5,190.0,76.5,190.0,165.21428571428572,190.10714285714286,71.83537727729558
2024-04-25,TON160,Ton Balığı Konservesi 160g,594.0,62.37,0,0,2024,4,25,3,17,2,0,0,1.102430402121078,651.0,583.0,255.6875,544.0,439.0267857142857,508.95535714285717,159.08944948986473
2024-04-25,TON80,Ton Balığı Konservesi 80g,794.0,36.24,0,0,2024,4,25,3,17,2,0,0,1.0975166565717747,1004.0,936.0,428.75,790.0,808.8571428571429,801.3214285714286,165.88794267157837
2024-04-25,ZEYTY,Zeytinyağı 1L,339.0,264.45,0,0,2024,4,25,3,17,2,0,0,1.065793450881612,311.0,309.0,142.0,332.0,273.57142857142856,330.9642857142857,103.20183645468255
2024-04-26,SARDL,Sardalya Konservesi,451.0,28.65,0,0,2024,4,26,4,17,2,0,0,1.0795026375282593,445.0,439.0,203.0,468.0,380.42857142857144,382.9107142857143,105.57754992240865
2024-04-26,SOMON,Somon Konservesi,196.0,80.65,0,0,2024,4,26,4,17,2,0,0,1.0521852576647097,222.0,205.0,76.5,214.0,169.78571428571428,191.25,74.63905207890882
2024-04-26,TON160,Ton Balığı Konservesi 160g,612.0,59.59,0,0,2024,4,26,4,17,2,0,0,1.053292090145824,594.0,573.0,346.0,483.0,440.5982142857143,510.74107142857144,160.79378233933122
2024-04-26,TON80,Ton Balığı Konservesi 80g,831.0,36.54,0,0,2024,4,26,4,17,2,0,0,1.1066020593579646,794.0,885.0,428.75,910.0,788.5714285714286,801.4642857142857,156.1450790588195
2024-04-26,ZEYTY,Zeytinyağı 1L,337.0,261.0,0,0,2024,4,26,4,17,2,0,0,1.051889168765743,339.0,445.0,126.0,269.0,277.85714285714283,331.2142857142857,105.5152888944355
2024-04-27,SARDL,Sardalya Konservesi,438.0,28.67,1,0,2024,4,27,5,17,2,1,0,1.080256217030897,451.0,310.0,203.0,289.0,382.14285714285717,382.30357142857144,106.77769519181352
2024-04-27,SOMON,Somon Konservesi,144.0,84.11,0,0,2024,4,27,5,17,2,1,0,1.0973255055446836,196.0,138.0,76.5,150.0,168.5,190.60714285714286,74.00619343451353
2024-04-27,TON160,Ton Balığı Konservesi 160g,393.0,61.86,0,0,2024,4,27,5,17,2,1,0,1.0934158197083517,612.0,370.0,255.6875,422.0,446.16964285714283,515.3482142857143,166.712775058061
2024-04-27,TON80,Ton Balığı Konservesi 80g,888.0,35.52,1,0,2024,4,27,5,17,2,1,0,1.0757116898849182,831.0,790.0,428.75,576.0,780.8571428571429,798.6428571428571,151.86224961175213
2024-04-27,ZEYTY,Zeytinyağı 1L,240.0,278.04,0,0,2024,4,27,5,17,2,1,0,1.1205642317380353,337.0,201.0,123.0,334.0,262.42857142857144,333.64285714285717,82.35665757920884
2024-04-28,SARDL,Sardalya Konservesi,351.0,29.22,0,0,2024,4,28,6,17,2,1,0,1.1009796533534288,438.0,316.0,332.0,398.5,400.42857142857144,387.625,103.26641458360059
2024-04-28,SOMON,Somon Konservesi,145.0,83.0,0,0,2024,4,28,6,17,2,1,0,1.0828440965427266,144.0,189.0,122.0,199.0,169.35714285714286,190.39285714285714,73.62784475868821
2024-04-28,TON160,Ton Balığı Konservesi 160g,378.0,60.98,0,0,2024,4,28,6,17,2,1,0,1.0778612461334511,393.0,349.0,379.0,527.0,449.45535714285717,514.3125,165.18097207071494
2024-04-28,TON80,Ton Balığı Konservesi 80g,805.0,37.24,0,0,2024,4,28,6,17,2,1,0,1.1278013325257419,888.0,695.0,586.0,831.0,794.8571428571429,809.7857142857143,157.2666828155564
2024-04-28,ZEYTY,Zeytinyağı 1L,245.0,271.97,0,0,2024,4,28,6,17,2,1,0,1.0961007556675064,240.0,220.0,239.0,367.0,268.0,330.2857142857143,78.74854496010283
2024-04-29,SARDL,Sardalya Konservesi,435.0,28.48,0,0,2024,4,29,0,18,2,0,0,1.0730972117558404,351.0,495.0,432.0,508.0,405.42857142857144,385.92857142857144,99.2670760169357
2024-04-29,SOMON,Somon Konservesi,231.0,87.33,0,0,2024,4,29,0,18,2,0,0,1.1393346379647749,145.0,277.0,280.0,285.0,163.07142857142858,188.46428571428572,73.54954598286571
2024-04-29,TON160,Ton Balığı Konservesi 160g,552.0,62.94,0,0,2024,4,29,0,18,2,0,0,1.1125055236411843,378.0,291.5,560.0,594.0,453.5982142857143,508.99107142857144,162.58483305335776
2024-04-29,TON80,Ton Balığı Konservesi 80g,1201.0,36.25,1,0,2024,4,29,0,18,2,0,0,1.0978195033313143,805.0,844.0,936.0,1214.0,810.5714285714286,808.8571428571429,150.99653102290708
2024-04-29,ZEYTY,Zeytinyağı 1L,352.0,277.8,0,0,2024,4,29,0,18,2,0,0,1.1195969773299748,245.0,306.0,356.0,458.0,271.57142857142856,325.92857142857144,76.7503683875136
2024-04-30,SARDL,Sardalya Konservesi,499.0,28.09,0,0,2024,4,30,1,18,2,0,0,1.0584024114544084,435.0,203.0,453.0,457.0,396.85714285714283,383.32142857142856,92.61106588204895
2024-04-30,SOMON,Somon Konservesi,219.0,82.01,0,0,2024,4,30,1,18,2,0,0,1.069928245270711,231.0,81.0,231.0,296.5,156.5,186.53571428571428,62.96758425306328
2024-04-30,TON160,Ton Balığı Konservesi 160g,255.6875,60.79,0,0,2024,4,30,1,18,2,0,0,1.0745028722934158,552.0,255.6875,587.0,824.1875,490.8125,507.49107142857144,148.50124946864955
2024-04-30,TON80,Ton Balığı Konservesi 80g,807.0,36.21,0,0,2024,4,30,1,18,2,0,0,1.0966081162931556,1201.0,508.0,854.0,1082.0,861.5714285714286,808.3928571428571,212.0965638122219
2024-04-30,ZEYTY,Zeytinyağı 1L,344.0,271.05,0,0,2024,4,30,1,18,2,0,0,1.0923929471032745,352.0,123.0,428.0,467.0,278.14285714285717,322.14285714285717,81.98054356863899
2024-05-01,SARDL,Sardalya Konservesi,203.0,27.66,0,1,2024,5,1,2,18,2,0,0,1.0422004521477015,499.0,455.0,427.0,456.0,439.14285714285717,384.82142857142856,44.34120946864958
2024-05-01,SOMON,Somon Konservesi,81.0,84.03,0,1,2024,5,1,2,18,2,0,0,1.0962818003913894,219.0,76.5,205.0,296.5,176.21428571428572,183.76785714285714,56.67881522436818
2024-05-01,TON160,Ton Balığı Konservesi 160g,255.6875,61.64,0,1,2024,5,1,2,18,2,0,0,1.0895271763146266,255.6875,651.0,569.0,663.0,490.8125,487.1875,148.50124946864955
2024-05-01,TON80,Ton Balığı Konservesi 80g,428.75,35.6,0,1,2024,5,1,2,18,2,0,0,1.0781344639612356,807.0,1004.0,832.0,1115.0,904.2857142857143,798.5714285714286,150.0574493160462
2024-05-01,ZEYTY,Zeytinyağı 1L,136.0,263.99,0,1,2024,5,1,2,18,2,0,0,1.0639395465994963,344.0,311.0,364.0,467.0,309.7142857142857,317.75,47.63652060381884
2024-05-02,SARDL,Sardalya Konservesi,450.0,28.86,0,0,2024,5,2,3,18,2,0,0,1.0874152223059532,203.0,445.0,427.0,503.0,403.14285714285717,375.7857142857143,98.51975871439475
2024-05-02,SOMON,Somon Konservesi,210.0,81.7,0,0,2024,5,2,3,18,2,0,0,1.065883887801696,81.0,222.0,190.0,267.0,176.85714285714286,176.07142857142858,55.369752788047556
2024-05-02,TON160,Ton Balığı Konservesi 160g,492.0,60.72,0,0,2024,5,2,3,18,2,0,0,1.0732655766681396,255.6875,594.0,583.0,690.0,434.3392857142857,472.640625,152.54228348719656
2024-05-02,TON80,Ton Balığı Konservesi 80g,939.0,36.01,0,0,2024,5,2,3,18,2,0,0,1.090551181102362,428.75,794.0,936.0,428.75,822.1071428571429,774.0625,225.10052648496608
2024-05-02,ZEYTY,Zeytinyağı 1L,312.0,263.42,0,0,2024,5,2,3,18,2,0,0,1.0616423173803526,136.0,339.0,309.0,467.0,284.7142857142857,305.92857142857144,81.05083648697331
2024-05-03,SARDL,Sardalya Konservesi,436.0,28.71,0,0,2024,5,3,4,18,2,0,0,1.0817633760361718,450.0,451.0,439.0,506.0,403.85714285714283,373.89285714285717,98.89123414375966
2024-05-03,SOMON,Somon Konservesi,196.0,82.72,0,0,2024,5,3,4,18,2,0,0,1.0791911285061968,210.0,196.0,205.0,230.0,175.14285714285714,174.03571428571428,53.90556115846953
2024-05-03,TON160,Ton Balığı Konservesi 160g,547.0,62.64,0,0,2024,5,3,4,18,2,0,0,1.1072028281042863,492.0,612.0,573.0,739.0,419.76785714285717,465.56919642857144,139.02147201083608
2024-05-03,TON80,Ton Balığı Konservesi 80g,933.0,36.33,0,0,2024,5,3,4,18,2,0,0,1.1002422774076315,939.0,831.0,885.0,1100.0,842.8214285714286,792.2857142857143,228.72539550215782
2024-05-03,ZEYTY,Zeytinyağı 1L,331.0,252.31,0,0,2024,5,3,4,18,2,0,0,1.0168664987405542,312.0,337.0,445.0,467.0,280.85714285714283,300.39285714285717,78.6435599639889
2024-05-04,SARDL,Sardalya Konservesi,270.0,29.16,0,0,2024,5,4,5,18,2,1,0,1.0987189148455163,436.0,438.0,310.0,320.0,401.7142857142857,371.39285714285717,97.8565519620657
2024-05-04,SOMON,Somon Konservesi,156.0,81.97,0,0,2024,5,4,5,18,2,1,0,1.0694063926940638,196.0,144.0,138.0,182.0,175.14285714285714,172.82142857142858,53.90556115846953
2024-05-04,TON160,Ton Balığı Konservesi 160g,387.0,60.14,0,0,2024,5,4,5,18,2,1,0,1.0630136986301368,547.0,393.0,370.0,493.0,410.48214285714283,458.71205357142856,125.56078745661941
2024-05-04,TON80,Ton Balığı Konservesi 80g,613.0,36.46,0,0,2024,5,4,5,18,2,1,0,1.1041792852816474,933.0,888.0,790.0,799.0,857.3928571428571,786.3214285714286,231.08367248785822
2024-05-04,ZEYTY,Zeytinyağı 1L,250.0,265.5,0,0,2024,5,4,5,18,2,1,0,1.0700251889168766,331.0,240.0,201.0,356.0,280.0,295.5357142857143,77.95939113837832
2024-05-05,SARDL,Sardalya Konservesi,290.0,28.45,0,0,2024,5,5,6,18,2,1,0,1.071966842501884,270.0,351.0,316.0,352.0,377.7142857142857,369.60714285714283,107.5913786597439
2024-05-05,SOMON,Somon Konservesi,136.0,81.99,0,0,2024,5,5,6,18,2,1,0,1.0696673189823873,156.0,145.0,189.0,204.0,176.85714285714286,171.89285714285714,52.932121852515046
2024-05-05,TON160,Ton Balığı Konservesi 160g,396.0,62.17,0,0,2024,5,5,6,18,2,1,0,1.0988952717631462,387.0,378.0,349.0,537.0,409.625,454.9263392857143,125.72039806484665
2024-05-05,TON80,Ton Balığı Konservesi 80g,588.0,35.47,0,0,2024,5,5,6,18,2,1,0,1.0741974560872198,613.0,805.0,695.0,707.0,818.1071428571429,779.6785714285714,247.78535137723992
2024-05-05,ZEYTY,Zeytinyağı 1L,123.0,271.13,0,0,2024,5,5,6,18,2,1,0,1.0927153652392947,250.0,245.0,220.0,338.0,281.42857142857144,291.75,77.1920918722834
2024-05-06,SARDL,Sardalya Konservesi,435.0,29.09,0,0,2024,5,6,0,19,2,0,0,1.0960813865862848,290.0,435.0,495.0,430.0,369.0,367.39285714285717,112.47518244780167
2024-05-06,SOMON,Somon Konservesi,200.0,84.59,0,0,2024,5,6,0,19,2,0,0,1.1035877364644489,136.0,231.0,277.0,267.0,175.57142857142858,169.46428571428572,53.934704791556584
2024-05-06,TON160,Ton Balığı Konservesi 160g,555.0,61.74,0,0,2024,5,6,0,19,2,0,0,1.0912947414935925,396.0,552.0,291.5,684.0,412.19642857142856,449.890625,125.1485285725294
2024-05-06,TON80,Ton Balığı Konservesi 80g,959.0,36.2,0,0,2024,5,6,0,19,2,0,0,1.096305269533616,588.0,1201.0,844.0,1187.0,787.1071428571429,775.4285714285714,262.81678730719517
2024-05-06,ZEYTY,Zeytinyağı 1L,348.0,263.27,0,0,2024,5,6,0,19,2,0,0,1.0610377833753148,123.0,352.0,306.0,467.0,264.0,284.07142857142856,97.80763433052324
2024-05-07,SARDL,Sardalya Konservesi,441.0,29.2,0,0,2024,5,7,1,19,2,0,0,1.1002260738507912,435.0,499.0,203.0,488.0,369.0,367.57142857142856,112.47518244780167
2024-05-07,SOMON,Somon Konservesi,219.0,83.12,0,0,2024,5,7,1,19,2,0,0,1.084409654272668,200.0,219.0,81.0,226.0,171.14285714285714,167.07142857142858,49.734054635392056
2024-05-07,TON160,Ton Balığı Konservesi 160g,595.0,59.95,0,0,2024,5,7,1,19,2,0,0,1.0596553247901017,555.0,255.6875,255.6875,730.0,412.625,445.28348214285717,125.71095214651544
2024-05-07,TON80,Ton Balığı Konservesi 80g,1024.0,36.22,0,0,2024,5,7,1,19,2,0,0,1.0969109630526952,959.0,807.0,508.0,1111.0,752.5357142857143,767.2857142857143,209.88471183462585
2024-05-07,ZEYTY,Zeytinyağı 1L,341.0,280.5,0,0,2024,5,7,1,19,2,0,0,1.1304785894206548,348.0,344.0,123.0,467.0,263.42857142857144,279.82142857142856,97.21772325191395
2024-05-08,SARDL,Sardalya Konservesi,409.0,29.46,0,0,2024,5,8,2,19,2,0,0,1.1100226073850792,441.0,203.0,455.0,203.0,360.7142857142857,365.89285714285717,103.04321793259538
2024-05-08,SOMON,Somon Konservesi,168.0,85.52,0,0,2024,5,8,2,19,2,0,0,1.1157208088714936,219.0,81.0,76.5,92.0,171.14285714285714,166.82142857142858,49.734054635392056
2024-05-08,TON160,Ton Balığı Konservesi 160g,574.0,59.44,0,0,2024,5,8,2,19,2,0,0,1.0506407423773751,595.0,255.6875,651.0,295.0,461.0982142857143,440.46205357142856,120.41812926488635
2024-05-08,TON80,Ton Balığı Konservesi 80g,951.0,35.89,0,0,2024,5,8,2,19,2,0,0,1.0869170199878861,1024.0,428.75,1004.0,430.0,783.5357142857143,764.1785714285714,233.91916466001106
2024-05-08,ZEYTY,Zeytinyağı 1L,325.0,273.49,0,0,2024,5,8,2,19,2,0,0,1.1022267002518893,341.0,136.0,311.0,318.0,263.0,275.32142857142856,96.80909048224767
2024-05-09,SARDL,Sardalya Konservesi,474.0,28.89,0,0,2024,5,9,3,19,2,0,0,1.0885455915599096,409.0,450.0,445.0,203.0,390.14285714285717,373.25,76.48840559506948
2024-05-09,SOMON,Somon Konservesi,180.0,83.14,0,0,2024,5,9,3,19,2,0,0,1.0846705805609915,168.0,210.0,222.0,76.5,183.57142857142858,169.53571428571428,30.669513325434924
2024-05-09,TON160,Ton Balığı Konservesi 160g,544.0,62.31,0,0,2024,5,9,3,19,2,0,0,1.1013698630136985,574.0,492.0,594.0,255.6875,506.57142857142856,450.4263392857143,84.73656657126125
2024-05-09,TON80,Ton Balığı Konservesi 80g,875.0,35.12,0,0,2024,5,9,3,19,2,0,0,1.063597819503331,951.0,939.0,794.0,428.75,858.1428571428571,782.7857142857143,178.66022554132104
2024-05-09,ZEYTY,Zeytinyağı 1L,341.0,266.48,0,0,2024,5,9,3,19,2,0,0,1.0739748110831235,325.0,312.0,339.0,142.0,290.0,275.57142857142856,80.46117075956566
2024-05-10,SARDL,Sardalya Konservesi,384.0,29.39,0,0,2024,5,10,4,19,2,0,0,1.107385079125848,474.0,436.0,451.0,203.0,393.57142857142856,382.92857142857144,80.07258611796375
2024-05-10,SOMON,Somon Konservesi,202.0,82.73,0,0,2024,5,10,4,19,2,0,0,1.0793215916503587,180.0,196.0,196.0,76.5,179.28571428571428,173.23214285714286,28.370843517680978
2024-05-10,TON160,Ton Balığı Konservesi 160g,541.0,62.01,0,0,2024,5,10,4,19,2,0,0,1.0960671674768006,544.0,547.0,612.0,346.0,514.0,460.7232142857143,85.52192701290161
2024-05-10,TON80,Ton Balığı Konservesi 80g,964.0,36.42,0,0,2024,5,10,4,19,2,0,0,1.1029678982434887,875.0,933.0,831.0,428.75,849.0,798.7232142857143,175.44134822403228
2024-05-10,ZEYTY,Zeytinyağı 1L,310.0,261.26,0,0,2024,5,10,4,19,2,0,0,1.0529370277078085,341.0,331.0,337.0,126.0,294.14285714285717,282.67857142857144,82.50339098370141
2024-05-11,SARDL,Sardalya Konservesi,346.5,28.28,0,0,2024,5,11,5,19,2,1,0,1.0655614167294651,384.0,270.0,438.0,203.0,386.14285714285717,389.39285714285717,77.86190461628745
2024-05-11,SOMON,Somon Konservesi,133.0,82.81,0,0,2024,5,11,5,19,2,1,0,1.080365296803653,202.0,156.0,144.0,76.5,180.14285714285714,177.71428571428572,29.04266155978426
2024-05-11,TON160,Ton Balığı Konservesi 160g,427.0,62.04,0,0,2024,5,11,5,19,2,1,0,1.0965974370304905,541.0,387.0,393.0,255.6875,513.1428571428571,467.6875,85.1653853225765
2024-05-11,TON80,Ton Balığı Konservesi 80g,641.0,35.71,0,0,2024,5,11,5,19,2,1,0,1.0814657783161719,964.0,613.0,888.0,428.75,853.4285714285714,817.8392857142857,178.2833485801517
2024-05-11,ZEYTY,Zeytinyağı 1L,216.0,259.9,0,0,2024,5,11,5,19,2,1,0,1.047455919395466,310.0,250.0,240.0,123.0,291.14285714285717,289.25,81.31303415695116
2024-05-12,SARDL,Sardalya Konservesi,309.0,28.74,0,0,2024,5,12,6,19,2,1,0,1.0828937452901282,346.5,290.0,351.0,332.0,397.07142857142856,394.51785714285717,62.74447423971876
2024-05-12,SOMON,Somon Konservesi,153.0,81.63,0,0,2024,5,12,6,19,2,1,0,1.0649706457925634,133.0,136.0,145.0,122.0,176.85714285714286,179.73214285714286,33.22864512950888
2024-05-12,TON160,Ton Balığı Konservesi 160g,417.0,60.63,0,0,2024,5,12,6,19,2,1,0,1.0716747680070702,427.0,396.0,378.0,379.0,518.8571428571429,473.80580357142856,76.15648051091641
2024-05-12,TON80,Ton Balığı Konservesi 80g,627.0,34.84,0,0,2024,5,12,6,19,2,1,0,1.0551181102362204,641.0,588.0,805.0,586.0,857.4285714285714,825.4196428571429,172.20032630907497
2024-05-12,ZEYTY,Zeytinyağı 1L,239.0,272.97,0,0,2024,5,12,6,19,2,1,0,1.1001309823677583,216.0,123.0,245.0,239.0,286.2857142857143,292.57142857142856,85.10721529481553
2024-05-13,SARDL,Sardalya Konservesi,445.0,29.34,0,0,2024,5,13,0,20,2,0,0,1.105501130369254,309.0,435.0,435.0,432.0,399.7857142857143,393.69642857142856,57.535392834073185
2024-05-13,SOMON,Somon Konservesi,76.5,86.0,0,0,2024,5,13,0,20,2,0,0,1.121983039791259,153.0,200.0,231.0,280.0,179.28571428571428,180.83928571428572,30.230857776529277
2024-05-13,TON160,Ton Balığı Konservesi 160g,565.0,63.7,0,0,2024,5,13,0,20,2,0,0,1.1259390190013256,417.0,555.0,552.0,560.0,521.8571428571429,475.16294642857144,70.73054166206838
2024-05-13,TON80,Ton Balığı Konservesi 80g,945.0,36.58,0,0,2024,5,13,0,20,2,0,0,1.1078134463961233,627.0,959.0,1201.0,936.0,863.0,826.8839285714286,162.38123865356553
2024-05-13,ZEYTY,Zeytinyağı 1L,275.0,269.86,0,0,2024,5,13,0,20,2,0,0,1.087596977329975,239.0,348.0,352.0,356.0,302.85714285714283,292.57142857142856,53.402336314149125
2024-05-14,SARDL,Sardalya Konservesi,458.0,29.09,0,0,2024,5,14,1,20,2,0,0,1.0960813865862848,445.0,441.0,499.0,453.0,401.2142857142857,394.1607142857143,58.66845911763654
2024-05-14,SOMON,Somon Konservesi,214.0,82.92,0,0,2024,5,14,1,20,2,0,0,1.0818003913894325,76.5,219.0,219.0,231.0,161.64285714285714,173.57142857142858,47.329267095630016
2024-05-14,TON160,Ton Balığı Konservesi 160g,654.0,61.01,0,0,2024,5,14,1,20,2,0,0,1.0783915156871409,565.0,595.0,255.6875,587.0,523.2857142857143,475.34151785714283,71.60706270034747
2024-05-14,TON80,Ton Balığı Konservesi 80g,907.0,36.31,0,0,2024,5,14,1,20,2,0,0,1.0996365838885525,945.0,1024.0,807.0,854.0,861.0,827.2053571428571,161.08279444641565
2024-05-14,ZEYTY,Zeytinyağı 1L,311.0,259.48,0,0,2024,5,14,1,20,2,0,0,1.0457632241813604,275.0,341.0,344.0,428.0,292.42857142857144,289.67857142857144,50.14597738222906
2024-05-15,SARDL,Sardalya Konservesi,329.0,29.52,0,0,2024,5,15,2,20,2,0,0,1.1122833458929917,458.0,409.0,203.0,427.0,403.64285714285717,394.3392857142857,60.89931190478174
2024-05-15,SOMON,Somon Konservesi,185.0,83.43,0,0,2024,5,15,2,20,2,0,0,1.088454011741683,214.0,168.0,81.0,205.0,160.92857142857142,172.96428571428572,46.346906199720344
2024-05-15,TON160,Ton Balığı Konservesi 160g,564.0,61.76,0,0,2024,5,15,2,20,2,0,0,1.0916482545293857,654.0,574.0,255.6875,569.0,531.7142857142857,477.734375,83.8763261906371
2024-05-15,TON80,Ton Balığı Konservesi 80g,855.0,35.97,0,0,2024,5,15,2,20,2,0,0,1.0893397940642033,907.0,951.0,428.75,832.0,844.2857142857143,829.0982142857143,146.7863689013308
2024-05-15,ZEYTY,Zeytinyağı 1L,304.0,266.05,0,0,2024,5,15,2,20,2,0,0,1.072241813602015,311.0,325.0,136.0,364.0,288.14285714285717,285.5,46.44864035121134
2024-05-16,SARDL,Sardalya Konservesi,404.0,28.68,0,0,2024,5,16,3,20,2,0,0,1.0806330067822156,329.0,474.0,450.0,427.0,392.2142857142857,390.8392857142857,66.93395821184068
2024-05-16,SOMON,Somon Konservesi,208.0,82.71,0,0,2024,5,16,3,20,2,0,0,1.0790606653620352,185.0,180.0,210.0,190.0,163.35714285714286,172.25,47.21644689239991
2024-05-16,TON160,Ton Balığı Konservesi 160g,573.0,61.98,0,0,2024,5,16,3,20,2,0,0,1.0955368979231108,564.0,544.0,492.0,583.0,530.2857142857143,477.55580357142856,83.11781655320048
2024-05-16,TON80,Ton Balığı Konservesi 80g,934.0,36.47,0,0,2024,5,16,3,20,2,0,0,1.104482132041187,855.0,875.0,939.0,936.0,830.5714285714286,829.9196428571429,139.45591554664082
2024-05-16,ZEYTY,Zeytinyağı 1L,299.0,273.02,0,0,2024,5,16,3,20,2,0,0,1.1003324937027708,304.0,341.0,312.0,309.0,285.14285714285717,283.35714285714283,44.29984413602583
2024-05-17,SARDL,Sardalya Konservesi,419.0,29.19,0,0,2024,5,17,4,20,2,0,0,1.0998492840994725,404.0,384.0,436.0,439.0,382.2142857142857,390.01785714285717,57.19983766210419
2024-05-17,SOMON,Somon Konservesi,173.5,83.01,0,0,2024,5,17,4,20,2,0,0,1.0829745596868885,208.0,202.0,196.0,205.0,167.35714285714286,172.89285714285714,49.96725117990941
2024-05-17,TON160,Ton Balığı Konservesi 160g,562.0,61.26,0,0,2024,5,17,4,20,2,0,0,1.082810428634556,573.0,541.0,547.0,573.0,534.4285714285714,477.1986607142857,84.62438014122037
2024-05-17,TON80,Ton Balığı Konservesi 80g,865.0,36.34,0,0,2024,5,17,4,20,2,0,0,1.1005451241671713,934.0,964.0,933.0,885.0,839.0,829.8482142857143,144.28790663115
2024-05-17,ZEYTY,Zeytinyağı 1L,267.0,266.6,0,0,2024,5,17,4,20,2,0,0,1.0744584382871538,299.0,310.0,331.0,445.0,279.14285714285717,283.0,37.84806719604306
2024-05-18,SARDL,Sardalya Konservesi,332.0,28.96,0,0,2024,5,18,5,20,2,1,0,1.091183119819141,419.0,346.5,270.0,310.0,387.2142857142857,389.30357142857144,58.88679615927852
2024-05-18,SOMON,Somon Konservesi,139.0,83.52,0,0,2024,5,18,5,20,2,1,0,1.0896281800391387,173.5,133.0,156.0,138.0,163.28571428571428,171.76785714285714,47.78760050373659
2024-05-18,TON160,Ton Balığı Konservesi 160g,518.0,62.87,1,0,2024,5,18,5,20,2,1,0,1.111268228015908,562.0,427.0,387.0,370.0,537.4285714285714,476.80580357142856,85.26597043537222
2024-05-18,TON80,Ton Balığı Konservesi 80g,1358.75,34.44,0,0,2024,5,18,5,20,2,1,0,1.0430042398546333,865.0,641.0,613.0,790.0,824.8571428571429,829.1339285714286,134.51447080943475
2024-05-18,ZEYTY,Zeytinyağı 1L,209.0,268.34,0,0,2024,5,18,5,20,2,1,0,1.0814710327455919,267.0,216.0,250.0,201.0,273.0,276.64285714285717,35.41656862731541
2024-05-19,SARDL,Sardalya Konservesi,203.0,28.58,0,1,2024,5,19,6,20,2,1,0,1.0768651092690278,332.0,309.0,290.0,316.0,385.14285714285717,390.0892857142857,60.78220290904108
2024-05-19,SOMON,Somon Konservesi,76.5,84.94,0,1,2024,5,19,6,20,2,1,0,1.1081539465101107,139.0,153.0,136.0,189.0,164.14285714285714,171.80357142857142,47.204090823530905
2024-05-19,TON160,Ton Balığı Konservesi 160g,255.6875,61.2,0,1,2024,5,19,6,20,2,1,0,1.0817498895271762,518.0,417.0,396.0,349.0,550.4285714285714,482.09151785714283,71.4396181934023
2024-05-19,TON80,Ton Balığı Konservesi 80g,428.75,35.65,0,1,2024,5,19,6,20,2,1,0,1.079648697758934,1358.75,627.0,588.0,695.0,927.3928571428571,849.4464285714286,218.4063423006361
2024-05-19,ZEYTY,Zeytinyağı 1L,123.0,270.42,0,1,2024,5,19,6,20,2,1,0,1.089853904282116,209.0,239.0,123.0,220.0,272.0,276.92857142857144,37.340773068233915
2024-05-20,SARDL,Sardalya Konservesi,464.0,29.83,0,0,2024,5,20,0,21,2,0,0,1.1239638281838733,203.0,445.0,435.0,495.0,370.0,386.05357142857144,89.386799920344
2024-05-20,SOMON,Somon Konservesi,239.0,81.91,0,0,2024,5,20,0,21,2,0,0,1.0686236138290932,76.5,76.5,200.0,277.0,153.21428571428572,167.78571428571428,57.86540211477593
2024-05-20,TON160,Ton Balığı Konservesi 160g,523.0,60.37,0,0,2024,5,20,0,21,2,0,0,1.0670790985417586,255.6875,565.0,555.0,291.5,527.3839285714286,478.75892857142856,126.4736078187953
2024-05-20,TON80,Ton Balığı Konservesi 80g,875.0,36.51,0,0,2024,5,20,0,21,2,0,0,1.1056935190793458,428.75,945.0,959.0,844.0,899.0714285714286,839.9375,270.49402004656605
2024-05-20,ZEYTY,Zeytinyağı 1L,428.0,270.63,1,0,2024,5,20,0,21,2,0,0,1.0907002518891686,123.0,275.0,348.0,306.0,255.42857142857142,273.4642857142857,67.76886488365494
2024-05-21,SARDL,Sardalya Konservesi,425.0,28.03,0,0,2024,5,21,1,21,2,0,0,1.0561416729464959,464.0,458.0,441.0,203.0,372.7142857142857,384.94642857142856,92.28527200247636
2024-05-21,SOMON,Somon Konservesi,161.0,83.48,0,0,2024,5,21,1,21,2,0,0,1.089106327462492,239.0,214.0,219.0,81.0,176.42857142857142,166.42857142857142,54.455202208962774
2024-05-21,TON160,Ton Balığı Konservesi 160g,747.0,60.85,1,0,2024,5,21,1,21,2,0,0,1.0755634114007955,523.0,654.0,595.0,255.6875,521.3839285714286,487.0267857142857,125.38320650989289
2024-05-21,TON80,Ton Balığı Konservesi 80g,948.0,36.78,0,0,2024,5,21,1,21,2,0,0,1.1138703815869169,875.0,907.0,1024.0,508.0,889.0714285714286,841.0446428571429,269.806130794475
2024-05-21,ZEYTY,Zeytinyağı 1L,334.0,279.17,0,0,2024,5,21,1,21,2,0,0,1.12511838790932,428.0,311.0,341.0,123.0,277.2857142857143,277.82142857142856,94.52462516140842
2024-05-22,SARDL,Sardalya Konservesi,454.0,29.16,0,0,2024,5,22,2,21,2,0,0,1.0987189148455163,425.0,329.0,409.0,455.0,368.0,392.875,87.94316346368038
2024-05-22,SOMON,Somon Konservesi,223.0,85.73,0,0,2024,5,22,2,21,2,0,0,1.118460534898891,161.0,185.0,168.0,76.5,168.85714285714286,169.28571428571428,51.989353305680055
2024-05-22,TON160,Ton Balığı Konservesi 160g,618.0,62.79,0,0,2024,5,22,2,21,2,0,0,1.1098541758727352,747.0,564.0,574.0,651.0,534.6696428571429,504.5736607142857,145.14688462919065
2024-05-22,TON80,Ton Balığı Konservesi 80g,804.0,36.52,0,0,2024,5,22,2,21,2,0,0,1.1059963658388856,948.0,855.0,951.0,1004.0,894.9285714285714,856.7589285714286,270.7037400571925
2024-05-22,ZEYTY,Zeytinyağı 1L,289.0,260.26,0,0,2024,5,22,2,21,2,0,0,1.0489068010075566,334.0,304.0,325.0,311.0,280.57142857142856,285.35714285714283,96.27539862785498
2024-05-23,SARDL,Sardalya Konservesi,413.0,28.81,0,0,2024,5,23,3,21,2,0,0,1.0855312735493594,454.0,404.0,474.0,445.0,385.85714285714283,392.8392857142857,91.32985742429751
2024-05-23,SOMON,Somon Konservesi,213.0,84.42,0,0,2024,5,23,3,21,2,0,0,1.1013698630136985,223.0,208.0,180.0,222.0,174.28571428571428,174.51785714285714,55.80013227497527
2024-05-23,TON160,Ton Balığı Konservesi 160g,574.0,61.85,0,0,2024,5,23,3,21,2,0,0,1.0932390631904552,618.0,573.0,544.0,594.0,542.3839285714286,503.3950892857143,148.36487446394594
2024-05-23,TON80,Ton Balığı Konservesi 80g,1245.0,36.91,1,0,2024,5,23,3,21,2,0,0,1.1178073894609326,804.0,934.0,875.0,794.0,887.6428571428571,849.6160714285714,272.63688676297846
2024-05-23,ZEYTY,Zeytinyağı 1L,297.0,270.57,0,0,2024,5,23,3,21,2,0,0,1.0904584382871536,289.0,299.0,341.0,339.0,278.42857142857144,284.57142857142856,95.83293995778479
2024-05-24,SARDL,Sardalya Konservesi,385.0,29.0,0,0,2024,5,24,4,21,2,0,0,1.092690278824416,413.0,419.0,384.0,451.0,387.14285714285717,391.69642857142856,91.69047309913127
2024-05-24,SOMON,Somon Konservesi,187.0,87.29,0,0,2024,5,24,4,21,2,0,0,1.1388127853881278,213.0,173.5,202.0,196.0,175.0,174.19642857142858,56.33308678447012
2024-05-24,TON160,Ton Balığı Konservesi 160g,461.0,62.09,0,0,2024,5,24,4,21,2,0,0,1.0974812196199735,574.0,562.0,541.0,612.0,542.5267857142857,502.68080357142856,148.3997445718427
2024-05-24,TON80,Ton Balığı Konservesi 80g,914.0,35.78,0,0,2024,5,24,4,21,2,0,0,1.0835857056329496,1245.0,865.0,964.0,831.0,932.0714285714286,865.7232142857143,304.8833354158366
2024-05-24,ZEYTY,Zeytinyağı 1L,356.0,254.29,0,0,2024,5,24,4,21,2,0,0,1.0248463476070528,297.0,267.0,310.0,337.0,278.14285714285717,283.07142857142856,95.76434369748233
2024-05-25,SARDL,Sardalya Konservesi,357.0,29.61,0,0,2024,5,25,5,21,2,1,0,1.1156744536548606,385.0,332.0,346.5,438.0,382.2857142857143,389.3392857142857,90.61588213573678
2024-05-25,SOMON,Somon Konservesi,168.0,83.92,0,0,2024,5,25,5,21,2,1,0,1.09484670580561,187.0,139.0,133.0,144.0,176.92857142857142,173.875,56.50400322943816
2024-05-25,TON160,Ton Balığı Konservesi 160g,420.0,60.39,0,0,2024,5,25,5,21,2,1,0,1.0674326115775519,461.0,518.0,427.0,393.0,528.0982142857143,497.28794642857144,151.07670796316737
2024-05-25,TON80,Ton Balığı Konservesi 80g,666.0,34.77,0,0,2024,5,25,5,21,2,1,0,1.0529981829194428,914.0,1358.75,641.0,888.0,939.0714285714286,868.6875,303.6467490593066
2024-05-25,ZEYTY,Zeytinyağı 1L,239.0,274.31,0,0,2024,5,25,5,21,2,1,0,1.1055314861460956,356.0,209.0,216.0,240.0,290.85714285714283,283.75,99.85894814091279
2024-05-26,SARDL,Sardalya Konservesi,409.5,29.21,0,0,2024,5,26,6,21,2,1,0,1.1006028636021101,357.0,203.0,309.0,351.0,385.85714285714283,386.44642857142856,88.77767844720792
2024-05-26,SOMON,Somon Konservesi,141.0,87.37,0,0,2024,5,26,6,21,2,1,0,1.1398564905414221,168.0,76.5,153.0,145.0,181.07142857142858,174.73214285714286,54.2789312804919
2024-05-26,TON160,Ton Balığı Konservesi 160g,422.0,62.89,0,0,2024,5,26,6,21,2,1,0,1.1116217410517013,420.0,255.6875,417.0,378.0,514.0982142857143,498.25223214285717,156.60793941875414
2024-05-26,TON80,Ton Balığı Konservesi 80g,575.0,35.32,0,0,2024,5,26,6,21,2,1,0,1.0696547546941246,666.0,428.75,627.0,805.0,840.1071428571429,860.7589285714286,252.68177686003062
2024-05-26,ZEYTY,Zeytinyağı 1L,237.0,267.19,0,0,2024,5,26,6,21,2,1,0,1.0768362720403022,239.0,123.0,239.0,245.0,295.14285714285717,283.7142857142857,96.3421482208566
2024-05-27,SARDL,Sardalya Konservesi,462.0,29.53,0,0,2024,5,27,0,22,2,0,0,1.1126601356443107,409.5,464.0,445.0,435.0,415.35714285714283,388.5357142857143,37.23653479862561
2024-05-27,SOMON,Somon Konservesi,216.0,87.11,0,0,2024,5,27,0,22,2,0,0,1.1364644487932158,141.0,239.0,76.5,231.0,190.28571428571428,174.58928571428572,35.947713352007334
2024-05-27,TON160,Ton Balığı Konservesi 160g,468.5,61.62,0,0,2024,5,27,0,22,2,0,0,1.0891736632788334,422.0,523.0,565.0,552.0,537.8571428571429,499.8236607142857,118.96137828644044
2024-05-27,TON80,Ton Balığı Konservesi 80g,1358.75,34.97,0,0,2024,5,27,0,22,2,0,0,1.0590551181102361,575.0,875.0,945.0,1201.0,861.0,852.5446428571429,216.44860821913252
2024-05-27,ZEYTY,Zeytinyağı 1L,326.0,266.74,0,0,2024,5,27,0,22,2,0,0,1.075022670025189,237.0,428.0,275.0,352.0,311.42857142857144,283.42857142857144,67.80082876301984
2024-05-28,SARDL,Sardalya Konservesi,433.0,28.84,0,0,2024,5,28,1,22,2,0,0,1.0866616428033158,462.0,425.0,458.0,499.0,415.07142857142856,389.5,36.806281813735445
2024-05-28,SOMON,Somon Konservesi,215.0,86.27,0,0,2024,5,28,1,22,2,0,0,1.1255055446836268,216.0,161.0,214.0,219.0,187.0,174.05357142857142,31.533051443419186
2024-05-28,TON160,Ton Balığı Konservesi 160g,515.0,60.58,0,0,2024,5,28,1,22,2,0,0,1.0707909854175872,468.5,747.0,654.0,255.6875,530.0714285714286,496.84151785714283,121.84430932253575
2024-05-28,TON80,Ton Balığı Konservesi 80g,1014.0,35.63,0,0,2024,5,28,1,22,2,0,0,1.0790430042398547,1358.75,948.0,907.0,807.0,930.1071428571429,858.1785714285714,287.2944140722938
2024-05-28,ZEYTY,Zeytinyağı 1L,360.0,265.64,0,0,2024,5,28,1,22,2,0,0,1.0705894206549118,326.0,334.0,311.0,344.0,296.85714285714283,282.5,46.041389247170855
2024-05-29,SARDL,Sardalya Konservesi,441.0,28.65,0,0,2024,5,29,2,22,2,0,0,1.0795026375282593,433.0,454.0,329.0,203.0,416.2142857142857,387.14285714285717,37.28701420831605
2024-05-29,SOMON,Somon Konservesi,239.0,84.3,0,0,2024,5,29,2,22,2,0,0,1.0998043052837572,215.0,223.0,185.0,81.0,194.71428571428572,173.91071428571428,30.706754336867924
2024-05-29,TON160,Ton Balığı Konservesi 160g,538.0,62.65,0,0,2024,5,29,2,22,2,0,0,1.1073795846221828,515.0,618.0,564.0,255.6875,496.92857142857144,506.10267857142856,75.89050696641257
2024-05-29,TON80,Ton Balığı Konservesi 80g,780.0,35.7,0,0,2024,5,29,2,22,2,0,0,1.0811629315566322,1014.0,804.0,855.0,428.75,939.5357142857143,865.5714285714286,289.05710323147434
2024-05-29,ZEYTY,Zeytinyağı 1L,353.0,262.19,0,0,2024,5,29,2,22,2,0,0,1.0566851385390428,360.0,289.0,304.0,136.0,300.57142857142856,283.07142857142856,50.38140246445791
2024-05-30,SARDL,Sardalya Konservesi,551.0,29.18,1,0,2024,5,30,3,22,2,0,0,1.0994724943481538,441.0,413.0,404.0,450.0,414.35714285714283,395.64285714285717,35.36560745238119
2024-05-30,SOMON,Somon Konservesi,234.0,82.92,0,0,2024,5,30,3,22,2,0,0,1.0818003913894325,239.0,213.0,208.0,210.0,197.0,179.55357142857142,33.620430296671266
2024-05-30,TON160,Ton Balığı Konservesi 160g,619.0,63.98,0,0,2024,5,30,3,22,2,0,0,1.1308882015024302,538.0,574.0,573.0,492.0,485.5,516.1852678571429,58.6948322540699
2024-05-30,TON80,Ton Balığı Konservesi 80g,993.0,35.29,0,0,2024,5,30,3,22,2,0,0,1.0687462144155055,780.0,1245.0,934.0,939.0,936.1071428571429,878.1160714285714,291.06799954158936
2024-05-30,ZEYTY,Zeytinyağı 1L,309.0,270.97,0,0,2024,5,30,3,22,2,0,0,1.0920705289672545,353.0,297.0,299.0,312.0,309.7142857142857,290.82142857142856,53.63367811898965
2024-05-31,SARDL,Sardalya Konservesi,389.0,28.39,0,0,2024,5,31,4,22,2,0,0,1.0697061039939715,551.0,385.0,419.0,436.0,434.07142857142856,399.25,62.52094887010935
2024-05-31,SOMON,Somon Konservesi,225.0,87.28,0,0,2024,5,31,4,22,2,0,0,1.138682322243966,234.0,187.0,173.5,196.0,200.0,180.41071428571428,36.129397079571284
2024-05-31,TON160,Ton Balığı Konservesi 160g,513.0,63.98,0,0,2024,5,31,4,22,2,0,0,1.1308882015024302,619.0,461.0,562.0,547.0,491.92857142857144,520.7209821428571,71.14681333425352
2024-05-31,TON80,Ton Balığı Konservesi 80g,864.0,36.0,0,0,2024,5,31,4,22,2,0,0,1.0902483343428224,993.0,914.0,865.0,933.0,900.1071428571429,880.0446428571429,260.47184177400544
2024-05-31,ZEYTY,Zeytinyağı 1L,340.0,271.73,0,0,2024,5,31,4,22,2,0,0,1.0951335012594459,309.0,356.0,267.0,331.0,311.42857142857144,290.7142857142857,53.35059244549841
2024-06-01,SARDL,Sardalya Konservesi,450.0,29.27,0,0,2024,6,1,5,22,2,1,1,1.1028636021100227,389.0,357.0,332.0,270.0,434.64285714285717,397.57142857142856,62.01391932845377
2024-06-01,SOMON,Somon Konservesi,170.0,83.73,0,0,2024,6,1,5,22,2,1,1,1.092367906066536,225.0,168.0,139.0,156.0,205.42857142857142,181.44642857142858,36.700849866895275
2024-06-01,TON160,Ton Balığı Konservesi 160g,495.0,62.53,0,0,2024,6,1,5,22,2,1,1,1.1052585064074238,513.0,420.0,518.0,387.0,499.35714285714283,519.5066964285714,70.08608652086082
2024-06-01,TON80,Ton Balığı Konservesi 80g,906.0,36.23,0,0,2024,6,1,5,22,2,1,1,1.0972138098122348,864.0,666.0,1358.75,613.0,892.9642857142857,877.5803571428571,260.7128220767781
2024-06-01,ZEYTY,Zeytinyağı 1L,247.0,278.3,0,0,2024,6,1,5,22,2,1,1,1.1216120906801008,340.0,239.0,209.0,250.0,309.14285714285717,291.0357142857143,51.43095232583991
2024-06-02,SARDL,Sardalya Konservesi,467.0,28.98,0,0,2024,6,2,6,22,2,1,1,1.0919366993217785,450.0,409.5,203.0,290.0,447.92857142857144,404.0,51.71430215732261
2024-06-02,SOMON,Somon Konservesi,76.5,81.73,0,0,2024,6,2,6,22,2,1,1,1.0662752772341813,170.0,141.0,76.5,136.0,205.71428571428572,181.94642857142858,36.367175152483796
2024-06-02,TON160,Ton Balığı Konservesi 160g,481.0,62.34,0,0,2024,6,2,6,22,2,1,1,1.1019001325673885,495.0,422.0,255.6875,396.0,510.07142857142856,523.3638392857143,61.087661446092696
2024-06-02,TON80,Ton Balığı Konservesi 80g,972.0,36.94,0,0,2024,6,2,6,22,2,1,1,1.1187159297395517,906.0,575.0,428.75,588.0,927.25,888.0446428571429,240.9203274252018
2024-06-02,ZEYTY,Zeytinyağı 1L,242.0,266.14,0,0,2024,6,2,6,22,2,1,1,1.0726045340050376,247.0,237.0,123.0,123.0,310.2857142857143,290.92857142857144,49.671300518891734
2024-06-03,SARDL,Sardalya Konservesi,577.0,28.52,0,0,2024,6,3,0,23,2,0,1,1.0746043707611153,467.0,462.0,464.0,435.0,456.14285714285717,410.32142857142856,49.09320581447795
2024-06-03,SOMON,Somon Konservesi,207.0,84.93,0,0,2024,6,3,0,23,2,0,1,1.108023483365949,76.5,216.0,239.0,200.0,196.5,179.82142857142858,57.51738867507805
2024-06-03,TON160,Ton Balığı Konservesi 160g,675.0,63.47,0,0,2024,6,3,0,23,2,0,1,1.1218736190897038,481.0,468.5,523.0,555.0,518.5,526.3995535714286,49.96915715385563
2024-06-03,TON80,Ton Balığı Konservesi 80g,1090.0,35.88,0,0,2024,6,3,0,23,2,0,1,1.0866141732283465,972.0,1358.75,875.0,959.0,983.9642857142857,901.7589285714286,184.2383210099664
2024-06-03,ZEYTY,Zeytinyağı 1L,374.0,280.88,0,0,2024,6,3,0,23,2,0,1,1.1320100755667506,242.0,326.0,428.0,348.0,311.0,295.17857142857144,48.46304433964735
2024-06-04,SARDL,Sardalya Konservesi,544.0,29.19,0,0,2024,6,4,1,23,2,0,1,1.0998492840994725,577.0,433.0,425.0,441.0,472.57142857142856,415.39285714285717,67.26033289355811
2024-06-04,SOMON,Somon Konservesi,270.0,83.41,0,0,2024,6,4,1,23,2,0,1,1.0881930854533592,207.0,215.0,161.0,219.0,195.21428571428572,180.07142857142858,57.10798042805773
2024-06-04,TON160,Ton Balığı Konservesi 160g,824.1875,59.55,0,0,2024,6,4,1,23,2,0,1,1.0525850640742376,675.0,515.0,747.0,595.0,548.0,530.6852678571429,71.74259543674204
2024-06-04,TON80,Ton Balığı Konservesi 80g,1245.0,35.85,0,0,2024,6,4,1,23,2,0,1,1.0857056329497274,1090.0,1014.0,948.0,1024.0,945.5714285714286,906.4375,103.37932924083789
2024-06-04,ZEYTY,Zeytinyağı 1L,359.0,276.03,0,0,2024,6,4,1,23,2,0,1,1.1124634760705288,374.0,360.0,334.0,341.0,317.85714285714283,296.10714285714283,54.01675225158834
2024-06-05,SARDL,Sardalya Konservesi,653.0,28.9,0,0,2024,6,5,2,23,2,0,1,1.0889223813112283,544.0,441.0,454.0,409.0,488.42857142857144,419.07142857142856,69.42587688284746
2024-06-05,SOMON,Somon Konservesi,296.5,83.67,1,0,2024,6,5,2,23,2,0,1,1.0915851272015655,270.0,239.0,223.0,168.0,203.07142857142858,181.89285714285714,63.68832217096306
2024-06-05,TON160,Ton Balığı Konservesi 160g,658.0,62.53,0,0,2024,6,5,2,23,2,0,1,1.1052585064074238,824.1875,538.0,618.0,574.0,592.1696428571429,538.8705357142857,124.10736864059635
2024-06-05,TON80,Ton Balığı Konservesi 80g,1126.0,35.46,0,0,2024,6,5,2,23,2,0,1,1.0738946093276802,1245.0,780.0,804.0,951.0,978.5714285714286,914.3303571428571,153.55548089952924
2024-06-05,ZEYTY,Zeytinyağı 1L,369.0,274.96,0,0,2024,6,5,2,23,2,0,1,1.1081511335012593,359.0,353.0,289.0,325.0,317.7142857142857,296.75,53.88789067967601
2024-06-06,SARDL,Sardalya Konservesi,609.0,28.28,0,0,2024,6,6,3,23,2,0,1,1.0655614167294651,653.0,551.0,413.0,474.0,518.7142857142857,427.7857142857143,88.81950665200043
2024-06-06,SOMON,Somon Konservesi,228.0,84.91,0,0,2024,6,6,3,23,2,0,1,1.1077625570776255,296.5,234.0,213.0,180.0,211.28571428571428,186.48214285714286,72.22987444198401
2024-06-06,TON160,Ton Balığı Konservesi 160g,687.0,61.8,0,0,2024,6,6,3,23,2,0,1,1.092355280600972,658.0,619.0,574.0,544.0,609.3125,541.8705357142857,123.66485391472395
2024-06-06,TON80,Ton Balığı Konservesi 80g,1215.0,36.41,0,0,2024,6,6,3,23,2,0,1,1.1026650514839489,1126.0,993.0,1245.0,875.0,1028.0,920.5803571428571,133.34041647852627
2024-06-06,ZEYTY,Zeytinyağı 1L,301.0,268.76,0,0,2024,6,6,3,23,2,0,1,1.0831637279596977,369.0,309.0,297.0,341.0,320.0,298.32142857142856,55.93448548674257
2024-06-07,SARDL,Sardalya Konservesi,619.0,27.83,0,0,2024,6,7,4,23,2,0,1,1.0486058779201206,609.0,389.0,385.0,384.0,527.0,432.60714285714283,94.83494433312372
2024-06-07,SOMON,Somon Konservesi,296.5,83.72,1,0,2024,6,7,4,23,2,0,1,1.0922374429223742,228.0,225.0,187.0,202.0,210.42857142857142,188.19642857142858,71.95046245590824
2024-06-07,TON160,Ton Balığı Konservesi 160g,824.1875,62.02,1,0,2024,6,7,4,23,2,0,1,1.0962439239946973,687.0,513.0,461.0,541.0,619.0267857142857,546.9776785714286,127.17370347542284
2024-06-07,TON80,Ton Balığı Konservesi 80g,1146.0,36.2,0,0,2024,6,7,4,23,2,0,1,1.096305269533616,1215.0,864.0,914.0,964.0,1059.7142857142858,932.7232142857143,149.0980821313218
2024-06-07,ZEYTY,Zeytinyağı 1L,315.0,271.68,0,0,2024,6,7,4,23,2,0,1,1.0949319899244332,301.0,340.0,356.0,310.0,318.85714285714283,296.89285714285717,56.27737429147532
2024-06-08,SARDL,Sardalya Konservesi,631.0,30.22,1,0,2024,6,8,5,23,2,1,1,1.1386586284853053,619.0,450.0,357.0,346.5,559.8571428571429,441.0,77.27101347730341
2024-06-08,SOMON,Somon Konservesi,179.0,80.55,0,0,2024,6,8,5,23,2,1,1,1.0508806262230919,296.5,170.0,168.0,133.0,220.64285714285714,191.57142857142858,79.08524635149222
2024-06-08,TON160,Ton Balığı Konservesi 160g,525.0,62.83,0,0,2024,6,8,5,23,2,1,1,1.1105612019443216,824.1875,495.0,420.0,427.0,663.4821428571429,557.0915178571429,137.87324678870635
2024-06-08,TON80,Ton Balığı Konservesi 80g,807.0,36.02,0,0,2024,6,8,5,23,2,1,1,1.0908540278619019,1146.0,906.0,666.0,641.0,1100.0,939.2232142857143,123.26259232495109
2024-06-08,ZEYTY,Zeytinyağı 1L,227.0,265.65,0,0,2024,6,8,5,23,2,1,1,1.0706297229219142,315.0,247.0,239.0,216.0,315.2857142857143,297.07142857142856,55.4998927497887
2024-06-09,SARDL,Sardalya Konservesi,529.0,28.73,0,0,2024,6,9,6,23,2,1,1,1.0825169555388094,631.0,467.0,409.5,309.0,585.7142857142857,451.1607142857143,63.426372763267054
2024-06-09,SOMON,Somon Konservesi,180.0,83.82,0,0,2024,6,9,6,23,2,1,1,1.093542074363992,179.0,76.5,141.0,153.0,221.92857142857142,193.21428571428572,78.192832456812
2024-06-09,TON160,Ton Balığı Konservesi 160g,559.0,62.05,0,0,2024,6,9,6,23,2,1,1,1.096774193548387,525.0,481.0,422.0,417.0,667.7678571428571,560.5915178571429,132.10897842334384
2024-06-09,TON80,Ton Balığı Konservesi 80g,943.0,36.84,0,0,2024,6,9,6,23,2,1,1,1.115687462144155,807.0,972.0,575.0,627.0,1085.857142857143,945.1517857142857,151.6436926608222
2024-06-09,ZEYTY,Zeytinyağı 1L,244.0,284.94,0,0,2024,6,9,6,23,2,1,1,1.1483727959697734,227.0,242.0,237.0,239.0,312.42857142857144,297.4642857142857,59.938460504245555
2024-06-10,SARDL,Sardalya Konservesi,653.0,28.08,0,0,2024,6,10,0,24,2,0,1,1.0580256217030897,529.0,577.0,462.0,445.0,594.5714285714286,459.01785714285717,46.028459105418804
2024-06-10,SOMON,Somon Konservesi,230.0,84.69,0,0,2024,6,10,0,24,2,0,1,1.1048923679060665,180.0,207.0,216.0,76.5,236.71428571428572,194.17857142857142,51.25577783923293
2024-06-10,TON160,Ton Balığı Konservesi 160g,677.0,59.67,0,0,2024,6,10,0,24,2,0,1,1.054706142288997,559.0,675.0,468.5,565.0,678.9107142857143,565.6629464285714,116.04292633111291
2024-06-10,TON80,Ton Balığı Konservesi 80g,1129.0,34.87,0,0,2024,6,10,0,24,2,0,1,1.0560266505148392,943.0,1090.0,1358.75,945.0,1081.7142857142858,956.4375,155.61674533472222
2024-06-10,ZEYTY,Zeytinyağı 1L,304.0,273.48,0,0,2024,6,10,0,24,2,0,1,1.1021863979848867,244.0,374.0,326.0,275.0,312.7142857142857,297.64285714285717,59.55029886774752
2024-06-11,SARDL,Sardalya Konservesi,619.0,29.14,0,0,2024,6,11,1,24,2,0,1,1.0979653353428787,653.0,544.0,433.0,458.0,605.4285714285714,466.44642857142856,49.986188568635995
2024-06-11,SOMON,Somon Konservesi,237.0,84.39,0,0,2024,6,11,1,24,2,0,1,1.1009784735812131,230.0,270.0,215.0,214.0,240.0,199.66071428571428,49.74853431676867
2024-06-11,TON160,Ton Balığı Konservesi 160g,778.0,60.86,0,0,2024,6,11,1,24,2,0,1,1.075740167918692,677.0,824.1875,515.0,654.0,679.1964285714286,569.6629464285714,116.03415461493391
2024-06-11,TON80,Ton Balığı Konservesi 80g,1156.0,35.13,0,0,2024,6,11,1,24,2,0,1,1.063900666262871,1129.0,1245.0,1014.0,907.0,1087.2857142857142,963.0089285714286,156.65749719873548
2024-06-11,ZEYTY,Zeytinyağı 1L,315.0,261.57,0,0,2024,6,11,1,24,2,0,1,1.0541863979848867,304.0,359.0,360.0,311.0,302.7142857142857,298.67857142857144,53.068239986248486
2024-06-12,SARDL,Sardalya Konservesi,571.0,29.58,0,0,2024,6,12,2,24,2,0,1,1.1145440844009042,619.0,653.0,441.0,329.0,616.1428571428571,472.19642857142856,42.02946812031296
2024-06-12,SOMON,Somon Konservesi,235.0,86.57,0,0,2024,6,12,2,24,2,0,1,1.12941943900848,237.0,296.5,239.0,185.0,235.28571428571428,200.48214285714286,47.963403707807615
2024-06-12,TON160,Ton Balığı Konservesi 160g,646.0,61.17,0,0,2024,6,12,2,24,2,0,1,1.0812196199734865,778.0,658.0,538.0,564.0,672.5982142857143,574.0915178571429,107.40773570366382
2024-06-12,TON80,Ton Balığı Konservesi 80g,1078.0,36.16,0,0,2024,6,12,2,24,2,0,1,1.095093882495457,1156.0,1126.0,780.0,855.0,1074.5714285714287,971.9017857142857,144.8940499616394
2024-06-12,ZEYTY,Zeytinyağı 1L,346.0,279.47,0,0,2024,6,12,2,24,2,0,1,1.1263274559193956,315.0,369.0,353.0,304.0,296.42857142857144,298.82142857142856,47.616023713511495
2024-06-13,SARDL,Sardalya Konservesi,640.0,29.3,0,0,2024,6,13,3,24,2,0,1,1.103993971363979,571.0,609.0,551.0,404.0,604.4285714285714,480.8392857142857,41.46828966353967
2024-06-13,SOMON,Somon Konservesi,210.0,84.59,0,0,2024,6,13,3,24,2,0,1,1.1035877364644489,235.0,228.0,234.0,208.0,226.5,202.26785714285714,39.82356923565107
2024-06-13,TON160,Ton Balığı Konservesi 160g,668.0,62.79,0,0,2024,6,13,3,24,2,0,1,1.1098541758727352,646.0,687.0,619.0,573.0,670.8839285714286,577.0200892857143,107.77470006779134
2024-06-13,TON80,Ton Balığı Konservesi 80g,1122.0,35.56,0,0,2024,6,13,3,24,2,0,1,1.0769230769230769,1078.0,1215.0,993.0,934.0,1067.7142857142858,979.8660714285714,143.18020613398957
2024-06-13,ZEYTY,Zeytinyağı 1L,357.0,274.98,0,0,2024,6,13,3,24,2,0,1,1.1082317380352646,346.0,301.0,309.0,299.0,293.14285714285717,300.32142857142856,42.26672675375003
2024-06-14,SARDL,Sardalya Konservesi,653.0,28.61,0,0,2024,6,14,4,24,2,0,1,1.0779954785229842,640.0,619.0,389.0,419.0,608.8571428571429,489.26785714285717,43.63648538944277
2024-06-14,SOMON,Somon Konservesi,261.0,84.05,0,0,2024,6,14,4,24,2,0,1,1.0965427266797128,210.0,296.5,225.0,173.5,223.92857142857142,202.33928571428572,40.288985851624574
2024-06-14,TON160,Ton Balığı Konservesi 160g,824.1875,61.69,0,0,2024,6,14,4,24,2,0,1,1.0904109589041096,668.0,824.1875,513.0,562.0,668.1696428571429,580.4129464285714,107.54017366032501
2024-06-14,TON80,Ton Balığı Konservesi 80g,1003.0,36.39,0,0,2024,6,14,4,24,2,0,1,1.1020593579648696,1122.0,1146.0,864.0,865.0,1054.4285714285713,986.5803571428571,131.03543686455964
2024-06-14,ZEYTY,Zeytinyağı 1L,375.0,268.58,0,0,2024,6,14,4,24,2,0,1,1.0824382871536524,357.0,315.0,340.0,267.0,301.14285714285717,302.39285714285717,48.7969554085378
2024-06-15,SARDL,Sardalya Konservesi,446.0,29.02,0,0,2024,6,15,5,24,2,1,1,1.0934438583270536,653.0,631.0,450.0,332.0,613.7142857142857,497.625,46.735833096654034
2024-06-15,SOMON,Somon Konservesi,152.0,84.87,0,0,2024,6,15,5,24,2,1,1,1.1072407045009784,261.0,179.0,170.0,139.0,218.85714285714286,205.46428571428572,30.732331354393025
2024-06-15,TON160,Ton Balığı Konservesi 160g,506.0,63.12,0,0,2024,6,15,5,24,2,1,1,1.1156871409633229,824.1875,525.0,495.0,518.0,668.1696428571429,589.7767857142857,107.54017366032501
2024-06-15,TON80,Ton Balığı Konservesi 80g,884.0,35.72,0,0,2024,6,15,5,24,2,1,1,1.0817686250757115,1003.0,807.0,906.0,1358.75,1034.0,991.5089285714286,125.40600729896038
2024-06-15,ZEYTY,Zeytinyağı 1L,268.0,271.46,0,0,2024,6,15,5,24,2,1,1,1.0940453400503778,375.0,227.0,247.0,209.0,309.7142857142857,306.25,56.325584138749846
2024-06-16,SARDL,Sardalya Konservesi,203.0,28.54,0,1,2024,6,16,6,24,2,1,1,1.075357950263753,446.0,529.0,467.0,203.0,587.2857142857143,501.69642857142856,77.50852487676158
2024-06-16,SOMON,Somon Konservesi,76.5,82.53,0,1,2024,6,16,6,24,2,1,1,1.0767123287671232,152.0,180.0,76.5,76.5,215.0,205.92857142857142,37.51444166362265
2024-06-16,TON160,Ton Balığı Konservesi 160g,255.6875,62.0,0,1,2024,6,16,6,24,2,1,1,1.095890410958904,506.0,559.0,481.0,255.6875,665.4553571428571,589.3482142857143,111.90711081469692
2024-06-16,TON80,Ton Balığı Konservesi 80g,428.75,35.86,0,1,2024,6,16,6,24,2,1,1,1.086008479709267,884.0,943.0,972.0,428.75,1045.0,974.5535714285714,103.66934616044222
2024-06-16,ZEYTY,Zeytinyağı 1L,123.0,274.34,0,1,2024,6,16,6,24,2,1,1,1.1056523929471032,268.0,244.0,242.0,123.0,315.57142857142856,308.35714285714283,47.77327405867916
2024-06-17,SARDL,Sardalya Konservesi,247.0,30.5,0,1,2024,6,17,0,25,2,0,1,1.1492087415222307,203.0,653.0,577.0,464.0,540.7142857142857,501.69642857142856,165.90229482611582
2024-06-17,SOMON,Somon Konservesi,78.0,85.87,0,1,2024,6,17,0,25,2,0,1,1.1202870189171559,76.5,230.0,207.0,239.0,200.21428571428572,205.92857142857142,64.38287630965827
2024-06-17,TON160,Ton Balığı Konservesi 160g,391.0,63.0,1,1,2024,6,17,0,25,2,0,1,1.1135660627485637,255.6875,677.0,675.0,523.0,622.125,589.3482142857143,190.8636177298247
2024-06-17,TON80,Ton Balığı Konservesi 80g,540.0,37.48,0,1,2024,6,17,0,25,2,0,1,1.135069654754694,428.75,1129.0,1090.0,875.0,971.5357142857143,974.5535714285714,256.92575243035657
2024-06-17,ZEYTY,Zeytinyağı 1L,123.0,267.93,0,1,2024,6,17,0,25,2,0,1,1.0798186397984888,123.0,304.0,374.0,428.0,298.2857142857143,308.35714285714283,85.20898678291746
2024-06-18,SARDL,Sardalya Konservesi,272.0,29.45,0,1,2024,6,18,1,25,2,0,1,1.1096458176337605,247.0,619.0,544.0,425.0,482.7142857142857,493.94642857142856,189.40847771040058
2024-06-18,SOMON,Somon Konservesi,93.0,78.39,0,1,2024,6,18,1,25,2,0,1,1.0227005870841486,78.0,237.0,270.0,161.0,178.5,200.17857142857142,77.04922668874295
2024-06-18,TON160,Ton Balığı Konservesi 160g,255.6875,62.32,0,1,2024,6,18,1,25,2,0,1,1.1015466195315953,391.0,778.0,824.1875,747.0,581.2678571428571,584.6339285714286,207.0812564270191
2024-06-18,TON80,Ton Balığı Konservesi 80g,491.5,35.33,0,1,2024,6,18,1,25,2,0,1,1.0699576014536643,540.0,1156.0,1245.0,948.0,887.3928571428571,962.5892857142857,290.9561771535525
2024-06-18,ZEYTY,Zeytinyağı 1L,135.0,278.4,0,1,2024,6,18,1,25,2,0,1,1.122015113350126,123.0,315.0,359.0,334.0,272.42857142857144,297.4642857142857,107.68450390354401
2024-06-19,SARDL,Sardalya Konservesi,244.0,29.05,0,1,2024,6,19,2,25,2,0,1,1.0945742275810098,272.0,571.0,653.0,454.0,433.14285714285717,488.48214285714283,193.16610172890745
2024-06-19,SOMON,Somon Konservesi,86.0,84.48,0,1,2024,6,19,2,25,2,0,1,1.1021526418786693,93.0,235.0,296.5,223.0,157.92857142857142,197.75,78.0440199350276
2024-06-19,TON160,Ton Balığı Konservesi 160g,284.0,60.1,0,1,2024,6,19,2,25,2,0,1,1.0623066725585506,255.6875,646.0,658.0,618.0,506.6517857142857,567.0870535714286,218.18264775810667
2024-06-19,TON80,Ton Balığı Konservesi 80g,443.0,36.87,0,1,2024,6,19,2,25,2,0,1,1.116596002422774,491.5,1078.0,1126.0,804.0,792.4642857142857,946.2857142857143,297.0505859197012
2024-06-19,ZEYTY,Zeytinyağı 1L,139.0,260.01,0,1,2024,6,19,2,25,2,0,1,1.0478992443324937,135.0,346.0,369.0,289.0,246.71428571428572,290.35714285714283,116.91979342796553
2024-06-20,SARDL,Sardalya Konservesi,619.0,29.44,0,0,2024,6,20,3,25,2,0,1,1.1092690278824417,244.0,640.0,609.0,413.0,386.42857142857144,480.98214285714283,193.80992160951246
2024-06-20,SOMON,Somon Konservesi,259.0,83.6,0,0,2024,6,20,3,25,2,0,1,1.090671885192433,86.0,210.0,228.0,213.0,136.64285714285714,192.85714285714286,73.71946502660904
2024-06-20,TON160,Ton Balığı Konservesi 160g,754.0,61.43,0,0,2024,6,20,3,25,2,0,1,1.085815289438798,284.0,668.0,687.0,574.0,454.9375,555.1584821428571,222.50742614011773
2024-06-20,TON80,Ton Balığı Konservesi 80g,1358.75,36.89,0,0,2024,6,20,3,25,2,0,1,1.1172016959418534,443.0,1122.0,1215.0,1245.0,701.75,933.3928571428571,292.24001978966896
2024-06-20,ZEYTY,Zeytinyağı 1L,401.0,269.28,1,0,2024,6,20,3,25,2,0,1,1.0852594458438285,139.0,357.0,301.0,297.0,217.14285714285714,285.0,113.75767896634316
2024-06-21,SARDL,Sardalya Konservesi,653.0,28.98,0,0,2024,6,21,4,25,2,0,1,1.0919366993217785,619.0,653.0,619.0,385.0,383.42857142857144,488.3392857142857,189.34171678287214
2024-06-21,SOMON,Somon Konservesi,224.0,84.96,0,0,2024,6,21,4,25,2,0,1,1.1084148727984342,259.0,261.0,296.5,187.0,143.64285714285714,194.5,83.52081291795542
2024-06-21,TON160,Ton Balığı Konservesi 160g,676.0,62.48,0,0,2024,6,21,4,25,2,0,1,1.1043747238179407,754.0,824.1875,824.1875,461.0,467.2232142857143,561.5870535714286,238.06284418770193
2024-06-21,TON80,Ton Balığı Konservesi 80g,1130.0,35.49,0,0,2024,6,21,4,25,2,0,1,1.074803149606299,1358.75,1003.0,1146.0,914.0,735.5714285714286,937.4553571428571,355.7754650725912
2024-06-21,ZEYTY,Zeytinyağı 1L,340.0,281.41,0,0,2024,6,21,4,25,2,0,1,1.1341460957178842,401.0,375.0,315.0,356.0,223.42857142857142,288.7142857142857,123.56625367639462
2024-06-22,SARDL,Sardalya Konservesi,495.0,29.14,0,0,2024,6,22,5,25,2,1,1,1.0979653353428787,653.0,446.0,631.0,357.0,383.42857142857144,497.9107142857143,189.34171678287214
2024-06-22,SOMON,Somon Konservesi,164.0,83.98,0,0,2024,6,22,5,25,2,1,1,1.0956294846705805,224.0,152.0,179.0,168.0,138.35714285714286,195.82142857142858,75.65641319242388
2024-06-22,TON160,Ton Balığı Konservesi 160g,603.0,62.45,0,0,2024,6,22,5,25,2,1,1,1.103844454264251,676.0,506.0,525.0,420.0,446.05357142857144,569.265625,205.37391721086604
2024-06-22,TON80,Ton Balığı Konservesi 80g,890.0,37.05,0,0,2024,6,22,5,25,2,1,1,1.122047244094488,1130.0,884.0,807.0,666.0,753.7142857142857,945.1696428571429,374.43486384403946
2024-06-22,ZEYTY,Zeytinyağı 1L,233.0,270.75,0,0,2024,6,22,5,25,2,1,1,1.091183879093199,340.0,268.0,227.0,239.0,218.42857142857142,288.14285714285717,116.94137725495533
2024-06-23,SARDL,Sardalya Konservesi,403.0,29.13,0,0,2024,6,23,6,25,2,1,1,1.09758854559156,495.0,203.0,529.0,409.5,390.42857142857144,502.8392857142857,192.91263751834762
2024-06-23,SOMON,Somon Konservesi,200.0,84.79,1,0,2024,6,23,6,25,2,1,1,1.1061969993476843,164.0,76.5,180.0,141.0,140.07142857142858,195.67857142857142,76.1513999496111
2024-06-23,TON160,Ton Balığı Konservesi 160g,530.0,64.84,0,0,2024,6,23,6,25,2,1,1,1.1460892620415377,603.0,255.6875,559.0,422.0,459.9107142857143,575.8013392857143,213.21551675434267
2024-06-23,TON80,Ton Balığı Konservesi 80g,895.0,36.72,0,0,2024,6,23,6,25,2,1,1,1.112053301029679,890.0,428.75,943.0,575.0,754.5714285714286,953.1696428571429,374.7895163256553
2024-06-23,ZEYTY,Zeytinyağı 1L,216.0,264.17,0,0,2024,6,23,6,25,2,1,1,1.0646649874055416,233.0,123.0,244.0,237.0,213.42857142857142,287.92857142857144,115.20395991871311
2024-06-24,SARDL,Sardalya Konservesi,538.0,27.19,0,0,2024,6,24,0,26,2,0,1,1.0244913338357198,403.0,247.0,653.0,462.0,419.0,502.60714285714283,174.45438754394533
2024-06-24,SOMON,Somon Konservesi,253.0,83.21,0,0,2024,6,24,0,26,2,0,1,1.0855838225701238,200.0,78.0,230.0,216.0,157.71428571428572,197.78571428571428,73.21819966309401
2024-06-24,TON160,Ton Balığı Konservesi 160g,824.1875,60.34,0,0,2024,6,24,0,26,2,0,1,1.066548828988069,530.0,391.0,677.0,468.5,499.0982142857143,579.6584821428571,193.74420642259574
2024-06-24,TON80,Ton Balığı Konservesi 80g,1090.0,36.61,0,0,2024,6,24,0,26,2,0,1,1.1087219866747424,895.0,540.0,1129.0,1358.75,821.1785714285714,964.5982142857143,347.6847444850274
2024-06-24,ZEYTY,Zeytinyağı 1L,325.0,279.48,0,0,2024,6,24,0,26,2,0,1,1.126367758186398,216.0,123.0,304.0,326.0,226.71428571428572,287.17857142857144,108.18612709233172
2024-06-25,SARDL,Sardalya Konservesi,645.0,28.23,0,0,2024,6,25,1,26,2,0,1,1.063677467972871,538.0,272.0,619.0,433.0,460.57142857142856,505.32142857142856,160.77194732794305
2024-06-25,SOMON,Somon Konservesi,218.0,84.24,0,0,2024,6,25,1,26,2,0,1,1.0990215264187866,253.0,93.0,237.0,215.0,182.71428571428572,199.10714285714286,71.3155295984313
2024-06-25,TON160,Ton Balığı Konservesi 160g,664.0,61.51,0,0,2024,6,25,1,26,2,0,1,1.0872293415819707,824.1875,255.6875,778.0,515.0,560.9821428571429,592.3616071428571,220.76057187986757
2024-06-25,TON80,Ton Balığı Konservesi 80g,1334.0,37.1,0,0,2024,6,25,1,26,2,0,1,1.1235614778921865,1090.0,491.5,1156.0,1014.0,899.75,955.0,335.48407190207996
2024-06-25,ZEYTY,Zeytinyağı 1L,282.0,272.67,0,0,2024,6,25,1,26,2,0,1,1.0989219143576827,325.0,135.0,315.0,360.0,255.57142857142858,287.14285714285717,102.7129611147123
2024-06-26,SARDL,Sardalya Konservesi,531.0,28.64,0,0,2024,6,26,2,26,2,0,1,1.0791258477769405,645.0,244.0,571.0,441.0,513.8571428571429,512.8928571428571,149.25641088568415
2024-06-26,SOMON,Somon Konservesi,247.0,83.02,0,0,2024,6,26,2,26,2,0,1,1.0831050228310501,218.0,86.0,235.0,239.0,200.57142857142858,199.21428571428572,59.83270327297916
2024-06-26,TON160,Ton Balığı Konservesi 160g,740.0,64.98,0,0,2024,6,26,2,26,2,0,1,1.14856385329209,664.0,284.0,646.0,538.0,619.3125,597.6830357142857,176.069222448871
2024-06-26,TON80,Ton Balığı Konservesi 80g,1216.0,36.18,0,0,2024,6,26,2,26,2,0,1,1.0956995760145365,1334.0,443.0,1078.0,780.0,1020.1071428571429,966.4285714285714,315.1194170847138
2024-06-26,ZEYTY,Zeytinyağı 1L,354.0,265.43,0,0,2024,6,26,2,26,2,0,1,1.069743073047859,282.0,139.0,346.0,353.0,276.57142857142856,284.35714285714283,87.91446059069223
2024-06-27,SARDL,Sardalya Konservesi,577.0,29.14,0,0,2024,6,27,3,26,2,0,1,1.0979653353428787,531.0,619.0,640.0,551.0,554.8571428571429,516.1071428571429,90.70911121349907
2024-06-27,SOMON,Somon Konservesi,243.0,83.53,0,0,2024,6,27,3,26,2,0,1,1.0897586431833006,247.0,259.0,210.0,234.0,223.57142857142858,199.5,33.67915845572352
2024-06-27,TON160,Ton Balığı Konservesi 160g,762.0,63.2,0,0,2024,6,27,3,26,2,0,1,1.1171011931064958,740.0,754.0,668.0,619.0,684.4553571428571,604.8973214285714,98.68137590697084
2024-06-27,TON80,Ton Balığı Konservesi 80g,1270.0,35.25,0,0,2024,6,27,3,26,2,0,1,1.067534827377347,1216.0,1358.75,1122.0,993.0,1130.5357142857142,982.0,189.6319037729991
2024-06-27,ZEYTY,Zeytinyağı 1L,123.0,274.75,0,0,2024,6,27,3,26,2,0,1,1.1073047858942064,354.0,401.0,357.0,309.0,307.2857142857143,284.39285714285717,66.8822704103117
2024-06-28,SARDL,Sardalya Konservesi,653.0,29.49,0,0,2024,6,28,4,26,2,0,1,1.1111529766390353,577.0,653.0,653.0,389.0,548.8571428571429,517.0357142857143,87.07550090090167
2024-06-28,SOMON,Somon Konservesi,287.0,83.37,1,0,2024,6,28,4,26,2,0,1,1.0876712328767124,243.0,224.0,261.0,225.0,221.28571428571428,199.82142857142858,31.3353596102674
2024-06-28,TON160,Ton Balığı Konservesi 160g,687.0,62.09,0,0,2024,6,28,4,26,2,0,1,1.0974812196199735,762.0,676.0,824.1875,513.0,685.5982142857143,610.0044642857143,99.66247633381445
2024-06-28,TON80,Ton Balığı Konservesi 80g,1214.0,36.78,0,0,2024,6,28,4,26,2,0,1,1.1138703815869169,1270.0,1130.0,1003.0,864.0,1117.857142857143,991.8928571428571,174.16699703773784
2024-06-28,ZEYTY,Zeytinyağı 1L,331.0,280.08,0,0,2024,6,28,4,26,2,0,1,1.128785894206549,123.0,340.0,375.0,340.0,267.57142857142856,277.75,82.64150922883158
2024-06-29,SARDL,Sardalya Konservesi,359.0,29.55,0,0,2024,6,29,5,26,2,1,1,1.113413715146948,653.0,495.0,446.0,450.0,548.8571428571429,526.4642857142857,87.07550090090167
2024-06-29,SOMON,Somon Konservesi,166.0,84.86,0,0,2024,6,29,5,26,2,1,1,1.1071102413568166,287.0,164.0,152.0,170.0,230.28571428571428,202.03571428571428,40.073741551105364
2024-06-29,TON160,Ton Balığı Konservesi 160g,581.0,61.85,0,0,2024,6,29,5,26,2,1,1,1.0932390631904552,687.0,603.0,506.0,495.0,687.1696428571429,616.21875,99.5725938744838
2024-06-29,TON80,Ton Balığı Konservesi 80g,848.0,37.19,0,0,2024,6,29,5,26,2,1,1,1.1262870987280433,1214.0,890.0,884.0,906.0,1129.857142857143,1004.3928571428571,177.99478323013685
2024-06-29,ZEYTY,Zeytinyağı 1L,235.0,275.41,0,0,2024,6,29,5,26,2,1,1,1.1099647355163729,331.0,233.0,268.0,247.0,266.2857142857143,277.42857142857144,81.3873747082726
2024-06-30,SARDL,Sardalya Konservesi,446.0,29.27,0,0,2024,6,30,6,26,2,1,1,1.1028636021100227,359.0,403.0,203.0,467.0,529.4285714285714,523.2142857142857,112.5431134319306
2024-06-30,SOMON,Somon Konservesi,179.0,85.63,0,0,2024,6,30,6,26,2,1,1,1.1171559034572731,166.0,200.0,76.5,76.5,230.57142857142858,201.89285714285714,39.52576013545775
2024-06-30,TON160,Ton Balığı Konservesi 160g,568.0,62.63,0,0,2024,6,30,6,26,2,1,1,1.1070260715863898,581.0,530.0,255.6875,481.0,684.0267857142857,619.2901785714286,102.9615867965077
2024-06-30,TON80,Ton Balığı Konservesi 80g,800.0,36.8,0,0,2024,6,30,6,26,2,1,1,1.1144760751059961,848.0,895.0,428.75,972.0,1123.857142857143,1002.3214285714286,187.86203144101097
2024-06-30,ZEYTY,Zeytinyağı 1L,263.0,284.11,0,0,2024,6,30,6,26,2,1,1,1.1450277078085642,235.0,216.0,123.0,242.0,266.57142857142856,277.0,81.25445042756566
2024-07-01,SARDL,Sardalya Konservesi,523.0,28.53,0,0,2024,7,1,0,27,3,0,1,1.0749811605124342,446.0,538.0,247.0,577.0,535.5714285714286,522.4642857142857,105.44170133752782
2024-07-01,SOMON,Somon Konservesi,240.0,83.88,0,0,2024,7,1,0,27,3,0,1,1.0943248532289627,179.0,253.0,78.0,207.0,227.57142857142858,205.55357142857142,42.886894435080485
2024-07-01,TON160,Ton Balığı Konservesi 160g,677.0,62.3,0,0,2024,7,1,0,27,3,0,1,1.1011931064958018,568.0,824.1875,391.0,675.0,689.4553571428571,622.3973214285714,94.10827868768801
2024-07-01,TON80,Ton Balığı Konservesi 80g,1203.0,36.38,0,0,2024,7,1,0,27,3,0,1,1.10175651120533,800.0,1090.0,540.0,1090.0,1110.2857142857142,996.1785714285714,209.35274401968542
2024-07-01,ZEYTY,Zeytinyağı 1L,343.0,273.89,0,0,2024,7,1,0,27,3,0,1,1.1038387909319898,263.0,325.0,123.0,374.0,273.2857142857143,277.75,78.26602985057713
2024-07-02,SARDL,Sardalya Konservesi,653.0,29.19,0,0,2024,7,2,1,27,3,0,1,1.0998492840994725,523.0,645.0,272.0,544.0,533.4285714285714,520.5357142857143,105.53649786188858
2024-07-02,SOMON,Somon Konservesi,246.0,83.85,0,0,2024,7,2,1,27,3,0,1,1.0939334637964773,240.0,218.0,93.0,270.0,225.71428571428572,206.73214285714286,41.87168608066931
2024-07-02,TON160,Ton Balığı Konservesi 160g,758.0,60.61,0,0,2024,7,2,1,27,3,0,1,1.071321254971277,677.0,664.0,255.6875,824.1875,668.4285714285714,622.46875,73.08181977039435
2024-07-02,TON80,Ton Balığı Konservesi 80g,1184.0,36.57,0,0,2024,7,2,1,27,3,0,1,1.1075105996365837,1203.0,1334.0,491.5,1245.0,1126.4285714285713,1000.2142857142857,211.8693442846784
2024-07-02,ZEYTY,Zeytinyağı 1L,353.0,280.92,0,0,2024,7,2,1,27,3,0,1,1.1321712846347607,343.0,282.0,135.0,359.0,275.85714285714283,276.64285714285717,80.51175601825398
2024-07-03,SARDL,Sardalya Konservesi,589.0,27.75,0,0,2024,7,3,2,27,3,0,1,1.0455915599095704,653.0,531.0,244.0,653.0,534.5714285714286,524.4285714285714,106.97952630115299
2024-07-03,SOMON,Somon Konservesi,222.0,84.93,0,0,2024,7,3,2,27,3,0,1,1.108023483365949,246.0,247.0,86.0,296.5,229.71428571428572,205.875,42.346642077479075
2024-07-03,TON160,Ton Balığı Konservesi 160g,669.0,64.54,0,0,2024,7,3,2,27,3,0,1,1.14078656650464,758.0,740.0,284.0,658.0,681.8571428571429,620.1049107142857,80.40196633463773
2024-07-03,TON80,Ton Balığı Konservesi 80g,1301.0,36.32,0,0,2024,7,3,2,27,3,0,1,1.099939430648092,1184.0,1216.0,443.0,1126.0,1105.0,998.0357142857143,194.22752980289332
2024-07-03,ZEYTY,Zeytinyağı 1L,278.0,281.62,0,0,2024,7,3,2,27,3,0,1,1.134992443324937,353.0,354.0,139.0,369.0,286.0,276.42857142857144,85.71853164086896
2024-07-04,SARDL,Sardalya Konservesi,653.0,29.35,0,0,2024,7,4,3,27,3,0,1,1.1058779201205728,589.0,577.0,619.0,609.0,542.8571428571429,522.1428571428571,108.88591670708803
2024-07-04,SOMON,Somon Konservesi,239.0,83.36,0,0,2024,7,4,3,27,3,0,1,1.0875407697325505,222.0,243.0,259.0,228.0,226.14285714285714,203.21428571428572,41.69503795988453
2024-07-04,TON160,Ton Balığı Konservesi 160g,824.1875,63.08,1,0,2024,7,4,3,27,3,0,1,1.1149801148917367,669.0,762.0,754.0,687.0,671.7142857142857,620.4977678571429,76.21398446854391
2024-07-04,TON80,Ton Balığı Konservesi 80g,1063.0,36.1,0,0,2024,7,4,3,27,3,0,1,1.0932768019382193,1301.0,1270.0,1358.75,1215.0,1117.142857142857,1004.2857142857143,204.6985007040274
2024-07-04,ZEYTY,Zeytinyağı 1L,324.0,275.69,0,0,2024,7,4,3,27,3,0,1,1.1110931989924433,278.0,123.0,401.0,301.0,275.14285714285717,273.17857142857144,80.31278140584384
2024-07-05,SARDL,Sardalya Konservesi,653.0,29.09,0,0,2024,7,5,4,27,3,0,1,1.0960813865862848,653.0,653.0,653.0,619.0,553.7142857142857,523.7142857142857,116.38830738196246
2024-07-05,SOMON,Somon Konservesi,251.0,86.54,0,0,2024,7,5,4,27,3,0,1,1.1290280495759948,239.0,287.0,224.0,296.5,225.57142857142858,203.60714285714286,41.45221000484455
2024-07-05,TON160,Ton Balığı Konservesi 160g,736.0,61.76,0,0,2024,7,5,4,27,3,0,1,1.0916482545293857,824.1875,687.0,676.0,824.1875,680.5982142857143,625.3973214285714,90.73361205008204
2024-07-05,TON80,Ton Balığı Konservesi 80g,1355.0,37.71,0,0,2024,7,5,4,27,3,0,1,1.1420351302241065,1063.0,1214.0,1130.0,1146.0,1087.5714285714287,998.8571428571429,193.58620572659478
2024-07-05,ZEYTY,Zeytinyağı 1L,379.0,282.84,0,0,2024,7,5,4,27,3,0,1,1.1399093198992443,324.0,331.0,340.0,315.0,303.85714285714283,274.0,45.03490709597194
2024-07-06,SARDL,Sardalya Konservesi,510.0,28.23,1,0,2024,7,6,5,27,3,1,1,1.063677467972871,653.0,359.0,495.0,631.0,553.7142857142857,524.9285714285714,116.38830738196246
2024-07-06,SOMON,Somon Konservesi,210.0,83.0,1,0,2024,7,6,5,27,3,1,1,1.0828440965427266,251.0,166.0,164.0,179.0,220.42857142857142,201.98214285714286,34.150925526048766
2024-07-06,TON160,Ton Balığı Konservesi 160g,694.0,60.31,1,0,2024,7,6,5,27,3,1,1,1.0660185594343792,736.0,581.0,603.0,525.0,687.5982142857143,622.2477678571429,93.16732718960439
2024-07-06,TON80,Ton Balığı Konservesi 80g,920.0,35.5,0,0,2024,7,6,5,27,3,1,1,1.0751059963658387,1355.0,848.0,890.0,807.0,1107.7142857142858,1006.3214285714286,215.0765090889873
2024-07-06,ZEYTY,Zeytinyağı 1L,271.0,273.49,0,0,2024,7,6,5,27,3,1,1,1.1022267002518893,379.0,235.0,233.0,227.0,310.7142857142857,276.2857142857143,52.83532368190232
2024-07-07,SARDL,Sardalya Konservesi,366.0,29.89,0,0,2024,7,7,6,27,3,1,1,1.126224566691786,510.0,446.0,403.0,529.0,575.2857142857143,520.6071428571429,83.68336012556438
2024-07-07,SOMON,Somon Konservesi,159.0,83.45,0,0,2024,7,7,6,27,3,1,1,1.0887149380300065,210.0,179.0,200.0,180.0,226.71428571428572,203.08928571428572,25.388411304598215
2024-07-07,TON160,Ton Balığı Konservesi 160g,539.0,61.44,0,0,2024,7,7,6,27,3,1,1,1.0859920459566945,694.0,568.0,530.0,559.0,703.7410714285714,628.2834821428571,80.55491485958979
2024-07-07,TON80,Ton Balığı Konservesi 80g,890.0,36.08,0,0,2024,7,7,6,27,3,1,1,1.0926711084191398,920.0,800.0,895.0,943.0,1118.0,1010.3571428571429,201.9042677442303
2024-07-07,ZEYTY,Zeytinyağı 1L,243.0,283.13,0,0,2024,7,7,6,27,3,1,1,1.1410780856423173,271.0,263.0,216.0,244.0,315.85714285714283,277.85714285714283,45.476838688972336
2024-07-08,SARDL,Sardalya Konservesi,616.0,29.57,0,0,2024,7,8,0,28,3,0,1,1.1141672946495855,366.0,523.0,538.0,653.0,563.8571428571429,514.7857142857143,106.60586064475834
2024-07-08,SOMON,Somon Konservesi,249.0,81.56,0,0,2024,7,8,0,28,3,0,1,1.0640574037834312,159.0,240.0,253.0,230.0,223.85714285714286,202.33928571428572,31.934456685679535
2024-07-08,TON160,Ton Balığı Konservesi 160g,774.0,62.3,0,0,2024,7,8,0,28,3,0,1,1.1011931064958018,539.0,677.0,824.1875,677.0,699.5982142857143,627.5691964285714,89.00225196956987
2024-07-08,TON80,Ton Balığı Konservesi 80g,1197.0,36.67,0,0,2024,7,8,0,28,3,0,1,1.1105390672319806,890.0,1203.0,1090.0,1129.0,1130.857142857143,1008.4642857142857,179.95131616767
2024-07-08,ZEYTY,Zeytinyağı 1L,337.0,286.97,0,0,2024,7,8,0,28,3,0,1,1.1565541561712847,243.0,343.0,325.0,304.0,313.0,277.82142857142856,49.77616564849711
2024-07-09,SARDL,Sardalya Konservesi,610.0,28.78,0,0,2024,7,9,1,28,3,0,1,1.0844009042954033,616.0,653.0,645.0,619.0,577.1428571428571,513.4642857142857,106.46036597630908
2024-07-09,SOMON,Somon Konservesi,243.0,83.89,0,0,2024,7,9,1,28,3,0,1,1.0944553163731245,249.0,246.0,218.0,237.0,225.14285714285714,203.01785714285714,32.86045531957133
2024-07-09,TON160,Ton Balığı Konservesi 160g,642.0,62.17,0,0,2024,7,9,1,28,3,0,1,1.0988952717631462,774.0,758.0,664.0,778.0,713.4553571428571,631.0334821428571,92.38434996015057
2024-07-09,TON80,Ton Balığı Konservesi 80g,1153.0,35.9,0,0,2024,7,9,1,28,3,0,1,1.0872198667474258,1197.0,1184.0,1334.0,1156.0,1130.0,1010.8928571428571,179.56428746644994
2024-07-09,ZEYTY,Zeytinyağı 1L,361.0,272.34,0,0,2024,7,9,1,28,3,0,1,1.0975919395465994,337.0,353.0,282.0,315.0,312.14285714285717,279.0,49.22204306821774
2024-07-10,SARDL,Sardalya Konservesi,653.0,28.56,1,0,2024,7,10,2,28,3,0,1,1.0761115297663904,610.0,589.0,531.0,571.0,571.0,513.1428571428571,102.52154245165644
2024-07-10,SOMON,Somon Konservesi,296.5,84.15,1,0,2024,7,10,2,28,3,0,1,1.0978473581213306,243.0,222.0,247.0,235.0,224.71428571428572,203.23214285714286,32.561297505445246
2024-07-10,TON160,Ton Balığı Konservesi 160g,610.0,60.67,0,0,2024,7,10,2,28,3,0,1,1.0723817940786566,642.0,669.0,740.0,646.0,696.8839285714286,626.1763392857143,93.45994315589122
2024-07-10,TON80,Ton Balığı Konservesi 80g,1139.0,35.81,0,0,2024,7,10,2,28,3,0,1,1.0844942459115687,1153.0,1301.0,1216.0,1078.0,1125.5714285714287,1010.7857142857143,178.3889543879317
2024-07-10,ZEYTY,Zeytinyağı 1L,340.0,271.65,0,0,2024,7,10,2,28,3,0,1,1.0948110831234257,361.0,278.0,354.0,346.0,313.2857142857143,280.64285714285717,50.4073879694705
2024-07-11,SARDL,Sardalya Konservesi,610.0,29.33,0,0,2024,7,11,3,28,3,0,1,1.1051243406179352,653.0,653.0,577.0,640.0,580.1428571428571,516.0714285714286,107.14387301105776
2024-07-11,SOMON,Somon Konservesi,234.0,83.54,0,0,2024,7,11,3,28,3,0,1,1.0898891063274625,296.5,239.0,243.0,210.0,235.35714285714286,205.42857142857142,42.25785359523389
2024-07-11,TON160,Ton Balığı Konservesi 160g,824.1875,63.34,0,0,2024,7,11,3,28,3,0,1,1.1195757843570482,610.0,824.1875,762.0,668.0,688.4553571428571,624.890625,98.89605966649813
2024-07-11,TON80,Ton Balığı Konservesi 80g,1150.0,36.44,0,0,2024,7,11,3,28,3,0,1,1.103573591762568,1139.0,1063.0,1270.0,1122.0,1102.4285714285713,1012.9642857142857,161.55067021717832
2024-07-11,ZEYTY,Zeytinyağı 1L,338.0,281.37,0,0,2024,7,11,3,28,3,0,1,1.133984886649874,340.0,324.0,123.0,357.0,322.14285714285717,280.42857142857144,48.58816238354227
2024-07-12,SARDL,Sardalya Konservesi,644.0,28.98,0,0,2024,7,12,4,28,3,0,1,1.0919366993217785,610.0,653.0,653.0,653.0,574.0,515.0,103.43919308785622
2024-07-12,SOMON,Somon Konservesi,234.0,83.25,0,0,2024,7,12,4,28,3,0,1,1.086105675146771,234.0,251.0,287.0,261.0,234.64285714285714,206.28571428571428,42.228262934629704
2024-07-12,TON160,Ton Balığı Konservesi 160g,817.0,63.11,0,0,2024,7,12,4,28,3,0,1,1.1155103844454264,824.1875,736.0,687.0,824.1875,688.4553571428571,630.46875,98.89605966649813
2024-07-12,TON80,Ton Balığı Konservesi 80g,1358.75,36.99,0,0,2024,7,12,4,28,3,0,1,1.12023016353725,1150.0,1355.0,1214.0,1003.0,1114.857142857143,1013.9642857142857,161.3582231882735
2024-07-12,ZEYTY,Zeytinyağı 1L,347.0,264.45,0,0,2024,7,12,4,28,3,0,1,1.065793450881612,338.0,379.0,331.0,375.0,324.14285714285717,279.75,48.96402955717735
2024-07-13,SARDL,Sardalya Konservesi,441.0,30.31,0,0,2024,7,13,5,28,3,1,1,1.142049736247174,644.0,510.0,359.0,446.0,572.7142857142857,514.6785714285714,102.34372523627538
2024-07-13,SOMON,Somon Konservesi,174.0,87.22,0,0,2024,7,13,5,28,3,1,1,1.1378995433789953,234.0,210.0,166.0,152.0,232.21428571428572,205.32142857142858,41.61515863926817
2024-07-13,TON160,Ton Balığı Konservesi 160g,493.0,64.0,0,0,2024,7,13,5,28,3,1,1,1.1312417145382236,817.0,694.0,581.0,506.0,700.0267857142857,630.2120535714286,109.55100040158527
2024-07-13,TON80,Ton Balığı Konservesi 80g,888.0,36.08,0,0,2024,7,13,5,28,3,1,1,1.0926711084191398,1358.75,920.0,848.0,884.0,1115.392857142857,1026.669642857143,162.29190888789458
2024-07-13,ZEYTY,Zeytinyağı 1L,258.0,269.98,0,0,2024,7,13,5,28,3,1,1,1.088080604534005,347.0,271.0,235.0,268.0,319.57142857142856,278.75,44.25628822686103
2024-07-14,SARDL,Sardalya Konservesi,416.0,29.82,0,0,2024,7,14,6,28,3,1,1,1.1235870384325546,441.0,366.0,446.0,203.0,562.8571428571429,514.5,112.2355091929895
2024-07-14,SOMON,Somon Konservesi,150.0,85.26,0,0,2024,7,14,6,28,3,1,1,1.1123287671232878,174.0,159.0,179.0,76.5,227.07142857142858,206.10714285714286,46.72831811959142
2024-07-14,TON160,Ton Balığı Konservesi 160g,495.0,64.18,0,0,2024,7,14,6,28,3,1,1,1.1344233318603625,493.0,539.0,568.0,255.6875,671.3125,629.7477678571429,134.82131790045923
2024-07-14,TON80,Ton Balığı Konservesi 80g,904.0,36.88,0,0,2024,7,14,6,28,3,1,1,1.1168988491823137,888.0,890.0,800.0,428.75,1110.8214285714287,1026.8125,169.02408077239423
2024-07-14,ZEYTY,Zeytinyağı 1L,269.0,277.68,0,0,2024,7,14,6,28,3,1,1,1.1191133501259447,258.0,243.0,263.0,123.0,317.7142857142857,278.39285714285717,46.83201997819492
2024-07-15,SARDL,Sardalya Konservesi,653.0,28.57,0,0,2024,7,15,0,29,3,0,1,1.076488319517709,416.0,616.0,523.0,247.0,570.0,522.1071428571429,98.35141076771663
2024-07-15,SOMON,Somon Konservesi,247.0,85.75,0,0,2024,7,15,0,29,3,0,1,1.1187214611872145,150.0,249.0,240.0,78.0,225.78571428571428,208.73214285714286,48.98286872541714
2024-07-15,TON160,Ton Balığı Konservesi 160g,708.0,62.04,0,0,2024,7,15,0,29,3,0,1,1.0965974370304905,495.0,774.0,677.0,391.0,665.0267857142857,638.2946428571429,142.80736158308315
2024-07-15,TON80,Ton Balığı Konservesi 80g,1293.0,36.58,0,0,2024,7,15,0,29,3,0,1,1.1078134463961233,904.0,1197.0,1203.0,540.0,1112.8214285714287,1043.7857142857142,166.03204474122717
2024-07-15,ZEYTY,Zeytinyağı 1L,367.0,278.9,0,0,2024,7,15,0,29,3,0,1,1.1240302267002518,269.0,337.0,343.0,123.0,321.42857142857144,283.60714285714283,40.52512448205019
2024-07-16,SARDL,Sardalya Konservesi,653.0,29.22,0,0,2024,7,16,1,29,3,0,1,1.1009796533534288,653.0,610.0,653.0,272.0,575.2857142857143,536.6071428571429,102.15627617481414
2024-07-16,SOMON,Somon Konservesi,238.0,85.26,0,0,2024,7,16,1,29,3,0,1,1.1123287671232878,247.0,243.0,246.0,93.0,225.5,214.76785714285714,48.83048910943537
2024-07-16,TON160,Ton Balığı Konservesi 160g,758.0,62.43,0,0,2024,7,16,1,29,3,0,1,1.1034909412284577,708.0,642.0,758.0,255.6875,655.5982142857143,649.6160714285714,136.4507879138902
2024-07-16,TON80,Ton Balığı Konservesi 80g,1099.0,36.89,0,0,2024,7,16,1,29,3,0,1,1.1172016959418534,1293.0,1153.0,1184.0,491.5,1126.5357142857142,1070.6785714285713,177.69897466006555
2024-07-16,ZEYTY,Zeytinyağı 1L,467.0,270.33,1,0,2024,7,16,1,29,3,0,1,1.089491183879093,367.0,361.0,353.0,135.0,325.7142857142857,292.32142857142856,43.89272637432508
2024-07-17,SARDL,Sardalya Konservesi,653.0,30.14,0,0,2024,7,17,2,29,3,0,1,1.1356443104747551,653.0,653.0,589.0,244.0,581.4285714285714,550.2142857142857,105.81880290203249
2024-07-17,SOMON,Somon Konservesi,296.5,84.59,1,0,2024,7,17,2,29,3,0,1,1.1035877364644489,238.0,296.5,222.0,86.0,224.78571428571428,219.94642857142858,48.56769943667754
2024-07-17,TON160,Ton Balığı Konservesi 160g,772.0,61.8,0,0,2024,7,17,2,29,3,0,1,1.092355280600972,758.0,610.0,669.0,284.0,672.1696428571429,667.5558035714286,141.4754594180897
2024-07-17,TON80,Ton Balığı Konservesi 80g,1307.0,37.18,0,0,2024,7,17,2,29,3,0,1,1.1259842519685037,1099.0,1139.0,1301.0,443.0,1118.8214285714287,1092.375,177.53067307074818
2024-07-17,ZEYTY,Zeytinyağı 1L,319.0,284.86,0,0,2024,7,17,2,29,3,0,1,1.1480503778337532,467.0,340.0,278.0,139.0,340.85714285714283,304.17857142857144,69.1265230608058
2024-07-18,SARDL,Sardalya Konservesi,458.0,29.85,0,0,2024,7,18,3,29,3,0,1,1.124717407686511,653.0,610.0,653.0,619.0,581.4285714285714,564.8214285714286,105.81880290203249
2024-07-18,SOMON,Somon Konservesi,240.0,87.22,0,0,2024,7,18,3,29,3,0,1,1.1378995433789953,296.5,234.0,239.0,259.0,224.78571428571428,227.46428571428572,48.56769943667754
2024-07-18,TON160,Ton Balığı Konservesi 160g,740.0,63.76,0,0,2024,7,18,3,29,3,0,1,1.1269995581087051,772.0,824.1875,824.1875,754.0,695.3125,684.984375,142.85407855716514
2024-07-18,TON80,Ton Balığı Konservesi 80g,1224.0,35.99,0,0,2024,7,18,3,29,3,0,1,1.0899454875832828,1307.0,1150.0,1063.0,1358.75,1142.8214285714287,1123.232142857143,191.5179884004449
2024-07-18,ZEYTY,Zeytinyağı 1L,323.0,284.01,0,0,2024,7,18,3,29,3,0,1,1.144624685138539,319.0,338.0,324.0,401.0,337.85714285714283,310.60714285714283,69.62381913164573
2024-07-19,SARDL,Sardalya Konservesi,653.0,29.64,0,0,2024,7,19,4,29,3,0,1,1.116804822908817,458.0,644.0,653.0,653.0,559.7142857142857,559.0714285714286,114.23909763549223
2024-07-19,SOMON,Somon Konservesi,217.0,83.22,0,0,2024,7,19,4,29,3,0,1,1.0857142857142856,240.0,234.0,251.0,224.0,225.64285714285714,226.78571428571428,48.80976190418139
2024-07-19,TON160,Ton Balığı Konservesi 160g,795.0,65.11,0,0,2024,7,19,4,29,3,0,1,1.1508616880247458,740.0,817.0,736.0,676.0,683.2857142857143,684.484375,133.42877536437982
2024-07-19,TON80,Ton Balığı Konservesi 80g,1200.0,37.06,0,0,2024,7,19,4,29,3,0,1,1.1223500908540278,1224.0,1358.75,1355.0,1130.0,1153.392857142857,1118.419642857143,194.00643552163447
2024-07-19,ZEYTY,Zeytinyağı 1L,346.0,269.54,0,0,2024,7,19,4,29,3,0,1,1.0863073047858942,323.0,347.0,379.0,340.0,335.7142857142857,307.82142857142856,69.84915720253676
2024-07-20,SARDL,Sardalya Konservesi,451.0,28.64,0,0,2024,7,20,5,29,3,1,1,1.0791258477769405,653.0,441.0,510.0,495.0,561.0,559.0714285714286,115.3906408683135
2024-07-20,SOMON,Somon Konservesi,154.0,86.13,0,0,2024,7,20,5,29,3,1,1,1.123679060665362,217.0,174.0,210.0,164.0,223.21428571428572,226.53571428571428,48.747527409823014
2024-07-20,TON160,Ton Balığı Konservesi 160g,665.5,64.03,0,0,2024,7,20,5,29,3,1,1,1.1317719840919134,795.0,493.0,694.0,603.0,680.1428571428571,688.734375,129.96849435078317
2024-07-20,TON80,Ton Balığı Konservesi 80g,987.5,37.36,0,0,2024,7,20,5,29,3,1,1,1.131435493640218,1200.0,888.0,920.0,890.0,1130.7142857142858,1120.919642857143,174.27537049711094
2024-07-20,ZEYTY,Zeytinyağı 1L,259.0,278.2,0,0,2024,7,20,5,29,3,1,1,1.1212090680100755,346.0,258.0,271.0,233.0,335.57142857142856,308.0357142857143,69.8232462313637
2024-07-21,SARDL,Sardalya Konservesi,488.0,28.78,0,0,2024,7,21,6,29,3,1,1,1.0844009042954033,451.0,416.0,366.0,403.0,562.4285714285714,557.5,113.7070169966912
2024-07-21,SOMON,Somon Konservesi,202.0,85.26,0,0,2024,7,21,6,29,3,1,1,1.1123287671232878,154.0,150.0,159.0,200.0,220.35714285714286,226.17857142857142,52.55054256436882
2024-07-21,TON160,Ton Balığı Konservesi 160g,536.0,63.15,0,0,2024,7,21,6,29,3,1,1,1.1162174105170128,665.5,495.0,539.0,530.0,704.7857142857143,690.9665178571429,101.8920413733975
2024-07-21,TON80,Ton Balığı Konservesi 80g,775.0,36.0,0,0,2024,7,21,6,29,3,1,1,1.0902483343428224,987.5,904.0,890.0,895.0,1144.9285714285713,1124.4017857142858,154.0655781832949
2024-07-21,ZEYTY,Zeytinyağı 1L,250.0,269.07,0,0,2024,7,21,6,29,3,1,1,1.084413098236776,259.0,269.0,243.0,216.0,335.7142857142857,308.9642857142857,69.63886435440601
2024-07-22,SARDL,Sardalya Konservesi,591.0,28.84,0,0,2024,7,22,0,30,3,0,1,1.0866616428033158,488.0,653.0,616.0,538.0,572.7142857142857,560.5357142857143,100.77485514041467
2024-07-22,SOMON,Somon Konservesi,250.0,83.12,0,0,2024,7,22,0,30,3,0,1,1.084409654272668,202.0,247.0,249.0,253.0,227.78571428571428,226.25,43.91265681522187
2024-07-22,TON160,Ton Balığı Konservesi 160g,699.0,62.74,0,0,2024,7,22,0,30,3,0,1,1.1089703932832522,536.0,708.0,774.0,824.1875,710.6428571428571,691.1808035714286,88.06281578401625
2024-07-22,TON80,Ton Balığı Konservesi 80g,1291.0,36.81,0,0,2024,7,22,0,30,3,0,1,1.114778921865536,775.0,1293.0,1197.0,1090.0,1126.5,1120.1160714285713,190.9801473103086
2024-07-22,ZEYTY,Zeytinyağı 1L,297.0,270.65,0,0,2024,7,22,0,30,3,0,1,1.0907808564231738,250.0,367.0,337.0,325.0,333.0,310.17857142857144,72.96346117521153
2024-07-23,SARDL,Sardalya Konservesi,653.0,29.14,0,0,2024,7,23,1,30,3,0,1,1.0979653353428787,591.0,653.0,610.0,645.0,563.8571428571429,562.4285714285714,95.10770836518088
2024-07-23,SOMON,Somon Konservesi,209.0,86.16,0,0,2024,7,23,1,30,3,0,1,1.1240704500978473,250.0,238.0,243.0,218.0,228.21428571428572,226.14285714285714,44.145457621044685
2024-07-23,TON160,Ton Balığı Konservesi 160g,762.0,59.72,0,0,2024,7,23,1,30,3,0,1,1.05558992487848,699.0,758.0,642.0,664.0,709.3571428571429,686.7098214285714,88.17346269603786
2024-07-23,TON80,Ton Balığı Konservesi 80g,1358.75,36.43,0,0,2024,7,23,1,30,3,0,1,1.1032707450030284,1291.0,1099.0,1153.0,1334.0,1126.2142857142858,1127.294642857143,190.69081806746388
2024-07-23,ZEYTY,Zeytinyağı 1L,317.0,269.39,0,0,2024,7,23,1,30,3,0,1,1.0857027707808564,297.0,467.0,361.0,282.0,323.0,309.17857142857144,72.32104350279576
2024-07-24,SARDL,Sardalya Konservesi,653.0,30.01,0,0,2024,7,24,2,30,3,0,1,1.1307460437076113,653.0,653.0,653.0,531.0,563.8571428571429,562.7142857142857,95.10770836518088
2024-07-24,SOMON,Somon Konservesi,241.0,85.8,0,0,2024,7,24,2,30,3,0,1,1.1193737769080234,209.0,296.5,296.5,247.0,224.07142857142858,225.82142857142858,44.43387275062873
2024-07-24,TON160,Ton Balığı Konservesi 160g,654.0,64.06,0,0,2024,7,24,2,30,3,0,1,1.132302253645603,762.0,772.0,610.0,740.0,709.9285714285714,690.2098214285714,88.55338717944356
2024-07-24,TON80,Ton Balığı Konservesi 80g,1288.0,35.63,0,0,2024,7,24,2,30,3,0,1,1.0790430042398547,1358.75,1307.0,1139.0,1216.0,1163.3214285714287,1128.1785714285713,208.91449179258245
2024-07-24,ZEYTY,Zeytinyağı 1L,332.0,277.42,0,0,2024,7,24,2,30,3,0,1,1.1180654911838792,317.0,319.0,340.0,354.0,301.57142857142856,310.42857142857144,35.279158828110035
2024-07-25,SARDL,Sardalya Konservesi,567.0,28.36,0,0,2024,7,25,3,30,3,0,1,1.068575734740015,653.0,458.0,610.0,577.0,563.8571428571429,567.0714285714286,95.10770836518088
2024-07-25,SOMON,Somon Konservesi,237.0,86.43,0,0,2024,7,25,3,30,3,0,1,1.1275929549902153,241.0,240.0,234.0,243.0,216.14285714285714,225.60714285714286,32.77920362785222
2024-07-25,TON160,Ton Balığı Konservesi 160g,686.0,63.53,0,0,2024,7,25,3,30,3,0,1,1.1229341581970835,654.0,740.0,824.1875,762.0,693.0714285714286,687.1383928571429,85.96143930634882
2024-07-25,TON80,Ton Balığı Konservesi 80g,1358.75,36.17,0,0,2024,7,25,3,30,3,0,1,1.0953967292549969,1288.0,1224.0,1150.0,1270.0,1160.607142857143,1130.75,206.84987798838588
2024-07-25,ZEYTY,Zeytinyağı 1L,347.0,266.53,0,0,2024,7,25,3,30,3,0,1,1.074176322418136,332.0,323.0,338.0,123.0,303.42857142857144,309.64285714285717,36.66450210061059
2024-07-26,SARDL,Sardalya Konservesi,542.0,30.22,0,0,2024,7,26,4,30,3,0,1,1.1386586284853053,567.0,653.0,644.0,653.0,579.4285714285714,566.7142857142857,83.04588519378427
2024-07-26,SOMON,Somon Konservesi,232.0,87.45,0,0,2024,7,26,4,30,3,0,1,1.1409001956947162,237.0,217.0,234.0,287.0,215.71428571428572,225.39285714285714,32.433081289090794
2024-07-26,TON160,Ton Balığı Konservesi 160g,796.0,62.33,0,0,2024,7,26,4,30,3,0,1,1.1017233760494918,686.0,795.0,817.0,687.0,685.3571428571429,684.4241071428571,83.43396305148299
2024-07-26,TON80,Ton Balığı Konservesi 80g,1146.0,38.09,0,0,2024,7,26,4,30,3,0,1,1.1535433070866141,1358.75,1200.0,1358.75,1214.0,1179.857142857143,1133.919642857143,219.6092105471524
2024-07-26,ZEYTY,Zeytinyağı 1L,355.0,268.23,0,0,2024,7,26,4,30,3,0,1,1.0810277078085644,347.0,346.0,347.0,331.0,306.85714285714283,317.64285714285717,39.78872776481824
2024-07-27,SARDL,Sardalya Konservesi,525.0,29.04,0,0,2024,7,27,5,30,3,1,1,1.094197437829691,542.0,451.0,441.0,359.0,563.5714285714286,562.75,77.03647868133095
2024-07-27,SOMON,Somon Konservesi,154.0,84.58,0,0,2024,7,27,5,30,3,1,1,1.103457273320287,232.0,154.0,174.0,166.0,217.85714285714286,223.42857142857142,33.02235894778267
2024-07-27,TON160,Ton Balığı Konservesi 160g,474.0,61.56,0,0,2024,7,27,5,30,3,1,1,1.088113124171454,796.0,665.5,493.0,581.0,685.5,688.3169642857143,83.65355142889454
2024-07-27,TON80,Ton Balığı Konservesi 80g,932.0,36.23,0,0,2024,7,27,5,30,3,1,1,1.0972138098122348,1146.0,987.5,888.0,848.0,1172.142857142857,1131.4910714285713,219.7321218145938
2024-07-27,ZEYTY,Zeytinyağı 1L,221.0,271.34,0,0,2024,7,27,5,30,3,1,1,1.0935617128463475,355.0,259.0,258.0,235.0,308.14285714285717,318.5,41.37804801030151
2024-07-28,SARDL,Sardalya Konservesi,385.0,28.88,0,0,2024,7,28,6,30,3,1,1,1.0881688018085909,525.0,488.0,416.0,446.0,574.1428571428571,568.6785714285714,62.770557247351206
2024-07-28,SOMON,Somon Konservesi,154.0,83.48,0,0,2024,7,28,6,30,3,1,1,1.089106327462492,154.0,202.0,150.0,179.0,217.85714285714286,223.0,33.02235894778267
2024-07-28,TON160,Ton Balığı Konservesi 160g,509.0,65.09,0,0,2024,7,28,6,30,3,1,1,1.1505081749889527,474.0,536.0,495.0,568.0,658.1428571428571,684.4955357142857,116.24747821125497
2024-07-28,TON80,Ton Balığı Konservesi 80g,1173.0,36.36,1,0,2024,7,28,6,30,3,1,1,1.1011508176862506,932.0,775.0,904.0,800.0,1164.2142857142858,1134.4910714285713,228.3377628176558
2024-07-28,ZEYTY,Zeytinyağı 1L,310.0,279.23,1,0,2024,7,28,6,30,3,1,1,1.125360201511335,221.0,250.0,269.0,263.0,302.7142857142857,318.0,50.40738796947057
2024-07-29,SARDL,Sardalya Konservesi,541.0,29.48,0,0,2024,7,29,0,31,3,0,1,1.1107761868877166,385.0,591.0,653.0,523.0,559.4285714285714,566.5,91.72396477631031
2024-07-29,SOMON,Somon Konservesi,229.0,85.46,0,0,2024,7,29,0,31,3,0,1,1.114938030006523,154.0,250.0,247.0,240.0,211.0,222.10714285714286,40.906397217713234
2024-07-29,TON160,Ton Balığı Konservesi 160g,705.5,64.4,0,0,2024,7,29,0,31,3,0,1,1.1383119752540876,509.0,699.0,708.0,677.0,654.2857142857143,682.3883928571429,121.31325056194301
2024-07-29,TON80,Ton Balığı Konservesi 80g,1033.0,36.67,0,0,2024,7,29,0,31,3,0,1,1.1105390672319806,1173.0,1291.0,1293.0,1203.0,1221.0714285714287,1147.8125,152.09048254559895
2024-07-29,ZEYTY,Zeytinyağı 1L,278.0,273.16,0,0,2024,7,29,0,31,3,0,1,1.1008967254408062,310.0,297.0,367.0,343.0,311.2857142857143,319.67857142857144,44.73147395184646
2024-07-30,SARDL,Sardalya Konservesi,586.0,30.19,0,0,2024,7,30,1,31,3,0,1,1.137528259231349,541.0,653.0,653.0,653.0,552.2857142857143,567.1428571428571,90.79778684107987
2024-07-30,SOMON,Somon Konservesi,212.0,85.67,0,0,2024,7,30,1,31,3,0,1,1.1176777560339204,229.0,209.0,238.0,246.0,208.0,221.71428571428572,38.25354014118606
2024-07-30,TON160,Ton Balığı Konservesi 160g,824.1875,60.94,1,0,2024,7,30,1,31,3,0,1,1.0771542200618647,705.5,762.0,758.0,758.0,655.2142857142857,683.40625,121.73668891739841
2024-07-30,TON80,Ton Balığı Konservesi 80g,1153.0,36.65,0,0,2024,7,30,1,31,3,0,1,1.1099333737129011,1033.0,1358.75,1099.0,1184.0,1184.2142857142858,1141.7410714285713,163.1772061142081
2024-07-30,ZEYTY,Zeytinyağı 1L,360.0,280.17,0,0,2024,7,30,1,31,3,0,1,1.129148614609572,278.0,317.0,467.0,353.0,308.57142857142856,317.35714285714283,46.292033666197256
2024-07-31,SARDL,Sardalya Konservesi,633.0,28.82,0,0,2024,7,31,2,31,3,0,1,1.0859080633006784,586.0,653.0,653.0,589.0,542.7142857142857,564.75,81.4631087992482
2024-07-31,SOMON,Somon Konservesi,218.0,83.67,0,0,2024,7,31,2,31,3,0,1,1.0915851272015655,212.0,241.0,296.5,222.0,208.42857142857142,220.5,38.28340433685395
2024-07-31,TON160,Ton Balığı Konservesi 160g,640.0,62.26,0,0,2024,7,31,2,31,3,0,1,1.1004860804242156,824.1875,654.0,772.0,669.0,664.0982142857143,685.7700892857143,132.61172499313466
2024-07-31,TON80,Ton Balığı Konservesi 80g,1358.75,36.31,0,0,2024,7,31,2,31,3,0,1,1.0996365838885525,1153.0,1288.0,1307.0,1301.0,1154.8214285714287,1140.6339285714287,143.88933206097303
2024-07-31,ZEYTY,Zeytinyağı 1L,296.0,275.07,0,0,2024,7,31,2,31,3,0,1,1.1085944584382872,360.0,332.0,319.0,278.0,314.7142857142857,317.60714285714283,50.278273258980526
2024-08-01,SARDL,Sardalya Konservesi,644.0,29.24,0,0,2024,8,1,3,31,3,0,1,1.1017332328560663,633.0,567.0,458.0,653.0,539.8571428571429,566.3214285714286,77.18900735948678
2024-08-01,SOMON,Somon Konservesi,231.0,88.85,0,0,2024,8,1,3,31,3,0,1,1.1591650358773644,218.0,237.0,240.0,239.0,205.14285714285714,220.35714285714286,35.937114387165074
2024-08-01,TON160,Ton Balığı Konservesi 160g,746.0,63.35,0,0,2024,8,1,3,31,3,0,1,1.1197525408749447,640.0,686.0,740.0,824.1875,662.0982142857143,684.734375,132.89467485815516
2024-08-01,TON80,Ton Balığı Konservesi 80g,1358.75,35.76,0,0,2024,8,1,3,31,3,0,1,1.0829800121138702,1358.75,1358.75,1224.0,1063.0,1164.9285714285713,1142.6964285714287,156.71635167063133
2024-08-01,ZEYTY,Zeytinyağı 1L,348.0,281.76,1,0,2024,8,1,3,31,3,0,1,1.1355566750629722,296.0,347.0,323.0,324.0,309.57142857142856,318.25,50.05615893792697
2024-08-02,SARDL,Sardalya Konservesi,620.0,29.79,0,0,2024,8,2,4,31,3,0,1,1.1224566691785984,644.0,542.0,653.0,653.0,550.8571428571429,566.0,86.61298703895159
2024-08-02,SOMON,Somon Konservesi,233.0,85.06,0,0,2024,8,2,4,31,3,0,1,1.109719504240052,231.0,232.0,217.0,251.0,204.28571428571428,220.07142857142858,35.112743582704525
2024-08-02,TON160,Ton Balığı Konservesi 160g,673.0,61.77,0,0,2024,8,2,4,31,3,0,1,1.0918250110472825,746.0,796.0,795.0,736.0,670.6696428571429,681.9419642857143,136.5771431617539
2024-08-02,TON80,Ton Balığı Konservesi 80g,1358.75,36.49,1,0,2024,8,2,4,31,3,0,1,1.1050878255602665,1358.75,1146.0,1200.0,1355.0,1164.9285714285713,1153.2589285714287,156.71635167063133
2024-08-02,ZEYTY,Zeytinyağı 1L,400.0,272.68,0,0,2024,8,2,4,31,3,0,1,1.098962216624685,348.0,355.0,346.0,379.0,309.7142857142857,319.10714285714283,50.1820495320593
2024-08-03,SARDL,Sardalya Konservesi,477.0,28.81,0,0,2024,8,3,5,31,3,1,1,1.0855312735493594,620.0,525.0,451.0,510.0,562.0,564.8214285714286,90.22564306596416
2024-08-03,SOMON,Somon Konservesi,146.0,87.84,0,0,2024,8,3,5,31,3,1,1,1.1459882583170253,233.0,154.0,154.0,210.0,204.42857142857142,219.42857142857142,35.246073742839926
2024-08-03,TON160,Ton Balığı Konservesi 160g,467.0,62.05,0,0,2024,8,3,5,31,3,1,1,1.096774193548387,673.0,474.0,665.5,694.0,653.0982142857143,679.6919642857143,125.20406185765206
2024-08-03,TON80,Ton Balığı Konservesi 80g,896.0,37.28,0,0,2024,8,3,5,31,3,1,1,1.1290127195639006,1358.75,932.0,987.5,920.0,1195.3214285714287,1153.392857142857,172.28970963937385
2024-08-03,ZEYTY,Zeytinyağı 1L,256.0,271.37,0,0,2024,8,3,5,31,3,1,1,1.0936826196473552,400.0,221.0,259.0,271.0,316.14285714285717,319.85714285714283,59.04921272810906
2024-08-04,SARDL,Sardalya Konservesi,420.0,29.09,0,0,2024,8,4,6,31,3,1,1,1.0960813865862848,477.0,385.0,488.0,366.0,555.1428571428571,563.6428571428571,95.19353719559751
2024-08-04,SOMON,Somon Konservesi,146.0,85.11,0,0,2024,8,4,6,31,3,1,1,1.110371819960861,146.0,154.0,202.0,159.0,203.28571428571428,217.14285714285714,37.227741831928995
2024-08-04,TON160,Ton Balığı Konservesi 160g,511.0,59.28,0,0,2024,8,4,6,31,3,1,1,1.0478126380910295,467.0,509.0,536.0,539.0,652.0982142857143,671.5848214285714,126.889530454597
2024-08-04,TON80,Ton Balığı Konservesi 80g,939.0,37.13,0,0,2024,8,4,6,31,3,1,1,1.1244700181708056,896.0,1173.0,775.0,890.0,1190.1785714285713,1152.5357142857142,181.738119412576
2024-08-04,ZEYTY,Zeytinyağı 1L,249.0,278.41,0,0,2024,8,4,6,31,3,1,1,1.1220554156171285,256.0,310.0,250.0,243.0,321.14285714285717,319.32142857142856,50.515438469931865
2024-08-05,SARDL,Sardalya Konservesi,534.0,29.59,0,0,2024,8,5,0,32,3,0,1,1.1149208741522232,420.0,541.0,591.0,616.0,560.1428571428571,565.5714285714286,85.15755705637415
2024-08-05,SOMON,Somon Konservesi,221.0,81.18,0,0,2024,8,5,0,32,3,0,1,1.0590998043052837,146.0,229.0,250.0,249.0,202.14285714285714,216.67857142857142,39.07014449008582
2024-08-05,TON160,Ton Balığı Konservesi 160g,702.0,62.4,0,0,2024,8,5,0,32,3,0,1,1.102960671674768,511.0,705.5,699.0,774.0,652.3839285714286,670.5848214285714,126.5153174838356
2024-08-05,TON80,Ton Balığı Konservesi 80g,1161.0,36.47,0,0,2024,8,5,0,32,3,0,1,1.104482132041187,939.0,1033.0,1291.0,1197.0,1156.75,1154.2857142857142,205.4043775904835
2024-08-05,ZEYTY,Zeytinyağı 1L,348.0,276.94,0,0,2024,8,5,0,32,3,0,1,1.116130982367758,249.0,278.0,297.0,337.0,312.42857142857144,319.5357142857143,57.532185609033995
2024-08-06,SARDL,Sardalya Konservesi,641.0,29.884999999999998,0,0,2024,8,6,1,32,3,0,1,1.1260361718161265,534.0,586.0,653.0,610.0,559.1428571428571,562.6428571428571,85.46037789804281
2024-08-06,SOMON,Somon Konservesi,220.0,85.96,0,0,2024,8,6,1,32,3,0,1,1.1214611872146116,221.0,212.0,209.0,243.0,201.0,215.67857142857142,38.26225293941788
2024-08-06,TON160,Ton Balığı Konservesi 160g,767.0,61.69,0,0,2024,8,6,1,32,3,0,1,1.0904109589041096,702.0,824.1875,762.0,642.0,651.8839285714286,668.0133928571429,126.27710326118395
2024-08-06,TON80,Ton Balığı Konservesi 80g,1140.0,35.93,0,0,2024,8,6,1,32,3,0,1,1.0881284070260446,1161.0,1153.0,1358.75,1153.0,1175.0357142857142,1153.0,198.11998829473367
2024-08-06,ZEYTY,Zeytinyağı 1L,336.0,276.95,0,0,2024,8,6,1,32,3,0,1,1.1161712846347607,348.0,360.0,317.0,361.0,322.42857142857144,319.92857142857144,56.62701694084719
2024-08-07,SARDL,Sardalya Konservesi,606.0,30.18,0,0,2024,8,7,2,32,3,0,1,1.1371514694800302,641.0,633.0,653.0,653.0,567.0,563.75,90.70832376358916
2024-08-07,SOMON,Somon Konservesi,237.0,85.96,0,0,2024,8,7,2,32,3,0,1,1.1214611872146116,220.0,218.0,241.0,296.5,202.14285714285714,214.85714285714286,38.761787761611096
2024-08-07,TON160,Ton Balığı Konservesi 160g,673.0,66.03,0,0,2024,8,7,2,32,3,0,1,1.1671232876712327,767.0,640.0,654.0,610.0,643.7142857142857,672.4776785714286,114.57997830586031
2024-08-07,TON80,Ton Balığı Konservesi 80g,1342.0,38.9,0,0,2024,8,7,2,32,3,0,1,1.1780738946093274,1140.0,1358.75,1288.0,1139.0,1173.1785714285713,1152.5357142857142,198.4216740033365
2024-08-07,ZEYTY,Zeytinyağı 1L,302.0,283.85,0,0,2024,8,7,2,32,3,0,1,1.1439798488664987,336.0,296.0,332.0,340.0,319.0,319.0357142857143,54.665650397057234
2024-08-08,SARDL,Sardalya Konservesi,653.0,30.31,0,0,2024,8,8,3,32,3,0,1,1.142049736247174,606.0,644.0,567.0,610.0,563.1428571428571,562.0714285714286,87.96671448418977
2024-08-08,SOMON,Somon Konservesi,258.0,85.06,0,0,2024,8,8,3,32,3,0,1,1.109719504240052,237.0,231.0,237.0,234.0,204.85714285714286,212.73214285714286,40.67525280162604
2024-08-08,TON160,Ton Balığı Konservesi 160g,742.0,64.76,0,0,2024,8,8,3,32,3,0,1,1.144675209898365,673.0,746.0,686.0,824.1875,648.4285714285714,674.7276785714286,115.07947564307769
2024-08-08,TON80,Ton Balığı Konservesi 80g,1091.0,35.75,0,0,2024,8,8,3,32,3,0,1,1.0826771653543306,1342.0,1358.75,1358.75,1150.0,1170.7857142857142,1159.7857142857142,195.89572207828343
2024-08-08,ZEYTY,Zeytinyağı 1L,360.0,281.22,0,0,2024,8,8,3,32,3,0,1,1.1333803526448363,302.0,348.0,347.0,338.0,319.85714285714283,317.67857142857144,54.29066393475161
2024-08-09,SARDL,Sardalya Konservesi,653.0,29.52,0,0,2024,8,9,4,32,3,0,1,1.1122833458929917,653.0,620.0,542.0,644.0,564.4285714285714,563.6071428571429,89.3995845308345
2024-08-09,SOMON,Somon Konservesi,242.0,84.31,0,0,2024,8,9,4,32,3,0,1,1.099934768427919,258.0,233.0,232.0,234.0,208.71428571428572,213.58928571428572,44.653160715729435
2024-08-09,TON160,Ton Balığı Konservesi 160g,701.0,63.05,0,0,2024,8,9,4,32,3,0,1,1.1144498453380467,742.0,673.0,796.0,817.0,647.8571428571429,671.7924107142857,114.52281951854044
2024-08-09,TON80,Ton Balığı Konservesi 80g,1274.0,37.11,0,0,2024,8,9,4,32,3,0,1,1.1238643246517261,1091.0,1358.75,1146.0,1358.75,1132.5357142857142,1157.6785714285713,178.43979076588246
2024-08-09,ZEYTY,Zeytinyağı 1L,368.0,279.51,0,0,2024,8,9,4,32,3,0,1,1.1264886649874055,360.0,400.0,355.0,347.0,321.57142857142856,318.4642857142857,55.5033246537448
2024-08-10,SARDL,Sardalya Konservesi,432.0,29.6,0,0,2024,8,10,5,32,3,1,1,1.115297663903542,653.0,477.0,525.0,441.0,569.1428571428571,563.9285714285714,93.59029253690244
2024-08-10,SOMON,Somon Konservesi,169.0,82.27,0,0,2024,8,10,5,32,3,1,1,1.0733202870189171,242.0,146.0,154.0,174.0,210.0,213.875,45.588741300164614
2024-08-10,TON160,Ton Balığı Konservesi 160g,562.0,62.92,0,0,2024,8,10,5,32,3,1,1,1.112152010605391,701.0,467.0,474.0,493.0,651.8571428571429,667.6495535714286,116.02647481132426
2024-08-10,TON80,Ton Balığı Konservesi 80g,854.0,37.17,0,0,2024,8,10,5,32,3,1,1,1.1256814052089643,1274.0,896.0,932.0,888.0,1120.4285714285713,1154.6517857142858,162.7153518088756
2024-08-10,ZEYTY,Zeytinyağı 1L,205.0,275.22,0,0,2024,8,10,5,32,3,1,1,1.109198992443325,368.0,256.0,221.0,258.0,317.0,319.2142857142857,48.89103530641671
2024-08-11,SARDL,Sardalya Konservesi,432.0,29.62,0,0,2024,8,11,6,32,3,1,1,1.1160512434061793,432.0,420.0,385.0,416.0,562.7142857142857,563.6071428571429,102.13016904211767
2024-08-11,SOMON,Somon Konservesi,205.0,84.93,1,0,2024,8,11,6,32,3,1,1,1.108023483365949,169.0,146.0,154.0,150.0,213.28571428571428,213.69642857142858,40.78281617591041
2024-08-11,TON160,Ton Balığı Konservesi 160g,503.0,61.6,0,0,2024,8,11,6,32,3,1,1,1.0888201502430401,562.0,511.0,509.0,495.0,665.4285714285714,670.1138392857143,94.3271914541034
2024-08-11,TON80,Ton Balığı Konservesi 80g,895.0,36.68,0,0,2024,8,11,6,32,3,1,1,1.1108419139915202,854.0,939.0,1173.0,904.0,1114.4285714285713,1153.4375,172.8302222248358
2024-08-11,ZEYTY,Zeytinyağı 1L,222.0,275.4,0,0,2024,8,11,6,32,3,1,1,1.1099244332493703,205.0,249.0,310.0,269.0,309.7142857142857,317.32142857142856,61.63525583547716
2024-08-12,SARDL,Sardalya Konservesi,653.0,29.78,0,0,2024,8,12,0,33,3,0,1,1.1220798794272797,432.0,534.0,541.0,653.0,564.4285714285714,564.1785714285714,99.39962632870319
2024-08-12,SOMON,Somon Konservesi,221.0,86.07,0,0,2024,8,12,0,33,3,0,1,1.1228962818003911,205.0,221.0,229.0,247.0,221.71428571428572,215.66071428571428,28.93506687806525
2024-08-12,TON160,Ton Balığı Konservesi 160g,777.0,64.63,0,0,2024,8,12,0,33,3,0,1,1.1423773751657091,503.0,702.0,705.5,708.0,664.2857142857143,670.3995535714286,96.53274795928817
2024-08-12,TON80,Ton Balığı Konservesi 80g,1004.0,36.85,0,0,2024,8,12,0,33,3,0,1,1.1159903089036947,895.0,1161.0,1033.0,1293.0,1108.142857142857,1153.1160714285713,180.88617836587161
2024-08-12,ZEYTY,Zeytinyağı 1L,304.0,271.83,0,0,2024,8,12,0,33,3,0,1,1.095536523929471,222.0,348.0,278.0,367.0,305.85714285714283,315.64285714285717,66.70439408671781
2024-08-13,SARDL,Sardalya Konservesi,636.0,29.56,0,0,2024,8,13,1,33,3,0,1,1.1137905048982668,653.0,641.0,586.0,653.0,581.4285714285714,564.1785714285714,103.42284909189975
2024-08-13,SOMON,Somon Konservesi,189.0,88.37,0,0,2024,8,13,1,33,3,0,1,1.1529028049575996,221.0,220.0,212.0,238.0,221.71428571428572,214.73214285714286,28.93506687806525
2024-08-13,TON160,Ton Balığı Konservesi 160g,710.0,61.65,0,0,2024,8,13,1,33,3,0,1,1.089703932832523,777.0,767.0,824.1875,758.0,675.0,672.8638392857143,105.19030373565829
2024-08-13,TON80,Ton Balığı Konservesi 80g,428.75,36.62,0,0,2024,8,13,1,33,3,0,1,1.109024833434282,1004.0,1140.0,1153.0,1099.0,1085.7142857142858,1142.794642857143,182.96148436735277
2024-08-13,ZEYTY,Zeytinyağı 1L,322.0,273.3,0,0,2024,8,13,1,33,3,0,1,1.1014609571788414,304.0,336.0,360.0,467.0,299.57142857142856,313.39285714285717,64.09330995472423
2024-08-14,SARDL,Sardalya Konservesi,653.0,30.04,0,0,2024,8,14,2,33,3,0,1,1.1318764129615675,636.0,606.0,633.0,653.0,580.7142857142857,563.5714285714286,102.95907647493534
2024-08-14,SOMON,Somon Konservesi,235.0,85.85,0,0,2024,8,14,2,33,3,0,1,1.1200260926288321,189.0,237.0,218.0,296.5,217.28571428571428,212.98214285714286,31.49981103495867
2024-08-14,TON160,Ton Balığı Konservesi 160g,759.0,64.01,0,0,2024,8,14,2,33,3,0,1,1.1314184710561201,710.0,673.0,640.0,772.0,666.8571428571429,671.1495535714286,98.89966055120153
2024-08-14,TON80,Ton Balığı Konservesi 80g,1358.75,36.93,0,0,2024,8,14,2,33,3,0,1,1.118413082980012,428.75,1342.0,1358.75,1307.0,984.1071428571429,1118.857142857143,304.7503027460506
2024-08-14,ZEYTY,Zeytinyağı 1L,357.0,262.88,0,0,2024,8,14,2,33,3,0,1,1.0594659949622167,322.0,302.0,296.0,319.0,297.57142857142856,308.2142857142857,62.975807902339405
2024-08-15,SARDL,Sardalya Konservesi,640.0,29.31,0,0,2024,8,15,3,33,3,0,1,1.1043707611152977,653.0,653.0,644.0,458.0,587.4285714285714,563.5714285714286,106.35922956794059
2024-08-15,SOMON,Somon Konservesi,225.0,84.97,0,0,2024,8,15,3,33,3,0,1,1.108545335942596,235.0,258.0,231.0,240.0,217.0,210.78571428571428,31.29962726082653
2024-08-15,TON160,Ton Balığı Konservesi 160g,743.0,64.33,0,0,2024,8,15,3,33,3,0,1,1.1370746796288111,759.0,742.0,746.0,740.0,679.1428571428571,670.6852678571429,104.94669848932637
2024-08-15,TON80,Ton Balığı Konservesi 80g,1190.0,37.08,0,0,2024,8,15,3,33,3,0,1,1.122955784373107,1358.75,1091.0,1358.75,1224.0,986.5,1120.705357142857,308.0763906890627
2024-08-15,ZEYTY,Zeytinyağı 1L,354.0,288.33,0,0,2024,8,15,3,33,3,0,1,1.1620352644836272,357.0,360.0,348.0,323.0,305.42857142857144,309.57142857142856,66.92746606801784
2024-08-16,SARDL,Sardalya Konservesi,203.0,30.06,0,0,2024,8,16,4,33,3,0,1,1.132629992464205,640.0,653.0,620.0,653.0,585.5714285714286,570.0714285714286,105.12985168012881
2024-08-16,SOMON,Somon Konservesi,255.0,85.59,0,0,2024,8,16,4,33,3,0,1,1.1166340508806263,225.0,242.0,233.0,217.0,212.28571428571428,210.25,26.157945164674143
2024-08-16,TON160,Ton Balığı Konservesi 160g,620.0,63.81,0,0,2024,8,16,4,33,3,0,1,1.1278833406981883,743.0,701.0,673.0,795.0,679.2857142857143,670.7924107142857,105.04715494436208
2024-08-16,TON80,Ton Balığı Konservesi 80g,1268.0,37.5,0,0,2024,8,16,4,33,3,0,1,1.1356753482737734,1190.0,1274.0,1358.75,1200.0,1000.6428571428571,1119.4910714285713,315.8475983083343
2024-08-16,ZEYTY,Zeytinyağı 1L,336.0,275.02,0,0,2024,8,16,4,33,3,0,1,1.1083929471032745,354.0,368.0,400.0,346.0,304.57142857142856,310.67857142857144,66.14594253834228
2024-08-17,SARDL,Sardalya Konservesi,487.0,28.49,0,0,2024,8,17,5,33,3,1,1,1.0734740015071589,203.0,432.0,477.0,451.0,521.2857142857143,554.0,172.81947641562692
2024-08-17,SOMON,Somon Konservesi,157.0,82.63,0,0,2024,8,17,5,33,3,1,1,1.0780169602087408,255.0,169.0,146.0,154.0,214.14285714285714,211.60714285714286,28.93342111024659
2024-08-17,TON160,Ton Balığı Konservesi 160g,497.0,65.13,0,0,2024,8,17,5,33,3,1,1,1.151215201060539,620.0,562.0,467.0,665.5,667.7142857142857,664.5424107142857,106.70475510446943
2024-08-17,TON80,Ton Balığı Konservesi 80g,914.0,37.14,0,0,2024,8,17,5,33,3,1,1,1.1247728649303452,1268.0,854.0,896.0,987.5,999.7857142857143,1121.919642857143,314.9891012853802
2024-08-17,ZEYTY,Zeytinyağı 1L,243.0,273.88,0,0,2024,8,17,5,33,3,1,1,1.1037984886649874,336.0,205.0,256.0,259.0,300.0,310.32142857142856,62.00806399170973
2024-08-18,SARDL,Sardalya Konservesi,473.0,29.91,0,0,2024,8,18,6,33,3,1,1,1.1269781461944235,487.0,432.0,420.0,488.0,529.1428571428571,555.2857142857143,169.29799031237656
2024-08-18,SOMON,Somon Konservesi,201.5,83.72,0,0,2024,8,18,6,33,3,1,1,1.0922374429223742,157.0,205.0,146.0,202.0,212.42857142857142,211.71428571428572,32.22244115962847
2024-08-18,TON160,Ton Balığı Konservesi 160g,473.0,63.21,0,0,2024,8,18,6,33,3,1,1,1.1172779496243923,497.0,503.0,511.0,536.0,658.4285714285714,658.5245535714286,119.49875472553008
2024-08-18,TON80,Ton Balığı Konservesi 80g,793.0,38.35,0,0,2024,8,18,6,33,3,1,1,1.1614173228346456,914.0,895.0,939.0,775.0,1008.3571428571429,1119.294642857143,311.1538290896368
2024-08-18,ZEYTY,Zeytinyağı 1L,304.0,276.07,1,0,2024,8,18,6,33,3,1,1,1.112624685138539,243.0,222.0,249.0,250.0,305.42857142857144,309.75,53.36621010482517
2024-08-19,SARDL,Sardalya Konservesi,639.0,28.9,0,0,2024,8,19,0,34,3,0,1,1.0889223813112283,473.0,653.0,534.0,591.0,535.0,554.75,166.0552117018113
2024-08-19,SOMON,Somon Konservesi,246.0,86.12,0,0,2024,8,19,0,34,3,0,1,1.1235485975212003,201.5,221.0,221.0,250.0,211.92857142857142,211.69642857142858,32.38367460546108
2024-08-19,TON160,Ton Balığı Konservesi 160g,739.0,61.63,0,0,2024,8,19,0,34,3,0,1,1.08935041979673,473.0,777.0,702.0,699.0,654.1428571428571,656.2745535714286,126.34401261559464
2024-08-19,TON80,Ton Balığı Konservesi 80g,1130.0,37.2,0,0,2024,8,19,0,34,3,0,1,1.1265899454875832,793.0,1004.0,1161.0,1291.0,993.7857142857143,1119.9375,319.6202964903378
2024-08-19,ZEYTY,Zeytinyağı 1L,298.0,285.65,0,0,2024,8,19,0,34,3,0,1,1.151234256926952,304.0,304.0,348.0,297.0,317.14285714285717,311.67857142857144,39.09146783049731
2024-08-20,SARDL,Sardalya Konservesi,587.0,30.12,0,0,2024,8,20,1,34,3,0,1,1.1348907309721177,639.0,636.0,641.0,653.0,533.0,556.4642857142857,164.47390877177662
2024-08-20,SOMON,Somon Konservesi,246.0,87.38,0,0,2024,8,20,1,34,3,0,1,1.1399869536855838,246.0,189.0,220.0,209.0,215.5,211.55357142857142,34.83652297996086
2024-08-20,TON160,Ton Balığı Konservesi 160g,717.0,62.27,0,0,2024,8,20,1,34,3,0,1,1.1006628369421123,739.0,710.0,767.0,762.0,648.7142857142857,657.703125,120.88384822590966
2024-08-20,TON80,Ton Balığı Konservesi 80g,1131.0,37.27,0,0,2024,8,20,1,34,3,0,1,1.128709872804361,1130.0,428.75,1140.0,1358.75,1011.7857142857143,1114.1875,323.81188046236275
2024-08-20,ZEYTY,Zeytinyağı 1L,335.0,280.39,0,0,2024,8,20,1,34,3,0,1,1.1300352644836271,298.0,322.0,336.0,317.0,316.2857142857143,311.7142857142857,39.491409554121745
2024-08-21,SARDL,Sardalya Konservesi,653.0,29.26,0,0,2024,8,21,2,34,3,0,1,1.102486812358704,587.0,653.0,606.0,653.0,526.0,554.1071428571429,160.35065741472138
2024-08-21,SOMON,Somon Konservesi,208.0,86.75,0,0,2024,8,21,2,34,3,0,1,1.131767775603392,246.0,235.0,237.0,241.0,223.64285714285714,212.875,34.26698397110849
2024-08-21,TON160,Ton Balığı Konservesi 160g,811.0,65.24,0,0,2024,8,21,2,34,3,0,1,1.1531595227574016,717.0,759.0,673.0,654.0,649.7142857142857,656.0959821428571,121.50269446355816
2024-08-21,TON80,Ton Balığı Konservesi 80g,1192.0,36.56,0,0,2024,8,21,2,34,3,0,1,1.107207752877044,1131.0,1358.75,1342.0,1288.0,1112.107142857143,1106.0535714285713,197.04292347221343
2024-08-21,ZEYTY,Zeytinyağı 1L,347.0,287.0,0,0,2024,8,21,2,34,3,0,1,1.1566750629722922,335.0,357.0,302.0,332.0,318.14285714285717,312.35714285714283,40.10581242757885
2024-08-22,SARDL,Sardalya Konservesi,653.0,29.24,1,0,2024,8,22,3,34,3,0,1,1.1017332328560663,653.0,640.0,653.0,567.0,526.0,554.1071428571429,160.35065741472138
2024-08-22,SOMON,Somon Konservesi,231.0,88.14,0,0,2024,8,22,3,34,3,0,1,1.1499021526418787,208.0,225.0,258.0,237.0,219.78571428571428,211.69642857142858,34.29511279912597
2024-08-22,TON160,Ton Balığı Konservesi 160g,815.0,66.02,0,0,2024,8,22,3,34,3,0,1,1.1669465311533362,811.0,743.0,742.0,686.0,657.1428571428571,661.703125,130.5506652241811
2024-08-22,TON80,Ton Balığı Konservesi 80g,1311.0,37.59,0,0,2024,8,22,3,34,3,0,1,1.1384009691096306,1192.0,1190.0,1091.0,1358.75,1088.2857142857142,1102.625,170.55469727305976
2024-08-22,ZEYTY,Zeytinyağı 1L,331.0,274.56,0,0,2024,8,22,3,34,3,0,1,1.1065390428211588,347.0,354.0,360.0,347.0,316.7142857142857,312.89285714285717,38.642439043596156
2024-08-23,SARDL,Sardalya Konservesi,653.0,29.03,0,0,2024,8,23,4,34,3,0,1,1.0938206480783723,653.0,203.0,653.0,542.0,527.8571428571429,557.1785714285714,161.95825446847778
2024-08-23,SOMON,Somon Konservesi,209.0,87.39,0,0,2024,8,23,4,34,3,0,1,1.1401174168297454,231.0,255.0,242.0,232.0,220.64285714285714,211.48214285714286,34.52138743556237
2024-08-23,TON160,Ton Balığı Konservesi 160g,746.0,66.27,0,0,2024,8,23,4,34,3,0,1,1.171365444100751,815.0,620.0,701.0,796.0,667.4285714285714,666.3102678571429,140.8709304562836
2024-08-23,TON80,Ton Balığı Konservesi 80g,1226.0,35.96,0,0,2024,8,23,4,34,3,0,1,1.0890369473046637,1311.0,1268.0,1274.0,1146.0,1105.5714285714287,1100.919642857143,187.83756914140668
2024-08-23,ZEYTY,Zeytinyağı 1L,414.0,276.85,1,0,2024,8,23,4,34,3,0,1,1.1157682619647356,331.0,336.0,368.0,355.0,313.42857142857144,312.32142857142856,35.81832465306459
2024-08-24,SARDL,Sardalya Konservesi,442.0,29.95,0,0,2024,8,24,5,34,3,1,1,1.1284853051996986,653.0,487.0,432.0,525.0,592.1428571428571,561.1428571428571,80.19024997140455
2024-08-24,SOMON,Somon Konservesi,180.0,85.23,0,0,2024,8,24,5,34,3,1,1,1.1119373776908024,209.0,157.0,169.0,154.0,214.07142857142858,210.66071428571428,31.099877507031877
2024-08-24,TON160,Ton Balığı Konservesi 160g,474.0,62.1,0,0,2024,8,24,5,34,3,1,1,1.09765797613787,746.0,497.0,562.0,474.0,685.4285714285714,664.5245535714286,141.84716792244788
2024-08-24,TON80,Ton Balığı Konservesi 80g,784.0,36.37,0,0,2024,8,24,5,34,3,1,1,1.1014536644457902,1226.0,914.0,854.0,932.0,1099.5714285714287,1103.7767857142858,182.37585470931373
2024-08-24,ZEYTY,Zeytinyağı 1L,207.0,272.45,0,0,2024,8,24,5,34,3,1,1,1.098035264483627,414.0,243.0,205.0,221.0,324.57142857142856,314.42857142857144,52.33500148994283
2024-08-25,SARDL,Sardalya Konservesi,407.0,29.39,0,0,2024,8,25,6,34,3,1,1,1.107385079125848,442.0,473.0,432.0,385.0,585.7142857142857,558.1785714285714,91.08734688146815
2024-08-25,SOMON,Somon Konservesi,158.0,85.71,0,0,2024,8,25,6,34,3,1,1,1.1181996086105674,180.0,201.5,205.0,154.0,217.35714285714286,211.58928571428572,24.601345298097012
2024-08-25,TON160,Ton Balığı Konservesi 160g,517.0,65.03,0,0,2024,8,25,6,34,3,1,1,1.149447635881573,474.0,473.0,503.0,509.0,682.1428571428571,664.5245535714286,147.10815587114672
2024-08-25,TON80,Ton Balığı Konservesi 80g,851.0,36.74,0,0,2024,8,25,6,34,3,1,1,1.1126589945487584,784.0,793.0,895.0,1173.0,1081.0,1098.4910714285713,209.0853095429397
2024-08-25,ZEYTY,Zeytinyağı 1L,243.0,271.65,0,0,2024,8,25,6,34,3,1,1,1.0948110831234257,207.0,304.0,222.0,310.0,319.42857142857144,313.92857142857144,62.4736134776301
2024-08-26,SARDL,Sardalya Konservesi,653.0,29.6,0,0,2024,8,26,0,35,3,0,1,1.115297663903542,407.0,639.0,653.0,541.0,576.2857142857143,558.9642857142857,106.76565347481785
2024-08-26,SOMON,Somon Konservesi,213.0,87.93,0,0,2024,8,26,0,35,3,0,1,1.1471624266144813,158.0,246.0,221.0,229.0,211.14285714285714,211.73214285714286,33.24870208709198
2024-08-26,TON160,Ton Balığı Konservesi 160g,630.0,63.44,0,0,2024,8,26,0,35,3,0,1,1.1213433495360141,517.0,739.0,777.0,705.5,688.4285714285714,664.8102678571429,137.29512875900758
2024-08-26,TON80,Ton Balığı Konservesi 80g,1263.0,38.7,0,0,2024,8,26,0,35,3,0,1,1.1720169594185341,851.0,1130.0,1004.0,1033.0,1089.2857142857142,1086.9910714285713,196.54322195191156
2024-08-26,ZEYTY,Zeytinyağı 1L,284.0,278.49,0,0,2024,8,26,0,35,3,0,1,1.1223778337531487,243.0,298.0,304.0,278.0,310.7142857142857,311.5357142857143,68.90746037431688
2024-08-27,SARDL,Sardalya Konservesi,637.0,29.19,0,0,2024,8,27,1,35,3,0,1,1.0998492840994725,653.0,587.0,636.0,586.0,578.2857142857143,562.9642857142857,108.25696942262681
2024-08-27,SOMON,Somon Konservesi,247.0,85.67,0,0,2024,8,27,1,35,3,0,1,1.1176777560339204,213.0,246.0,189.0,212.0,206.42857142857142,211.16071428571428,29.62463582255564
2024-08-27,TON160,Ton Balığı Konservesi 160g,743.0,62.75,0,0,2024,8,27,1,35,3,0,1,1.109147149801149,630.0,717.0,710.0,824.1875,672.8571428571429,662.1138392857143,136.78380578054401
2024-08-27,TON80,Ton Balığı Konservesi 80g,1166.0,35.9,0,0,2024,8,27,1,35,3,0,1,1.0872198667474258,1263.0,1131.0,428.75,1153.0,1108.2857142857142,1095.205357142857,207.27092920918372
2024-08-27,ZEYTY,Zeytinyağı 1L,353.0,276.14,0,0,2024,8,27,1,35,3,0,1,1.1129068010075567,284.0,335.0,322.0,360.0,308.7142857142857,311.75,69.53827312042907
2024-08-28,SARDL,Sardalya Konservesi,653.0,29.46,0,0,2024,8,28,2,35,3,0,1,1.1100226073850792,637.0,653.0,653.0,633.0,585.4285714285714,564.7857142857143,110.55293926871653
2024-08-28,SOMON,Somon Konservesi,226.0,85.475,0,0,2024,8,28,2,35,3,0,1,1.1151337247227657,247.0,208.0,235.0,218.0,206.57142857142858,212.41071428571428,29.848825453481087
2024-08-28,TON160,Ton Balığı Konservesi 160g,736.0,61.97,0,0,2024,8,28,2,35,3,0,1,1.0953601414052143,743.0,811.0,759.0,640.0,676.5714285714286,659.2142857142857,138.52419420791608
2024-08-28,TON80,Ton Balığı Konservesi 80g,1358.75,37.68,0,0,2024,8,28,2,35,3,0,1,1.1411265899454874,1166.0,1192.0,1358.75,1358.75,1113.2857142857142,1095.669642857143,208.32963806246693
2024-08-28,ZEYTY,Zeytinyağı 1L,321.0,276.07,0,0,2024,8,28,2,35,3,0,1,1.112624685138539,353.0,347.0,357.0,296.0,311.2857142857143,311.5,70.9899389249729
2024-08-29,SARDL,Sardalya Konservesi,653.0,29.3,0,0,2024,8,29,3,35,3,0,1,1.103993971363979,653.0,653.0,640.0,644.0,585.4285714285714,565.5,110.55293926871653
2024-08-29,SOMON,Somon Konservesi,227.0,85.28,0,0,2024,8,29,3,35,3,0,1,1.112589693411611,226.0,231.0,225.0,231.0,209.14285714285714,212.69642857142858,30.75401638501101
2024-08-29,TON160,Ton Balığı Konservesi 160g,598.0,65.24,0,0,2024,8,29,3,35,3,0,1,1.1531595227574016,736.0,815.0,743.0,746.0,665.8571428571429,662.6428571428571,128.96437307958183
2024-08-29,TON80,Ton Balığı Konservesi 80g,1358.75,35.77,1,0,2024,8,29,3,35,3,0,1,1.08328285887341,1358.75,1311.0,1190.0,1358.75,1137.107142857143,1095.669642857143,227.4833261812317
2024-08-29,ZEYTY,Zeytinyağı 1L,323.0,274.76,0,0,2024,8,29,3,35,3,0,1,1.107345088161209,321.0,331.0,354.0,348.0,307.57142857142856,312.39285714285717,69.47387312953704
2024-08-30,SARDL,Sardalya Konservesi,245.0,30.52,0,1,2024,8,30,4,35,3,0,1,1.1499623210248682,653.0,653.0,203.0,620.0,585.4285714285714,565.8214285714286,110.55293926871653
2024-08-30,SOMON,Somon Konservesi,98.0,86.18,0,1,2024,8,30,4,35,3,0,1,1.1243313763861709,227.0,209.0,255.0,233.0,208.57142857142858,212.55357142857142,30.314227368553897
2024-08-30,TON160,Ton Balığı Konservesi 160g,304.0,61.39,0,1,2024,8,30,4,35,3,0,1,1.0851082633672116,598.0,746.0,620.0,673.0,634.8571428571429,657.3571428571429,112.1196214933386
2024-08-30,TON80,Ton Balığı Konservesi 80g,504.0,38.33,0,1,2024,8,30,4,35,3,0,1,1.1608116293155661,1358.75,1226.0,1268.0,1358.75,1143.9285714285713,1095.669642857143,234.18407620421064
2024-08-30,ZEYTY,Zeytinyağı 1L,137.0,273.58,0,1,2024,8,30,4,35,3,0,1,1.1025894206549118,323.0,414.0,336.0,400.0,306.42857142857144,311.5,69.08896955582473
2024-08-31,SARDL,Sardalya Konservesi,484.0,29.35,0,0,2024,8,31,5,35,3,1,1,1.1058779201205728,245.0,442.0,487.0,477.0,527.1428571428571,552.4285714285714,163.7461740738071
2024-08-31,SOMON,Somon Konservesi,240.0,87.67,1,0,2024,8,31,5,35,3,1,1,1.1437703848662752,98.0,180.0,157.0,146.0,192.71428571428572,207.73214285714286,51.606570271992325
2024-08-31,TON160,Ton Balığı Konservesi 160g,495.0,65.08,0,0,2024,8,31,5,35,3,1,1,1.150331418471056,304.0,474.0,497.0,467.0,571.7142857142857,644.1785714285714,155.25754333334223
2024-08-31,TON80,Ton Balığı Konservesi 80g,909.0,36.32,0,0,2024,8,31,5,35,3,1,1,1.099939430648092,504.0,784.0,914.0,896.0,1040.7857142857142,1065.142857142857,330.9976846775591
2024-08-31,ZEYTY,Zeytinyağı 1L,227.0,289.97,0,0,2024,8,31,5,35,3,1,1,1.1686448362720405,137.0,207.0,243.0,256.0,266.85714285714283,302.10714285714283,76.17179830582228
2024-09-01,SARDL,Sardalya Konservesi,322.0,29.065,0,0,2024,9,1,6,35,3,1,0,1.095139412207988,484.0,407.0,473.0,420.0,533.1428571428571,552.6785714285714,160.85027051208075
2024-09-01,SOMON,Somon Konservesi,155.0,84.96,0,0,2024,9,1,6,35,3,1,0,1.1084148727984342,240.0,158.0,201.5,146.0,201.28571428571428,211.08928571428572,54.06697786299961
2024-09-01,TON160,Ton Balığı Konservesi 160g,441.0,60.84,0,0,2024,9,1,6,35,3,1,0,1.0753866548828988,495.0,517.0,473.0,511.0,574.7142857142857,645.1785714285714,153.2445912973918
2024-09-01,TON80,Ton Balığı Konservesi 80g,1358.75,35.02,0,0,2024,9,1,6,35,3,1,0,1.0605693519079347,909.0,851.0,793.0,939.0,1058.642857142857,1065.607142857143,317.9500044930697
2024-09-01,ZEYTY,Zeytinyağı 1L,229.0,275.48,0,0,2024,9,1,6,35,3,1,0,1.1102468513853905,227.0,243.0,304.0,249.0,269.7142857142857,301.07142857142856,73.8934238971108
2024-09-02,SARDL,Sardalya Konservesi,203.0,28.78,0,0,2024,9,2,0,36,3,0,0,1.0844009042954033,322.0,653.0,639.0,534.0,521.0,549.1785714285714,174.5823587880517
2024-09-02,SOMON,Somon Konservesi,217.0,85.99,0,0,2024,9,2,0,36,3,0,0,1.121852576647097,155.0,213.0,246.0,221.0,200.85714285714286,211.41071428571428,54.47760570922256
2024-09-02,TON160,Ton Balığı Konservesi 160g,539.0,62.36,0,0,2024,9,2,0,36,3,0,0,1.1022536456031815,441.0,630.0,739.0,702.0,563.8571428571429,642.6785714285714,160.53393054785246
2024-09-02,TON80,Ton Balığı Konservesi 80g,971.0,37.22,0,0,2024,9,2,0,36,3,0,0,1.1271956390066624,1358.75,1263.0,1130.0,1161.0,1131.1785714285713,1080.5982142857142,320.5911114087322
2024-09-02,ZEYTY,Zeytinyağı 1L,350.0,273.5,0,0,2024,9,2,0,36,3,0,0,1.1022670025188916,229.0,284.0,298.0,348.0,267.7142857142857,300.35714285714283,74.91932168609627
2024-09-03,SARDL,Sardalya Konservesi,432.0,29.57,0,0,2024,9,3,1,36,3,0,0,1.1141672946495855,203.0,637.0,587.0,641.0,456.7142857142857,537.3571428571429,199.01651044215228
2024-09-03,SOMON,Somon Konservesi,231.0,87.23,0,0,2024,9,3,1,36,3,0,0,1.1380300065231572,217.0,247.0,246.0,220.0,201.42857142857142,211.26785714285714,54.64691861656711
2024-09-03,TON160,Ton Balığı Konservesi 160g,525.0,63.81,0,0,2024,9,3,1,36,3,0,0,1.1278833406981883,539.0,743.0,717.0,767.0,550.8571428571429,636.8571428571429,157.94875600589376
2024-09-03,TON80,Ton Balığı Konservesi 80g,947.0,36.23,0,0,2024,9,3,1,36,3,0,0,1.0972138098122348,971.0,1166.0,1131.0,1140.0,1089.4642857142858,1073.8125,319.5756766326849
2024-09-03,ZEYTY,Zeytinyağı 1L,308.0,264.23,0,0,2024,9,3,1,36,3,0,0,1.0649068010075569,350.0,353.0,335.0,336.0,277.14285714285717,300.42857142857144,81.200222847454
2024-09-04,SARDL,Sardalya Konservesi,380.0,29.3,0,0,2024,9,4,2,36,3,0,0,1.103993971363979,432.0,653.0,653.0,606.0,427.42857142857144,529.8928571428571,182.45991079582075
2024-09-04,SOMON,Somon Konservesi,195.0,85.27,0,0,2024,9,4,2,36,3,0,0,1.1124592302674494,231.0,226.0,208.0,237.0,199.14285714285714,211.66071428571428,52.72389898148199
2024-09-04,TON160,Ton Balığı Konservesi 160g,824.1875,62.31,1,0,2024,9,4,2,36,3,0,0,1.1013698630136985,525.0,736.0,811.0,673.0,519.7142857142857,628.2142857142857,133.32130898161483
2024-09-04,TON80,Ton Balığı Konservesi 80g,923.0,36.31,0,0,2024,9,4,2,36,3,0,0,1.0996365838885525,947.0,1358.75,1192.0,1342.0,1058.1785714285713,1066.919642857143,321.5479394755198
2024-09-04,ZEYTY,Zeytinyağı 1L,314.0,281.99,0,0,2024,9,4,2,36,3,0,0,1.1364836272040302,308.0,321.0,347.0,302.0,270.7142857142857,299.42857142857144,75.79514998932828
2024-09-05,SARDL,Sardalya Konservesi,430.0,30.49,0,0,2024,9,5,3,36,3,0,0,1.1488319517709118,380.0,653.0,653.0,653.0,388.42857142857144,521.8214285714286,153.00855873976064
2024-09-05,SOMON,Somon Konservesi,224.0,86.67,0,0,2024,9,5,3,36,3,0,0,1.1307240704500978,195.0,227.0,231.0,258.0,194.71428571428572,210.16071428571428,51.37675961533014
2024-09-05,TON160,Ton Balığı Konservesi 160g,606.0,65.79,0,0,2024,9,5,3,36,3,0,0,1.1628811312417147,824.1875,598.0,815.0,742.0,532.3125,633.6138392857143,158.8819538538486
2024-09-05,TON80,Ton Balığı Konservesi 80g,875.0,36.34,0,0,2024,9,5,3,36,3,0,0,1.1005451241671713,923.0,1358.75,1311.0,1091.0,995.9285714285714,1051.955357142857,294.7210798041978
2024-09-05,ZEYTY,Zeytinyağı 1L,333.0,272.97,0,0,2024,9,5,3,36,3,0,0,1.1001309823677583,314.0,323.0,331.0,360.0,269.7142857142857,299.85714285714283,75.06378240251045
2024-09-06,SARDL,Sardalya Konservesi,407.0,31.65,0,0,2024,9,6,4,36,3,0,0,1.1925395629238884,430.0,245.0,653.0,653.0,356.57142857142856,513.8571428571429,104.15990454241684
2024-09-06,SOMON,Somon Konservesi,296.5,86.02,1,0,2024,9,6,4,36,3,0,0,1.1222439660795824,224.0,98.0,209.0,242.0,194.28571428571428,208.94642857142858,51.07417575028908
2024-09-06,TON160,Ton Balığı Konservesi 160g,509.5,64.18,0,0,2024,9,6,4,36,3,0,0,1.1344233318603625,606.0,304.0,746.0,701.0,533.4553571428571,628.7566964285714,159.46091930070511
2024-09-06,TON80,Ton Balığı Konservesi 80g,952.0,36.28,0,0,2024,9,6,4,36,3,0,0,1.0987280436099334,875.0,504.0,1226.0,1274.0,926.8214285714286,1044.2410714285713,248.5681795422578
2024-09-06,ZEYTY,Zeytinyağı 1L,327.0,282.62,0,0,2024,9,6,4,36,3,0,0,1.1390226700251889,333.0,137.0,414.0,368.0,271.14285714285717,298.89285714285717,76.33135784509665
2024-09-07,SARDL,Sardalya Konservesi,289.0,29.36,0,0,2024,9,7,5,36,3,1,0,1.1062547098718916,407.0,484.0,442.0,432.0,379.7142857142857,505.07142857142856,92.59358200529424
2024-09-07,SOMON,Somon Konservesi,144.0,87.13,0,0,2024,9,7,5,36,3,1,0,1.1367253750815394,296.5,240.0,180.0,169.0,222.64285714285714,210.89285714285714,43.203698033959284
2024-09-07,TON160,Ton Balığı Konservesi 160g,413.0,64.2,0,0,2024,9,7,5,36,3,1,0,1.1347768448961555,509.5,495.0,474.0,562.0,562.8125,621.9174107142857,125.47105513656597
2024-09-07,TON80,Ton Balığı Konservesi 80g,634.0,37.66,0,0,2024,9,7,5,36,3,1,0,1.140520896426408,952.0,909.0,784.0,854.0,990.8214285714286,1032.7410714285713,165.27796752023238
2024-09-07,ZEYTY,Zeytinyağı 1L,238.0,273.21,0,0,2024,9,7,5,36,3,1,0,1.1010982367758186,327.0,227.0,207.0,205.0,298.2857142857143,297.42857142857144,49.878900969294975
2024-09-08,SARDL,Sardalya Konservesi,350.0,29.65,0,0,2024,9,8,6,36,3,1,0,1.1171816126601357,289.0,322.0,407.0,432.0,351.85714285714283,499.9642857142857,85.01260410752352
2024-09-08,SOMON,Somon Konservesi,141.0,86.93,0,0,2024,9,8,6,36,3,1,0,1.1341161121983039,144.0,155.0,158.0,205.0,208.92857142857142,210.0,51.261119583485325
2024-09-08,TON160,Ton Balığı Konservesi 160g,404.0,61.86,0,0,2024,9,8,6,36,3,1,0,1.0934158197083517,413.0,441.0,517.0,503.0,551.0982142857143,616.5959821428571,136.22444263905527
2024-09-08,TON80,Ton Balığı Konservesi 80g,571.0,37.06,0,0,2024,9,8,6,36,3,1,0,1.1223500908540278,634.0,1358.75,851.0,895.0,951.5357142857143,1024.8839285714287,213.58997072718068
2024-09-08,ZEYTY,Zeytinyağı 1L,244.0,275.5,0,0,2024,9,8,6,36,3,1,0,1.1103274559193954,238.0,229.0,243.0,222.0,299.85714285714283,298.60714285714283,47.36886660887608
2024-09-09,SARDL,Sardalya Konservesi,383.0,30.37,0,0,2024,9,9,0,37,3,0,0,1.1443104747550867,350.0,203.0,653.0,653.0,355.85714285714283,497.0357142857143,84.0266397666589
2024-09-09,SOMON,Somon Konservesi,187.0,86.4,0,0,2024,9,9,0,37,3,0,0,1.1272015655577299,141.0,217.0,213.0,221.0,206.92857142857142,207.71428571428572,53.92002455135798
2024-09-09,TON160,Ton Balığı Konservesi 160g,580.0,64.83,0,0,2024,9,9,0,37,3,0,0,1.145912505523641,404.0,539.0,630.0,777.0,545.8125,613.0602678571429,141.81166446059066
2024-09-09,TON80,Ton Balığı Konservesi 80g,901.0,36.82,0,0,2024,9,9,0,37,3,0,0,1.1150817686250756,571.0,971.0,1263.0,1004.0,839.0,1013.3125,165.3571891391464
2024-09-09,ZEYTY,Zeytinyağı 1L,255.0,286.04,0,0,2024,9,9,0,37,3,0,0,1.1528060453400504,244.0,350.0,284.0,304.0,302.0,299.39285714285717,43.83681861935963
2024-09-10,SARDL,Sardalya Konservesi,620.0,30.49,1,0,2024,9,10,1,37,3,0,0,1.1488319517709118,383.0,432.0,637.0,636.0,381.57142857142856,487.39285714285717,50.17588113445314
2024-09-10,SOMON,Somon Konservesi,221.0,85.89,0,0,2024,9,10,1,37,3,0,0,1.1205479452054794,187.0,231.0,247.0,189.0,202.64285714285714,206.5,54.17772780835486
2024-09-10,TON160,Ton Balığı Konservesi 160g,568.5,62.65,0,0,2024,9,10,1,37,3,0,0,1.1073795846221828,580.0,525.0,743.0,710.0,551.6696428571429,606.0245535714286,142.32914974649202
2024-09-10,TON80,Ton Balığı Konservesi 80g,824.0,38.99,0,0,2024,9,10,1,37,3,0,0,1.1807995154451847,901.0,947.0,1166.0,428.75,829.0,1009.6339285714286,157.99683541134425
2024-09-10,ZEYTY,Zeytinyağı 1L,277.0,278.48,0,0,2024,9,10,1,37,3,0,0,1.1223375314861461,255.0,308.0,353.0,322.0,288.42857142857144,297.64285714285717,41.1211913853717
2024-09-11,SARDL,Sardalya Konservesi,412.0,30.07,0,0,2024,9,11,2,37,3,0,0,1.1330067822155239,620.0,380.0,653.0,653.0,408.42857142857144,486.82142857142856,103.57100164115512
2024-09-11,SOMON,Somon Konservesi,215.0,87.35,0,0,2024,9,11,2,37,3,0,0,1.1395955642530984,221.0,195.0,226.0,235.0,201.21428571428572,207.64285714285714,53.432088628820146
2024-09-11,TON160,Ton Balığı Konservesi 160g,557.0,64.46,0,0,2024,9,11,2,37,3,0,0,1.1393725143614668,568.5,824.1875,736.0,759.0,557.8839285714286,600.9709821428571,141.9196902290243
2024-09-11,TON80,Ton Balığı Konservesi 80g,977.0,38.14,0,0,2024,9,11,2,37,3,0,0,1.1550575408843125,824.0,923.0,1358.75,1358.75,811.4285714285714,1023.75,149.28591934367108
2024-09-11,ZEYTY,Zeytinyağı 1L,310.0,291.51,0,0,2024,9,11,2,37,3,0,0,1.174851385390428,277.0,314.0,321.0,357.0,284.0,296.0357142857143,40.32369030731182
2024-09-12,SARDL,Sardalya Konservesi,440.0,29.42,0,0,2024,9,12,3,37,3,0,0,1.108515448379804,412.0,430.0,653.0,640.0,413.0,478.2142857142857,102.81050529979795
2024-09-12,SOMON,Somon Konservesi,207.0,86.54,0,0,2024,9,12,3,37,3,0,0,1.1290280495759948,215.0,224.0,227.0,225.0,204.07142857142858,206.92857142857142,53.57893598189852
2024-09-12,TON160,Ton Balığı Konservesi 160g,572.0,65.14,0,0,2024,9,12,3,37,3,0,0,1.1513919575784357,557.0,606.0,598.0,743.0,519.7142857142857,593.7566964285714,81.375598893267
2024-09-12,TON80,Ton Balığı Konservesi 80g,1032.0,37.28,0,0,2024,9,12,3,37,3,0,0,1.1290127195639006,977.0,875.0,1358.75,1190.0,819.1428571428571,1010.1160714285714,157.19778260885946
2024-09-12,ZEYTY,Zeytinyağı 1L,321.0,282.16,0,0,2024,9,12,3,37,3,0,0,1.1371687657430731,310.0,333.0,323.0,354.0,283.42857142857144,294.35714285714283,39.853302426344904
2024-09-13,SARDL,Sardalya Konservesi,481.0,29.46,0,0,2024,9,13,4,37,3,0,0,1.1100226073850792,440.0,407.0,245.0,203.0,414.42857142857144,471.07142857142856,103.15499203117689
2024-09-13,SOMON,Somon Konservesi,201.0,83.89,0,0,2024,9,13,4,37,3,0,0,1.0944553163731245,207.0,296.5,98.0,255.0,201.64285714285714,206.28571428571428,52.90613881025075
2024-09-13,TON160,Ton Balığı Konservesi 160g,591.0,64.52,0,0,2024,9,13,4,37,3,0,0,1.1404330534688465,572.0,509.5,304.0,620.0,514.8571428571429,587.6495535714286,76.21827989712156
2024-09-13,TON80,Ton Balığı Konservesi 80g,933.0,37.35,0,0,2024,9,13,4,37,3,0,0,1.1311326468806784,1032.0,952.0,504.0,1268.0,841.5714285714286,1004.4732142857143,176.50954378621708
2024-09-13,ZEYTY,Zeytinyağı 1L,284.5,273.61,0,0,2024,9,13,4,37,3,0,0,1.1027103274559193,321.0,327.0,137.0,336.0,281.7142857142857,293.17857142857144,37.55757484944182
2024-09-14,SARDL,Sardalya Konservesi,263.0,29.45,0,0,2024,9,14,5,37,3,1,0,1.1096458176337605,481.0,289.0,484.0,487.0,425.0,481.0,106.01886624558766
2024-09-14,SOMON,Somon Konservesi,133.0,86.41,0,0,2024,9,14,5,37,3,1,0,1.1273320287018915,201.0,144.0,240.0,157.0,188.0,204.35714285714286,32.89883483245749
2024-09-14,TON160,Ton Balığı Konservesi 160g,398.0,62.22,0,0,2024,9,14,5,37,3,1,0,1.0997790543526291,591.0,413.0,495.0,497.0,526.5,586.6138392857143,81.31779223105559
2024-09-14,TON80,Ton Balığı Konservesi 80g,709.0,37.05,0,0,2024,9,14,5,37,3,1,0,1.122047244094488,933.0,634.0,909.0,914.0,838.8571428571429,992.5089285714286,174.66484913630723
2024-09-14,ZEYTY,Zeytinyağı 1L,248.0,286.96,0,0,2024,9,14,5,37,3,1,0,1.156513853904282,284.5,238.0,227.0,243.0,275.64285714285717,291.3392857142857,32.04776940458617
2024-09-15,SARDL,Sardalya Konservesi,280.0,29.03,0,0,2024,9,15,6,37,3,1,0,1.0938206480783723,263.0,350.0,322.0,473.0,421.2857142857143,473.0,111.87152495267905
2024-09-15,SOMON,Somon Konservesi,159.0,83.1,0,0,2024,9,15,6,37,3,1,0,1.0841487279843443,133.0,141.0,155.0,201.5,186.42857142857142,203.5,35.509891311469325
2024-09-15,TON160,Ton Balığı Konservesi 160g,429.0,63.17,0,0,2024,9,15,6,37,3,1,0,1.116570923552806,398.0,404.0,441.0,473.0,524.3571428571429,583.078125,84.92482670265495
2024-09-15,TON80,Ton Balığı Konservesi 80g,614.0,37.91,0,0,2024,9,15,6,37,3,1,0,1.1480920654148998,709.0,571.0,1358.75,793.0,849.5714285714286,985.1875,161.8331003872565
2024-09-15,ZEYTY,Zeytinyağı 1L,231.0,289.03,0,0,2024,9,15,6,37,3,1,0,1.1648564231738034,248.0,244.0,229.0,304.0,277.07142857142856,291.51785714285717,30.26332842928965
2024-09-16,SARDL,Sardalya Konservesi,443.0,29.66,0,0,2024,9,16,0,38,3,0,0,1.1175584024114544,280.0,383.0,203.0,639.0,411.2857142857143,466.10714285714283,121.977749727445
2024-09-16,SOMON,Somon Konservesi,208.0,86.22,0,0,2024,9,16,0,38,3,0,0,1.124853228962818,159.0,187.0,217.0,246.0,189.0,201.98214285714286,32.1662348848393
2024-09-16,TON160,Ton Balığı Konservesi 160g,546.0,64.2,0,0,2024,9,16,0,38,3,0,0,1.1347768448961555,429.0,580.0,539.0,739.0,527.9285714285714,581.5066964285714,79.3633146629191
2024-09-16,TON80,Ton Balığı Konservesi 80g,890.0,36.13,0,0,2024,9,16,0,38,3,0,0,1.0941853422168382,614.0,901.0,971.0,1130.0,855.7142857142857,978.7946428571429,149.87073795520453
2024-09-16,ZEYTY,Zeytinyağı 1L,315.0,279.88,0,0,2024,9,16,0,38,3,0,0,1.1279798488664987,231.0,255.0,350.0,298.0,275.2142857142857,288.9107142857143,32.91384858340688
2024-09-17,SARDL,Sardalya Konservesi,452.0,29.86,0,0,2024,9,17,1,38,3,0,0,1.1250941974378297,443.0,620.0,432.0,587.0,419.85714285714283,459.10714285714283,121.76675596049462
2024-09-17,SOMON,Somon Konservesi,254.0,87.11,1,0,2024,9,17,1,38,3,0,0,1.1364644487932158,208.0,221.0,231.0,246.0,192.0,200.625,32.91909273759918
2024-09-17,TON160,Ton Balığı Konservesi 160g,484.0,61.99,0,0,2024,9,17,1,38,3,0,0,1.0957136544410075,546.0,568.5,525.0,717.0,523.0714285714286,574.6138392857143,76.6389960417378
2024-09-17,TON80,Ton Balığı Konservesi 80g,900.0,36.52,0,0,2024,9,17,1,38,3,0,0,1.1059963658388856,890.0,824.0,947.0,1131.0,854.1428571428571,970.2232142857143,149.37361276502511
2024-09-17,ZEYTY,Zeytinyağı 1L,295.0,276.75,0,0,2024,9,17,1,38,3,0,0,1.1153652392947104,315.0,277.0,308.0,335.0,283.7857142857143,289.51785714285717,34.544484777912395
2024-09-18,SARDL,Sardalya Konservesi,428.0,29.68,0,0,2024,9,18,2,38,3,0,0,1.1183119819140919,452.0,412.0,380.0,653.0,395.85714285714283,454.2857142857143,87.4708114581236
2024-09-18,SOMON,Somon Konservesi,229.0,85.48,0,0,2024,9,18,2,38,3,0,0,1.1151989562948468,254.0,215.0,195.0,208.0,196.71428571428572,200.91071428571428,39.47452463599894
2024-09-18,TON160,Ton Balığı Konservesi 160g,706.0,64.03,1,0,2024,9,18,2,38,3,0,0,1.1317719840919134,484.0,557.0,824.1875,811.0,511.0,566.2924107142857,74.92663077971521
2024-09-18,TON80,Ton Balığı Konservesi 80g,872.0,38.04,0,0,2024,9,18,2,38,3,0,0,1.1520290732889156,900.0,977.0,923.0,1192.0,865.0,961.9732142857143,149.5794103478133
2024-09-18,ZEYTY,Zeytinyağı 1L,302.0,278.89,0,0,2024,9,18,2,38,3,0,0,1.1239899244332494,295.0,310.0,314.0,347.0,286.35714285714283,288.0892857142857,34.62503223309467
2024-09-19,SARDL,Sardalya Konservesi,478.0,30.88,0,0,2024,9,19,3,38,3,0,0,1.1635267520723436,428.0,440.0,430.0,653.0,398.14285714285717,446.25,88.16920961315962
2024-09-19,SOMON,Somon Konservesi,200.0,85.36,0,0,2024,9,19,3,38,3,0,0,1.1136333985649054,229.0,207.0,224.0,231.0,198.71428571428572,201.66071428571428,40.884855736218796
2024-09-19,TON160,Ton Balığı Konservesi 160g,482.0,64.5,0,0,2024,9,19,3,38,3,0,0,1.1400795404330535,706.0,572.0,606.0,815.0,532.2857142857143,562.5424107142857,105.21519897447277
2024-09-19,TON80,Ton Balığı Konservesi 80g,909.0,37.1,0,0,2024,9,19,3,38,3,0,0,1.1235614778921865,872.0,1032.0,875.0,1311.0,850.0,950.5446428571429,141.52384958020141
2024-09-19,ZEYTY,Zeytinyağı 1L,326.0,280.95,0,0,2024,9,19,3,38,3,0,0,1.1322921914357682,302.0,321.0,333.0,331.0,285.2142857142857,286.48214285714283,33.83767272195423
2024-09-20,SARDL,Sardalya Konservesi,468.0,30.09,0,0,2024,9,20,4,38,3,0,0,1.1337603617181613,478.0,481.0,407.0,653.0,403.57142857142856,440.0,92.25120982559241
2024-09-20,SOMON,Somon Konservesi,193.0,85.07,0,0,2024,9,20,4,38,3,0,0,1.1098499673842137,200.0,201.0,296.5,209.0,197.71428571428572,200.55357142857142,40.7337463933541
2024-09-20,TON160,Ton Balığı Konservesi 160g,584.0,65.7,0,0,2024,9,20,4,38,3,0,0,1.1612903225806452,482.0,591.0,509.5,746.0,519.4285714285714,550.6495535714286,105.05214124877304
2024-09-20,TON80,Ton Balığı Konservesi 80g,742.0,37.77,0,0,2024,9,20,4,38,3,0,0,1.1438522107813447,909.0,933.0,952.0,1226.0,832.4285714285714,936.1875,121.36014878981126
2024-09-20,ZEYTY,Zeytinyağı 1L,365.0,280.16,0,0,2024,9,20,4,38,3,0,0,1.1291083123425694,326.0,284.5,327.0,414.0,285.92857142857144,286.30357142857144,34.7592057008265
2024-09-21,SARDL,Sardalya Konservesi,291.0,28.7,0,0,2024,9,21,5,38,3,1,0,1.081386586284853,468.0,263.0,289.0,442.0,401.7142857142857,433.39285714285717,90.5478037387132
2024-09-21,SOMON,Somon Konservesi,117.0,88.15,0,0,2024,9,21,5,38,3,1,0,1.1500326157860403,193.0,133.0,144.0,180.0,196.57142857142858,199.98214285714286,40.73842225245155
2024-09-21,TON160,Ton Balığı Konservesi 160g,450.0,63.81,0,0,2024,9,21,5,38,3,1,0,1.1278833406981883,584.0,398.0,413.0,474.0,518.4285714285714,544.8638392857143,104.28783429025727
2024-09-21,TON80,Ton Balığı Konservesi 80g,657.0,36.7,0,0,2024,9,21,5,38,3,1,0,1.1114476075105997,742.0,709.0,634.0,784.0,805.1428571428571,918.9017857142857,116.34779552621035
2024-09-21,ZEYTY,Zeytinyağı 1L,244.0,278.42,0,0,2024,9,21,5,38,3,1,0,1.122095717884131,365.0,248.0,238.0,207.0,297.42857142857144,284.55357142857144,45.777931884468266
2024-09-22,SARDL,Sardalya Konservesi,393.0,29.6,1,0,2024,9,22,6,38,3,1,0,1.115297663903542,291.0,280.0,350.0,407.0,405.7142857142857,428.0,83.7629876212511
2024-09-22,SOMON,Somon Konservesi,151.5,85.47,0,0,2024,9,22,6,38,3,1,0,1.115068493150685,117.0,159.0,141.0,158.0,194.28571428571428,197.73214285714286,45.11361319200764
2024-09-22,TON160,Ton Balığı Konservesi 160g,381.0,64.91,0,0,2024,9,22,6,38,3,1,0,1.147326557666814,450.0,429.0,404.0,517.0,525.8571428571429,544.0066964285714,95.78522602055766
2024-09-22,TON80,Ton Balığı Konservesi 80g,621.0,38.05,0,0,2024,9,22,6,38,3,1,0,1.1523319200484552,657.0,614.0,571.0,851.0,797.7142857142857,914.3660714285714,124.8582052913253
2024-09-22,ZEYTY,Zeytinyağı 1L,254.0,290.13,0,0,2024,9,22,6,38,3,1,0,1.1692896725440807,244.0,231.0,244.0,243.0,296.85714285714283,285.875,46.516766050634835
2024-09-23,SARDL,Sardalya Konservesi,450.0,28.94,0,0,2024,9,23,0,39,3,0,0,1.0904295403165034,393.0,443.0,383.0,653.0,421.85714285714283,427.5,64.07138875615743
2024-09-23,SOMON,Somon Konservesi,186.0,89.21,0,0,2024,9,23,0,39,3,0,0,1.1638617090671883,151.5,208.0,187.0,213.0,193.21428571428572,197.5,46.16804192553638
2024-09-23,TON160,Ton Balığı Konservesi 160g,468.0,63.82,0,0,2024,9,23,0,39,3,0,0,1.1280600972160848,381.0,546.0,580.0,630.0,519.0,539.1495535714286,105.13641931636462
2024-09-23,TON80,Ton Balığı Konservesi 80g,950.0,35.77,0,0,2024,9,23,0,39,3,0,0,1.08328285887341,621.0,890.0,901.0,1263.0,798.7142857142857,906.1517857142857,123.15804789742354
2024-09-23,ZEYTY,Zeytinyağı 1L,314.0,285.19,0,0,2024,9,23,0,39,3,0,0,1.1493803526448363,254.0,315.0,255.0,284.0,300.14285714285717,286.26785714285717,41.647042997986716
2024-09-24,SARDL,Sardalya Konservesi,442.0,30.7,0,0,2024,9,24,1,39,3,0,0,1.156744536548606,450.0,452.0,620.0,637.0,422.85714285714283,420.25,64.5095046522293
2024-09-24,SOMON,Somon Konservesi,257.0,84.05,1,0,2024,9,24,1,39,3,0,0,1.0965427266797128,186.0,254.0,221.0,247.0,190.07142857142858,196.53571428571428,45.74059882590485
2024-09-24,TON160,Ton Balığı Konservesi 160g,542.0,65.09,0,0,2024,9,24,1,39,3,0,0,1.1505081749889527,468.0,484.0,568.5,743.0,507.85714285714283,533.3638392857143,105.92832257620852
2024-09-24,TON80,Ton Balığı Konservesi 80g,819.0,36.71,0,0,2024,9,24,1,39,3,0,0,1.1117504542701393,950.0,900.0,824.0,1166.0,807.2857142857143,894.9732142857143,132.31743937177782
2024-09-24,ZEYTY,Zeytinyağı 1L,288.0,283.44,0,0,2024,9,24,1,39,3,0,0,1.1423274559193954,314.0,295.0,277.0,353.0,300.0,287.3392857142857,41.58926143449329
2024-09-25,SARDL,Sardalya Konservesi,434.0,30.27,0,0,2024,9,25,2,39,3,0,0,1.1405425772418991,442.0,428.0,412.0,653.0,421.42857142857144,413.2857142857143,63.86406695175971
2024-09-25,SOMON,Somon Konservesi,207.0,87.54,0,0,2024,9,25,2,39,3,0,0,1.1420743639921722,257.0,229.0,215.0,226.0,190.5,196.89285714285714,46.44799959811675
2024-09-25,TON160,Ton Balığı Konservesi 160g,502.0,61.23,0,0,2024,9,25,2,39,3,0,0,1.082280159080866,542.0,706.0,557.0,736.0,516.1428571428571,526.1852678571429,106.01953997798063
2024-09-25,TON80,Ton Balığı Konservesi 80g,891.0,36.72,0,0,2024,9,25,2,39,3,0,0,1.112053301029679,819.0,872.0,977.0,1358.75,795.7142857142857,882.5803571428571,126.26125598101763
2024-09-25,ZEYTY,Zeytinyağı 1L,329.0,281.69,0,0,2024,9,25,2,39,3,0,0,1.1352745591939546,288.0,302.0,310.0,321.0,299.0,285.01785714285717,41.813076104650555
2024-09-26,SARDL,Sardalya Konservesi,468.0,29.63,0,0,2024,9,26,3,39,3,0,0,1.116428033157498,434.0,478.0,440.0,653.0,422.2857142857143,405.4642857142857,64.00706806208642
2024-09-26,SOMON,Somon Konservesi,206.0,83.86,0,0,2024,9,26,3,39,3,0,0,1.0940639269406391,207.0,200.0,207.0,227.0,187.35714285714286,196.21428571428572,44.09338034757797
2024-09-26,TON160,Ton Balığı Konservesi 160g,626.0,64.88,0,0,2024,9,26,3,39,3,0,0,1.146796288113124,502.0,482.0,572.0,598.0,487.0,517.828125,65.383484153108
2024-09-26,TON80,Ton Balığı Konservesi 80g,745.0,36.75,0,0,2024,9,26,3,39,3,0,0,1.112961841308298,891.0,909.0,1032.0,1358.75,798.4285714285714,865.875,128.36128328907571
2024-09-26,ZEYTY,Zeytinyağı 1L,348.0,279.1,0,0,2024,9,26,3,39,3,0,0,1.1248362720403025,329.0,326.0,321.0,323.0,302.85714285714283,285.30357142857144,43.35292597364277
2024-09-27,SARDL,Sardalya Konservesi,501.0,29.04,1,0,2024,9,27,4,39,3,0,0,1.094197437829691,468.0,468.0,481.0,245.0,420.85714285714283,398.85714285714283,62.65362072918044
2024-09-27,SOMON,Somon Konservesi,209.0,89.05,0,0,2024,9,27,4,39,3,0,0,1.1617742987606,206.0,193.0,201.0,98.0,188.21428571428572,195.46428571428572,44.437087684779115
2024-09-27,TON160,Ton Balığı Konservesi 160g,511.0,63.81,0,0,2024,9,27,4,39,3,0,0,1.1278833406981883,626.0,584.0,591.0,304.0,507.57142857142856,518.828125,83.64978012096311
2024-09-27,TON80,Ton Balığı Konservesi 80g,997.0,37.87,0,0,2024,9,27,4,39,3,0,0,1.1468806783767411,745.0,742.0,933.0,504.0,775.0,843.9553571428571,119.47524150773904
2024-09-27,ZEYTY,Zeytinyağı 1L,364.0,272.3,0,0,2024,9,27,4,39,3,0,0,1.0974307304785895,348.0,365.0,284.5,137.0,306.0,286.19642857142856,46.02535533087482
2024-09-28,SARDL,Sardalya Konservesi,333.0,29.04,0,0,2024,9,28,5,39,3,1,0,1.094197437829691,501.0,291.0,263.0,484.0,425.57142857142856,408.0,67.82049135489108
2024-09-28,SOMON,Somon Konservesi,149.0,86.68,0,0,2024,9,28,5,39,3,1,0,1.1308545335942597,209.0,117.0,133.0,240.0,190.5,199.42857142857142,45.13036671687908
2024-09-28,TON160,Ton Balığı Konservesi 160g,595.0,61.98,1,0,2024,9,28,5,39,3,1,0,1.0955368979231108,511.0,450.0,398.0,495.0,497.14285714285717,526.2209821428571,76.80370774779865
2024-09-28,TON80,Ton Balığı Konservesi 80g,587.0,37.7,0,0,2024,9,28,5,39,3,1,0,1.141732283464567,997.0,657.0,709.0,909.0,811.4285714285714,861.5625,144.0785169538415
2024-09-28,ZEYTY,Zeytinyağı 1L,467.0,284.14,0,0,2024,9,28,5,39,3,1,0,1.1451486146095717,364.0,244.0,248.0,227.0,305.85714285714283,294.30357142857144,45.81276594803546
2024-09-29,SARDL,Sardalya Konservesi,321.0,29.96,0,0,2024,9,29,6,39,3,1,0,1.1288620949510173,333.0,393.0,280.0,322.0,431.57142857142856,402.60714285714283,54.475857474838044
2024-09-29,SOMON,Somon Konservesi,131.0,87.13,0,0,2024,9,29,6,39,3,1,0,1.1367253750815394,149.0,151.5,159.0,155.0,195.07142857142858,196.17857142857142,37.40368583823932
2024-09-29,TON160,Ton Balığı Konservesi 160g,590.0,64.39,0,0,2024,9,29,6,39,3,1,0,1.1381352187361908,595.0,381.0,429.0,441.0,517.8571428571429,529.7924107142857,81.38678961483433
2024-09-29,TON80,Ton Balığı Konservesi 80g,646.0,37.07,0,0,2024,9,29,6,39,3,1,0,1.1226529376135674,587.0,621.0,614.0,1358.75,801.4285714285714,850.0625,158.30967241754908
2024-09-29,ZEYTY,Zeytinyağı 1L,239.0,278.35,0,0,2024,9,29,6,39,3,1,0,1.1218136020151135,467.0,254.0,231.0,229.0,337.7142857142857,302.875,67.85944858237988
2024-09-30,SARDL,Sardalya Konservesi,395.0,30.92,0,0,2024,9,30,0,40,3,0,0,1.1650339110776189,321.0,450.0,443.0,203.0,421.2857142857143,402.57142857142856,68.07279017275964
2024-09-30,SOMON,Somon Konservesi,202.0,86.03,0,0,2024,9,30,0,40,3,0,0,1.1223744292237443,131.0,186.0,208.0,217.0,192.14285714285714,195.32142857142858,41.91431168240165
2024-09-30,TON160,Ton Balığı Konservesi 160g,585.0,63.1,0,0,2024,9,30,0,40,3,0,0,1.1153336279275299,590.0,468.0,546.0,539.0,547.7142857142857,535.1138392857143,57.7024386709198
2024-09-30,TON80,Ton Balığı Konservesi 80g,953.0,37.68,0,0,2024,9,30,0,40,3,0,0,1.1411265899454874,646.0,950.0,890.0,971.0,805.0,824.6071428571429,153.77797848413144
2024-09-30,ZEYTY,Zeytinyağı 1L,325.0,287.74,0,0,2024,9,30,0,40,3,0,0,1.1596574307304786,239.0,314.0,315.0,350.0,335.57142857142856,303.23214285714283,71.10287650734637
2024-10-01,SARDL,Sardalya Konservesi,422.0,30.65,0,0,2024,10,1,1,40,4,0,0,1.154860587792012,395.0,442.0,452.0,432.0,413.42857142857144,409.42857142857144,67.3766951372567
2024-10-01,SOMON,Somon Konservesi,216.0,85.62,0,0,2024,10,1,1,40,4,0,0,1.1170254403131115,202.0,257.0,254.0,231.0,194.42857142857142,194.78571428571428,41.959731262473994
2024-10-01,TON160,Ton Balığı Konservesi 160g,515.0,64.67,0,0,2024,10,1,1,40,4,0,0,1.1430844012372956,585.0,542.0,484.0,525.0,564.4285714285714,536.7566964285714,46.65067753297455
2024-10-01,TON80,Ton Balığı Konservesi 80g,911.0,36.7,0,0,2024,10,1,1,40,4,0,0,1.1114476075105997,953.0,819.0,900.0,947.0,805.4285714285714,823.9642857142857,154.2528845142019
2024-10-01,ZEYTY,Zeytinyağı 1L,319.0,280.12,0,0,2024,10,1,1,40,4,0,0,1.1289471032745593,325.0,288.0,295.0,308.0,337.14285714285717,302.3392857142857,70.66689128445812
2024-10-02,SARDL,Sardalya Konservesi,439.0,29.61,0,0,2024,10,2,2,40,4,0,0,1.1156744536548606,422.0,434.0,428.0,380.0,410.57142857142856,409.07142857142856,66.37985925177524
2024-10-02,SOMON,Somon Konservesi,199.0,85.38,0,0,2024,10,2,2,40,4,0,0,1.113894324853229,216.0,207.0,229.0,195.0,188.57142857142858,194.25,33.84699466155057
2024-10-02,TON160,Ton Balığı Konservesi 160g,506.0,62.4,0,0,2024,10,2,2,40,4,0,0,1.102960671674768,515.0,502.0,706.0,824.1875,560.5714285714286,536.3995535714286,49.82254223025526
2024-10-02,TON80,Ton Balığı Konservesi 80g,1010.0,37.59,0,0,2024,10,2,2,40,4,0,0,1.1384009691096306,911.0,891.0,872.0,923.0,818.5714285714286,822.6785714285714,159.43426769137517
2024-10-02,ZEYTY,Zeytinyağı 1L,313.0,289.34,0,0,2024,10,2,2,40,4,0,0,1.1661057934508816,319.0,329.0,302.0,314.0,341.57142857142856,302.73214285714283,67.99474769631551
2024-10-03,SARDL,Sardalya Konservesi,428.0,30.08,0,0,2024,10,3,3,40,4,0,0,1.1333835719668426,439.0,468.0,478.0,430.0,411.2857142857143,411.17857142857144,66.70011065886278
2024-10-03,SOMON,Somon Konservesi,211.0,84.32,0,0,2024,10,3,3,40,4,0,0,1.1000652315720807,199.0,206.0,200.0,224.0,187.42857142857142,194.39285714285714,33.25085032926273
2024-10-03,TON160,Ton Balığı Konservesi 160g,524.0,63.28,0,0,2024,10,3,3,40,4,0,0,1.1185152452496685,506.0,626.0,482.0,606.0,561.1428571428571,525.0357142857143,49.05584766850988
2024-10-03,TON80,Ton Balığı Konservesi 80g,962.0,37.79,0,0,2024,10,3,3,40,4,0,0,1.144457904300424,1010.0,745.0,909.0,875.0,835.5714285714286,825.7857142857143,174.11285338620212
2024-10-03,ZEYTY,Zeytinyağı 1L,360.0,279.29,0,0,2024,10,3,3,40,4,0,0,1.1256020151133501,313.0,348.0,326.0,333.0,339.2857142857143,302.69642857142856,68.7524891324282
2024-10-04,SARDL,Sardalya Konservesi,439.0,30.31,0,0,2024,10,4,4,40,4,0,0,1.142049736247174,428.0,501.0,468.0,407.0,405.57142857142856,411.10714285714283,62.62017018729254
2024-10-04,SOMON,Somon Konservesi,199.0,88.15,0,0,2024,10,4,4,40,4,0,0,1.1500326157860403,211.0,209.0,193.0,296.5,188.14285714285714,193.92857142857142,33.76600149770242
2024-10-04,TON160,Ton Balığı Konservesi 160g,532.0,65.96,0,0,2024,10,4,4,40,4,0,0,1.1658859920459566,524.0,511.0,584.0,509.5,546.5714285714286,522.1071428571429,41.08064078880555
2024-10-04,TON80,Ton Balığı Konservesi 80g,1358.75,37.33,1,0,2024,10,4,4,40,4,0,0,1.130526953361599,962.0,997.0,742.0,952.0,866.5714285714286,828.8928571428571,174.61658678645585
2024-10-04,ZEYTY,Zeytinyağı 1L,467.0,280.35,1,0,2024,10,4,4,40,4,0,0,1.1298740554156173,360.0,364.0,365.0,327.0,341.0,303.6607142857143,69.15441658587848
2024-10-05,SARDL,Sardalya Konservesi,301.0,29.84,0,0,2024,10,5,5,40,4,1,0,1.1243406179351922,439.0,333.0,291.0,289.0,396.7142857142857,412.25,49.98237784697566
2024-10-05,SOMON,Somon Konservesi,145.0,87.94,0,0,2024,10,5,5,40,4,1,0,1.147292889758643,199.0,149.0,117.0,144.0,186.71428571428572,190.44642857142858,32.937892493369176
2024-10-05,TON160,Ton Balığı Konservesi 160g,435.5,62.31,0,0,2024,10,5,5,40,4,1,0,1.1013698630136985,532.0,595.0,450.0,413.0,549.5714285714286,522.9107142857143,38.750729639825884
2024-10-05,TON80,Ton Balığı Konservesi 80g,602.0,37.58,0,0,2024,10,5,5,40,4,1,0,1.1380981223500908,1358.75,587.0,657.0,634.0,918.25,843.4196428571429,254.78066547522718
2024-10-05,ZEYTY,Zeytinyağı 1L,226.0,274.5,0,0,2024,10,5,5,40,4,1,0,1.1062972292191435,467.0,467.0,244.0,238.0,355.7142857142857,308.6607142857143,84.18771542553755
2024-10-06,SARDL,Sardalya Konservesi,277.0,30.11,0,0,2024,10,6,6,40,4,1,0,1.1345139412207987,301.0,321.0,393.0,350.0,392.14285714285717,412.67857142857144,57.65538012312984
2024-10-06,SOMON,Somon Konservesi,146.0,82.19,0,0,2024,10,6,6,40,4,1,0,1.0722765818656228,145.0,131.0,151.5,141.0,186.14285714285714,190.48214285714286,33.72649093036768
2024-10-06,TON160,Ton Balığı Konservesi 160g,339.0,63.69,0,0,2024,10,6,6,40,4,1,0,1.125762262483429,435.5,590.0,381.0,404.0,526.7857142857143,523.7142857142857,52.15989610711043
2024-10-06,TON80,Ton Balığı Konservesi 80g,682.0,38.33,0,0,2024,10,6,6,40,4,1,0,1.1608116293155661,602.0,646.0,621.0,571.0,920.3928571428571,842.2767857142857,251.57321073028123
2024-10-06,ZEYTY,Zeytinyağı 1L,218.0,287.97,0,0,2024,10,6,6,40,4,1,0,1.1605843828715365,226.0,239.0,254.0,244.0,321.2857142857143,308.23214285714283,80.28016418708104
2024-10-07,SARDL,Sardalya Konservesi,571.0,29.33,1,0,2024,10,7,0,41,4,0,0,1.1051243406179352,277.0,395.0,450.0,383.0,385.85714285714283,410.07142857142856,68.1479482973815
2024-10-07,SOMON,Somon Konservesi,207.0,86.28,0,0,2024,10,7,0,41,4,0,0,1.1256360078277885,146.0,202.0,186.0,187.0,188.28571428571428,190.66071428571428,29.89824011383859
2024-10-07,TON160,Ton Balığı Konservesi 160g,496.0,63.86,0,0,2024,10,7,0,41,4,0,0,1.1287671232876713,339.0,585.0,468.0,580.0,490.92857142857144,521.3928571428571,80.19893420500533
2024-10-07,TON80,Ton Balığı Konservesi 80g,870.0,36.97,0,0,2024,10,7,0,41,4,0,0,1.1196244700181706,682.0,953.0,950.0,901.0,925.5357142857143,846.2410714285714,245.31919804322504
2024-10-07,ZEYTY,Zeytinyağı 1L,329.0,278.89,0,0,2024,10,7,0,41,4,0,0,1.1239899244332494,218.0,325.0,314.0,255.0,318.2857142857143,307.30357142857144,84.16593587612921
2024-10-08,SARDL,Sardalya Konservesi,511.0,30.31,0,0,2024,10,8,1,41,4,0,0,1.142049736247174,571.0,422.0,442.0,620.0,411.0,416.7857142857143,98.0085030324739
2024-10-08,SOMON,Somon Konservesi,194.0,87.04,0,0,2024,10,8,1,41,4,0,0,1.1355512067840834,207.0,216.0,257.0,221.0,189.0,191.375,30.336996115853644
2024-10-08,TON160,Ton Balığı Konservesi 160g,560.0,65.44,0,0,2024,10,8,1,41,4,0,0,1.1566946531153335,496.0,515.0,542.0,568.5,478.2142857142857,518.3928571428571,69.084403173976
2024-10-08,TON80,Ton Balığı Konservesi 80g,938.0,37.53,0,0,2024,10,8,1,41,4,0,0,1.1365838885523925,870.0,911.0,819.0,824.0,913.6785714285714,845.1339285714286,245.77592751858072
2024-10-08,ZEYTY,Zeytinyağı 1L,311.0,274.27,0,0,2024,10,8,1,41,4,0,0,1.1053702770780856,329.0,319.0,288.0,277.0,318.85714285714283,309.94642857142856,84.2326709605174
2024-10-09,SARDL,Sardalya Konservesi,505.0,29.89,1,0,2024,10,9,2,41,4,0,0,1.126224566691786,511.0,439.0,434.0,412.0,423.7142857142857,412.89285714285717,105.18351310244032
2024-10-09,SOMON,Somon Konservesi,204.0,89.18,0,0,2024,10,9,2,41,4,0,0,1.1634703196347032,194.0,199.0,207.0,215.0,185.85714285714286,190.41071428571428,28.13318663920199
2024-10-09,TON160,Ton Balığı Konservesi 160g,735.0,66.68,1,0,2024,10,9,2,41,4,0,0,1.1786124613345117,560.0,506.0,502.0,557.0,484.64285714285717,518.0892857142857,74.9248035731553
2024-10-09,TON80,Ton Balığı Konservesi 80g,927.0,37.46,0,0,2024,10,9,2,41,4,0,0,1.1344639612356147,938.0,1010.0,891.0,977.0,917.5357142857143,849.2053571428571,245.93869614581675
2024-10-09,ZEYTY,Zeytinyağı 1L,323.0,280.5,0,0,2024,10,9,2,41,4,0,0,1.1304785894206548,311.0,313.0,329.0,310.0,317.7142857142857,311.1607142857143,84.2846650459305
2024-10-10,SARDL,Sardalya Konservesi,459.0,29.52,0,0,2024,10,10,3,41,4,0,0,1.1122833458929917,505.0,428.0,468.0,440.0,433.14285714285717,416.2142857142857,109.64553277330856
2024-10-10,SOMON,Somon Konservesi,217.0,86.3,0,0,2024,10,10,3,41,4,0,0,1.125896934116112,204.0,211.0,206.0,207.0,186.57142857142858,190.01785714285714,28.582378853978625
2024-10-10,TON160,Ton Balığı Konservesi 160g,620.0,59.98,0,0,2024,10,10,3,41,4,0,0,1.0601855943437912,735.0,524.0,626.0,572.0,517.3571428571429,524.4464285714286,121.39011295739574
2024-10-10,TON80,Ton Balığı Konservesi 80g,982.0,38.59,0,0,2024,10,10,3,41,4,0,0,1.1686856450635978,927.0,962.0,745.0,1032.0,905.6785714285714,847.4196428571429,242.7175447873899
2024-10-10,ZEYTY,Zeytinyağı 1L,362.0,287.11,0,0,2024,10,10,3,41,4,0,0,1.1571183879093199,323.0,360.0,348.0,321.0,319.14285714285717,311.625,84.27618993806094
2024-10-11,SARDL,Sardalya Konservesi,390.0,29.42,0,0,2024,10,11,4,41,4,0,0,1.108515448379804,459.0,439.0,501.0,481.0,437.57142857142856,416.89285714285717,110.02856771895901
2024-10-11,SOMON,Somon Konservesi,247.0,86.7,0,0,2024,10,11,4,41,4,0,0,1.1311154598825832,217.0,199.0,209.0,201.0,187.42857142857142,190.375,29.511902360782596
2024-10-11,TON160,Ton Balığı Konservesi 160g,584.0,64.64,0,0,2024,10,11,4,41,4,0,0,1.1425541316836059,620.0,532.0,511.0,591.0,531.0714285714286,526.1607142857143,127.53314228447513
2024-10-11,TON80,Ton Balığı Konservesi 80g,1314.0,37.48,1,0,2024,10,11,4,41,4,0,0,1.135069654754694,982.0,1358.75,997.0,933.0,908.5357142857143,845.6339285714286,243.6071131868642
2024-10-11,ZEYTY,Zeytinyağı 1L,325.0,275.21,0,0,2024,10,11,4,41,4,0,0,1.1091586901763224,362.0,467.0,364.0,284.5,319.42857142857144,313.0892857142857,84.44101914523323
2024-10-12,SARDL,Sardalya Konservesi,323.0,30.4,0,0,2024,10,12,5,41,4,1,0,1.145440844009043,390.0,301.0,333.0,263.0,430.57142857142856,413.64285714285717,111.47175597859847
2024-10-12,SOMON,Somon Konservesi,151.0,86.33,0,0,2024,10,12,5,41,4,1,0,1.1262883235485974,247.0,145.0,149.0,133.0,194.28571428571428,192.01785714285714,37.21878685876376
2024-10-12,TON160,Ton Balığı Konservesi 160g,395.0,62.73,0,0,2024,10,12,5,41,4,1,0,1.1087936367653557,584.0,435.5,595.0,398.0,538.5,525.9107142857143,129.101058606555
2024-10-12,TON80,Ton Balığı Konservesi 80g,667.0,36.57,0,0,2024,10,12,5,41,4,1,0,1.1075105996365837,1314.0,602.0,587.0,709.0,902.1428571428571,859.2410714285714,230.03219236404522
2024-10-12,ZEYTY,Zeytinyağı 1L,258.0,283.85,0,0,2024,10,12,5,41,4,1,0,1.1439798488664987,325.0,226.0,467.0,248.0,299.14285714285717,314.5357142857143,55.00735881506663
2024-10-13,SARDL,Sardalya Konservesi,289.0,29.13,0,0,2024,10,13,6,41,4,1,0,1.09758854559156,323.0,277.0,321.0,280.0,433.7142857142857,415.7857142857143,107.44721849310288
2024-10-13,SOMON,Somon Konservesi,211.0,85.41,1,0,2024,10,13,6,41,4,1,0,1.114285714285714,151.0,146.0,131.0,159.0,195.14285714285714,192.66071428571428,35.941751818873755
2024-10-13,TON160,Ton Balığı Konservesi 160g,824.1875,64.27,0,0,2024,10,13,6,41,4,1,0,1.1360141405214317,395.0,339.0,590.0,429.0,532.7142857142857,525.8035714285714,135.2475684140183
2024-10-13,TON80,Ton Balığı Konservesi 80g,762.5,38.7,0,0,2024,10,13,6,41,4,1,0,1.1720169594185341,667.0,682.0,646.0,614.0,911.4285714285714,857.7410714285714,216.8300848920309
2024-10-13,ZEYTY,Zeytinyağı 1L,235.0,284.17,0,0,2024,10,13,6,41,4,1,0,1.1452695214105795,258.0,218.0,239.0,231.0,303.7142857142857,314.89285714285717,48.907103389024364
2024-10-14,SARDL,Sardalya Konservesi,466.0,30.77,0,0,2024,10,14,0,42,4,0,0,1.1593820648078372,289.0,571.0,395.0,443.0,435.42857142857144,416.10714285714283,104.58785325083825
2024-10-14,SOMON,Somon Konservesi,199.0,87.27,0,0,2024,10,14,0,42,4,0,0,1.1385518590998043,211.0,207.0,202.0,208.0,204.42857142857142,194.51785714285714,28.820462307517683
2024-10-14,TON160,Ton Balığı Konservesi 160g,678.0,61.83,0,0,2024,10,14,0,42,4,0,0,1.092885550154662,824.1875,496.0,585.0,546.0,602.0267857142857,539.9174107142857,143.49987231929757
2024-10-14,TON80,Ton Balığı Konservesi 80g,858.0,36.73,0,0,2024,10,14,0,42,4,0,0,1.1123561477892185,762.5,870.0,953.0,890.0,922.9285714285714,863.0446428571429,204.41306802881275
2024-10-14,ZEYTY,Zeytinyağı 1L,339.0,283.95,0,0,2024,10,14,0,42,4,0,0,1.1443828715365238,235.0,329.0,325.0,315.0,306.14285714285717,315.0357142857143,44.130218563657074
2024-10-15,SARDL,Sardalya Konservesi,366.0,29.31,0,0,2024,10,15,1,42,4,0,0,1.1043707611152977,466.0,511.0,422.0,452.0,420.42857142857144,416.92857142857144,88.13976995442437
2024-10-15,SOMON,Somon Konservesi,184.0,85.24,0,0,2024,10,15,1,42,4,0,0,1.112067840834964,199.0,194.0,216.0,254.0,203.28571428571428,194.19642857142858,28.860089429950847
2024-10-15,TON160,Ton Balığı Konservesi 160g,574.0,65.14,0,0,2024,10,15,1,42,4,0,0,1.1513919575784357,678.0,560.0,515.0,484.0,628.0267857142857,544.6316964285714,137.447887175424
2024-10-15,TON80,Ton Balığı Konservesi 80g,848.0,36.56,0,0,2024,10,15,1,42,4,0,0,1.107207752877044,858.0,938.0,911.0,900.0,921.2142857142857,861.9017857142857,204.98045783741858
2024-10-15,ZEYTY,Zeytinyağı 1L,327.0,275.08,0,0,2024,10,15,1,42,4,0,0,1.1086347607052895,339.0,311.0,319.0,295.0,307.57142857142856,315.89285714285717,45.143685947786004
2024-10-16,SARDL,Sardalya Konservesi,426.0,30.2,0,0,2024,10,16,2,42,4,0,0,1.1379050489826676,366.0,505.0,439.0,428.0,399.7142857142857,413.85714285714283,79.96606423084225
2024-10-16,SOMON,Somon Konservesi,182.0,87.5,0,0,2024,10,16,2,42,4,0,0,1.141552511415525,184.0,204.0,199.0,229.0,201.85714285714286,191.69642857142858,29.63347527953572
2024-10-16,TON160,Ton Balığı Konservesi 160g,584.0,65.76,0,0,2024,10,16,2,42,4,0,0,1.1623508616880247,574.0,735.0,506.0,706.0,630.0267857142857,547.8459821428571,136.39084777086313
2024-10-16,TON80,Ton Balığı Konservesi 80g,1084.0,37.1,1,0,2024,10,16,2,42,4,0,0,1.1235614778921865,848.0,927.0,1010.0,872.0,908.3571428571429,860.0446428571429,206.56853468960156
2024-10-16,ZEYTY,Zeytinyağı 1L,317.0,288.53,0,0,2024,10,16,2,42,4,0,0,1.1628413098236774,327.0,323.0,313.0,302.0,309.85714285714283,317.0357142857143,45.747235149345045
2024-10-17,SARDL,Sardalya Konservesi,458.0,30.15,0,0,2024,10,17,3,42,4,0,0,1.1360211002260738,426.0,459.0,428.0,478.0,388.42857142857144,413.7857142857143,67.18347302438886
2024-10-17,SOMON,Somon Konservesi,184.0,89.07,0,0,2024,10,17,3,42,4,0,0,1.1620352250489234,182.0,217.0,211.0,200.0,198.71428571428572,190.01785714285714,30.52165507588707
2024-10-17,TON160,Ton Balığı Konservesi 160g,610.0,63.23,0,0,2024,10,17,3,42,4,0,0,1.1176314626601855,584.0,620.0,524.0,482.0,608.4553571428571,543.4888392857143,128.74819332412451
2024-10-17,TON80,Ton Balığı Konservesi 80g,970.0,37.4,0,0,2024,10,17,3,42,4,0,0,1.1326468806783765,1084.0,982.0,962.0,909.0,930.7857142857143,867.6160714285714,217.18077284888219
2024-10-17,ZEYTY,Zeytinyağı 1L,316.0,281.15,0,0,2024,10,17,3,42,4,0,0,1.1330982367758184,317.0,362.0,360.0,326.0,309.0,317.57142857142856,45.5155651032327
2024-10-18,SARDL,Sardalya Konservesi,421.0,29.48,0,0,2024,10,18,4,42,4,0,0,1.1107761868877166,458.0,390.0,439.0,468.0,388.2857142857143,413.07142857142856,67.00923887970846
2024-10-18,SOMON,Somon Konservesi,191.0,86.51,0,0,2024,10,18,4,42,4,0,0,1.1286366601435094,184.0,247.0,199.0,193.0,194.0,189.44642857142858,29.76575213227427
2024-10-18,TON160,Ton Balığı Konservesi 160g,527.0,65.2,0,0,2024,10,18,4,42,4,0,0,1.1524524966858152,610.0,584.0,532.0,584.0,607.0267857142857,548.0602678571429,128.65419097586644
2024-10-18,TON80,Ton Balığı Konservesi 80g,835.0,36.72,0,0,2024,10,18,4,42,4,0,0,1.112053301029679,970.0,1314.0,1358.75,742.0,929.0714285714286,869.7946428571429,216.75608960523357
2024-10-18,ZEYTY,Zeytinyağı 1L,323.0,267.51,0,0,2024,10,18,4,42,4,0,0,1.078125944584383,316.0,325.0,467.0,365.0,302.42857142857144,317.2142857142857,39.513108132437175
2024-10-19,SARDL,Sardalya Konservesi,290.0,29.52,0,0,2024,10,19,5,42,4,1,0,1.1122833458929917,421.0,323.0,301.0,291.0,392.7142857142857,411.39285714285717,68.15598356151747
2024-10-19,SOMON,Somon Konservesi,147.0,86.9,0,0,2024,10,19,5,42,4,1,0,1.1337247227658187,191.0,151.0,145.0,117.0,186.0,189.375,18.565200420858627
2024-10-19,TON160,Ton Balığı Konservesi 160g,389.0,65.14,0,0,2024,10,19,5,42,4,1,0,1.1513919575784357,527.0,395.0,435.5,450.0,598.8839285714286,546.0245535714286,132.1118943977755
2024-10-19,TON80,Ton Balığı Konservesi 80g,700.0,37.79,0,0,2024,10,19,5,42,4,1,0,1.144457904300424,835.0,667.0,602.0,657.0,860.6428571428571,873.1160714285714,135.27832860615783
2024-10-19,ZEYTY,Zeytinyağı 1L,298.0,282.25,1,0,2024,10,19,5,42,4,1,0,1.1375314861460957,323.0,258.0,226.0,244.0,302.14285714285717,315.7142857142857,39.3294994095969
2024-10-20,SARDL,Sardalya Konservesi,315.0,30.41,0,0,2024,10,20,6,42,4,1,0,1.1458176337603618,290.0,289.0,277.0,393.0,388.0,411.35714285714283,74.6167988234982
2024-10-20,SOMON,Somon Konservesi,129.0,87.63,0,0,2024,10,20,6,42,4,1,0,1.143248532289628,147.0,211.0,146.0,151.5,185.42857142857142,190.44642857142858,19.839834868743985
2024-10-20,TON160,Ton Balığı Konservesi 160g,415.0,64.41,0,0,2024,10,20,6,42,4,1,0,1.138488731771984,389.0,824.1875,339.0,381.0,598.0267857142857,543.8459821428571,133.66549051888714
2024-10-20,TON80,Ton Balığı Konservesi 80g,691.0,36.92,0,0,2024,10,20,6,42,4,1,0,1.1181102362204725,700.0,762.5,682.0,621.0,865.3571428571429,874.6517857142857,127.77216516313572
2024-10-20,ZEYTY,Zeytinyağı 1L,214.0,274.15,0,0,2024,10,20,6,42,4,1,0,1.1048866498740553,298.0,235.0,218.0,254.0,307.85714285714283,317.64285714285717,34.450101941931514
2024-10-21,SARDL,Sardalya Konservesi,461.0,29.13,0,0,2024,10,21,0,43,4,0,0,1.09758854559156,315.0,466.0,571.0,450.0,391.7142857142857,408.57142857142856,69.32703725991641
2024-10-21,SOMON,Somon Konservesi,296.5,85.56,1,0,2024,10,21,0,43,4,0,0,1.1162426614481409,129.0,199.0,207.0,186.0,173.71428571428572,189.64285714285714,25.597618936886803
2024-10-21,TON160,Ton Balığı Konservesi 160g,526.0,65.92,0,0,2024,10,21,0,43,4,0,0,1.1651789659743703,415.0,678.0,496.0,468.0,539.5714285714286,545.0602678571429,104.5862596820709
2024-10-21,TON80,Ton Balığı Konservesi 80g,970.0,36.61,0,0,2024,10,21,0,43,4,0,0,1.1087219866747424,691.0,858.0,870.0,950.0,855.1428571428571,877.1517857142857,139.66916692840834
2024-10-21,ZEYTY,Zeytinyağı 1L,373.0,284.99,0,0,2024,10,21,0,43,4,0,0,1.1485743073047858,214.0,339.0,329.0,314.0,304.85714285714283,316.2142857142857,41.9500837163584
2024-10-22,SARDL,Sardalya Konservesi,463.0,29.87,0,0,2024,10,22,1,43,4,0,0,1.1254709871891486,461.0,366.0,511.0,442.0,391.0,408.9642857142857,68.45436436049744
2024-10-22,SOMON,Somon Konservesi,164.0,88.05,0,0,2024,10,22,1,43,4,0,0,1.1487279843444225,296.5,184.0,194.0,257.0,187.64285714285714,193.58928571428572,53.2452770094166
2024-10-22,TON160,Ton Balığı Konservesi 160g,644.0,64.64,0,0,2024,10,22,1,43,4,0,0,1.1425541316836059,526.0,574.0,560.0,542.0,517.8571428571429,547.1316964285714,85.00084033197952
2024-10-22,TON80,Ton Balığı Konservesi 80g,945.0,37.56,0,0,2024,10,22,1,43,4,0,0,1.1374924288310115,970.0,848.0,938.0,819.0,871.1428571428571,877.8660714285714,146.30838273025344
2024-10-22,ZEYTY,Zeytinyağı 1L,288.0,288.53,0,0,2024,10,22,1,43,4,0,0,1.1628413098236774,373.0,327.0,311.0,288.0,309.7142857142857,318.32142857142856,48.08227076485374
2024-10-23,SARDL,Sardalya Konservesi,404.0,29.48,0,0,2024,10,23,2,43,4,0,0,1.1107761868877166,463.0,426.0,505.0,434.0,404.85714285714283,409.7142857142857,72.26208911877161
2024-10-23,SOMON,Somon Konservesi,182.5,87.58,0,0,2024,10,23,2,43,4,0,0,1.1425962165688193,164.0,182.0,204.0,207.0,184.78571428571428,190.26785714285714,54.00451921124821
2024-10-23,TON160,Ton Balığı Konservesi 160g,564.0,63.97,0,0,2024,10,23,2,43,4,0,0,1.1307114449845337,644.0,584.0,735.0,502.0,527.8571428571429,550.7745535714286,96.0996506608775
2024-10-23,TON80,Ton Balığı Konservesi 80g,890.5,36.56,0,0,2024,10,23,2,43,4,0,0,1.107207752877044,945.0,1084.0,927.0,891.0,885.0,882.3660714285714,148.330711587316
2024-10-23,ZEYTY,Zeytinyağı 1L,305.0,285.64,0,0,2024,10,23,2,43,4,0,0,1.1511939546599497,288.0,317.0,323.0,329.0,304.14285714285717,318.32142857142856,48.00496006118686
2024-10-24,SARDL,Sardalya Konservesi,398.0,30.25,0,0,2024,10,24,3,43,4,0,0,1.1397889977392615,404.0,458.0,459.0,468.0,401.7142857142857,408.64285714285717,71.66522700657917
2024-10-24,SOMON,Somon Konservesi,201.0,85.92,0,0,2024,10,24,3,43,4,0,0,1.1209393346379648,182.5,184.0,217.0,206.0,184.85714285714286,189.39285714285714,54.00055114357172
2024-10-24,TON160,Ton Balığı Konservesi 160g,583.0,66.79,0,0,2024,10,24,3,43,4,0,0,1.1805567830313743,564.0,610.0,620.0,626.0,525.0,552.9888392857143,94.43516294262339
2024-10-24,TON80,Ton Balığı Konservesi 80g,836.0,37.9,0,0,2024,10,24,3,43,4,0,0,1.1477892186553602,890.5,970.0,982.0,745.0,857.3571428571429,882.3482142857143,120.47984419454679
2024-10-24,ZEYTY,Zeytinyağı 1L,310.0,277.63,0,0,2024,10,24,3,43,4,0,0,1.118911838790932,305.0,316.0,362.0,348.0,302.42857142857144,317.4642857142857,47.68248155894369
2024-10-25,SARDL,Sardalya Konservesi,394.0,29.94,0,0,2024,10,25,4,43,4,0,0,1.1281085154483799,398.0,421.0,390.0,501.0,393.14285714285717,406.14285714285717,67.26422667715683
2024-10-25,SOMON,Somon Konservesi,76.5,89.68,0,0,2024,10,25,4,43,4,0,0,1.169993476842792,201.0,191.0,247.0,209.0,187.28571428571428,189.21428571428572,54.33680240166952
2024-10-25,TON160,Ton Balığı Konservesi 160g,520.0,62.33,0,0,2024,10,25,4,43,4,0,0,1.1017233760494918,583.0,527.0,584.0,511.0,521.1428571428571,551.453125,90.86882225022333
2024-10-25,TON80,Ton Balığı Konservesi 80g,806.0,37.81,0,0,2024,10,25,4,43,4,0,0,1.1450635978195034,836.0,835.0,1314.0,997.0,838.2142857142857,885.5982142857143,109.76864197895546
2024-10-25,ZEYTY,Zeytinyağı 1L,347.0,284.94,0,0,2024,10,25,4,43,4,0,0,1.1483727959697734,310.0,323.0,325.0,364.0,301.57142857142856,316.10714285714283,47.451228093896646
2024-10-26,SARDL,Sardalya Konservesi,311.0,29.88,0,0,2024,10,26,5,43,4,1,0,1.1258477769404671,394.0,290.0,323.0,333.0,389.2857142857143,402.32142857142856,66.1657370691546
2024-10-26,SOMON,Somon Konservesi,152.0,84.55,0,0,2024,10,26,5,43,4,1,0,1.1030658838878016,76.5,147.0,151.0,149.0,170.92857142857142,184.48214285714286,68.4369713504259
2024-10-26,TON160,Ton Balığı Konservesi 160g,410.0,65.12,0,0,2024,10,26,5,43,4,1,0,1.1510384445426425,520.0,389.0,395.0,595.0,520.1428571428571,551.7745535714286,90.83213192739679
2024-10-26,TON80,Ton Balığı Konservesi 80g,583.0,38.11,0,0,2024,10,26,5,43,4,1,0,1.1541490006056934,806.0,700.0,667.0,587.0,834.0714285714286,878.7767857142857,110.45528075931168
2024-10-26,ZEYTY,Zeytinyağı 1L,229.0,280.49,0,0,2024,10,26,5,43,4,1,0,1.1304382871536525,347.0,298.0,258.0,467.0,305.0,315.5,50.053304919188776
2024-10-27,SARDL,Sardalya Konservesi,302.0,30.13,0,0,2024,10,27,6,43,4,1,0,1.1352675207234364,311.0,315.0,289.0,321.0,392.2857142857143,401.5357142857143,61.20379695659825
2024-10-27,SOMON,Somon Konservesi,161.0,86.96,0,0,2024,10,27,6,43,4,1,0,1.134507501630789,152.0,129.0,211.0,131.0,171.64285714285714,184.58928571428572,68.17117810196251
2024-10-27,TON160,Ton Balığı Konservesi 160g,465.0,64.46,0,0,2024,10,27,6,43,4,1,0,1.1393725143614668,410.0,415.0,824.1875,590.0,523.1428571428571,545.1674107142857,85.99695454186747
2024-10-27,TON80,Ton Balığı Konservesi 80g,679.0,37.9,0,0,2024,10,27,6,43,4,1,0,1.1477892186553602,583.0,691.0,762.5,646.0,817.3571428571429,878.6339285714286,139.22904219477866
2024-10-27,ZEYTY,Zeytinyağı 1L,241.0,283.72,0,0,2024,10,27,6,43,4,1,0,1.143455919395466,229.0,214.0,235.0,239.0,295.14285714285717,307.0,57.848735426767604
2024-10-28,SARDL,Sardalya Konservesi,441.0,30.33,0,0,2024,10,28,0,44,4,0,0,1.1428033157498116,302.0,461.0,466.0,395.0,390.42857142857144,400.85714285714283,64.06990230172137
2024-10-28,SOMON,Somon Konservesi,225.0,86.42,0,0,2024,10,28,0,44,4,0,0,1.1274624918460534,161.0,296.5,199.0,202.0,176.21428571428572,185.66071428571428,65.86909818145432
2024-10-28,TON160,Ton Balığı Konservesi 160g,552.0,63.48,0,0,2024,10,28,0,44,4,0,0,1.1220503756076003,465.0,526.0,678.0,585.0,530.2857142857143,540.703125,77.13778642946617
2024-10-28,TON80,Ton Balığı Konservesi 80g,947.0,36.97,0,0,2024,10,28,0,44,4,0,0,1.1196244700181706,679.0,970.0,858.0,953.0,815.6428571428571,879.8125,141.1053726492207
2024-10-28,ZEYTY,Zeytinyağı 1L,390.0,287.8,1,0,2024,10,28,0,44,4,0,0,1.1598992443324938,241.0,373.0,339.0,325.0,299.0,307.07142857142856,52.156814831173264
2024-10-29,SARDL,Sardalya Konservesi,203.0,30.08,0,1,2024,10,29,1,44,4,0,0,1.1333835719668426,441.0,463.0,366.0,422.0,387.57142857142856,402.5,60.75869524289327
2024-10-29,SOMON,Somon Konservesi,86.0,87.08,0,1,2024,10,29,1,44,4,0,0,1.1360730593607304,225.0,164.0,184.0,216.0,166.0,186.48214285714286,46.928136549408876
2024-10-29,TON160,Ton Balığı Konservesi 160g,255.6875,61.76,0,1,2024,10,29,1,44,4,0,0,1.0916482545293857,552.0,644.0,574.0,515.0,534.0,539.5245535714286,77.52203987684094
2024-10-29,TON80,Ton Balığı Konservesi 80g,428.75,37.7,0,1,2024,10,29,1,44,4,0,0,1.141732283464567,947.0,945.0,848.0,911.0,812.3571428571429,879.5982142857143,137.12364076679884
2024-10-29,ZEYTY,Zeytinyağı 1L,123.0,281.36,0,1,2024,10,29,1,44,4,0,0,1.1339445843828715,390.0,288.0,327.0,319.0,301.42857142857144,309.39285714285717,56.3999324552108
2024-10-30,SARDL,Sardalya Konservesi,449.0,30.79,0,0,2024,10,30,2,44,4,0,0,1.1601356443104747,203.0,404.0,426.0,439.0,350.42857142857144,394.67857142857144,82.53253326791022
2024-10-30,SOMON,Somon Konservesi,203.0,89.9,0,0,2024,10,30,2,44,4,0,0,1.172863666014351,86.0,182.5,182.0,199.0,154.85714285714286,181.83928571428572,55.88732286612781
2024-10-30,TON160,Ton Balığı Konservesi 160g,602.0,63.27,0,0,2024,10,30,2,44,4,0,0,1.118338488731772,255.6875,564.0,584.0,506.0,478.5267857142857,530.2633928571429,115.37973907488194
2024-10-30,TON80,Ton Balığı Konservesi 80g,763.0,36.75,0,0,2024,10,30,2,44,4,0,0,1.112961841308298,428.75,890.5,1084.0,1010.0,738.6071428571429,862.375,184.52833212583326
2024-10-30,ZEYTY,Zeytinyağı 1L,316.0,281.03,0,0,2024,10,30,2,44,4,0,0,1.1326146095717884,123.0,305.0,317.0,313.0,277.85714285714283,302.39285714285717,88.36746869640159
2024-10-31,SARDL,Sardalya Konservesi,459.0,29.52,0,0,2024,10,31,3,44,4,0,0,1.1122833458929917,449.0,398.0,458.0,428.0,356.85714285714283,395.0357142857143,88.90712114603568
2024-10-31,SOMON,Somon Konservesi,195.0,88.92,0,0,2024,10,31,3,44,4,0,0,1.160078277886497,203.0,201.0,184.0,211.0,157.78571428571428,181.98214285714286,58.071692144894364
2024-10-31,TON160,Ton Balığı Konservesi 160g,659.0,65.54,0,0,2024,10,31,3,44,4,0,0,1.1584622182942996,602.0,583.0,610.0,524.0,483.95535714285717,533.6919642857143,120.83637952851484
2024-10-31,TON80,Ton Balığı Konservesi 80g,792.0,37.78,0,0,2024,10,31,3,44,4,0,0,1.1441550575408843,763.0,836.0,970.0,962.0,720.3928571428571,853.5535714285714,172.96699210294938
2024-10-31,ZEYTY,Zeytinyağı 1L,302.0,281.13,0,0,2024,10,31,3,44,4,0,0,1.1330176322418135,316.0,310.0,316.0,360.0,279.42857142857144,302.5,89.02594592375326
2024-11-01,SARDL,Sardalya Konservesi,433.0,30.68,0,0,2024,11,1,4,44,4,0,0,1.1559909570459683,459.0,394.0,421.0,439.0,365.57142857142856,396.14285714285717,96.29443933903316
2024-11-01,SOMON,Somon Konservesi,182.0,87.51,0,0,2024,11,1,4,44,4,0,0,1.1416829745596868,195.0,76.5,191.0,199.0,156.92857142857142,181.41071428571428,57.36754931392548
2024-11-01,TON160,Ton Balığı Konservesi 160g,539.0,65.17,0,0,2024,11,1,4,44,4,0,0,1.1519222271321254,659.0,520.0,527.0,532.0,494.8125,538.5133928571429,133.9242488389728
2024-11-01,TON80,Ton Balığı Konservesi 80g,886.0,37.6,0,0,2024,11,1,4,44,4,0,0,1.1387038158691702,792.0,806.0,835.0,1358.75,714.1071428571429,847.4821428571429,168.8152254897103
2024-11-01,ZEYTY,Zeytinyağı 1L,268.0,273.09,0,0,2024,11,1,4,44,4,0,0,1.1006146095717884,302.0,347.0,323.0,467.0,278.2857142857143,300.42857142857144,88.618497477886
2024-11-02,SARDL,Sardalya Konservesi,260.0,30.15,0,0,2024,11,2,5,44,4,1,0,1.1360211002260738,433.0,311.0,290.0,301.0,371.14285714285717,395.92857142857144,99.29489508769265
2024-11-02,SOMON,Somon Konservesi,134.0,86.26,0,0,2024,11,2,5,44,4,1,0,1.1253750815394652,182.0,152.0,147.0,145.0,172.0,180.80357142857142,45.30636452714604
2024-11-02,TON160,Ton Balığı Konservesi 160g,372.0,64.93,0,0,2024,11,2,5,44,4,1,0,1.1476800707026071,539.0,410.0,389.0,435.5,497.5267857142857,538.7633928571429,134.7100467262478
2024-11-02,TON80,Ton Balığı Konservesi 80g,631.0,38.05,0,0,2024,11,2,5,44,4,1,0,1.1523319200484552,886.0,583.0,700.0,602.0,725.5357142857143,830.5982142857143,178.50305953093263
2024-11-02,ZEYTY,Zeytinyağı 1L,222.0,280.79,0,0,2024,11,2,5,44,4,1,0,1.131647355163728,268.0,229.0,298.0,226.0,267.0,293.32142857142856,83.27864872422785
2024-11-03,SARDL,Sardalya Konservesi,332.0,29.66,0,0,2024,11,3,6,44,4,1,0,1.1175584024114544,260.0,302.0,315.0,277.0,363.85714285714283,394.4642857142857,106.08240283136443
2024-11-03,SOMON,Somon Konservesi,167.0,89.29,0,0,2024,11,3,6,44,4,1,0,1.1649054142204827,134.0,161.0,129.0,146.0,169.42857142857142,180.41071428571428,47.10575740769221
2024-11-03,TON160,Ton Balığı Konservesi 160g,527.0,64.78,1,0,2024,11,3,6,44,4,1,0,1.1450287229341582,372.0,465.0,415.0,339.0,492.0982142857143,536.4955357142857,139.50539424094393
2024-11-03,TON80,Ton Balığı Konservesi 80g,684.0,37.3,0,0,2024,11,3,6,44,4,1,0,1.1296184130829798,631.0,679.0,691.0,682.0,732.3928571428571,831.6339285714286,172.95061055247865
2024-11-03,ZEYTY,Zeytinyağı 1L,255.0,277.79,0,0,2024,11,3,6,44,4,1,0,1.1195566750629724,222.0,241.0,214.0,218.0,266.0,293.17857142857144,83.85105843100614
2024-11-04,SARDL,Sardalya Konservesi,430.0,29.71,0,0,2024,11,4,0,45,4,0,0,1.1194423511680482,332.0,441.0,461.0,571.0,368.14285714285717,396.42857142857144,103.74717437345407
2024-11-04,SOMON,Somon Konservesi,193.0,86.56,0,0,2024,11,4,0,45,4,0,0,1.1292889758643183,167.0,225.0,296.5,207.0,170.28571428571428,181.16071428571428,46.98125259332774
2024-11-04,TON160,Ton Balığı Konservesi 160g,515.0,64.29,0,0,2024,11,4,0,45,4,0,0,1.136367653557225,527.0,552.0,526.0,496.0,500.95535714285717,543.2098214285714,139.46636912732512
2024-11-04,TON80,Ton Balığı Konservesi 80g,928.0,37.81,0,0,2024,11,4,0,45,4,0,0,1.1450635978195034,684.0,947.0,970.0,870.0,733.1071428571429,831.7053571428571,172.70349453270617
2024-11-04,ZEYTY,Zeytinyağı 1L,359.0,276.82,0,0,2024,11,4,0,45,4,0,0,1.115647355163728,255.0,390.0,373.0,329.0,268.0,294.5,83.32066570385366
2024-11-05,SARDL,Sardalya Konservesi,444.0,29.67,0,0,2024,11,5,1,45,4,0,0,1.1179351921627734,430.0,203.0,463.0,511.0,366.57142857142856,391.39285714285717,102.5359402727587
2024-11-05,SOMON,Somon Konservesi,210.0,84.91,0,0,2024,11,5,1,45,4,0,0,1.1077625570776255,193.0,86.0,164.0,194.0,165.71428571428572,180.66071428571428,42.070236057154794
2024-11-05,TON160,Ton Balığı Konservesi 160g,592.0,64.78,0,0,2024,11,5,1,45,4,0,0,1.1450287229341582,515.0,255.6875,644.0,560.0,495.66964285714283,543.8883928571429,137.90173657678366
2024-11-05,TON80,Ton Balığı Konservesi 80g,794.0,37.92,0,0,2024,11,5,1,45,4,0,0,1.1483949121744397,928.0,428.75,945.0,938.0,730.3928571428571,833.7767857142857,168.8887612911976
2024-11-05,ZEYTY,Zeytinyağı 1L,367.0,290.88,1,0,2024,11,5,1,45,4,0,0,1.1723123425692694,359.0,123.0,288.0,311.0,263.57142857142856,295.57142857142856,76.28205805399058
2024-11-06,SARDL,Sardalya Konservesi,451.0,30.43,0,0,2024,11,6,2,45,4,0,0,1.1465712132629993,444.0,449.0,404.0,505.0,401.0,389.0,75.3038290305773
2024-11-06,SOMON,Somon Konservesi,196.0,86.17,0,0,2024,11,6,2,45,4,0,0,1.124200913242009,210.0,203.0,182.5,204.0,183.42857142857142,181.23214285714286,25.915613973414324
2024-11-06,TON160,Ton Balığı Konservesi 160g,525.0,62.28,0,0,2024,11,6,2,45,4,0,0,1.1008395934600088,592.0,602.0,564.0,735.0,543.7142857142857,545.03125,90.95001243487884
2024-11-06,TON80,Ton Balığı Konservesi 80g,950.0,38.14,0,0,2024,11,6,2,45,4,0,0,1.1550575408843125,794.0,763.0,890.5,927.0,782.5714285714286,828.6339285714286,104.19510088107876
2024-11-06,ZEYTY,Zeytinyağı 1L,312.0,282.32,0,0,2024,11,6,2,45,4,0,0,1.1378136020151133,367.0,316.0,305.0,323.0,298.42857142857144,297.57142857142856,53.76757741383137
2024-11-07,SARDL,Sardalya Konservesi,440.0,29.51,0,0,2024,11,7,3,45,4,0,0,1.111906556141673,451.0,459.0,398.0,459.0,401.2857142857143,387.07142857142856,75.51978611753245
2024-11-07,SOMON,Somon Konservesi,201.0,90.09,0,0,2024,11,7,3,45,4,0,0,1.1753424657534246,196.0,195.0,201.0,217.0,182.42857142857142,180.94642857142858,25.15854488940806
2024-11-07,TON160,Ton Balığı Konservesi 160g,451.0,64.64,0,0,2024,11,7,3,45,4,0,0,1.1425541316836059,525.0,659.0,583.0,620.0,532.7142857142857,537.53125,87.30924786014708
2024-11-07,TON80,Ton Balığı Konservesi 80g,888.0,36.82,0,0,2024,11,7,3,45,4,0,0,1.1150817686250756,950.0,792.0,836.0,982.0,809.2857142857143,829.4553571428571,120.9637883634492
2024-11-07,ZEYTY,Zeytinyağı 1L,285.0,265.46,0,0,2024,11,7,3,45,4,0,0,1.0698639798488665,312.0,302.0,310.0,362.0,297.85714285714283,297.17857142857144,53.57060316824418
2024-11-08,SARDL,Sardalya Konservesi,462.0,31.16,0,0,2024,11,8,4,45,4,0,0,1.174076865109269,440.0,433.0,394.0,390.0,398.57142857142856,386.39285714285717,73.41175460568601
2024-11-08,SOMON,Somon Konservesi,206.0,88.29,0,0,2024,11,8,4,45,4,0,0,1.1518590998043052,201.0,182.0,76.5,247.0,183.28571428571428,180.375,25.753409390565654
2024-11-08,TON160,Ton Balığı Konservesi 160g,524.0,66.69,0,0,2024,11,8,4,45,4,0,0,1.1787892178524082,451.0,539.0,520.0,584.0,503.0,531.4955357142857,71.046932844891
2024-11-08,TON80,Ton Balığı Konservesi 80g,896.0,37.56,0,0,2024,11,8,4,45,4,0,0,1.1374924288310115,888.0,886.0,806.0,1314.0,823.0,826.0982142857143,124.07927573396756
2024-11-08,ZEYTY,Zeytinyağı 1L,374.0,286.31,0,0,2024,11,8,4,45,4,0,0,1.1538942065491185,285.0,268.0,347.0,325.0,295.42857142857144,294.42857142857144,53.736570858392334
2024-11-09,SARDL,Sardalya Konservesi,263.0,30.27,0,0,2024,11,9,5,45,4,1,0,1.1405425772418991,462.0,260.0,311.0,323.0,402.7142857142857,388.9642857142857,76.4345347028282
2024-11-09,SOMON,Somon Konservesi,125.0,84.92,0,0,2024,11,9,5,45,4,1,0,1.1078930202217874,206.0,134.0,152.0,151.0,186.71428571428572,178.91071428571428,27.115274205474634
2024-11-09,TON160,Ton Balığı Konservesi 160g,390.0,63.25,0,0,2024,11,9,5,45,4,1,0,1.1179849756959788,524.0,372.0,410.0,395.0,500.85714285714283,529.3526785714286,69.99863944255848
2024-11-09,TON80,Ton Balığı Konservesi 80g,721.0,37.85,0,0,2024,11,9,5,45,4,1,0,1.1462749848576619,896.0,631.0,583.0,667.0,824.4285714285714,811.1696428571429,124.97980789292194
2024-11-09,ZEYTY,Zeytinyağı 1L,236.0,287.1,0,0,2024,11,9,5,45,4,1,0,1.1570780856423175,374.0,222.0,229.0,258.0,310.57142857142856,296.17857142857144,59.360079578947676
2024-11-10,SARDL,Sardalya Konservesi,352.0,30.07,0,0,2024,11,10,6,45,4,1,0,1.1330067822155239,263.0,332.0,302.0,289.0,403.14285714285717,386.82142857142856,75.50370536476524
2024-11-10,SOMON,Somon Konservesi,167.0,88.16,0,0,2024,11,10,6,45,4,1,0,1.1501630789302022,125.0,167.0,161.0,211.0,185.42857142857142,177.98214285714286,30.082426447219355
2024-11-10,TON160,Ton Balığı Konservesi 160g,373.0,64.65,0,0,2024,11,10,6,45,4,1,0,1.1427308882015024,390.0,527.0,465.0,824.1875,503.42857142857144,529.1741071428571,64.59839302143797
2024-11-10,TON80,Ton Balığı Konservesi 80g,579.0,38.42,0,0,2024,11,10,6,45,4,1,0,1.1635372501514234,721.0,684.0,679.0,762.5,837.2857142857143,813.0982142857143,104.75799776264074
2024-11-10,ZEYTY,Zeytinyağı 1L,261.0,281.96,0,0,2024,11,10,6,45,4,1,0,1.1363627204030227,236.0,255.0,241.0,235.0,312.57142857142856,295.39285714285717,56.020404445930815
2024-11-11,SARDL,Sardalya Konservesi,452.0,31.03,0,0,2024,11,11,0,46,4,0,0,1.1691785983421252,352.0,430.0,441.0,466.0,406.0,389.07142857142856,72.68883453919472
2024-11-11,SOMON,Somon Konservesi,216.0,87.88,0,0,2024,11,11,0,46,4,0,0,1.1465101108936724,167.0,193.0,225.0,199.0,185.42857142857142,176.41071428571428,30.082426447219355
2024-11-11,TON160,Ton Balığı Konservesi 160g,773.0,65.76,1,0,2024,11,11,0,46,4,0,0,1.1623508616880247,373.0,515.0,552.0,678.0,481.42857142857144,513.0602678571429,79.69286279807075
2024-11-11,TON80,Ton Balığı Konservesi 80g,1002.0,38.09,0,0,2024,11,11,0,46,4,0,0,1.1535433070866141,579.0,928.0,947.0,858.0,822.2857142857143,806.5446428571429,133.84408128579082
2024-11-11,ZEYTY,Zeytinyağı 1L,415.0,294.27,1,0,2024,11,11,0,46,4,0,0,1.1859748110831234,261.0,359.0,390.0,339.0,313.42857142857144,296.32142857142856,55.02986202313853
2024-11-12,SARDL,Sardalya Konservesi,438.0,29.8,0,0,2024,11,12,1,46,4,0,0,1.1228334589299171,452.0,444.0,203.0,366.0,409.14285714285717,388.57142857142856,74.35596495110052
2024-11-12,SOMON,Somon Konservesi,222.0,85.77,0,0,2024,11,12,1,46,4,0,0,1.118982387475538,216.0,210.0,86.0,184.0,188.71428571428572,177.01785714285714,32.22687432208424
2024-11-12,TON160,Ton Balığı Konservesi 160g,532.0,63.43,0,0,2024,11,12,1,46,4,0,0,1.1211665930181174,773.0,592.0,255.6875,574.0,518.2857142857143,516.453125,136.92055395461233
2024-11-12,TON80,Ton Balığı Konservesi 80g,984.0,37.92,0,0,2024,11,12,1,46,4,0,0,1.1483949121744397,1002.0,794.0,428.75,848.0,832.8571428571429,811.6875,145.95938769788734
2024-11-12,ZEYTY,Zeytinyağı 1L,268.0,270.93,0,0,2024,11,12,1,46,4,0,0,1.0919093198992444,415.0,367.0,123.0,327.0,321.42857142857144,299.0357142857143,65.7795741925434
2024-11-13,SARDL,Sardalya Konservesi,469.0,30.71,0,0,2024,11,13,2,46,4,0,0,1.1571213262999247,438.0,451.0,449.0,426.0,408.2857142857143,391.14285714285717,73.92048494996403
2024-11-13,SOMON,Somon Konservesi,194.0,89.13,0,0,2024,11,13,2,46,4,0,0,1.1628180039138942,222.0,196.0,203.0,182.0,190.42857142857142,178.375,33.82729244686456
2024-11-13,TON160,Ton Balığı Konservesi 160g,674.0,62.57,1,0,2024,11,13,2,46,4,0,0,1.10596553247901,532.0,525.0,602.0,584.0,509.7142857142857,514.953125,133.36880480546375
2024-11-13,TON80,Ton Balığı Konservesi 80g,1322.0,39.15,1,0,2024,11,13,2,46,4,0,0,1.1856450635978193,984.0,950.0,763.0,1084.0,860.0,816.5446428571429,154.92040967326668
2024-11-13,ZEYTY,Zeytinyağı 1L,321.0,289.75,0,0,2024,11,13,2,46,4,0,0,1.167758186397985,268.0,312.0,316.0,317.0,307.2857142857143,296.92857142857144,64.9864454731758
2024-11-14,SARDL,Sardalya Konservesi,466.0,30.44,0,0,2024,11,14,3,46,4,0,0,1.146948003014318,469.0,440.0,459.0,458.0,410.85714285714283,392.67857142857144,75.93951227002509
2024-11-14,SOMON,Somon Konservesi,176.0,88.35,0,0,2024,11,14,3,46,4,0,0,1.1526418786692758,194.0,201.0,195.0,184.0,190.14285714285714,178.80357142857142,33.780806046375545
2024-11-14,TON160,Ton Balığı Konservesi 160g,518.0,65.04,0,0,2024,11,14,3,46,4,0,0,1.1496243923994698,674.0,451.0,659.0,610.0,531.0,518.1674107142857,147.37028194313748
2024-11-14,TON80,Ton Balığı Konservesi 80g,981.0,37.84,0,0,2024,11,14,3,46,4,0,0,1.1459721380981223,1322.0,888.0,792.0,970.0,913.1428571428571,825.0446428571429,234.37038249419626
2024-11-14,ZEYTY,Zeytinyağı 1L,276.0,283.39,0,0,2024,11,14,3,46,4,0,0,1.1421259445843828,321.0,285.0,302.0,316.0,308.57142857142856,297.07142857142856,65.18398868550725
2024-11-15,SARDL,Sardalya Konservesi,432.0,30.22,0,0,2024,11,15,4,46,4,0,0,1.1386586284853053,466.0,462.0,433.0,421.0,414.57142857142856,392.9642857142857,78.20455473277855
2024-11-15,SOMON,Somon Konservesi,196.0,88.68,0,0,2024,11,15,4,46,4,0,0,1.1569471624266146,176.0,206.0,182.0,191.0,186.57142857142858,178.51785714285714,33.763180847668416
2024-11-15,TON160,Ton Balığı Konservesi 160g,558.0,66.88,0,0,2024,11,15,4,46,4,0,0,1.1821475916924435,518.0,524.0,539.0,527.0,540.5714285714286,514.8816964285714,143.43158315942446
2024-11-15,TON80,Ton Balığı Konservesi 80g,907.0,37.77,0,0,2024,11,15,4,46,4,0,0,1.1438522107813447,981.0,896.0,886.0,835.0,926.4285714285714,825.4375,235.3414945300101
2024-11-15,ZEYTY,Zeytinyağı 1L,315.0,278.17,0,0,2024,11,15,4,46,4,0,0,1.1210881612090682,276.0,374.0,268.0,323.0,307.2857142857143,295.64285714285717,65.8121424604765
2024-11-16,SARDL,Sardalya Konservesi,322.0,29.99,0,0,2024,11,16,5,46,4,1,0,1.1299924642049737,432.0,263.0,260.0,290.0,410.2857142857143,393.35714285714283,75.96208327341913
2024-11-16,SOMON,Somon Konservesi,152.0,85.29,0,0,2024,11,16,5,46,4,1,0,1.112720156555773,196.0,125.0,134.0,147.0,185.14285714285714,178.69642857142858,33.00721421865486
2024-11-16,TON160,Ton Balığı Konservesi 160g,360.0,62.82,0,0,2024,11,16,5,46,4,1,0,1.1103844454264251,558.0,390.0,372.0,389.0,545.4285714285714,515.9888392857143,143.35254577771627
2024-11-16,TON80,Ton Balığı Konservesi 80g,728.0,37.4,0,0,2024,11,16,5,46,4,1,0,1.1326468806783765,907.0,721.0,631.0,700.0,928.0,828.0089285714286,235.14109239631654
2024-11-16,ZEYTY,Zeytinyağı 1L,467.0,283.67,0,0,2024,11,16,5,46,4,1,0,1.1432544080604534,315.0,236.0,222.0,298.0,298.85714285714283,295.35714285714283,59.29988356207926
2024-11-17,SARDL,Sardalya Konservesi,329.0,30.88,0,0,2024,11,17,6,46,4,1,0,1.1635267520723436,322.0,352.0,332.0,315.0,418.7142857142857,394.5,58.05949329700134
2024-11-17,SOMON,Somon Konservesi,151.0,84.36,0,0,2024,11,17,6,46,4,1,0,1.100587084148728,152.0,167.0,167.0,129.0,189.0,178.875,25.54081700598706
2024-11-17,TON160,Ton Balığı Konservesi 160g,394.0,65.95,0,0,2024,11,17,6,46,4,1,0,1.16570923552806,360.0,373.0,527.0,415.0,541.1428571428571,514.953125,149.10670516046346
2024-11-17,TON80,Ton Balığı Konservesi 80g,726.0,37.06,0,0,2024,11,17,6,46,4,1,0,1.1223500908540278,728.0,579.0,684.0,691.0,929.0,829.0089285714286,234.12674630065885
2024-11-17,ZEYTY,Zeytinyağı 1L,216.0,276.7,0,0,2024,11,17,6,46,4,1,0,1.1151637279596978,467.0,261.0,255.0,214.0,331.85714285714283,301.39285714285717,79.36923957350304
2024-11-18,SARDL,Sardalya Konservesi,395.0,29.54,0,0,2024,11,18,0,47,4,0,0,1.1130369253956292,329.0,452.0,430.0,461.0,415.42857142857144,395.0,62.9122593852117
2024-11-18,SOMON,Somon Konservesi,183.0,85.5,0,0,2024,11,18,0,47,4,0,0,1.11545988258317,151.0,216.0,193.0,296.5,186.71428571428572,179.66071428571428,28.394332097059046
2024-11-18,TON160,Ton Balığı Konservesi 160g,539.0,65.88,0,0,2024,11,18,0,47,4,0,0,1.1644719399027839,394.0,773.0,515.0,526.0,544.1428571428571,514.203125,145.32312109161907
2024-11-18,TON80,Ton Balığı Konservesi 80g,804.0,38.06,0,0,2024,11,18,0,47,4,0,0,1.152634766807995,726.0,1002.0,928.0,970.0,950.0,830.2589285714286,201.87207170218758
2024-11-18,ZEYTY,Zeytinyağı 1L,329.0,289.46,0,0,2024,11,18,0,47,4,0,0,1.1665894206549117,216.0,415.0,359.0,373.0,325.42857142857144,301.4642857142857,87.47353341222124
2024-11-19,SARDL,Sardalya Konservesi,442.0,30.96,0,0,2024,11,19,1,47,4,0,0,1.1665410700828938,395.0,438.0,444.0,463.0,407.2857142857143,392.64285714285717,61.0511105160083
2024-11-19,SOMON,Somon Konservesi,203.0,87.61,0,0,2024,11,19,1,47,4,0,0,1.1429876060013044,183.0,222.0,210.0,164.0,182.0,175.60714285714286,25.291632344841737
2024-11-19,TON160,Ton Balığı Konservesi 160g,605.0,63.89,0,0,2024,11,19,1,47,4,0,0,1.129297392841361,539.0,532.0,592.0,644.0,510.7142857142857,514.6674107142857,105.31019938846336
2024-11-19,TON80,Ton Balığı Konservesi 80g,753.0,37.97,0,0,2024,11,19,1,47,4,0,0,1.149909145972138,804.0,984.0,794.0,945.0,921.7142857142857,824.3303571428571,207.1736101966283
2024-11-19,ZEYTY,Zeytinyağı 1L,299.0,286.16,0,0,2024,11,19,1,47,4,0,0,1.1532896725440807,329.0,268.0,367.0,288.0,313.14285714285717,299.89285714285717,78.36119058868455
2024-11-20,SARDL,Sardalya Konservesi,443.0,30.43,0,0,2024,11,20,2,47,4,0,0,1.1465712132629993,442.0,469.0,451.0,404.0,407.85714285714283,391.89285714285717,61.404203361626266
2024-11-20,SOMON,Somon Konservesi,184.0,90.07,0,0,2024,11,20,2,47,4,0,0,1.1750815394651009,203.0,194.0,196.0,182.5,179.28571428571428,177.0,20.92617408664894
2024-11-20,TON160,Ton Balığı Konservesi 160g,577.0,63.52,0,0,2024,11,20,2,47,4,0,0,1.122757401679187,605.0,674.0,525.0,564.0,521.1428571428571,513.2745535714286,111.21814685776785
2024-11-20,TON80,Ton Balığı Konservesi 80g,970.0,38.17,0,0,2024,11,20,2,47,4,0,0,1.1559660811629315,753.0,1322.0,950.0,890.5,888.7142857142857,817.4732142857143,213.8875984294189
2024-11-20,ZEYTY,Zeytinyağı 1L,309.0,266.06,0,0,2024,11,20,2,47,4,0,0,1.0722821158690177,299.0,321.0,312.0,305.0,317.57142857142856,300.2857142857143,76.23178939448859
2024-11-21,SARDL,Sardalya Konservesi,420.0,31.37,0,0,2024,11,21,3,47,4,0,0,1.1819894498869632,443.0,466.0,440.0,398.0,404.14285714285717,393.2857142857143,57.76800894216985
2024-11-21,SOMON,Somon Konservesi,187.0,89.95,0,0,2024,11,21,3,47,4,0,0,1.1735159817351597,184.0,176.0,201.0,201.0,177.85714285714286,177.05357142857142,20.078417695197786
2024-11-21,TON160,Ton Balığı Konservesi 160g,594.0,64.37,0,0,2024,11,21,3,47,4,0,0,1.1377817057003978,577.0,518.0,451.0,583.0,507.2857142857143,513.7388392857143,93.65488826130701
2024-11-21,TON80,Ton Balığı Konservesi 80g,914.0,37.27,0,0,2024,11,21,3,47,4,0,0,1.128709872804361,970.0,981.0,888.0,836.0,838.4285714285714,820.3125,112.29256007242165
2024-11-21,ZEYTY,Zeytinyağı 1L,331.0,277.94,0,0,2024,11,21,3,47,4,0,0,1.12016120906801,309.0,276.0,285.0,310.0,315.85714285714283,300.42857142857144,76.27675174745453
2024-11-22,SARDL,Sardalya Konservesi,444.0,30.99,0,0,2024,11,22,4,47,4,0,0,1.16767143933685,420.0,432.0,462.0,394.0,397.57142857142856,394.07142857142856,51.87439041523409
2024-11-22,SOMON,Somon Konservesi,224.0,89.18,0,0,2024,11,22,4,47,4,0,0,1.1634703196347032,187.0,196.0,206.0,76.5,179.42857142857142,176.55357142857142,20.337626400812447
2024-11-22,TON160,Ton Balığı Konservesi 160g,538.0,67.02,0,0,2024,11,22,4,47,4,0,0,1.184622182942996,594.0,558.0,524.0,520.0,518.1428571428571,514.1316964285714,99.33684877128601
2024-11-22,TON80,Ton Balığı Konservesi 80g,869.0,39.2,0,0,2024,11,22,4,47,4,0,0,1.1871592973955178,914.0,907.0,896.0,806.0,828.8571428571429,823.0982142857143,100.33349153602131
2024-11-22,ZEYTY,Zeytinyağı 1L,340.0,301.5,0,0,2024,11,22,4,47,4,0,0,1.2151133501259446,331.0,315.0,374.0,347.0,323.7142857142857,301.17857142857144,74.29381823928132
2024-11-23,SARDL,Sardalya Konservesi,393.0,29.35,1,0,2024,11,23,5,47,4,1,0,1.1058779201205728,444.0,322.0,263.0,311.0,399.2857142857143,395.85714285714283,53.37825489127428
2024-11-23,SOMON,Somon Konservesi,138.0,88.15,0,0,2024,11,23,5,47,4,1,0,1.1500326157860403,224.0,152.0,125.0,152.0,183.42857142857142,181.82142857142858,26.082287366826048
2024-11-23,TON160,Ton Balığı Konservesi 160g,418.0,63.97,0,0,2024,11,23,5,47,4,1,0,1.1307114449845337,538.0,360.0,390.0,410.0,515.2857142857143,514.7745535714286,98.28142294064486
2024-11-23,TON80,Ton Balığı Konservesi 80g,723.0,36.93,0,0,2024,11,23,5,47,4,1,0,1.118413082980012,869.0,728.0,721.0,583.0,823.4285714285714,825.3482142857143,96.34980910352147
2024-11-23,ZEYTY,Zeytinyağı 1L,241.0,298.46,0,0,2024,11,23,5,47,4,1,0,1.2028614609571788,340.0,467.0,236.0,229.0,327.2857142857143,300.92857142857144,74.40590094366193
2024-11-24,SARDL,Sardalya Konservesi,339.0,29.96,0,0,2024,11,24,6,47,4,1,0,1.1288620949510173,393.0,329.0,352.0,302.0,409.42857142857144,398.7857142857143,41.716731826516316
2024-11-24,SOMON,Somon Konservesi,124.0,84.94,0,0,2024,11,24,6,47,4,1,0,1.1081539465101107,138.0,151.0,167.0,161.0,181.42857142857142,181.32142857142858,29.23956875455516
2024-11-24,TON160,Ton Balığı Konservesi 160g,448.0,63.3,0,0,2024,11,24,6,47,4,1,0,1.1188687582854617,418.0,394.0,373.0,465.0,523.5714285714286,515.0602678571429,84.4844308001118
2024-11-24,TON80,Ton Balığı Konservesi 80g,647.0,39.22,0,0,2024,11,24,6,47,4,1,0,1.187764990914597,723.0,726.0,579.0,679.0,822.7142857142857,830.3482142857143,97.19004456169404
2024-11-24,ZEYTY,Zeytinyağı 1L,237.0,279.48,0,0,2024,11,24,6,47,4,1,0,1.126367758186398,241.0,216.0,261.0,241.0,295.0,301.35714285714283,48.03817926052818
2024-11-25,SARDL,Sardalya Konservesi,448.0,31.08,0,0,2024,11,25,0,48,4,0,0,1.1710625470987188,339.0,395.0,452.0,441.0,410.85714285714283,400.10714285714283,38.55484652382833
2024-11-25,SOMON,Somon Konservesi,201.0,90.88,0,0,2024,11,25,0,48,4,0,0,1.1856490541422047,124.0,183.0,216.0,225.0,177.57142857142858,180.0,35.11342166397851
2024-11-25,TON160,Ton Balığı Konservesi 160g,511.0,66.58,0,0,2024,11,25,0,48,4,0,0,1.1768448961555456,448.0,539.0,773.0,552.0,531.2857142857143,514.453125,72.26274809266945
2024-11-25,TON80,Ton Balığı Konservesi 80g,1003.0,38.51,0,0,2024,11,25,0,48,4,0,0,1.1662628709872802,647.0,804.0,1002.0,947.0,811.4285714285714,829.2053571428571,113.50896755007939
2024-11-25,ZEYTY,Zeytinyağı 1L,370.0,293.2,0,0,2024,11,25,0,48,4,0,0,1.181662468513854,237.0,329.0,415.0,390.0,298.0,301.2142857142857,42.634102156215704
2024-11-26,SARDL,Sardalya Konservesi,404.0,30.02,0,0,2024,11,26,1,48,4,0,0,1.1311228334589298,448.0,442.0,438.0,203.0,418.42857142857144,400.35714285714283,40.095124985699
2024-11-26,SOMON,Somon Konservesi,187.0,85.72,0,0,2024,11,26,1,48,4,0,0,1.118330071754729,201.0,203.0,222.0,86.0,180.14285714285714,179.14285714285714,36.21891113506175
2024-11-26,TON160,Ton Balığı Konservesi 160g,504.0,62.68,0,0,2024,11,26,1,48,4,0,0,1.1079098541758727,511.0,605.0,532.0,255.6875,527.2857142857143,512.9888392857143,72.53898787482906
2024-11-26,TON80,Ton Balığı Konservesi 80g,870.0,37.2,0,0,2024,11,26,1,48,4,0,0,1.1265899454875832,1003.0,753.0,984.0,428.75,839.8571428571429,831.2053571428571,134.34585785877027
2024-11-26,ZEYTY,Zeytinyağı 1L,329.0,279.93,0,0,2024,11,26,1,48,4,0,0,1.1281813602015114,370.0,299.0,268.0,123.0,303.85714285714283,300.5,49.81441749610401
2024-11-27,SARDL,Sardalya Konservesi,391.0,31.04,0,0,2024,11,27,2,48,4,0,0,1.169555388093444,404.0,443.0,469.0,449.0,413.0,407.5357142857143,38.92728263484498
2024-11-27,SOMON,Somon Konservesi,199.0,87.97,0,0,2024,11,27,2,48,4,0,0,1.1476842791911284,187.0,184.0,194.0,203.0,177.85714285714286,182.75,35.02108208602591
2024-11-27,TON160,Ton Balığı Konservesi 160g,591.0,63.26,0,0,2024,11,27,2,48,4,0,0,1.1181617322138753,504.0,577.0,674.0,602.0,512.8571428571429,521.8571428571429,64.05317731236552
2024-11-27,TON80,Ton Balığı Konservesi 80g,1028.0,38.7,0,0,2024,11,27,2,48,4,0,0,1.1720169594185341,870.0,970.0,1322.0,763.0,856.5714285714286,846.9642857142857,128.90675847662848
2024-11-27,ZEYTY,Zeytinyağı 1L,344.0,275.16,0,0,2024,11,27,2,48,4,0,0,1.10895717884131,329.0,309.0,321.0,316.0,308.14285714285717,307.85714285714283,50.61102834833676
2024-11-28,SARDL,Sardalya Konservesi,519.0,30.29,0,0,2024,11,28,3,48,4,0,0,1.1412961567445365,391.0,420.0,466.0,459.0,405.57142857142856,405.4642857142857,37.170136502558194
2024-11-28,SOMON,Somon Konservesi,220.0,84.33,0,0,2024,11,28,3,48,4,0,0,1.1001956947162426,199.0,187.0,176.0,195.0,180.0,182.60714285714286,35.907288025320284
2024-11-28,TON160,Ton Balığı Konservesi 160g,590.0,66.77,0,0,2024,11,28,3,48,4,0,0,1.180203269995581,591.0,594.0,518.0,659.0,514.8571428571429,521.4642857142857,66.55931833442011
2024-11-28,TON80,Ton Balığı Konservesi 80g,842.0,38.2,0,0,2024,11,28,3,48,4,0,0,1.1568746214415506,1028.0,914.0,981.0,792.0,864.8571428571429,856.4285714285714,138.89015872435195
2024-11-28,ZEYTY,Zeytinyağı 1L,323.0,292.12,0,0,2024,11,28,3,48,4,0,0,1.1773098236775819,344.0,331.0,276.0,302.0,313.14285714285717,308.85714285714283,52.406833433018456
2024-11-29,SARDL,Sardalya Konservesi,392.0,30.05,0,0,2024,11,29,4,48,4,0,0,1.1322532027128862,519.0,444.0,432.0,433.0,419.7142857142857,407.60714285714283,57.07805849803003
2024-11-29,SOMON,Somon Konservesi,236.0,88.3,0,0,2024,11,29,4,48,4,0,0,1.1519895629484669,220.0,224.0,196.0,182.0,184.71428571428572,183.5,39.01159778712918
2024-11-29,TON160,Ton Balığı Konservesi 160g,571.0,64.47,0,0,2024,11,29,4,48,4,0,0,1.1395492708793635,590.0,538.0,558.0,539.0,514.2857142857143,519.0,65.77921223231985
2024-11-29,TON80,Ton Balığı Konservesi 80g,867.0,39.29,0,0,2024,11,29,4,48,4,0,0,1.1898849182313749,842.0,869.0,907.0,886.0,854.5714285714286,858.2142857142857,137.30119827451796
2024-11-29,ZEYTY,Zeytinyağı 1L,332.0,279.61,0,0,2024,11,29,4,48,4,0,0,1.1268916876574309,323.0,340.0,315.0,268.0,312.0,309.60714285714283,52.03844732503028
2024-11-30,SARDL,Sardalya Konservesi,371.0,29.3,0,0,2024,11,30,5,48,4,1,0,1.103993971363979,392.0,393.0,322.0,260.0,412.2857142857143,406.14285714285717,56.77356863222413
2024-11-30,SOMON,Somon Konservesi,111.0,89.74,0,0,2024,11,30,5,48,4,1,0,1.1707762557077623,236.0,138.0,152.0,134.0,186.42857142857142,185.42857142857142,41.22643627114803
2024-11-30,TON160,Ton Balığı Konservesi 160g,431.0,63.66,0,0,2024,11,30,5,48,4,1,0,1.1252319929297392,571.0,418.0,360.0,372.0,519.0,520.1428571428571,68.8718616949851
2024-11-30,TON80,Ton Balığı Konservesi 80g,897.0,37.54,1,0,2024,11,30,5,48,4,1,0,1.136886735311932,867.0,723.0,728.0,631.0,854.2857142857143,857.5357142857143,137.2682462500737
2024-11-30,ZEYTY,Zeytinyağı 1L,232.0,285.83,0,0,2024,11,30,5,48,4,1,0,1.1519596977329973,332.0,241.0,467.0,222.0,310.85714285714283,311.89285714285717,51.4050210628898
2024-12-01,SARDL,Sardalya Konservesi,290.0,30.59,0,0,2024,12,1,6,48,4,1,0,1.1525998492840994,371.0,339.0,329.0,332.0,409.14285714285717,410.10714285714283,58.59871605939238
2024-12-01,SOMON,Somon Konservesi,161.0,90.25,0,0,2024,12,1,6,48,4,1,0,1.177429876060013,111.0,124.0,151.0,167.0,182.57142857142858,184.60714285714286,47.32461354960045
2024-12-01,TON160,Ton Balığı Konservesi 160g,421.0,65.37,0,0,2024,12,1,6,48,4,1,0,1.1554573574900575,431.0,448.0,394.0,527.0,520.8571428571429,522.25,65.80128816223394
2024-12-01,TON80,Ton Balığı Konservesi 80g,691.0,38.98,0,0,2024,12,1,6,48,4,1,0,1.1804966686856448,897.0,647.0,726.0,684.0,879.1428571428571,867.0357142857143,124.71224020577296
2024-12-01,ZEYTY,Zeytinyağı 1L,227.0,284.54,0,0,2024,12,1,6,48,4,1,0,1.1467607052896727,232.0,237.0,216.0,255.0,309.57142857142856,312.25,53.51279330794649
2024-12-02,SARDL,Sardalya Konservesi,413.0,30.27,0,0,2024,12,2,0,49,4,0,0,1.1405425772418991,290.0,448.0,395.0,430.0,402.14285714285717,408.60714285714283,70.16036053553282
2024-12-02,SOMON,Somon Konservesi,199.0,86.49,0,0,2024,12,2,0,49,4,0,0,1.1283757338551859,161.0,201.0,183.0,193.0,187.85714285714286,184.39285714285714,41.386103027580496
2024-12-02,TON160,Ton Balığı Konservesi 160g,548.0,63.88,0,0,2024,12,2,0,49,4,0,0,1.1291206363234645,421.0,511.0,539.0,515.0,517.0,518.4642857142857,71.34189979714927
2024-12-02,TON80,Ton Balığı Konservesi 80g,939.0,38.13,0,0,2024,12,2,0,49,4,0,0,1.1547546941247728,691.0,1003.0,804.0,928.0,885.4285714285714,867.2857142857143,111.46727044721229
2024-12-02,ZEYTY,Zeytinyağı 1L,341.0,289.25,0,0,2024,12,2,0,49,4,0,0,1.1657430730478588,227.0,370.0,329.0,359.0,308.14285714285717,311.25,55.85525511363708
2024-12-03,SARDL,Sardalya Konservesi,464.0,29.26,0,0,2024,12,3,1,49,4,0,0,1.102486812358704,413.0,404.0,442.0,444.0,397.14285714285717,408.0,67.5461041842973
2024-12-03,SOMON,Somon Konservesi,189.0,88.52,0,0,2024,12,3,1,49,4,0,0,1.154859752120026,199.0,187.0,203.0,210.0,187.57142857142858,184.60714285714286,41.287032438999915
2024-12-03,TON160,Ton Balığı Konservesi 160g,619.0,65.78,0,0,2024,12,3,1,49,4,0,0,1.162704374723818,548.0,504.0,605.0,592.0,522.2857142857143,519.6428571428571,72.18890562432654
2024-12-03,TON80,Ton Balığı Konservesi 80g,946.0,37.86,0,0,2024,12,3,1,49,4,0,0,1.1465778316172015,939.0,870.0,753.0,794.0,876.2857142857143,867.6785714285714,102.47880152453143
2024-12-03,ZEYTY,Zeytinyağı 1L,296.0,278.09,0,0,2024,12,3,1,49,4,0,0,1.1207657430730478,341.0,329.0,299.0,367.0,304.0,310.60714285714283,51.40038910358522
2024-12-04,SARDL,Sardalya Konservesi,461.0,30.42,0,0,2024,12,4,2,49,4,0,0,1.1461944235116805,464.0,391.0,443.0,451.0,405.7142857142857,408.7142857142857,72.20737332090488
2024-12-04,SOMON,Somon Konservesi,222.0,87.4,0,0,2024,12,4,2,49,4,0,0,1.1402478799739073,189.0,199.0,184.0,196.0,187.85714285714286,183.85714285714286,41.28933910599088
2024-12-04,TON160,Ton Balığı Konservesi 160g,590.0,64.07,0,0,2024,12,4,2,49,4,0,0,1.1324790101634996,619.0,591.0,577.0,525.0,538.7142857142857,520.6071428571429,79.99732138372686
2024-12-04,TON80,Ton Balığı Konservesi 80g,884.0,35.92,0,0,2024,12,4,2,49,4,0,0,1.087825560266505,946.0,1028.0,970.0,950.0,887.1428571428571,873.1071428571429,105.67785730137186
2024-12-04,ZEYTY,Zeytinyağı 1L,341.0,282.29,0,0,2024,12,4,2,49,4,0,0,1.137692695214106,296.0,344.0,309.0,312.0,299.2857142857143,308.07142857142856,50.2252071033201
2024-12-05,SARDL,Sardalya Konservesi,441.0,30.41,0,0,2024,12,5,3,49,4,0,0,1.1458176337603618,461.0,519.0,420.0,440.0,415.7142857142857,409.07142857142856,74.63626081584742
2024-12-05,SOMON,Somon Konservesi,195.0,88.75,0,0,2024,12,5,3,49,4,0,0,1.1578604044357468,222.0,220.0,187.0,201.0,191.14285714285714,184.78571428571428,43.195017349336844
2024-12-05,TON160,Ton Balığı Konservesi 160g,649.0,63.95,0,0,2024,12,5,3,49,4,0,0,1.1303579319487407,590.0,590.0,594.0,451.0,538.5714285714286,522.9285714285714,79.88920899774615
2024-12-05,TON80,Ton Balığı Konservesi 80g,822.0,38.02,0,0,2024,12,5,3,49,4,0,0,1.1514233797698366,884.0,842.0,914.0,888.0,866.5714285714286,870.75,85.84260236591084
2024-12-05,ZEYTY,Zeytinyağı 1L,306.0,284.65,0,0,2024,12,5,3,49,4,0,0,1.1472040302267001,341.0,323.0,331.0,285.0,298.85714285714283,309.10714285714283,49.79099172684579
2024-12-06,SARDL,Sardalya Konservesi,468.0,29.06,0,0,2024,12,6,4,49,4,0,0,1.0949510173323285,441.0,392.0,444.0,462.0,404.57142857142856,409.10714285714283,61.272226287980395
2024-12-06,SOMON,Somon Konservesi,211.0,89.66,0,0,2024,12,6,4,49,4,0,0,1.1697325505544682,195.0,236.0,224.0,206.0,187.57142857142858,184.57142857142858,41.40795874731126
2024-12-06,TON160,Ton Balığı Konservesi 160g,584.0,64.35,0,0,2024,12,6,4,49,4,0,0,1.1374281926646044,649.0,571.0,538.0,524.0,547.0,530.0,88.83130078975464
2024-12-06,TON80,Ton Balığı Konservesi 80g,891.0,38.14,0,0,2024,12,6,4,49,4,0,0,1.1550575408843125,822.0,867.0,869.0,896.0,863.7142857142857,868.3928571428571,87.12005946912714
2024-12-06,ZEYTY,Zeytinyağı 1L,314.0,285.36,0,0,2024,12,6,4,49,4,0,0,1.1500654911838792,306.0,332.0,340.0,374.0,296.42857142857144,309.85714285714283,48.82232120269395
2024-12-07,SARDL,Sardalya Konservesi,291.0,29.76,0,0,2024,12,7,5,49,4,1,0,1.121326299924642,468.0,371.0,393.0,263.0,415.42857142857144,409.32142857142856,65.27597093075026
2024-12-07,SOMON,Somon Konservesi,141.0,88.36,0,0,2024,12,7,5,49,4,1,0,1.1527723418134377,211.0,111.0,138.0,125.0,184.0,184.75,37.42102795666247
2024-12-07,TON160,Ton Balığı Konservesi 160g,479.0,65.12,0,0,2024,12,7,5,49,4,1,0,1.1510384445426425,584.0,431.0,418.0,390.0,548.8571428571429,532.1428571428571,89.54966698510232
2024-12-07,TON80,Ton Balığı Konservesi 80g,728.0,39.19,0,0,2024,12,7,5,49,4,1,0,1.186856450635978,891.0,897.0,723.0,721.0,867.1428571428571,868.2142857142857,87.74096073371713
2024-12-07,ZEYTY,Zeytinyağı 1L,236.0,288.94,0,0,2024,12,7,5,49,4,1,0,1.164493702770781,314.0,232.0,241.0,236.0,293.85714285714283,307.7142857142857,47.07946676074576
2024-12-08,SARDL,Sardalya Konservesi,260.0,30.11,0,0,2024,12,8,6,49,4,1,0,1.1345139412207987,291.0,290.0,339.0,352.0,404.0,410.32142857142856,79.74960814950605
2024-12-08,SOMON,Somon Konservesi,138.0,87.9,0,0,2024,12,8,6,49,4,1,0,1.1467710371819961,141.0,161.0,124.0,167.0,188.28571428571428,185.32142857142858,28.264903359197017
2024-12-08,TON160,Ton Balığı Konservesi 160g,380.0,65.22,0,0,2024,12,8,6,49,4,1,0,1.1528060097216084,479.0,421.0,448.0,373.0,555.7142857142857,535.3214285714286,80.39012021742039
2024-12-08,TON80,Ton Balığı Konservesi 80g,639.0,37.52,0,0,2024,12,8,6,49,4,1,0,1.1362810417928528,728.0,691.0,647.0,579.0,843.0,868.4642857142857,100.48217088949691
2024-12-08,ZEYTY,Zeytinyağı 1L,235.0,282.22,0,0,2024,12,8,6,49,4,1,0,1.1374105793450884,236.0,227.0,237.0,261.0,294.42857142857144,307.7142857142857,46.219970946395975
2024-12-09,SARDL,Sardalya Konservesi,413.0,30.08,0,0,2024,12,9,0,50,4,0,0,1.1333835719668426,260.0,413.0,448.0,452.0,399.7142857142857,407.0357142857143,87.34169352932872
2024-12-09,SOMON,Somon Konservesi,201.0,84.52,0,0,2024,12,9,0,50,4,0,0,1.1026744944553162,138.0,199.0,201.0,216.0,185.0,184.28571428571428,32.91909273759908
2024-12-09,TON160,Ton Balığı Konservesi 160g,787.0,65.76,1,0,2024,12,9,0,50,4,0,0,1.1623508616880247,380.0,548.0,511.0,773.0,549.8571428571429,535.5714285714286,92.43272972172458
2024-12-09,TON80,Ton Balığı Konservesi 80g,873.0,37.82,0,0,2024,12,9,0,50,4,0,0,1.1453664445790428,639.0,939.0,1003.0,1002.0,835.5714285714286,870.6071428571429,114.53217472666101
2024-12-09,ZEYTY,Zeytinyağı 1L,308.0,291.55,0,0,2024,12,9,0,50,4,0,0,1.1750125944584384,235.0,341.0,370.0,415.0,295.57142857142856,306.7857142857143,44.3353024983367
2024-12-10,SARDL,Sardalya Konservesi,509.0,30.21,1,0,2024,12,10,1,50,4,0,0,1.1382818387339866,413.0,464.0,404.0,438.0,399.7142857142857,405.64285714285717,87.34169352932872
2024-12-10,SOMON,Somon Konservesi,208.0,87.74,0,0,2024,12,10,1,50,4,0,0,1.1446836268754075,201.0,189.0,187.0,222.0,185.28571428571428,183.75,33.06919153186861
2024-12-10,TON160,Ton Balığı Konservesi 160g,507.0,64.74,0,0,2024,12,10,1,50,4,0,0,1.1443216968625716,787.0,619.0,504.0,532.0,584.0,536.0714285714286,128.6701208517343
2024-12-10,TON80,Ton Balığı Konservesi 80g,851.0,38.03,0,0,2024,12,10,1,50,4,0,0,1.151726226529376,873.0,946.0,870.0,984.0,826.1428571428571,866.0,107.07229422439546
2024-12-10,ZEYTY,Zeytinyağı 1L,321.0,286.44,0,0,2024,12,10,1,50,4,0,0,1.154418136020151,308.0,296.0,329.0,268.0,290.85714285714283,302.9642857142857,40.26755754296713
2024-12-11,SARDL,Sardalya Konservesi,450.0,31.02,0,0,2024,12,11,2,50,4,0,0,1.1688018085908063,509.0,461.0,391.0,469.0,406.14285714285717,408.17857142857144,94.24512113177327
2024-12-11,SOMON,Somon Konservesi,195.0,90.11,0,0,2024,12,11,2,50,4,0,0,1.1756033920417481,208.0,222.0,199.0,194.0,188.0,183.25,34.18576701884355
2024-12-11,TON160,Ton Balığı Konservesi 160g,595.0,64.28,0,0,2024,12,11,2,50,4,0,0,1.1361908970393282,507.0,590.0,591.0,674.0,568.0,535.1785714285714,130.54245797185382
2024-12-11,TON80,Ton Balığı Konservesi 80g,951.0,37.04,0,0,2024,12,11,2,50,4,0,0,1.1217443973349484,851.0,884.0,1028.0,1322.0,812.5714285714286,861.25,94.64822087226452
2024-12-11,ZEYTY,Zeytinyağı 1L,306.0,286.65,0,0,2024,12,11,2,50,4,0,0,1.155264483627204,321.0,341.0,344.0,321.0,294.42857142857144,304.85714285714283,41.87623487873548
2024-12-12,SARDL,Sardalya Konservesi,416.0,29.93,0,0,2024,12,12,3,50,4,0,0,1.1277317256970611,450.0,441.0,519.0,466.0,404.57142857142856,407.5,93.26460054214287
2024-12-12,SOMON,Somon Konservesi,219.0,87.35,0,0,2024,12,12,3,50,4,0,0,1.1395955642530984,195.0,195.0,220.0,176.0,184.14285714285714,183.28571428571428,31.09356080942652
2024-12-12,TON160,Ton Balığı Konservesi 160g,544.0,62.71,0,0,2024,12,12,3,50,4,0,0,1.1084401237295625,595.0,649.0,590.0,518.0,568.7142857142857,532.3571428571429,130.69648590750754
2024-12-12,TON80,Ton Balığı Konservesi 80g,847.0,38.38,0,0,2024,12,12,3,50,4,0,0,1.1623258631132647,951.0,822.0,842.0,981.0,822.1428571428571,848.0,105.8055269057757
2024-12-12,ZEYTY,Zeytinyağı 1L,351.0,284.92,0,0,2024,12,12,3,50,4,0,0,1.1482921914357682,306.0,306.0,323.0,276.0,289.42857142857144,304.32142857142856,37.2194265711563
2024-12-13,SARDL,Sardalya Konservesi,427.0,30.98,0,0,2024,12,13,4,50,4,0,0,1.1672946495855314,416.0,468.0,392.0,432.0,401.0,405.7142857142857,92.10863151735433
2024-12-13,SOMON,Somon Konservesi,208.0,86.69,0,0,2024,12,13,4,50,4,0,0,1.1309849967384213,219.0,211.0,236.0,196.0,187.57142857142858,184.82142857142858,33.703892667648425
2024-12-13,TON160,Ton Balığı Konservesi 160g,551.0,66.29,0,0,2024,12,13,4,50,4,0,0,1.1717189571365445,544.0,584.0,571.0,558.0,553.7142857142857,533.2857142857143,125.8831657870555
2024-12-13,TON80,Ton Balığı Konservesi 80g,860.0,38.59,0,0,2024,12,13,4,50,4,0,0,1.1686856450635978,847.0,891.0,867.0,907.0,825.7142857142857,843.2142857142857,106.22101845634921
2024-12-13,ZEYTY,Zeytinyağı 1L,288.0,279.03,0,0,2024,12,13,4,50,4,0,0,1.1245541561712846,351.0,314.0,332.0,315.0,295.85714285714283,307.0,43.85365272292412
2024-12-14,SARDL,Sardalya Konservesi,309.0,29.72,0,0,2024,12,14,5,50,4,1,0,1.119819140919367,427.0,291.0,371.0,322.0,395.14285714285717,405.5357142857143,88.36558261266624
2024-12-14,SOMON,Somon Konservesi,144.0,87.32,0,0,2024,12,14,5,50,4,1,0,1.139204174820613,208.0,141.0,111.0,152.0,187.14285714285714,185.25,33.373784978775
2024-12-14,TON160,Ton Balığı Konservesi 160g,341.0,67.84,0,0,2024,12,14,5,50,4,1,0,1.199116217410517,551.0,479.0,431.0,360.0,549.0,533.0357142857143,125.17587627014986
2024-12-14,TON80,Ton Balığı Konservesi 80g,689.0,38.12,0,0,2024,12,14,5,50,4,1,0,1.154451847365233,860.0,728.0,897.0,728.0,821.2857142857143,841.5357142857143,103.66084809883974
2024-12-14,ZEYTY,Zeytinyağı 1L,209.0,277.08,0,0,2024,12,14,5,50,4,1,0,1.1166952141057933,288.0,236.0,232.0,467.0,292.14285714285717,306.0357142857143,43.15641540346195
2024-12-15,SARDL,Sardalya Konservesi,294.0,29.82,0,0,2024,12,15,6,50,4,1,0,1.1235870384325546,309.0,260.0,290.0,329.0,397.7142857142857,405.07142857142856,85.0288466457385
2024-12-15,SOMON,Somon Konservesi,143.0,89.39,0,0,2024,12,15,6,50,4,1,0,1.1662100456621003,144.0,138.0,161.0,151.0,187.57142857142858,184.96428571428572,32.694837221683265
2024-12-15,TON160,Ton Balığı Konservesi 160g,323.0,63.78,0,0,2024,12,15,6,50,4,1,0,1.1273530711444983,341.0,380.0,421.0,394.0,529.2857142857143,532.3571428571429,147.00194362174696
2024-12-15,TON80,Ton Balığı Konservesi 80g,670.0,37.91,0,0,2024,12,15,6,50,4,1,0,1.1480920654148998,689.0,639.0,691.0,726.0,815.7142857142857,840.1428571428571,110.34297181320929
2024-12-15,ZEYTY,Zeytinyağı 1L,204.0,287.88,0,0,2024,12,15,6,50,4,1,0,1.1602216624685138,209.0,235.0,227.0,216.0,288.2857142857143,296.82142857142856,49.71825380989104
2024-12-16,SARDL,Sardalya Konservesi,473.0,30.46,0,0,2024,12,16,0,51,4,0,0,1.1477015825169556,294.0,413.0,413.0,395.0,402.57142857142856,403.82142857142856,76.38249612499891
2024-12-16,SOMON,Somon Konservesi,174.0,89.47,0,0,2024,12,16,0,51,4,0,0,1.1672537508153946,143.0,201.0,199.0,183.0,188.28571428571428,184.67857142857142,31.46275197602312
2024-12-16,TON160,Ton Balığı Konservesi 160g,513.0,67.64,0,0,2024,12,16,0,51,4,0,0,1.195581087052585,323.0,787.0,548.0,539.0,521.1428571428571,529.8214285714286,157.82947398107456
2024-12-16,TON80,Ton Balığı Konservesi 80g,891.0,37.55,0,0,2024,12,16,0,51,4,0,0,1.1371895820714717,670.0,873.0,939.0,804.0,820.1428571428571,838.1428571428571,102.40512449974764
2024-12-16,ZEYTY,Zeytinyağı 1L,339.0,282.87,0,0,2024,12,16,0,51,4,0,0,1.140030226700252,204.0,308.0,341.0,329.0,283.85714285714283,296.39285714285717,56.21218305500607
2024-12-17,SARDL,Sardalya Konservesi,484.0,31.73,0,0,2024,12,17,1,51,4,0,0,1.1955538809344386,473.0,509.0,464.0,442.0,411.14285714285717,406.60714285714283,80.97618697581792
2024-12-17,SOMON,Somon Konservesi,168.0,85.58,0,0,2024,12,17,1,51,4,0,0,1.1165035877364644,174.0,208.0,189.0,203.0,184.42857142857142,184.35714285714286,31.298866554861508
2024-12-17,TON160,Ton Balığı Konservesi 160g,528.0,62.47,0,0,2024,12,17,1,51,4,0,0,1.1041979673000442,513.0,507.0,619.0,605.0,482.0,528.8928571428571,106.5535858930447
2024-12-17,TON80,Ton Balığı Konservesi 80g,852.0,37.79,0,0,2024,12,17,1,51,4,0,0,1.144457904300424,891.0,851.0,946.0,753.0,822.7142857142857,841.25,104.16447616744107
2024-12-17,ZEYTY,Zeytinyağı 1L,313.0,287.01,0,0,2024,12,17,1,51,4,0,0,1.1567153652392947,339.0,321.0,296.0,299.0,288.2857142857143,296.75,59.553097556478214
2024-12-18,SARDL,Sardalya Konservesi,515.0,30.46,0,0,2024,12,18,2,51,4,0,0,1.1477015825169556,484.0,450.0,461.0,443.0,407.57142857142856,408.10714285714283,76.360672999602
2024-12-18,SOMON,Somon Konservesi,237.0,86.07,0,0,2024,12,18,2,51,4,0,0,1.1228962818003911,168.0,195.0,222.0,184.0,178.71428571428572,183.10714285714286,29.898240113838412
2024-12-18,TON160,Ton Balığı Konservesi 160g,529.0,63.26,0,0,2024,12,18,2,51,4,0,0,1.1181617322138753,528.0,595.0,590.0,577.0,485.0,526.1428571428571,107.66460266339377
2024-12-18,TON80,Ton Balığı Konservesi 80g,794.0,37.83,0,0,2024,12,18,2,51,4,0,0,1.1456692913385824,852.0,951.0,884.0,970.0,822.8571428571429,844.7857142857143,104.21040986297304
2024-12-18,ZEYTY,Zeytinyağı 1L,315.0,285.79,0,0,2024,12,18,2,51,4,0,0,1.1517984886649875,313.0,306.0,341.0,309.0,287.14285714285717,297.25,58.89377038767491
2024-12-19,SARDL,Sardalya Konservesi,402.0,30.85,0,0,2024,12,19,3,51,4,0,0,1.1623963828183874,515.0,416.0,441.0,420.0,416.85714285714283,410.67857142857144,85.75435571333563
2024-12-19,SOMON,Somon Konservesi,194.0,88.11,0,0,2024,12,19,3,51,4,0,0,1.1495107632093933,237.0,219.0,195.0,187.0,184.71428571428572,185.0,37.06622130599157
2024-12-19,TON160,Ton Balığı Konservesi 160g,591.0,65.14,0,0,2024,12,19,3,51,4,0,0,1.1513919575784357,529.0,544.0,649.0,594.0,475.57142857142856,524.4285714285714,98.96439956343977
2024-12-19,TON80,Ton Balığı Konservesi 80g,885.0,37.6,0,0,2024,12,19,3,51,4,0,0,1.1387038158691702,794.0,847.0,822.0,914.0,800.4285714285714,838.5,87.60680556299027
2024-12-19,ZEYTY,Zeytinyağı 1L,317.0,283.49,0,0,2024,12,19,3,51,4,0,0,1.1425289672544081,315.0,351.0,306.0,331.0,288.42857142857144,297.4642857142857,59.46947996761894
2024-12-20,SARDL,Sardalya Konservesi,413.0,30.58,0,0,2024,12,20,4,51,4,0,0,1.1522230595327807,402.0,427.0,468.0,444.0,414.85714285714283,410.0357142857143,85.94073262318221
2024-12-20,SOMON,Somon Konservesi,221.0,89.55,0,0,2024,12,20,4,51,4,0,0,1.1682974559686887,194.0,208.0,211.0,224.0,181.14285714285714,185.25,34.314372943071064
2024-12-20,TON160,Ton Balığı Konservesi 160g,557.0,64.88,0,0,2024,12,20,4,51,4,0,0,1.146796288113124,591.0,551.0,584.0,538.0,482.2857142857143,524.3214285714286,105.74294978187064
2024-12-20,TON80,Ton Balığı Konservesi 80g,888.0,37.78,0,0,2024,12,20,4,51,4,0,0,1.1441550575408843,885.0,860.0,891.0,869.0,805.8571428571429,837.4642857142857,92.03881168910257
2024-12-20,ZEYTY,Zeytinyağı 1L,343.0,297.58,0,0,2024,12,20,4,51,4,0,0,1.199314861460957,317.0,288.0,314.0,340.0,283.57142857142856,296.9642857142857,54.70483568770713
2024-12-21,SARDL,Sardalya Konservesi,282.0,29.76,0,0,2024,12,21,5,51,4,1,0,1.121326299924642,413.0,309.0,291.0,393.0,412.85714285714283,408.92857142857144,85.77378887015908
2024-12-21,SOMON,Somon Konservesi,177.0,86.03,0,0,2024,12,21,5,51,4,1,0,1.1223744292237443,221.0,144.0,141.0,138.0,183.0,185.14285714285714,36.30426972134241
2024-12-21,TON160,Ton Balığı Konservesi 160g,349.0,64.36,0,0,2024,12,21,5,51,4,1,0,1.137604949182501,557.0,341.0,479.0,418.0,483.14285714285717,525.0,106.41495598431004
2024-12-21,TON80,Ton Balığı Konservesi 80g,672.0,37.94,0,0,2024,12,21,5,51,4,1,0,1.149000605693519,888.0,689.0,728.0,723.0,809.8571428571429,838.1428571428571,95.33349983335047
2024-12-21,ZEYTY,Zeytinyağı 1L,221.0,299.04,0,0,2024,12,21,5,51,4,1,0,1.205198992443325,343.0,209.0,236.0,241.0,291.42857142857144,297.07142857142856,59.21108326109529
2024-12-22,SARDL,Sardalya Konservesi,330.0,30.44,0,0,2024,12,22,6,51,4,1,0,1.146948003014318,282.0,294.0,260.0,339.0,409.0,404.9642857142857,91.62968951164119
2024-12-22,SOMON,Somon Konservesi,152.0,88.7,0,0,2024,12,22,6,51,4,1,0,1.157208088714938,177.0,143.0,138.0,124.0,187.71428571428572,186.53571428571428,32.31983026829524
2024-12-22,TON160,Ton Balığı Konservesi 160g,385.0,62.73,0,0,2024,12,22,6,51,4,1,0,1.1087936367653557,349.0,323.0,380.0,448.0,484.2857142857143,522.5357142857143,104.66249612558397
2024-12-22,TON80,Ton Balığı Konservesi 80g,613.0,38.66,0,0,2024,12,22,6,51,4,1,0,1.1708055723803754,672.0,670.0,639.0,647.0,807.4285714285714,836.3214285714286,99.06875919086845
2024-12-22,ZEYTY,Zeytinyağı 1L,123.0,284.49,0,0,2024,12,22,6,51,4,1,0,1.14655919395466,221.0,204.0,235.0,237.0,293.14285714285717,296.35714285714283,56.54033537050783
2024-12-23,SARDL,Sardalya Konservesi,393.0,31.19,0,0,2024,12,23,0,52,4,0,0,1.1752072343632254,330.0,473.0,413.0,448.0,414.14285714285717,404.64285714285717,84.85954782546646
2024-12-23,SOMON,Somon Konservesi,214.0,89.11,0,0,2024,12,23,0,52,4,0,0,1.1625570776255707,152.0,174.0,201.0,201.0,189.0,187.53571428571428,30.364452901377724
2024-12-23,TON160,Ton Balığı Konservesi 160g,536.0,65.26,0,0,2024,12,23,0,52,4,0,0,1.1535130357931949,385.0,513.0,787.0,511.0,493.14285714285717,520.2857142857143,90.38884254786457
2024-12-23,TON80,Ton Balığı Konservesi 80g,830.0,37.09,0,0,2024,12,23,0,52,4,0,0,1.123258631132647,613.0,891.0,873.0,1003.0,799.2857142857143,835.1071428571429,113.53371641016585
2024-12-23,ZEYTY,Zeytinyağı 1L,372.0,280.43,0,0,2024,12,23,0,52,4,0,0,1.1301964735516372,123.0,339.0,308.0,370.0,281.57142857142856,292.2857142857143,80.87615458806368
2024-12-24,SARDL,Sardalya Konservesi,453.0,30.36,0,0,2024,12,24,1,52,4,0,0,1.143933685003768,393.0,484.0,509.0,404.0,402.7142857142857,402.67857142857144,80.9067658598743
2024-12-24,SOMON,Somon Konservesi,241.0,87.15,0,0,2024,12,24,1,52,4,0,0,1.136986301369863,214.0,168.0,208.0,187.0,194.71428571428572,188.0,30.831338416802815
2024-12-24,TON160,Ton Balığı Konservesi 160g,564.0,62.81,0,0,2024,12,24,1,52,4,0,0,1.1102076889085284,536.0,528.0,507.0,504.0,496.42857142857144,521.1785714285714,91.6403425405655
2024-12-24,TON80,Ton Balığı Konservesi 80g,880.0,37.65,0,0,2024,12,24,1,52,4,0,0,1.1402180496668683,830.0,852.0,851.0,870.0,790.5714285714286,828.9285714285714,107.50171648684596
2024-12-24,ZEYTY,Zeytinyağı 1L,372.0,282.14,0,0,2024,12,24,1,52,4,0,0,1.137088161209068,372.0,313.0,321.0,329.0,286.2857142857143,292.35714285714283,85.60512890731538
2024-12-25,SARDL,Sardalya Konservesi,460.0,30.65,0,0,2024,12,25,2,52,4,0,0,1.154860587792012,453.0,515.0,450.0,391.0,398.2857142857143,404.42857142857144,76.44107596860376
2024-12-25,SOMON,Somon Konservesi,222.0,87.77,0,0,2024,12,25,2,52,4,0,0,1.1450750163078929,241.0,237.0,195.0,199.0,205.14285714285714,189.92857142857142,32.58541888344429
2024-12-25,TON160,Ton Balığı Konservesi 160g,550.0,67.31,0,0,2024,12,25,2,52,4,0,0,1.1897481219619974,564.0,529.0,595.0,591.0,501.57142857142856,523.3214285714286,94.66758886203972
2024-12-25,TON80,Ton Balığı Konservesi 80g,812.0,37.44,0,0,2024,12,25,2,52,4,0,0,1.1338582677165352,880.0,794.0,951.0,1028.0,794.5714285714286,829.2857142857143,110.64335669596959
2024-12-25,ZEYTY,Zeytinyağı 1L,467.0,278.09,0,0,2024,12,25,2,52,4,0,0,1.1207657430730478,372.0,315.0,306.0,344.0,294.7142857142857,293.89285714285717,91.3832849152663
2024-12-26,SARDL,Sardalya Konservesi,481.0,30.3,0,0,2024,12,26,3,52,4,0,0,1.1416729464958553,460.0,402.0,416.0,519.0,390.42857142857144,406.89285714285717,64.30877893117544
2024-12-26,SOMON,Somon Konservesi,195.0,87.45,0,0,2024,12,26,3,52,4,0,0,1.1409001956947162,222.0,194.0,219.0,220.0,203.0,190.75,30.572318634128298
2024-12-26,TON160,Ton Balığı Konservesi 160g,553.0,64.45,0,0,2024,12,26,3,52,4,0,0,1.1391957578435705,550.0,591.0,544.0,590.0,504.57142857142856,521.8571428571429,96.00496018931621
2024-12-26,TON80,Ton Balığı Konservesi 80g,919.0,37.69,0,0,2024,12,26,3,52,4,0,0,1.141429436705027,812.0,885.0,847.0,842.0,797.1428571428571,821.5714285714286,110.83685995105019
2024-12-26,ZEYTY,Zeytinyağı 1L,321.0,283.31,0,0,2024,12,26,3,52,4,0,0,1.1418035264483628,467.0,317.0,351.0,323.0,316.42857142857144,298.2857142857143,112.60233440868649
2024-12-27,SARDL,Sardalya Konservesi,463.0,30.57,0,0,2024,12,27,4,52,4,0,0,1.151846269781462,481.0,413.0,427.0,392.0,401.7142857142857,405.5357142857143,73.01989291901572
2024-12-27,SOMON,Somon Konservesi,204.0,91.67,0,0,2024,12,27,4,52,4,0,0,1.195955642530985,195.0,221.0,208.0,236.0,203.14285714285714,189.85714285714286,30.52555525800515
2024-12-27,TON160,Ton Balığı Konservesi 160g,504.0,63.78,0,0,2024,12,27,4,52,4,0,0,1.1273530711444983,553.0,557.0,551.0,571.0,499.14285714285717,520.5357142857143,91.2604853727833
2024-12-27,TON80,Ton Balığı Konservesi 80g,865.0,38.5,0,0,2024,12,27,4,52,4,0,0,1.1659600242277406,919.0,888.0,860.0,867.0,802.0,824.3214285714286,115.95545121582632
2024-12-27,ZEYTY,Zeytinyağı 1L,334.0,290.59,0,0,2024,12,27,4,52,4,0,0,1.1711435768261964,321.0,343.0,288.0,332.0,317.0,298.2142857142857,112.61586625930326
2024-12-28,SARDL,Sardalya Konservesi,313.0,30.34,0,0,2024,12,28,5,52,4,1,0,1.1431801055011304,463.0,282.0,309.0,371.0,408.85714285714283,408.07142857142856,76.66252576808714
2024-12-28,SOMON,Somon Konservesi,151.0,88.28,0,0,2024,12,28,5,52,4,1,0,1.1517286366601434,204.0,177.0,144.0,111.0,200.71428571428572,188.71428571428572,29.52803349200148
2024-12-28,TON160,Ton Balığı Konservesi 160g,428.0,65.82,0,0,2024,12,28,5,52,4,1,0,1.1634114007954042,504.0,349.0,341.0,431.0,491.57142857142856,518.1428571428571,87.79304669288359
2024-12-28,TON80,Ton Balığı Konservesi 80g,599.0,37.74,0,0,2024,12,28,5,52,4,1,0,1.1429436705027256,865.0,672.0,689.0,897.0,798.7142857142857,824.25,113.41033798514118
2024-12-28,ZEYTY,Zeytinyağı 1L,228.0,283.02,0,0,2024,12,28,5,52,4,1,0,1.1406347607052896,334.0,221.0,209.0,232.0,315.7142857142857,298.2857142857143,112.32054470089037
2024-12-29,SARDL,Sardalya Konservesi,376.5,29.61,0,0,2024,12,29,6,52,4,1,0,1.1156744536548606,313.0,330.0,294.0,290.0,413.2857142857143,406.0,68.58258837759917
2024-12-29,SOMON,Somon Konservesi,173.0,92.95,0,0,2024,12,29,6,52,4,1,0,1.212654924983692,151.0,152.0,143.0,161.0,197.0,190.14285714285714,34.26368339802356
2024-12-29,TON160,Ton Balığı Konservesi 160g,334.0,65.06,0,0,2024,12,29,6,52,4,1,0,1.149977905435263,428.0,385.0,323.0,421.0,502.85714285714283,518.0357142857143,69.60466596291754
2024-12-29,TON80,Ton Balığı Konservesi 80g,603.0,38.04,0,0,2024,12,29,6,52,4,1,0,1.1520290732889156,599.0,613.0,670.0,691.0,788.2857142857143,813.6071428571429,129.25390295294986
2024-12-29,ZEYTY,Zeytinyağı 1L,214.0,283.64,0,0,2024,12,29,6,52,4,1,0,1.1431335012594457,228.0,123.0,204.0,227.0,316.7142857142857,298.14285714285717,111.36383956161313
2024-12-30,SARDL,Sardalya Konservesi,440.0,30.47,0,0,2024,12,30,0,1,4,0,0,1.1480783722682744,376.5,393.0,473.0,413.0,419.92857142857144,409.0892857142857,61.00439094266489
2024-12-30,SOMON,Somon Konservesi,253.0,90.65,0,0,2024,12,30,0,1,4,0,0,1.182648401826484,173.0,214.0,174.0,199.0,200.0,190.57142857142858,30.36445290137793
2024-12-30,TON160,Ton Balığı Konservesi 160g,647.0,65.73,0,0,2024,12,30,0,1,4,0,0,1.161820592134335,334.0,536.0,513.0,548.0,495.57142857142856,514.9285714285714,84.97030293550904
2024-12-30,TON80,Ton Balığı Konservesi 80g,776.0,38.51,0,0,2024,12,30,0,1,4,0,0,1.1662628709872802,603.0,830.0,891.0,939.0,786.8571428571429,810.4642857142857,131.54901313632877
2024-12-30,ZEYTY,Zeytinyağı 1L,349.0,280.46,0,0,2024,12,30,0,1,4,0,0,1.1303173803526447,214.0,372.0,339.0,341.0,329.7142857142857,297.67857142857144,87.8003688027829
2024-12-31,SARDL,Sardalya Konservesi,423.0,32.24,0,0,2024,12,31,1,1,4,0,0,1.2147701582516957,440.0,453.0,484.0,464.0,426.64285714285717,410.05357142857144,60.12675103875128
2024-12-31,SOMON,Somon Konservesi,217.0,86.73,0,0,2024,12,31,1,1,4,0,0,1.1315068493150684,253.0,241.0,168.0,189.0,205.57142857142858,192.5,36.34949400315937
2024-12-31,TON160,Ton Balığı Konservesi 160g,548.0,64.96,0,0,2024,12,31,1,1,4,0,0,1.1482103402562969,647.0,564.0,528.0,619.0,511.42857142857144,518.4642857142857,102.35210003195928
2024-12-31,TON80,Ton Balığı Konservesi 80g,928.0,37.81,0,0,2024,12,31,1,1,4,0,0,1.1450635978195034,776.0,880.0,852.0,946.0,779.1428571428571,804.6428571428571,130.17351058161555
2024-12-31,ZEYTY,Zeytinyağı 1L,364.0,275.16,0,0,2024,12,31,1,1,4,0,0,1.10895717884131,349.0,372.0,313.0,296.0,326.42857142857144,297.9642857142857,86.37294549965081
