tarih,urun_kodu,urun_adi,satis_adedi,birim_fiyat,promosyon_var_mi,resmi_tatil_mi
2022-01-01,SARDL,Sardalya Konservesi,203.0,22.75,0,1
2022-01-02,SARDL,Sardalya Konservesi,291.0,23.72,0,0
2022-01-03,SARDL,Sardalya Konservesi,458.0,22.27,0,0
2022-01-04,SARDL,Sardalya Konservesi,416.0,22.62,0,0
2022-01-05,SARDL,Sardalya Konservesi,429.0,22.96,0,0
2022-01-06,SARDL,Sardalya Konservesi,402.5,22.52,0,0
2022-01-07,SARDL,Sardalya Konservesi,376.0,21.76,0,0
2022-01-08,SARDL,Sardalya Konservesi,291.0,23.04,0,0
2022-01-09,SARDL,Sardalya Konservesi,347.0,22.5,0,0
2022-01-10,SARDL,Sardalya Konservesi,423.0,22.53,0,0
2022-01-11,SARDL,Sardalya Konservesi,410.0,22.98,0,0
2022-01-12,SARDL,Sardalya Konservesi,461.0,23.12,0,0
2022-01-13,SARDL,Sardalya Konservesi,407.0,23.42,0,0
2022-01-14,SARDL,Sardalya Konservesi,450.0,23.21,0,0
2022-01-15,SARDL,Sardalya Konservesi,244.0,22.0,0,0
2022-01-16,SARDL,Sardalya Konservesi,315.0,22.25,0,0
2022-01-17,SARDL,Sardalya Konservesi,429.0,22.82,0,0
2022-01-18,SARDL,Sardalya Konservesi,426.0,22.6,0,0
2022-01-19,SARDL,Sardalya Konservesi,381.0,23.1,0,0
2022-01-20,SARDL,Sardalya Konservesi,402.0,22.76,0,0
2022-01-21,SARDL,Sardalya Konservesi,471.0,22.24,0,0
2022-01-22,SARDL,Sardalya Konservesi,304.0,22.21,0,0
2022-01-23,SARDL,Sardalya Konservesi,328.0,23.55,0,0
2022-01-24,SARDL,Sardalya Konservesi,418.0,22.46,0,0
2022-01-25,SARDL,Sardalya Konservesi,475.0,22.12,0,0
2022-01-26,SARDL,Sardalya Konservesi,454.0,23.14,0,0
2022-01-27,SARDL,Sardalya Konservesi,404.0,23.05,0,0
2022-01-28,SARDL,Sardalya Konservesi,450.0,22.0,0,0
2022-01-29,SARDL,Sardalya Konservesi,347.0,23.11,0,0
2022-01-30,SARDL,Sardalya Konservesi,299.0,22.62,0,0
2022-01-31,SARDL,Sardalya Konservesi,454.0,22.61,0,0
2022-02-01,SARDL,Sardalya Konservesi,429.0,22.6,0,0
2022-02-02,SARDL,Sardalya Konservesi,409.0,23.11,0,0
2022-02-03,SARDL,Sardalya Konservesi,611.0,23.38,1,0
2022-02-04,SARDL,Sardalya Konservesi,413.0,21.91,0,0
2022-02-05,SARDL,Sardalya Konservesi,370.5,21.84,1,0
2022-02-06,SARDL,Sardalya Konservesi,328.0,22.54,0,0
2022-02-07,SARDL,Sardalya Konservesi,384.0,22.37,0,0
2022-02-08,SARDL,Sardalya Konservesi,440.0,23.04,0,0
2022-02-09,SARDL,Sardalya Konservesi,502.0,23.31,0,0
2022-02-10,SARDL,Sardalya Konservesi,445.0,22.85,0,0
2022-02-11,SARDL,Sardalya Konservesi,203.0,22.4,0,0
2022-02-12,SARDL,Sardalya Konservesi,330.0,23.28,0,0
2022-02-13,SARDL,Sardalya Konservesi,275.0,22.35,0,0
2022-02-14,SARDL,Sardalya Konservesi,575.0,22.53,1,0
2022-02-15,SARDL,Sardalya Konservesi,436.0,22.65,0,0
2022-02-16,SARDL,Sardalya Konservesi,447.0,23.26,0,0
2022-02-17,SARDL,Sardalya Konservesi,346.0,23.09,0,0
2022-02-18,SARDL,Sardalya Konservesi,403.0,22.12,0,0
2022-02-19,SARDL,Sardalya Konservesi,363.5,22.57,0,0
2022-02-20,SARDL,Sardalya Konservesi,324.0,22.47,0,0
2022-02-21,SARDL,Sardalya Konservesi,389.0,22.52,0,0
2022-02-22,SARDL,Sardalya Konservesi,509.0,22.36,0,0
2022-02-23,SARDL,Sardalya Konservesi,455.0,22.52,0,0
2022-02-24,SARDL,Sardalya Konservesi,480.0,22.19,0,0
2022-02-25,SARDL,Sardalya Konservesi,440.0,23.07,0,0
2022-02-26,SARDL,Sardalya Konservesi,321.0,23.1,0,0
2022-02-27,SARDL,Sardalya Konservesi,396.0,23.29,1,0
2022-02-28,SARDL,Sardalya Konservesi,433.0,22.63,0,0
2022-03-01,SARDL,Sardalya Konservesi,429.0,23.25,0,0
2022-03-02,SARDL,Sardalya Konservesi,452.0,23.3,0,0
2022-03-03,SARDL,Sardalya Konservesi,371.0,22.85,0,0
2022-03-04,SARDL,Sardalya Konservesi,491.0,22.73,0,0
2022-03-05,SARDL,Sardalya Konservesi,292.0,23.12,0,0
2022-03-06,SARDL,Sardalya Konservesi,324.0,23.09,0,0
2022-03-07,SARDL,Sardalya Konservesi,473.0,22.69,0,0
2022-03-08,SARDL,Sardalya Konservesi,393.0,23.22,0,0
2022-03-09,SARDL,Sardalya Konservesi,417.0,23.39,0,0
2022-03-10,SARDL,Sardalya Konservesi,396.0,22.92,0,0
2022-03-11,SARDL,Sardalya Konservesi,426.0,23.3,0,0
2022-03-12,SARDL,Sardalya Konservesi,294.0,23.33,0,0
2022-03-13,SARDL,Sardalya Konservesi,289.0,22.72,0,0
2022-03-14,SARDL,Sardalya Konservesi,407.0,23.22,0,0
2022-03-15,SARDL,Sardalya Konservesi,413.0,22.95,0,0
2022-03-16,SARDL,Sardalya Konservesi,371.0,23.25,0,0
2022-03-17,SARDL,Sardalya Konservesi,491.0,23.17,0,0
2022-03-18,SARDL,Sardalya Konservesi,410.0,23.63,0,0
2022-03-19,SARDL,Sardalya Konservesi,315.0,23.3,0,0
2022-03-20,SARDL,Sardalya Konservesi,332.0,23.76,1,0
2022-03-21,SARDL,Sardalya Konservesi,422.0,23.6,0,0
2022-03-22,SARDL,Sardalya Konservesi,404.0,22.75,0,0
2022-03-23,SARDL,Sardalya Konservesi,410.0,22.5,0,0
2022-03-24,SARDL,Sardalya Konservesi,590.0,22.61,1,0
2022-03-25,SARDL,Sardalya Konservesi,422.0,23.39,0,0
2022-03-26,SARDL,Sardalya Konservesi,294.0,23.81,0,0
2022-03-27,SARDL,Sardalya Konservesi,296.0,22.99,0,0
2022-03-28,SARDL,Sardalya Konservesi,455.0,23.41,0,0
2022-03-29,SARDL,Sardalya Konservesi,427.0,23.37,0,0
2022-03-30,SARDL,Sardalya Konservesi,420.0,22.53,0,0
2022-03-31,SARDL,Sardalya Konservesi,466.0,23.84,0,0
2022-04-01,SARDL,Sardalya Konservesi,418.0,23.3,0,0
2022-04-02,SARDL,Sardalya Konservesi,298.0,23.17,0,0
2022-04-03,SARDL,Sardalya Konservesi,388.0,23.73,1,0
2022-04-04,SARDL,Sardalya Konservesi,413.0,23.62,0,0
2022-04-05,SARDL,Sardalya Konservesi,446.0,23.81,0,0
2022-04-06,SARDL,Sardalya Konservesi,420.0,22.85,0,0
2022-04-07,SARDL,Sardalya Konservesi,414.0,23.54,0,0
2022-04-08,SARDL,Sardalya Konservesi,413.0,23.23,0,0
2022-04-09,SARDL,Sardalya Konservesi,355.0,24.04,0,0
2022-04-10,SARDL,Sardalya Konservesi,305.0,23.91,0,0
2022-04-11,SARDL,Sardalya Konservesi,404.0,23.05,0,0
2022-04-12,SARDL,Sardalya Konservesi,625.0,23.96,1,0
2022-04-13,SARDL,Sardalya Konservesi,422.0,23.71,0,0
2022-04-14,SARDL,Sardalya Konservesi,417.5,22.44,0,0
2022-04-15,SARDL,Sardalya Konservesi,413.0,23.3,0,0
2022-04-16,SARDL,Sardalya Konservesi,316.0,22.98,0,0
2022-04-17,SARDL,Sardalya Konservesi,291.0,23.76,0,0
2022-04-18,SARDL,Sardalya Konservesi,408.0,22.68,0,0
2022-04-19,SARDL,Sardalya Konservesi,452.0,22.81,0,0
2022-04-20,SARDL,Sardalya Konservesi,496.0,23.3,0,0
2022-04-21,SARDL,Sardalya Konservesi,494.0,23.66,0,0
2022-04-22,SARDL,Sardalya Konservesi,351.0,22.67,0,0
2022-04-23,SARDL,Sardalya Konservesi,203.0,23.44,0,1
2022-04-24,SARDL,Sardalya Konservesi,341.0,23.28,0,0
2022-04-25,SARDL,Sardalya Konservesi,496.0,22.82,0,0
2022-04-26,SARDL,Sardalya Konservesi,429.0,23.69,0,0
2022-04-27,SARDL,Sardalya Konservesi,463.0,23.19,0,0
2022-04-28,SARDL,Sardalya Konservesi,430.0,23.05,0,0
2022-04-29,SARDL,Sardalya Konservesi,484.0,23.38,0,0
2022-04-30,SARDL,Sardalya Konservesi,309.0,23.09,0,0
2022-05-01,SARDL,Sardalya Konservesi,203.0,23.58,0,1
2022-05-02,SARDL,Sardalya Konservesi,203.0,23.25,0,1
2022-05-03,SARDL,Sardalya Konservesi,203.0,23.99,0,1
2022-05-04,SARDL,Sardalya Konservesi,203.0,24.22,0,1
2022-05-05,SARDL,Sardalya Konservesi,203.0,24.27,0,1
2022-05-06,SARDL,Sardalya Konservesi,400.0,23.32,0,0
2022-05-07,SARDL,Sardalya Konservesi,345.0,23.27,0,0
2022-05-08,SARDL,Sardalya Konservesi,324.0,23.42,0,0
2022-05-09,SARDL,Sardalya Konservesi,440.0,23.54,0,0
2022-05-10,SARDL,Sardalya Konservesi,448.0,23.59,0,0
2022-05-11,SARDL,Sardalya Konservesi,422.0,23.08,0,0
2022-05-12,SARDL,Sardalya Konservesi,437.0,23.61,0,0
2022-05-13,SARDL,Sardalya Konservesi,602.0,23.26,1,0
2022-05-14,SARDL,Sardalya Konservesi,278.0,23.12,0,0
2022-05-15,SARDL,Sardalya Konservesi,278.0,23.63,0,0
2022-05-16,SARDL,Sardalya Konservesi,653.0,23.63,0,0
2022-05-17,SARDL,Sardalya Konservesi,420.0,23.17,0,0
2022-05-18,SARDL,Sardalya Konservesi,418.0,22.76,0,0
2022-05-19,SARDL,Sardalya Konservesi,203.0,24.08,0,1
2022-05-20,SARDL,Sardalya Konservesi,653.0,23.37,1,0
2022-05-21,SARDL,Sardalya Konservesi,342.0,23.04,0,0
2022-05-22,SARDL,Sardalya Konservesi,311.0,23.41,0,0
2022-05-23,SARDL,Sardalya Konservesi,415.0,24.16,0,0
2022-05-24,SARDL,Sardalya Konservesi,462.0,23.86,0,0
2022-05-25,SARDL,Sardalya Konservesi,405.0,23.26,0,0
2022-05-26,SARDL,Sardalya Konservesi,424.0,23.46,0,0
2022-05-27,SARDL,Sardalya Konservesi,409.0,23.07,0,0
2022-05-28,SARDL,Sardalya Konservesi,300.0,21.95,0,0
2022-05-29,SARDL,Sardalya Konservesi,267.0,24.02,0,0
2022-05-30,SARDL,Sardalya Konservesi,516.0,23.38,0,0
2022-05-31,SARDL,Sardalya Konservesi,478.0,23.6,0,0
2022-06-01,SARDL,Sardalya Konservesi,648.0,23.14,0,0
2022-06-02,SARDL,Sardalya Konservesi,653.0,23.07,1,0
2022-06-03,SARDL,Sardalya Konservesi,653.0,24.03,0,0
2022-06-04,SARDL,Sardalya Konservesi,616.0,23.48,1,0
2022-06-05,SARDL,Sardalya Konservesi,635.0,23.78,1,0
2022-06-06,SARDL,Sardalya Konservesi,653.0,23.6,0,0
2022-06-07,SARDL,Sardalya Konservesi,610.0,24.34,0,0
2022-06-08,SARDL,Sardalya Konservesi,580.0,23.69,0,0
2022-06-09,SARDL,Sardalya Konservesi,606.0,23.84,0,0
2022-06-10,SARDL,Sardalya Konservesi,632.0,23.71,0,0
2022-06-11,SARDL,Sardalya Konservesi,344.0,24.6,0,0
2022-06-12,SARDL,Sardalya Konservesi,434.0,23.46,0,0
2022-06-13,SARDL,Sardalya Konservesi,649.0,24.4,0,0
2022-06-14,SARDL,Sardalya Konservesi,653.0,23.95,0,0
2022-06-15,SARDL,Sardalya Konservesi,653.0,23.64,0,0
2022-06-16,SARDL,Sardalya Konservesi,573.0,23.48,0,0
2022-06-17,SARDL,Sardalya Konservesi,644.0,24.59,0,0
2022-06-18,SARDL,Sardalya Konservesi,408.0,24.05,0,0
2022-06-19,SARDL,Sardalya Konservesi,510.0,23.99,0,0
2022-06-20,SARDL,Sardalya Konservesi,563.0,23.63,0,0
2022-06-21,SARDL,Sardalya Konservesi,653.0,23.85,1,0
2022-06-22,SARDL,Sardalya Konservesi,589.0,23.03,0,0
2022-06-23,SARDL,Sardalya Konservesi,576.0,23.55,0,0
2022-06-24,SARDL,Sardalya Konservesi,653.0,24.42,0,0
2022-06-25,SARDL,Sardalya Konservesi,461.0,24.09,0,0
2022-06-26,SARDL,Sardalya Konservesi,415.0,23.73,0,0
2022-06-27,SARDL,Sardalya Konservesi,622.0,24.57,0,0
2022-06-28,SARDL,Sardalya Konservesi,653.0,23.6,0,0
2022-06-29,SARDL,Sardalya Konservesi,653.0,23.79,0,0
2022-06-30,SARDL,Sardalya Konservesi,653.0,23.64,0,0
2022-07-01,SARDL,Sardalya Konservesi,653.0,24.31,0,0
2022-07-02,SARDL,Sardalya Konservesi,444.0,23.51,0,0
2022-07-03,SARDL,Sardalya Konservesi,438.0,24.78,0,0
2022-07-04,SARDL,Sardalya Konservesi,653.0,24.25,0,0
2022-07-05,SARDL,Sardalya Konservesi,612.0,22.99,0,0
2022-07-06,SARDL,Sardalya Konservesi,536.0,23.88,0,0
2022-07-07,SARDL,Sardalya Konservesi,577.0,23.67,0,0
2022-07-08,SARDL,Sardalya Konservesi,539.0,24.3,0,0
2022-07-09,SARDL,Sardalya Konservesi,203.0,24.8,0,1
2022-07-10,SARDL,Sardalya Konservesi,261.0,23.4,1,1
2022-07-11,SARDL,Sardalya Konservesi,249.0,24.2,0,1
2022-07-12,SARDL,Sardalya Konservesi,261.0,23.58,0,1
2022-07-13,SARDL,Sardalya Konservesi,422.0,23.99,0,0
2022-07-14,SARDL,Sardalya Konservesi,583.0,23.29,0,0
2022-07-15,SARDL,Sardalya Konservesi,653.0,23.7,0,0
2022-07-16,SARDL,Sardalya Konservesi,431.0,24.36,0,0
2022-07-17,SARDL,Sardalya Konservesi,482.0,23.76,0,0
2022-07-18,SARDL,Sardalya Konservesi,638.0,24.09,0,0
2022-07-19,SARDL,Sardalya Konservesi,620.0,23.63,0,0
2022-07-20,SARDL,Sardalya Konservesi,621.0,23.98,0,0
2022-07-21,SARDL,Sardalya Konservesi,653.0,24.34,0,0
2022-07-22,SARDL,Sardalya Konservesi,601.0,23.55,0,0
2022-07-23,SARDL,Sardalya Konservesi,497.0,23.67,0,0
2022-07-24,SARDL,Sardalya Konservesi,430.0,25.09,0,0
2022-07-25,SARDL,Sardalya Konservesi,653.0,23.94,0,0
2022-07-26,SARDL,Sardalya Konservesi,653.0,23.68,0,0
2022-07-27,SARDL,Sardalya Konservesi,539.0,24.02,0,0
2022-07-28,SARDL,Sardalya Konservesi,609.0,23.41,0,0
2022-07-29,SARDL,Sardalya Konservesi,581.0,24.63,0,0
2022-07-30,SARDL,Sardalya Konservesi,455.0,23.8,0,0
2022-07-31,SARDL,Sardalya Konservesi,618.0,23.26,1,0
2022-08-01,SARDL,Sardalya Konservesi,653.0,23.33,0,0
2022-08-02,SARDL,Sardalya Konservesi,579.0,23.69,0,0
2022-08-03,SARDL,Sardalya Konservesi,653.0,24.21,0,0
2022-08-04,SARDL,Sardalya Konservesi,636.0,24.27,0,0
2022-08-05,SARDL,Sardalya Konservesi,645.0,24.2,0,0
2022-08-06,SARDL,Sardalya Konservesi,433.0,24.32,0,0
2022-08-07,SARDL,Sardalya Konservesi,419.0,24.43,0,0
2022-08-08,SARDL,Sardalya Konservesi,653.0,24.65,0,0
2022-08-09,SARDL,Sardalya Konservesi,652.0,25.18,0,0
2022-08-10,SARDL,Sardalya Konservesi,548.0,24.57,0,0
2022-08-11,SARDL,Sardalya Konservesi,653.0,24.6,0,0
2022-08-12,SARDL,Sardalya Konservesi,653.0,24.88,0,0
2022-08-13,SARDL,Sardalya Konservesi,408.0,23.99,0,0
2022-08-14,SARDL,Sardalya Konservesi,446.0,23.68,0,0
2022-08-15,SARDL,Sardalya Konservesi,537.5,23.33,0,0
2022-08-16,SARDL,Sardalya Konservesi,629.0,24.22,0,0
2022-08-17,SARDL,Sardalya Konservesi,564.0,23.72,0,0
2022-08-18,SARDL,Sardalya Konservesi,615.0,23.67,0,0
2022-08-19,SARDL,Sardalya Konservesi,653.0,25.23,0,0
2022-08-20,SARDL,Sardalya Konservesi,467.0,24.31,0,0
2022-08-21,SARDL,Sardalya Konservesi,471.0,24.71,0,0
2022-08-22,SARDL,Sardalya Konservesi,653.0,24.07,1,0
2022-08-23,SARDL,Sardalya Konservesi,653.0,24.17,0,0
2022-08-24,SARDL,Sardalya Konservesi,653.0,24.11,1,0
2022-08-25,SARDL,Sardalya Konservesi,620.0,23.41,0,0
2022-08-26,SARDL,Sardalya Konservesi,604.0,23.76,0,0
2022-08-27,SARDL,Sardalya Konservesi,445.0,24.97,0,0
2022-08-28,SARDL,Sardalya Konservesi,458.0,23.9,0,0
2022-08-29,SARDL,Sardalya Konservesi,620.0,25.21,0,0
2022-08-30,SARDL,Sardalya Konservesi,263.0,23.14,0,1
2022-08-31,SARDL,Sardalya Konservesi,333.5,24.46,0,0
2022-09-01,SARDL,Sardalya Konservesi,404.0,24.19,0,0
2022-09-02,SARDL,Sardalya Konservesi,368.0,25.04,0,0
2022-09-03,SARDL,Sardalya Konservesi,300.0,24.16,0,0
2022-09-04,SARDL,Sardalya Konservesi,339.0,24.73,0,0
2022-09-05,SARDL,Sardalya Konservesi,438.0,24.22,0,0
2022-09-06,SARDL,Sardalya Konservesi,632.0,24.47,1,0
2022-09-07,SARDL,Sardalya Konservesi,413.0,24.84,0,0
2022-09-08,SARDL,Sardalya Konservesi,429.0,24.56,0,0
2022-09-09,SARDL,Sardalya Konservesi,445.0,24.3,0,0
2022-09-10,SARDL,Sardalya Konservesi,312.0,24.37,0,0
2022-09-11,SARDL,Sardalya Konservesi,286.0,23.71,0,0
2022-09-12,SARDL,Sardalya Konservesi,390.0,24.78,0,0
2022-09-13,SARDL,Sardalya Konservesi,429.0,24.62,0,0
2022-09-14,SARDL,Sardalya Konservesi,454.0,24.9,0,0
2022-09-15,SARDL,Sardalya Konservesi,424.0,24.18,0,0
2022-09-16,SARDL,Sardalya Konservesi,427.0,23.44,0,0
2022-09-17,SARDL,Sardalya Konservesi,303.0,23.8,0,0
2022-09-18,SARDL,Sardalya Konservesi,287.0,24.11,0,0
2022-09-19,SARDL,Sardalya Konservesi,388.0,25.01,0,0
2022-09-20,SARDL,Sardalya Konservesi,550.0,23.97,1,0
2022-09-21,SARDL,Sardalya Konservesi,402.0,24.21,0,0
2022-09-22,SARDL,Sardalya Konservesi,442.0,24.28,0,0
2022-09-23,SARDL,Sardalya Konservesi,453.0,24.79,0,0
2022-09-24,SARDL,Sardalya Konservesi,318.0,23.53,0,0
2022-09-25,SARDL,Sardalya Konservesi,393.5,24.69,0,0
2022-09-26,SARDL,Sardalya Konservesi,469.0,25.3,0,0
2022-09-27,SARDL,Sardalya Konservesi,411.0,24.4,0,0
2022-09-28,SARDL,Sardalya Konservesi,431.0,25.31,0,0
2022-09-29,SARDL,Sardalya Konservesi,434.0,24.55,0,0
2022-09-30,SARDL,Sardalya Konservesi,424.0,25.64,0,0
2022-10-01,SARDL,Sardalya Konservesi,288.0,24.51,0,0
2022-10-02,SARDL,Sardalya Konservesi,283.0,24.34,0,0
2022-10-03,SARDL,Sardalya Konservesi,499.0,24.14,1,0
2022-10-04,SARDL,Sardalya Konservesi,437.0,24.97,0,0
2022-10-05,SARDL,Sardalya Konservesi,430.0,24.67,0,0
2022-10-06,SARDL,Sardalya Konservesi,653.0,24.59,1,0
2022-10-07,SARDL,Sardalya Konservesi,498.0,24.19,0,0
2022-10-08,SARDL,Sardalya Konservesi,337.0,24.71,0,0
2022-10-09,SARDL,Sardalya Konservesi,321.0,24.79,0,0
2022-10-10,SARDL,Sardalya Konservesi,404.0,23.97,0,0
2022-10-11,SARDL,Sardalya Konservesi,468.0,24.02,1,0
2022-10-12,SARDL,Sardalya Konservesi,423.0,24.8,0,0
2022-10-13,SARDL,Sardalya Konservesi,433.0,24.8,0,0
2022-10-14,SARDL,Sardalya Konservesi,478.0,24.73,0,0
2022-10-15,SARDL,Sardalya Konservesi,325.0,24.63,0,0
2022-10-16,SARDL,Sardalya Konservesi,329.0,24.48,0,0
2022-10-17,SARDL,Sardalya Konservesi,369.0,24.03,0,0
2022-10-18,SARDL,Sardalya Konservesi,495.0,25.68,0,0
2022-10-19,SARDL,Sardalya Konservesi,431.0,23.69,0,0
2022-10-20,SARDL,Sardalya Konservesi,457.0,24.73,0,0
2022-10-21,SARDL,Sardalya Konservesi,395.0,25.53,0,0
2022-10-22,SARDL,Sardalya Konservesi,309.0,24.18,0,0
2022-10-23,SARDL,Sardalya Konservesi,242.0,24.21,0,0
2022-10-24,SARDL,Sardalya Konservesi,462.0,24.58,0,0
2022-10-25,SARDL,Sardalya Konservesi,454.0,24.69,0,0
2022-10-26,SARDL,Sardalya Konservesi,397.0,24.94,0,0
2022-10-27,SARDL,Sardalya Konservesi,379.0,24.75,0,0
2022-10-28,SARDL,Sardalya Konservesi,434.0,24.47,0,0
2022-10-29,SARDL,Sardalya Konservesi,203.0,24.73,1,1
2022-10-30,SARDL,Sardalya Konservesi,426.0,24.2,1,0
2022-10-31,SARDL,Sardalya Konservesi,425.0,25.15,0,0
2022-11-01,SARDL,Sardalya Konservesi,464.0,24.62,0,0
2022-11-02,SARDL,Sardalya Konservesi,481.0,24.37,0,0
2022-11-03,SARDL,Sardalya Konservesi,498.0,24.1,0,0
2022-11-04,SARDL,Sardalya Konservesi,515.0,25.04,0,0
2022-11-05,SARDL,Sardalya Konservesi,251.0,24.22,0,0
2022-11-06,SARDL,Sardalya Konservesi,272.0,25.41,0,0
2022-11-07,SARDL,Sardalya Konservesi,473.0,25.1,0,0
2022-11-08,SARDL,Sardalya Konservesi,440.0,24.99,0,0
2022-11-09,SARDL,Sardalya Konservesi,461.0,25.01,0,0
2022-11-10,SARDL,Sardalya Konservesi,390.0,25.11,0,0
2022-11-11,SARDL,Sardalya Konservesi,434.0,25.73,0,0
2022-11-12,SARDL,Sardalya Konservesi,326.0,25.09,0,0
2022-11-13,SARDL,Sardalya Konservesi,335.0,25.41,0,0
2022-11-14,SARDL,Sardalya Konservesi,434.0,24.91,0,0
2022-11-15,SARDL,Sardalya Konservesi,470.0,25.06,0,0
2022-11-16,SARDL,Sardalya Konservesi,454.0,24.31,0,0
2022-11-17,SARDL,Sardalya Konservesi,496.0,24.43,0,0
2022-11-18,SARDL,Sardalya Konservesi,418.0,25.06,0,0
2022-11-19,SARDL,Sardalya Konservesi,309.0,25.1,0,0
2022-11-20,SARDL,Sardalya Konservesi,264.0,24.81,0,0
2022-11-21,SARDL,Sardalya Konservesi,427.0,24.39,0,0
2022-11-22,SARDL,Sardalya Konservesi,412.0,24.06,0,0
2022-11-23,SARDL,Sardalya Konservesi,405.0,24.66,0,0
2022-11-24,SARDL,Sardalya Konservesi,402.0,25.3,0,0
2022-11-25,SARDL,Sardalya Konservesi,420.0,24.97,0,0
2022-11-26,SARDL,Sardalya Konservesi,348.0,24.87,0,0
2022-11-27,SARDL,Sardalya Konservesi,318.0,25.03,0,0
2022-11-28,SARDL,Sardalya Konservesi,454.0,24.57,0,0
2022-11-29,SARDL,Sardalya Konservesi,653.0,25.25,0,0
2022-11-30,SARDL,Sardalya Konservesi,412.0,24.36,0,0
2022-12-01,SARDL,Sardalya Konservesi,408.0,25.69,0,0
2022-12-02,SARDL,Sardalya Konservesi,413.0,25.76,0,0
2022-12-03,SARDL,Sardalya Konservesi,304.0,25.06,0,0
2022-12-04,SARDL,Sardalya Konservesi,288.0,24.57,0,0
2022-12-05,SARDL,Sardalya Konservesi,437.0,24.65,0,0
2022-12-06,SARDL,Sardalya Konservesi,435.0,25.45,0,0
2022-12-07,SARDL,Sardalya Konservesi,474.0,25.0,0,0
2022-12-08,SARDL,Sardalya Konservesi,414.0,25.04,0,0
2022-12-09,SARDL,Sardalya Konservesi,476.0,24.53,0,0
2022-12-10,SARDL,Sardalya Konservesi,294.0,24.87,0,0
2022-12-11,SARDL,Sardalya Konservesi,339.0,24.71,0,0
2022-12-12,SARDL,Sardalya Konservesi,630.0,24.76,1,0
2022-12-13,SARDL,Sardalya Konservesi,391.0,24.94,0,0
2022-12-14,SARDL,Sardalya Konservesi,431.0,24.9,0,0
2022-12-15,SARDL,Sardalya Konservesi,427.0,25.02,0,0
2022-12-16,SARDL,Sardalya Konservesi,405.0,24.92,0,0
2022-12-17,SARDL,Sardalya Konservesi,322.0,25.09,0,0
2022-12-18,SARDL,Sardalya Konservesi,341.0,24.36,0,0
2022-12-19,SARDL,Sardalya Konservesi,435.0,23.25,0,0
2022-12-20,SARDL,Sardalya Konservesi,432.0,25.35,0,0
2022-12-21,SARDL,Sardalya Konservesi,429.0,24.05,0,0
2022-12-22,SARDL,Sardalya Konservesi,393.0,25.21,0,0
2022-12-23,SARDL,Sardalya Konservesi,466.0,24.72,0,0
2022-12-24,SARDL,Sardalya Konservesi,272.0,25.2,0,0
2022-12-25,SARDL,Sardalya Konservesi,286.0,25.37,0,0
2022-12-26,SARDL,Sardalya Konservesi,439.0,24.77,0,0
2022-12-27,SARDL,Sardalya Konservesi,418.0,25.22,0,0
2022-12-28,SARDL,Sardalya Konservesi,424.0,24.92,0,0
2022-12-29,SARDL,Sardalya Konservesi,470.0,24.78,0,0
2022-12-30,SARDL,Sardalya Konservesi,203.0,24.39,0,0
2022-12-31,SARDL,Sardalya Konservesi,332.0,24.46,0,0
2023-01-01,SARDL,Sardalya Konservesi,203.0,25.08,0,1
2023-01-02,SARDL,Sardalya Konservesi,353.0,25.55,0,0
2023-01-03,SARDL,Sardalya Konservesi,472.0,25.36,0,0
2023-01-04,SARDL,Sardalya Konservesi,415.0,25.31,0,0
2023-01-05,SARDL,Sardalya Konservesi,470.0,24.6,0,0
2023-01-06,SARDL,Sardalya Konservesi,410.0,25.71,0,0
2023-01-07,SARDL,Sardalya Konservesi,338.0,24.93,0,0
2023-01-08,SARDL,Sardalya Konservesi,265.0,25.52,0,0
2023-01-09,SARDL,Sardalya Konservesi,424.0,25.16,0,0
2023-01-10,SARDL,Sardalya Konservesi,433.0,25.39,0,0
2023-01-11,SARDL,Sardalya Konservesi,439.0,25.01,0,0
2023-01-12,SARDL,Sardalya Konservesi,551.0,25.05,0,0
2023-01-13,SARDL,Sardalya Konservesi,432.0,25.35,0,0
2023-01-14,SARDL,Sardalya Konservesi,275.0,26.23,0,0
2023-01-15,SARDL,Sardalya Konservesi,285.0,25.25,0,0
2023-01-16,SARDL,Sardalya Konservesi,415.0,25.63,0,0
2023-01-17,SARDL,Sardalya Konservesi,450.0,25.61,0,0
2023-01-18,SARDL,Sardalya Konservesi,451.0,25.72,0,0
2023-01-19,SARDL,Sardalya Konservesi,384.0,25.22,0,0
2023-01-20,SARDL,Sardalya Konservesi,481.0,25.85,0,0
2023-01-21,SARDL,Sardalya Konservesi,327.0,24.87,0,0
2023-01-22,SARDL,Sardalya Konservesi,314.0,24.76,0,0
2023-01-23,SARDL,Sardalya Konservesi,418.0,25.57,0,0
2023-01-24,SARDL,Sardalya Konservesi,462.0,25.42,0,0
2023-01-25,SARDL,Sardalya Konservesi,409.0,25.32,0,0
2023-01-26,SARDL,Sardalya Konservesi,419.0,24.76,0,0
2023-01-27,SARDL,Sardalya Konservesi,419.0,24.8,0,0
2023-01-28,SARDL,Sardalya Konservesi,329.0,25.16,0,0
2023-01-29,SARDL,Sardalya Konservesi,372.0,25.44,0,0
2023-01-30,SARDL,Sardalya Konservesi,443.0,24.39,0,0
2023-01-31,SARDL,Sardalya Konservesi,399.0,25.19,0,0
2023-02-01,SARDL,Sardalya Konservesi,429.0,25.41,0,0
2023-02-02,SARDL,Sardalya Konservesi,588.0,25.99,1,0
2023-02-03,SARDL,Sardalya Konservesi,444.0,25.09,0,0
2023-02-04,SARDL,Sardalya Konservesi,281.0,25.33,0,0
2023-02-05,SARDL,Sardalya Konservesi,315.0,25.33,0,0
2023-02-06,SARDL,Sardalya Konservesi,444.0,25.5,0,0
2023-02-07,SARDL,Sardalya Konservesi,444.0,25.21,0,0
2023-02-08,SARDL,Sardalya Konservesi,437.0,25.54,0,0
2023-02-09,SARDL,Sardalya Konservesi,508.0,25.5,0,0
2023-02-10,SARDL,Sardalya Konservesi,443.0,26.06,0,0
2023-02-11,SARDL,Sardalya Konservesi,302.0,25.1,0,0
2023-02-12,SARDL,Sardalya Konservesi,295.0,26.34,0,0
2023-02-13,SARDL,Sardalya Konservesi,425.0,25.43,0,0
2023-02-14,SARDL,Sardalya Konservesi,203.0,25.71,0,0
2023-02-15,SARDL,Sardalya Konservesi,418.0,25.62,0,0
2023-02-16,SARDL,Sardalya Konservesi,409.0,26.21,0,0
2023-02-17,SARDL,Sardalya Konservesi,412.0,26.05,0,0
2023-02-18,SARDL,Sardalya Konservesi,394.0,25.12,1,0
2023-02-19,SARDL,Sardalya Konservesi,320.0,24.69,0,0
2023-02-20,SARDL,Sardalya Konservesi,420.0,24.97,0,0
2023-02-21,SARDL,Sardalya Konservesi,458.0,25.97,0,0
2023-02-22,SARDL,Sardalya Konservesi,599.0,24.85,1,0
2023-02-23,SARDL,Sardalya Konservesi,411.0,26.18,0,0
2023-02-24,SARDL,Sardalya Konservesi,393.0,25.86,0,0
2023-02-25,SARDL,Sardalya Konservesi,312.0,25.8,0,0
2023-02-26,SARDL,Sardalya Konservesi,324.0,25.95,0,0
2023-02-27,SARDL,Sardalya Konservesi,437.0,24.93,0,0
2023-02-28,SARDL,Sardalya Konservesi,357.0,26.37,0,0
2023-03-01,SARDL,Sardalya Konservesi,488.0,26.13,0,0
2023-03-02,SARDL,Sardalya Konservesi,410.0,24.88,0,0
2023-03-03,SARDL,Sardalya Konservesi,402.0,25.92,0,0
2023-03-04,SARDL,Sardalya Konservesi,335.0,26.36,0,0
2023-03-05,SARDL,Sardalya Konservesi,291.0,24.96,0,0
2023-03-06,SARDL,Sardalya Konservesi,458.0,26.07,0,0
2023-03-07,SARDL,Sardalya Konservesi,402.0,26.82,0,0
2023-03-08,SARDL,Sardalya Konservesi,401.0,26.44,0,0
2023-03-09,SARDL,Sardalya Konservesi,464.0,25.95,0,0
2023-03-10,SARDL,Sardalya Konservesi,464.0,24.16,0,0
2023-03-11,SARDL,Sardalya Konservesi,454.0,26.42,1,0
2023-03-12,SARDL,Sardalya Konservesi,333.0,26.77,0,0
2023-03-13,SARDL,Sardalya Konservesi,476.0,25.45,0,0
2023-03-14,SARDL,Sardalya Konservesi,436.0,25.43,0,0
2023-03-15,SARDL,Sardalya Konservesi,448.0,26.17,0,0
2023-03-16,SARDL,Sardalya Konservesi,519.0,26.44,0,0
2023-03-17,SARDL,Sardalya Konservesi,421.0,25.17,0,0
2023-03-18,SARDL,Sardalya Konservesi,298.0,25.93,0,0
2023-03-19,SARDL,Sardalya Konservesi,328.0,25.73,0,0
2023-03-20,SARDL,Sardalya Konservesi,441.0,26.11,0,0
2023-03-21,SARDL,Sardalya Konservesi,425.0,25.86,0,0
2023-03-22,SARDL,Sardalya Konservesi,653.0,26.52,1,0
2023-03-23,SARDL,Sardalya Konservesi,393.0,26.32,0,0
2023-03-24,SARDL,Sardalya Konservesi,440.0,25.67,0,0
2023-03-25,SARDL,Sardalya Konservesi,311.0,25.33,0,0
2023-03-26,SARDL,Sardalya Konservesi,454.0,25.83,1,0
2023-03-27,SARDL,Sardalya Konservesi,473.0,25.57,0,0
2023-03-28,SARDL,Sardalya Konservesi,405.0,25.34,0,0
2023-03-29,SARDL,Sardalya Konservesi,435.0,25.65,0,0
2023-03-30,SARDL,Sardalya Konservesi,606.0,24.6,1,0
2023-03-31,SARDL,Sardalya Konservesi,444.0,26.74,0,0
2023-04-01,SARDL,Sardalya Konservesi,282.0,25.76,0,0
2023-04-02,SARDL,Sardalya Konservesi,269.0,24.93,0,0
2023-04-03,SARDL,Sardalya Konservesi,506.0,25.81,0,0
2023-04-04,SARDL,Sardalya Konservesi,457.0,24.48,0,0
2023-04-05,SARDL,Sardalya Konservesi,421.0,25.54,0,0
2023-04-06,SARDL,Sardalya Konservesi,386.0,25.42,0,0
2023-04-07,SARDL,Sardalya Konservesi,442.0,25.98,0,0
2023-04-08,SARDL,Sardalya Konservesi,268.0,26.26,0,0
2023-04-09,SARDL,Sardalya Konservesi,331.0,26.38,0,0
2023-04-10,SARDL,Sardalya Konservesi,418.0,26.15,0,0
2023-04-11,SARDL,Sardalya Konservesi,470.0,26.1,0,0
2023-04-12,SARDL,Sardalya Konservesi,462.0,26.45,0,0
2023-04-13,SARDL,Sardalya Konservesi,410.0,26.01,0,0
2023-04-14,SARDL,Sardalya Konservesi,448.0,26.12,0,0
2023-04-15,SARDL,Sardalya Konservesi,362.0,26.24,0,0
2023-04-16,SARDL,Sardalya Konservesi,341.0,25.66,0,0
2023-04-17,SARDL,Sardalya Konservesi,490.0,26.07,0,0
2023-04-18,SARDL,Sardalya Konservesi,501.0,26.4,0,0
2023-04-19,SARDL,Sardalya Konservesi,537.0,25.8,0,0
2023-04-20,SARDL,Sardalya Konservesi,530.0,26.4,0,0
2023-04-21,SARDL,Sardalya Konservesi,203.0,26.19,0,1
2023-04-22,SARDL,Sardalya Konservesi,203.0,25.96,0,1
2023-04-23,SARDL,Sardalya Konservesi,203.0,26.54,0,1
2023-04-24,SARDL,Sardalya Konservesi,203.0,25.97,0,1
2023-04-25,SARDL,Sardalya Konservesi,437.0,26.85,0,0
2023-04-26,SARDL,Sardalya Konservesi,436.0,25.41,0,0
2023-04-27,SARDL,Sardalya Konservesi,425.0,25.95,0,0
2023-04-28,SARDL,Sardalya Konservesi,426.0,26.37,0,0
2023-04-29,SARDL,Sardalya Konservesi,343.0,25.91,0,0
2023-04-30,SARDL,Sardalya Konservesi,308.0,25.17,0,0
2023-05-01,SARDL,Sardalya Konservesi,405.5,26.57,0,1
2023-05-02,SARDL,Sardalya Konservesi,503.0,26.63,0,0
2023-05-03,SARDL,Sardalya Konservesi,393.0,26.99,0,0
2023-05-04,SARDL,Sardalya Konservesi,444.0,25.27,0,0
2023-05-05,SARDL,Sardalya Konservesi,366.0,25.41,0,0
2023-05-06,SARDL,Sardalya Konservesi,323.0,26.29,0,0
2023-05-07,SARDL,Sardalya Konservesi,328.0,27.03,0,0
2023-05-08,SARDL,Sardalya Konservesi,395.0,27.14,0,0
2023-05-09,SARDL,Sardalya Konservesi,462.0,25.55,0,0
2023-05-10,SARDL,Sardalya Konservesi,447.0,26.85,0,0
2023-05-11,SARDL,Sardalya Konservesi,429.0,26.92,0,0
2023-05-12,SARDL,Sardalya Konservesi,427.0,26.45,0,0
2023-05-13,SARDL,Sardalya Konservesi,330.0,27.42,0,0
2023-05-14,SARDL,Sardalya Konservesi,355.0,25.6,0,0
2023-05-15,SARDL,Sardalya Konservesi,434.0,25.81,0,0
2023-05-16,SARDL,Sardalya Konservesi,452.0,26.44,0,0
2023-05-17,SARDL,Sardalya Konservesi,394.0,26.46,0,0
2023-05-18,SARDL,Sardalya Konservesi,471.0,26.47,0,0
2023-05-19,SARDL,Sardalya Konservesi,203.0,26.78,0,1
2023-05-20,SARDL,Sardalya Konservesi,284.0,25.88,0,0
2023-05-21,SARDL,Sardalya Konservesi,271.0,26.41,0,0
2023-05-22,SARDL,Sardalya Konservesi,554.0,25.65,1,0
2023-05-23,SARDL,Sardalya Konservesi,432.0,25.31,0,0
2023-05-24,SARDL,Sardalya Konservesi,450.0,25.15,0,0
2023-05-25,SARDL,Sardalya Konservesi,412.0,26.06,0,0
2023-05-26,SARDL,Sardalya Konservesi,431.0,26.03,0,0
2023-05-27,SARDL,Sardalya Konservesi,342.0,26.59,0,0
2023-05-28,SARDL,Sardalya Konservesi,365.0,26.82,0,0
2023-05-29,SARDL,Sardalya Konservesi,438.0,26.65,0,0
2023-05-30,SARDL,Sardalya Konservesi,565.0,26.06,1,0
2023-05-31,SARDL,Sardalya Konservesi,399.0,26.59,0,0
2023-06-01,SARDL,Sardalya Konservesi,627.0,26.44,0,0
2023-06-02,SARDL,Sardalya Konservesi,575.0,25.94,0,0
2023-06-03,SARDL,Sardalya Konservesi,399.0,27.66,0,0
2023-06-04,SARDL,Sardalya Konservesi,493.0,26.3,0,0
2023-06-05,SARDL,Sardalya Konservesi,564.0,26.63,0,0
2023-06-06,SARDL,Sardalya Konservesi,635.0,25.73,0,0
2023-06-07,SARDL,Sardalya Konservesi,637.0,24.97,0,0
2023-06-08,SARDL,Sardalya Konservesi,653.0,26.39,0,0
2023-06-09,SARDL,Sardalya Konservesi,612.0,25.77,0,0
2023-06-10,SARDL,Sardalya Konservesi,456.0,26.61,0,0
2023-06-11,SARDL,Sardalya Konservesi,425.0,25.68,0,0
2023-06-12,SARDL,Sardalya Konservesi,641.0,27.14,0,0
2023-06-13,SARDL,Sardalya Konservesi,653.0,25.53,0,0
2023-06-14,SARDL,Sardalya Konservesi,613.0,25.57,0,0
2023-06-15,SARDL,Sardalya Konservesi,653.0,26.72,1,0
2023-06-16,SARDL,Sardalya Konservesi,653.0,25.19,0,0
2023-06-17,SARDL,Sardalya Konservesi,429.0,26.89,0,0
2023-06-18,SARDL,Sardalya Konservesi,339.0,26.49,0,0
2023-06-19,SARDL,Sardalya Konservesi,653.0,25.0,0,0
2023-06-20,SARDL,Sardalya Konservesi,611.0,26.17,0,0
2023-06-21,SARDL,Sardalya Konservesi,610.0,26.59,0,0
2023-06-22,SARDL,Sardalya Konservesi,648.0,26.23,0,0
2023-06-23,SARDL,Sardalya Konservesi,653.0,25.69,0,0
2023-06-24,SARDL,Sardalya Konservesi,413.0,26.37,0,0
2023-06-25,SARDL,Sardalya Konservesi,450.0,25.89,0,0
2023-06-26,SARDL,Sardalya Konservesi,550.0,26.34,0,0
2023-06-27,SARDL,Sardalya Konservesi,588.0,26.19,0,0
2023-06-28,SARDL,Sardalya Konservesi,254.0,27.19,0,1
2023-06-29,SARDL,Sardalya Konservesi,237.0,27.36,0,1
2023-06-30,SARDL,Sardalya Konservesi,259.0,26.38,0,1
2023-07-01,SARDL,Sardalya Konservesi,203.0,26.86,0,1
2023-07-02,SARDL,Sardalya Konservesi,418.0,26.07,0,0
2023-07-03,SARDL,Sardalya Konservesi,653.0,26.36,0,0
2023-07-04,SARDL,Sardalya Konservesi,602.0,26.03,0,0
2023-07-05,SARDL,Sardalya Konservesi,653.0,26.96,1,0
2023-07-06,SARDL,Sardalya Konservesi,632.0,26.87,0,0
2023-07-07,SARDL,Sardalya Konservesi,594.0,26.02,0,0
2023-07-08,SARDL,Sardalya Konservesi,477.0,27.19,0,0
2023-07-09,SARDL,Sardalya Konservesi,480.0,25.89,0,0
2023-07-10,SARDL,Sardalya Konservesi,653.0,27.3,1,0
2023-07-11,SARDL,Sardalya Konservesi,653.0,26.84,0,0
2023-07-12,SARDL,Sardalya Konservesi,653.0,26.25,0,0
2023-07-13,SARDL,Sardalya Konservesi,653.0,27.28,0,0
2023-07-14,SARDL,Sardalya Konservesi,653.0,26.62,0,0
2023-07-15,SARDL,Sardalya Konservesi,653.0,25.81,0,0
2023-07-16,SARDL,Sardalya Konservesi,502.0,27.25,0,0
2023-07-17,SARDL,Sardalya Konservesi,585.5,26.67,0,0
2023-07-18,SARDL,Sardalya Konservesi,653.0,26.31,0,0
2023-07-19,SARDL,Sardalya Konservesi,619.0,26.4,0,0
2023-07-20,SARDL,Sardalya Konservesi,595.0,26.97,0,0
2023-07-21,SARDL,Sardalya Konservesi,628.0,27.24,0,0
2023-07-22,SARDL,Sardalya Konservesi,425.0,25.89,0,0
2023-07-23,SARDL,Sardalya Konservesi,415.0,27.4,0,0
2023-07-24,SARDL,Sardalya Konservesi,585.0,27.19,0,0
2023-07-25,SARDL,Sardalya Konservesi,653.0,26.62,0,0
2023-07-26,SARDL,Sardalya Konservesi,591.0,26.04,0,0
2023-07-27,SARDL,Sardalya Konservesi,653.0,26.72,0,0
2023-07-28,SARDL,Sardalya Konservesi,642.0,26.73,0,0
2023-07-29,SARDL,Sardalya Konservesi,624.0,26.57,1,0
2023-07-30,SARDL,Sardalya Konservesi,474.0,26.61,0,0
2023-07-31,SARDL,Sardalya Konservesi,617.0,27.18,0,0
2023-08-01,SARDL,Sardalya Konservesi,633.0,26.17,0,0
2023-08-02,SARDL,Sardalya Konservesi,587.0,27.53,0,0
2023-08-03,SARDL,Sardalya Konservesi,568.0,26.96,0,0
2023-08-04,SARDL,Sardalya Konservesi,653.0,26.23,0,0
2023-08-05,SARDL,Sardalya Konservesi,462.0,27.17,0,0
2023-08-06,SARDL,Sardalya Konservesi,429.0,25.56,0,0
2023-08-07,SARDL,Sardalya Konservesi,556.0,27.14,0,0
2023-08-08,SARDL,Sardalya Konservesi,653.0,26.63,0,0
2023-08-09,SARDL,Sardalya Konservesi,203.0,26.02,0,0
2023-08-10,SARDL,Sardalya Konservesi,646.0,26.03,0,0
2023-08-11,SARDL,Sardalya Konservesi,581.5,26.54,0,0
2023-08-12,SARDL,Sardalya Konservesi,517.0,26.91,0,0
2023-08-13,SARDL,Sardalya Konservesi,461.0,26.19,0,0
2023-08-14,SARDL,Sardalya Konservesi,653.0,26.44,0,0
2023-08-15,SARDL,Sardalya Konservesi,579.0,26.94,0,0
2023-08-16,SARDL,Sardalya Konservesi,632.0,26.79,0,0
2023-08-17,SARDL,Sardalya Konservesi,653.0,26.56,0,0
2023-08-18,SARDL,Sardalya Konservesi,653.0,26.34,0,0
2023-08-19,SARDL,Sardalya Konservesi,462.0,27.41,0,0
2023-08-20,SARDL,Sardalya Konservesi,438.0,28.44,0,0
2023-08-21,SARDL,Sardalya Konservesi,640.0,27.25,0,0
2023-08-22,SARDL,Sardalya Konservesi,653.0,27.35,0,0
2023-08-23,SARDL,Sardalya Konservesi,653.0,27.23,0,0
2023-08-24,SARDL,Sardalya Konservesi,618.0,26.64,0,0
2023-08-25,SARDL,Sardalya Konservesi,653.0,27.83,0,0
2023-08-26,SARDL,Sardalya Konservesi,422.0,27.09,0,0
2023-08-27,SARDL,Sardalya Konservesi,421.0,27.48,0,0
2023-08-28,SARDL,Sardalya Konservesi,635.0,26.39,0,0
2023-08-29,SARDL,Sardalya Konservesi,653.0,25.68,0,0
2023-08-30,SARDL,Sardalya Konservesi,244.0,27.19,0,1
2023-08-31,SARDL,Sardalya Konservesi,623.0,26.85,0,0
2023-09-01,SARDL,Sardalya Konservesi,440.0,26.57,0,0
2023-09-02,SARDL,Sardalya Konservesi,313.0,26.87,0,0
2023-09-03,SARDL,Sardalya Konservesi,203.0,26.93,0,0
2023-09-04,SARDL,Sardalya Konservesi,461.0,27.17,0,0
2023-09-05,SARDL,Sardalya Konservesi,447.0,26.74,0,0
2023-09-06,SARDL,Sardalya Konservesi,389.0,27.32,0,0
2023-09-07,SARDL,Sardalya Konservesi,505.0,27.57,0,0
2023-09-08,SARDL,Sardalya Konservesi,428.0,27.0,0,0
2023-09-09,SARDL,Sardalya Konservesi,325.0,26.94,0,0
2023-09-10,SARDL,Sardalya Konservesi,270.0,27.34,0,0
2023-09-11,SARDL,Sardalya Konservesi,451.0,26.6,0,0
2023-09-12,SARDL,Sardalya Konservesi,393.0,27.0,0,0
2023-09-13,SARDL,Sardalya Konservesi,406.0,27.9,0,0
2023-09-14,SARDL,Sardalya Konservesi,428.0,27.11,0,0
2023-09-15,SARDL,Sardalya Konservesi,440.0,26.52,0,0
2023-09-16,SARDL,Sardalya Konservesi,298.0,27.32,0,0
2023-09-17,SARDL,Sardalya Konservesi,325.0,26.93,0,0
2023-09-18,SARDL,Sardalya Konservesi,404.0,26.05,0,0
2023-09-19,SARDL,Sardalya Konservesi,561.0,27.25,1,0
2023-09-20,SARDL,Sardalya Konservesi,465.0,26.84,0,0
2023-09-21,SARDL,Sardalya Konservesi,653.0,26.8,1,0
2023-09-22,SARDL,Sardalya Konservesi,357.0,26.2,0,0
2023-09-23,SARDL,Sardalya Konservesi,285.0,27.64,0,0
2023-09-24,SARDL,Sardalya Konservesi,334.0,26.64,0,0
2023-09-25,SARDL,Sardalya Konservesi,465.0,26.9,0,0
2023-09-26,SARDL,Sardalya Konservesi,446.0,26.85,0,0
2023-09-27,SARDL,Sardalya Konservesi,402.0,26.91,0,0
2023-09-28,SARDL,Sardalya Konservesi,638.0,28.14,1,0
2023-09-29,SARDL,Sardalya Konservesi,428.0,26.81,0,0
2023-09-30,SARDL,Sardalya Konservesi,285.0,28.02,0,0
2023-10-01,SARDL,Sardalya Konservesi,322.0,26.71,0,0
2023-10-02,SARDL,Sardalya Konservesi,436.0,28.46,0,0
2023-10-03,SARDL,Sardalya Konservesi,399.0,27.81,0,0
2023-10-04,SARDL,Sardalya Konservesi,421.0,27.44,0,0
2023-10-05,SARDL,Sardalya Konservesi,489.0,28.27,0,0
2023-10-06,SARDL,Sardalya Konservesi,410.0,28.5,0,0
2023-10-07,SARDL,Sardalya Konservesi,319.0,27.28,0,0
2023-10-08,SARDL,Sardalya Konservesi,313.0,26.91,0,0
2023-10-09,SARDL,Sardalya Konservesi,415.0,27.77,0,0
2023-10-10,SARDL,Sardalya Konservesi,407.0,26.9,0,0
2023-10-11,SARDL,Sardalya Konservesi,464.0,26.56,0,0
2023-10-12,SARDL,Sardalya Konservesi,406.0,26.92,0,0
2023-10-13,SARDL,Sardalya Konservesi,653.0,27.6,1,0
2023-10-14,SARDL,Sardalya Konservesi,330.0,27.03,0,0
2023-10-15,SARDL,Sardalya Konservesi,256.0,27.01,0,0
2023-10-16,SARDL,Sardalya Konservesi,405.0,28.06,0,0
2023-10-17,SARDL,Sardalya Konservesi,409.0,26.94,0,0
2023-10-18,SARDL,Sardalya Konservesi,424.0,27.38,0,0
2023-10-19,SARDL,Sardalya Konservesi,491.0,27.89,0,0
2023-10-20,SARDL,Sardalya Konservesi,401.0,26.99,0,0
2023-10-21,SARDL,Sardalya Konservesi,321.0,27.08,0,0
2023-10-22,SARDL,Sardalya Konservesi,298.0,27.31,0,0
2023-10-23,SARDL,Sardalya Konservesi,357.0,26.67,0,0
2023-10-24,SARDL,Sardalya Konservesi,478.0,26.84,0,0
2023-10-25,SARDL,Sardalya Konservesi,427.0,27.64,0,0
2023-10-26,SARDL,Sardalya Konservesi,526.0,27.8,1,0
2023-10-27,SARDL,Sardalya Konservesi,372.0,27.44,0,0
2023-10-28,SARDL,Sardalya Konservesi,316.0,27.61,0,0
2023-10-29,SARDL,Sardalya Konservesi,203.0,27.58,0,1
2023-10-30,SARDL,Sardalya Konservesi,392.0,27.86,0,0
2023-10-31,SARDL,Sardalya Konservesi,411.0,28.09,0,0
2023-11-01,SARDL,Sardalya Konservesi,430.0,26.37,0,0
2023-11-02,SARDL,Sardalya Konservesi,399.0,27.81,0,0
2023-11-03,SARDL,Sardalya Konservesi,346.5,28.2,0,0
2023-11-04,SARDL,Sardalya Konservesi,294.0,27.21,0,0
2023-11-05,SARDL,Sardalya Konservesi,285.0,26.54,0,0
2023-11-06,SARDL,Sardalya Konservesi,430.0,27.09,0,0
2023-11-07,SARDL,Sardalya Konservesi,459.0,25.84,0,0
2023-11-08,SARDL,Sardalya Konservesi,441.5,27.89,0,0
2023-11-09,SARDL,Sardalya Konservesi,424.0,26.69,0,0
2023-11-10,SARDL,Sardalya Konservesi,470.0,28.03,0,0
2023-11-11,SARDL,Sardalya Konservesi,313.0,28.34,0,0
2023-11-12,SARDL,Sardalya Konservesi,271.0,27.5,0,0
2023-11-13,SARDL,Sardalya Konservesi,418.0,28.12,0,0
2023-11-14,SARDL,Sardalya Konservesi,433.0,27.56,0,0
2023-11-15,SARDL,Sardalya Konservesi,406.0,26.23,0,0
2023-11-16,SARDL,Sardalya Konservesi,432.0,27.81,0,0
2023-11-17,SARDL,Sardalya Konservesi,461.0,27.82,0,0
2023-11-18,SARDL,Sardalya Konservesi,297.0,27.12,0,0
2023-11-19,SARDL,Sardalya Konservesi,329.0,27.5,0,0
2023-11-20,SARDL,Sardalya Konservesi,372.0,27.46,0,0
2023-11-21,SARDL,Sardalya Konservesi,460.0,27.49,0,0
2023-11-22,SARDL,Sardalya Konservesi,599.0,28.35,1,0
2023-11-23,SARDL,Sardalya Konservesi,420.0,26.79,0,0
2023-11-24,SARDL,Sardalya Konservesi,464.0,27.88,0,0
2023-11-25,SARDL,Sardalya Konservesi,304.0,27.91,0,0
2023-11-26,SARDL,Sardalya Konservesi,382.0,28.11,1,0
2023-11-27,SARDL,Sardalya Konservesi,460.0,27.74,0,0
2023-11-28,SARDL,Sardalya Konservesi,455.0,27.97,0,0
2023-11-29,SARDL,Sardalya Konservesi,398.0,27.97,0,0
2023-11-30,SARDL,Sardalya Konservesi,403.0,27.67,0,0
2023-12-01,SARDL,Sardalya Konservesi,394.0,27.51,0,0
2023-12-02,SARDL,Sardalya Konservesi,261.0,27.87,0,0
2023-12-03,SARDL,Sardalya Konservesi,311.0,28.03,0,0
2023-12-04,SARDL,Sardalya Konservesi,427.0,28.75,0,0
2023-12-05,SARDL,Sardalya Konservesi,458.0,27.59,0,0
2023-12-06,SARDL,Sardalya Konservesi,444.0,27.63,0,0
2023-12-07,SARDL,Sardalya Konservesi,425.0,28.27,0,0
2023-12-08,SARDL,Sardalya Konservesi,376.0,28.39,0,0
2023-12-09,SARDL,Sardalya Konservesi,266.0,28.62,0,0
2023-12-10,SARDL,Sardalya Konservesi,264.0,28.49,0,0
2023-12-11,SARDL,Sardalya Konservesi,440.0,28.84,0,0
2023-12-12,SARDL,Sardalya Konservesi,499.0,27.23,0,0
2023-12-13,SARDL,Sardalya Konservesi,426.0,27.15,0,0
2023-12-14,SARDL,Sardalya Konservesi,448.0,29.21,0,0
2023-12-15,SARDL,Sardalya Konservesi,425.0,26.65,0,0
2023-12-16,SARDL,Sardalya Konservesi,315.0,27.58,0,0
2023-12-17,SARDL,Sardalya Konservesi,324.0,27.76,0,0
2023-12-18,SARDL,Sardalya Konservesi,415.0,26.95,0,0
2023-12-19,SARDL,Sardalya Konservesi,408.0,27.98,0,0
2023-12-20,SARDL,Sardalya Konservesi,408.0,28.42,0,0
2023-12-21,SARDL,Sardalya Konservesi,431.0,27.9,0,0
2023-12-22,SARDL,Sardalya Konservesi,436.0,27.26,0,0
2023-12-23,SARDL,Sardalya Konservesi,299.0,27.1,0,0
2023-12-24,SARDL,Sardalya Konservesi,275.0,27.86,0,0
2023-12-25,SARDL,Sardalya Konservesi,443.0,28.2,0,0
2023-12-26,SARDL,Sardalya Konservesi,434.0,28.15,0,0
2023-12-27,SARDL,Sardalya Konservesi,203.0,27.22,0,0
2023-12-28,SARDL,Sardalya Konservesi,393.0,28.22,0,0
2023-12-29,SARDL,Sardalya Konservesi,426.0,27.26,0,0
2023-12-30,SARDL,Sardalya Konservesi,310.0,27.68,0,0
2023-12-31,SARDL,Sardalya Konservesi,314.0,27.73,0,0
2024-01-01,SARDL,Sardalya Konservesi,203.0,28.58,0,1
2024-01-02,SARDL,Sardalya Konservesi,396.0,27.94,0,0
2024-01-03,SARDL,Sardalya Konservesi,653.0,27.51,0,0
2024-01-04,SARDL,Sardalya Konservesi,401.0,27.66,0,0
2024-01-05,SARDL,Sardalya Konservesi,487.0,29.1,0,0
2024-01-06,SARDL,Sardalya Konservesi,444.5,27.87,0,0
2024-01-07,SARDL,Sardalya Konservesi,402.0,28.35,1,0
2024-01-08,SARDL,Sardalya Konservesi,417.0,28.45,0,0
2024-01-09,SARDL,Sardalya Konservesi,416.0,28.88,0,0
2024-01-10,SARDL,Sardalya Konservesi,441.0,29.29,0,0
2024-01-11,SARDL,Sardalya Konservesi,416.0,28.75,0,0
2024-01-12,SARDL,Sardalya Konservesi,354.0,27.25,0,0
2024-01-13,SARDL,Sardalya Konservesi,408.5,28.7,0,0
2024-01-14,SARDL,Sardalya Konservesi,463.0,27.3,1,0
2024-01-15,SARDL,Sardalya Konservesi,482.0,28.65,0,0
2024-01-16,SARDL,Sardalya Konservesi,478.0,27.26,0,0
2024-01-17,SARDL,Sardalya Konservesi,484.0,28.23,0,0
2024-01-18,SARDL,Sardalya Konservesi,440.0,28.33,0,0
2024-01-19,SARDL,Sardalya Konservesi,464.0,28.74,0,0
2024-01-20,SARDL,Sardalya Konservesi,298.0,28.65,0,0
2024-01-21,SARDL,Sardalya Konservesi,267.0,27.95,0,0
2024-01-22,SARDL,Sardalya Konservesi,462.0,27.74,0,0
2024-01-23,SARDL,Sardalya Konservesi,400.0,28.38,0,0
2024-01-24,SARDL,Sardalya Konservesi,538.0,28.79,0,0
2024-01-25,SARDL,Sardalya Konservesi,427.0,27.57,0,0
2024-01-26,SARDL,Sardalya Konservesi,431.0,27.74,0,0
2024-01-27,SARDL,Sardalya Konservesi,293.0,28.25,0,0
2024-01-28,SARDL,Sardalya Konservesi,389.0,27.94,0,0
2024-01-29,SARDL,Sardalya Konservesi,485.0,28.37,0,0
2024-01-30,SARDL,Sardalya Konservesi,415.0,28.11,0,0
2024-01-31,SARDL,Sardalya Konservesi,448.0,28.51,0,0
2024-02-01,SARDL,Sardalya Konservesi,451.0,28.02,0,0
2024-02-02,SARDL,Sardalya Konservesi,416.0,27.92,0,0
2024-02-03,SARDL,Sardalya Konservesi,302.0,27.08,0,0
2024-02-04,SARDL,Sardalya Konservesi,294.0,27.16,0,0
2024-02-05,SARDL,Sardalya Konservesi,382.0,28.49,0,0
2024-02-06,SARDL,Sardalya Konservesi,437.0,28.06,0,0
2024-02-07,SARDL,Sardalya Konservesi,418.0,28.04,0,0
2024-02-08,SARDL,Sardalya Konservesi,451.0,28.36,0,0
2024-02-09,SARDL,Sardalya Konservesi,420.0,28.19,0,0
2024-02-10,SARDL,Sardalya Konservesi,278.0,28.68,0,0
2024-02-11,SARDL,Sardalya Konservesi,321.0,28.59,0,0
2024-02-12,SARDL,Sardalya Konservesi,434.0,28.32,0,0
2024-02-13,SARDL,Sardalya Konservesi,483.0,27.15,0,0
2024-02-14,SARDL,Sardalya Konservesi,401.0,28.7,0,0
2024-02-15,SARDL,Sardalya Konservesi,596.0,28.66,1,0
2024-02-16,SARDL,Sardalya Konservesi,476.0,27.91,0,0
2024-02-17,SARDL,Sardalya Konservesi,344.0,28.0,0,0
2024-02-18,SARDL,Sardalya Konservesi,334.0,28.56,0,0
2024-02-19,SARDL,Sardalya Konservesi,453.0,28.59,0,0
2024-02-20,SARDL,Sardalya Konservesi,409.0,28.39,0,0
2024-02-21,SARDL,Sardalya Konservesi,653.0,28.31,0,0
2024-02-22,SARDL,Sardalya Konservesi,452.0,28.69,0,0
2024-02-23,SARDL,Sardalya Konservesi,577.0,27.11,1,0
2024-02-24,SARDL,Sardalya Konservesi,283.0,28.12,0,0
2024-02-25,SARDL,Sardalya Konservesi,351.0,28.82,1,0
2024-02-26,SARDL,Sardalya Konservesi,481.0,28.79,0,0
2024-02-27,SARDL,Sardalya Konservesi,432.0,28.2,0,0
2024-02-28,SARDL,Sardalya Konservesi,408.0,28.88,0,0
2024-02-29,SARDL,Sardalya Konservesi,403.0,28.71,0,0
2024-03-01,SARDL,Sardalya Konservesi,445.0,27.65,0,0
2024-03-02,SARDL,Sardalya Konservesi,268.0,28.34,0,0
2024-03-03,SARDL,Sardalya Konservesi,300.0,29.16,0,0
2024-03-04,SARDL,Sardalya Konservesi,490.0,28.66,0,0
2024-03-05,SARDL,Sardalya Konservesi,479.0,28.51,0,0
2024-03-06,SARDL,Sardalya Konservesi,484.0,27.89,0,0
2024-03-07,SARDL,Sardalya Konservesi,415.0,27.92,0,0
2024-03-08,SARDL,Sardalya Konservesi,203.0,27.57,0,0
2024-03-09,SARDL,Sardalya Konservesi,330.0,28.76,0,0
2024-03-10,SARDL,Sardalya Konservesi,320.0,27.6,0,0
2024-03-11,SARDL,Sardalya Konservesi,456.0,28.65,0,0
2024-03-12,SARDL,Sardalya Konservesi,348.0,27.99,0,0
2024-03-13,SARDL,Sardalya Konservesi,430.0,28.83,0,0
2024-03-14,SARDL,Sardalya Konservesi,431.0,28.6,0,0
2024-03-15,SARDL,Sardalya Konservesi,460.0,28.58,0,0
2024-03-16,SARDL,Sardalya Konservesi,339.0,27.4,0,0
2024-03-17,SARDL,Sardalya Konservesi,351.0,28.36,0,0
2024-03-18,SARDL,Sardalya Konservesi,411.0,28.21,0,0
2024-03-19,SARDL,Sardalya Konservesi,452.0,28.39,0,0
2024-03-20,SARDL,Sardalya Konservesi,455.0,28.33,0,0
2024-03-21,SARDL,Sardalya Konservesi,436.0,28.27,0,0
2024-03-22,SARDL,Sardalya Konservesi,447.0,29.77,0,0
2024-03-23,SARDL,Sardalya Konservesi,274.0,28.76,0,0
2024-03-24,SARDL,Sardalya Konservesi,337.0,29.29,0,0
2024-03-25,SARDL,Sardalya Konservesi,471.0,28.11,0,0
2024-03-26,SARDL,Sardalya Konservesi,589.0,28.72,1,0
2024-03-27,SARDL,Sardalya Konservesi,417.0,29.27,0,0
2024-03-28,SARDL,Sardalya Konservesi,442.0,28.13,0,0
2024-03-29,SARDL,Sardalya Konservesi,468.0,28.85,0,0
2024-03-30,SARDL,Sardalya Konservesi,289.0,28.47,0,0
2024-03-31,SARDL,Sardalya Konservesi,398.5,30.01,0,0
2024-04-01,SARDL,Sardalya Konservesi,508.0,28.6,0,0
2024-04-02,SARDL,Sardalya Konservesi,457.0,29.24,0,0
2024-04-03,SARDL,Sardalya Konservesi,456.0,27.52,0,0
2024-04-04,SARDL,Sardalya Konservesi,503.0,29.09,0,0
2024-04-05,SARDL,Sardalya Konservesi,506.0,28.99,0,0
2024-04-06,SARDL,Sardalya Konservesi,320.0,29.38,0,0
2024-04-07,SARDL,Sardalya Konservesi,352.0,27.93,0,0
2024-04-08,SARDL,Sardalya Konservesi,430.0,28.02,0,0
2024-04-09,SARDL,Sardalya Konservesi,488.0,29.33,0,0
2024-04-10,SARDL,Sardalya Konservesi,203.0,28.66,0,1
2024-04-11,SARDL,Sardalya Konservesi,203.0,28.59,0,1
2024-04-12,SARDL,Sardalya Konservesi,203.0,27.79,0,1
2024-04-13,SARDL,Sardalya Konservesi,203.0,28.13,0,1
2024-04-14,SARDL,Sardalya Konservesi,332.0,29.7,0,0
2024-04-15,SARDL,Sardalya Konservesi,432.0,29.02,0,0
2024-04-16,SARDL,Sardalya Konservesi,453.0,27.92,0,0
2024-04-17,SARDL,Sardalya Konservesi,427.0,29.85,0,0
2024-04-18,SARDL,Sardalya Konservesi,427.0,28.38,0,0
2024-04-19,SARDL,Sardalya Konservesi,439.0,29.05,0,0
2024-04-20,SARDL,Sardalya Konservesi,310.0,29.24,0,0
2024-04-21,SARDL,Sardalya Konservesi,316.0,28.58,0,0
2024-04-22,SARDL,Sardalya Konservesi,495.0,28.42,0,0
2024-04-23,SARDL,Sardalya Konservesi,203.0,29.21,0,1
2024-04-24,SARDL,Sardalya Konservesi,455.0,28.31,0,0
2024-04-25,SARDL,Sardalya Konservesi,445.0,28.86,0,0
2024-04-26,SARDL,Sardalya Konservesi,451.0,28.65,0,0
2024-04-27,SARDL,Sardalya Konservesi,438.0,28.67,1,0
2024-04-28,SARDL,Sardalya Konservesi,351.0,29.22,0,0
2024-04-29,SARDL,Sardalya Konservesi,435.0,28.48,0,0
2024-04-30,SARDL,Sardalya Konservesi,499.0,28.09,0,0
2024-05-01,SARDL,Sardalya Konservesi,203.0,27.66,0,1
2024-05-02,SARDL,Sardalya Konservesi,450.0,28.86,0,0
2024-05-03,SARDL,Sardalya Konservesi,436.0,28.71,0,0
2024-05-04,SARDL,Sardalya Konservesi,270.0,29.16,0,0
2024-05-05,SARDL,Sardalya Konservesi,290.0,28.45,0,0
2024-05-06,SARDL,Sardalya Konservesi,435.0,29.09,0,0
2024-05-07,SARDL,Sardalya Konservesi,441.0,29.2,0,0
2024-05-08,SARDL,Sardalya Konservesi,409.0,29.46,0,0
2024-05-09,SARDL,Sardalya Konservesi,474.0,28.89,0,0
2024-05-10,SARDL,Sardalya Konservesi,384.0,29.39,0,0
2024-05-11,SARDL,Sardalya Konservesi,346.5,28.28,0,0
2024-05-12,SARDL,Sardalya Konservesi,309.0,28.74,0,0
2024-05-13,SARDL,Sardalya Konservesi,445.0,29.34,0,0
2024-05-14,SARDL,Sardalya Konservesi,458.0,29.09,0,0
2024-05-15,SARDL,Sardalya Konservesi,329.0,29.52,0,0
2024-05-16,SARDL,Sardalya Konservesi,404.0,28.68,0,0
2024-05-17,SARDL,Sardalya Konservesi,419.0,29.19,0,0
2024-05-18,SARDL,Sardalya Konservesi,332.0,28.96,0,0
2024-05-19,SARDL,Sardalya Konservesi,203.0,28.58,0,1
2024-05-20,SARDL,Sardalya Konservesi,464.0,29.83,0,0
2024-05-21,SARDL,Sardalya Konservesi,425.0,28.03,0,0
2024-05-22,SARDL,Sardalya Konservesi,454.0,29.16,0,0
2024-05-23,SARDL,Sardalya Konservesi,413.0,28.81,0,0
2024-05-24,SARDL,Sardalya Konservesi,385.0,29.0,0,0
2024-05-25,SARDL,Sardalya Konservesi,357.0,29.61,0,0
2024-05-26,SARDL,Sardalya Konservesi,409.5,29.21,0,0
2024-05-27,SARDL,Sardalya Konservesi,462.0,29.53,0,0
2024-05-28,SARDL,Sardalya Konservesi,433.0,28.84,0,0
2024-05-29,SARDL,Sardalya Konservesi,441.0,28.65,0,0
2024-05-30,SARDL,Sardalya Konservesi,551.0,29.18,1,0
2024-05-31,SARDL,Sardalya Konservesi,389.0,28.39,0,0
2024-06-01,SARDL,Sardalya Konservesi,450.0,29.27,0,0
2024-06-02,SARDL,Sardalya Konservesi,467.0,28.98,0,0
2024-06-03,SARDL,Sardalya Konservesi,577.0,28.52,0,0
2024-06-04,SARDL,Sardalya Konservesi,544.0,29.19,0,0
2024-06-05,SARDL,Sardalya Konservesi,653.0,28.9,0,0
2024-06-06,SARDL,Sardalya Konservesi,609.0,28.28,0,0
2024-06-07,SARDL,Sardalya Konservesi,619.0,27.83,0,0
2024-06-08,SARDL,Sardalya Konservesi,631.0,30.22,1,0
2024-06-09,SARDL,Sardalya Konservesi,529.0,28.73,0,0
2024-06-10,SARDL,Sardalya Konservesi,653.0,28.08,0,0
2024-06-11,SARDL,Sardalya Konservesi,619.0,29.14,0,0
2024-06-12,SARDL,Sardalya Konservesi,571.0,29.58,0,0
2024-06-13,SARDL,Sardalya Konservesi,640.0,29.3,0,0
2024-06-14,SARDL,Sardalya Konservesi,653.0,28.61,0,0
2024-06-15,SARDL,Sardalya Konservesi,446.0,29.02,0,0
2024-06-16,SARDL,Sardalya Konservesi,203.0,28.54,0,1
2024-06-17,SARDL,Sardalya Konservesi,247.0,30.5,0,1
2024-06-18,SARDL,Sardalya Konservesi,272.0,29.45,0,1
2024-06-19,SARDL,Sardalya Konservesi,244.0,29.05,0,1
2024-06-20,SARDL,Sardalya Konservesi,619.0,29.44,0,0
2024-06-21,SARDL,Sardalya Konservesi,653.0,28.98,0,0
2024-06-22,SARDL,Sardalya Konservesi,495.0,29.14,0,0
2024-06-23,SARDL,Sardalya Konservesi,403.0,29.13,0,0
2024-06-24,SARDL,Sardalya Konservesi,538.0,27.19,0,0
2024-06-25,SARDL,Sardalya Konservesi,645.0,28.23,0,0
2024-06-26,SARDL,Sardalya Konservesi,531.0,28.64,0,0
2024-06-27,SARDL,Sardalya Konservesi,577.0,29.14,0,0
2024-06-28,SARDL,Sardalya Konservesi,653.0,29.49,0,0
2024-06-29,SARDL,Sardalya Konservesi,359.0,29.55,0,0
2024-06-30,SARDL,Sardalya Konservesi,446.0,29.27,0,0
2024-07-01,SARDL,Sardalya Konservesi,523.0,28.53,0,0
2024-07-02,SARDL,Sardalya Konservesi,653.0,29.19,0,0
2024-07-03,SARDL,Sardalya Konservesi,589.0,27.75,0,0
2024-07-04,SARDL,Sardalya Konservesi,653.0,29.35,0,0
2024-07-05,SARDL,Sardalya Konservesi,653.0,29.09,0,0
2024-07-06,SARDL,Sardalya Konservesi,510.0,28.23,1,0
2024-07-07,SARDL,Sardalya Konservesi,366.0,29.89,0,0
2024-07-08,SARDL,Sardalya Konservesi,616.0,29.57,0,0
2024-07-09,SARDL,Sardalya Konservesi,610.0,28.78,0,0
2024-07-10,SARDL,Sardalya Konservesi,653.0,28.56,1,0
2024-07-11,SARDL,Sardalya Konservesi,610.0,29.33,0,0
2024-07-12,SARDL,Sardalya Konservesi,644.0,28.98,0,0
2024-07-13,SARDL,Sardalya Konservesi,441.0,30.31,0,0
2024-07-14,SARDL,Sardalya Konservesi,416.0,29.82,0,0
2024-07-15,SARDL,Sardalya Konservesi,653.0,28.57,0,0
2024-07-16,SARDL,Sardalya Konservesi,653.0,29.22,0,0
2024-07-17,SARDL,Sardalya Konservesi,653.0,30.14,0,0
2024-07-18,SARDL,Sardalya Konservesi,458.0,29.85,0,0
2024-07-19,SARDL,Sardalya Konservesi,653.0,29.64,0,0
2024-07-20,SARDL,Sardalya Konservesi,451.0,28.64,0,0
2024-07-21,SARDL,Sardalya Konservesi,488.0,28.78,0,0
2024-07-22,SARDL,Sardalya Konservesi,591.0,28.84,0,0
2024-07-23,SARDL,Sardalya Konservesi,653.0,29.14,0,0
2024-07-24,SARDL,Sardalya Konservesi,653.0,30.01,0,0
2024-07-25,SARDL,Sardalya Konservesi,567.0,28.36,0,0
2024-07-26,SARDL,Sardalya Konservesi,542.0,30.22,0,0
2024-07-27,SARDL,Sardalya Konservesi,525.0,29.04,0,0
2024-07-28,SARDL,Sardalya Konservesi,385.0,28.88,0,0
2024-07-29,SARDL,Sardalya Konservesi,541.0,29.48,0,0
2024-07-30,SARDL,Sardalya Konservesi,586.0,30.19,0,0
2024-07-31,SARDL,Sardalya Konservesi,633.0,28.82,0,0
2024-08-01,SARDL,Sardalya Konservesi,644.0,29.24,0,0
2024-08-02,SARDL,Sardalya Konservesi,620.0,29.79,0,0
2024-08-03,SARDL,Sardalya Konservesi,477.0,28.81,0,0
2024-08-04,SARDL,Sardalya Konservesi,420.0,29.09,0,0
2024-08-05,SARDL,Sardalya Konservesi,534.0,29.59,0,0
2024-08-06,SARDL,Sardalya Konservesi,641.0,29.884999999999998,0,0
2024-08-07,SARDL,Sardalya Konservesi,606.0,30.18,0,0
2024-08-08,SARDL,Sardalya Konservesi,653.0,30.31,0,0
2024-08-09,SARDL,Sardalya Konservesi,653.0,29.52,0,0
2024-08-10,SARDL,Sardalya Konservesi,432.0,29.6,0,0
2024-08-11,SARDL,Sardalya Konservesi,432.0,29.62,0,0
2024-08-12,SARDL,Sardalya Konservesi,653.0,29.78,0,0
2024-08-13,SARDL,Sardalya Konservesi,636.0,29.56,0,0
2024-08-14,SARDL,Sardalya Konservesi,653.0,30.04,0,0
2024-08-15,SARDL,Sardalya Konservesi,640.0,29.31,0,0
2024-08-16,SARDL,Sardalya Konservesi,203.0,30.06,0,0
2024-08-17,SARDL,Sardalya Konservesi,487.0,28.49,0,0
2024-08-18,SARDL,Sardalya Konservesi,473.0,29.91,0,0
2024-08-19,SARDL,Sardalya Konservesi,639.0,28.9,0,0
2024-08-20,SARDL,Sardalya Konservesi,587.0,30.12,0,0
2024-08-21,SARDL,Sardalya Konservesi,653.0,29.26,0,0
2024-08-22,SARDL,Sardalya Konservesi,653.0,29.24,1,0
2024-08-23,SARDL,Sardalya Konservesi,653.0,29.03,0,0
2024-08-24,SARDL,Sardalya Konservesi,442.0,29.95,0,0
2024-08-25,SARDL,Sardalya Konservesi,407.0,29.39,0,0
2024-08-26,SARDL,Sardalya Konservesi,653.0,29.6,0,0
2024-08-27,SARDL,Sardalya Konservesi,637.0,29.19,0,0
2024-08-28,SARDL,Sardalya Konservesi,653.0,29.46,0,0
2024-08-29,SARDL,Sardalya Konservesi,653.0,29.3,0,0
2024-08-30,SARDL,Sardalya Konservesi,245.0,30.52,0,1
2024-08-31,SARDL,Sardalya Konservesi,484.0,29.35,0,0
2024-09-01,SARDL,Sardalya Konservesi,322.0,29.065,0,0
2024-09-02,SARDL,Sardalya Konservesi,203.0,28.78,0,0
2024-09-03,SARDL,Sardalya Konservesi,432.0,29.57,0,0
2024-09-04,SARDL,Sardalya Konservesi,380.0,29.3,0,0
2024-09-05,SARDL,Sardalya Konservesi,430.0,30.49,0,0
2024-09-06,SARDL,Sardalya Konservesi,407.0,31.65,0,0
2024-09-07,SARDL,Sardalya Konservesi,289.0,29.36,0,0
2024-09-08,SARDL,Sardalya Konservesi,350.0,29.65,0,0
2024-09-09,SARDL,Sardalya Konservesi,383.0,30.37,0,0
2024-09-10,SARDL,Sardalya Konservesi,620.0,30.49,1,0
2024-09-11,SARDL,Sardalya Konservesi,412.0,30.07,0,0
2024-09-12,SARDL,Sardalya Konservesi,440.0,29.42,0,0
2024-09-13,SARDL,Sardalya Konservesi,481.0,29.46,0,0
2024-09-14,SARDL,Sardalya Konservesi,263.0,29.45,0,0
2024-09-15,SARDL,Sardalya Konservesi,280.0,29.03,0,0
2024-09-16,SARDL,Sardalya Konservesi,443.0,29.66,0,0
2024-09-17,SARDL,Sardalya Konservesi,452.0,29.86,0,0
2024-09-18,SARDL,Sardalya Konservesi,428.0,29.68,0,0
2024-09-19,SARDL,Sardalya Konservesi,478.0,30.88,0,0
2024-09-20,SARDL,Sardalya Konservesi,468.0,30.09,0,0
2024-09-21,SARDL,Sardalya Konservesi,291.0,28.7,0,0
2024-09-22,SARDL,Sardalya Konservesi,393.0,29.6,1,0
2024-09-23,SARDL,Sardalya Konservesi,450.0,28.94,0,0
2024-09-24,SARDL,Sardalya Konservesi,442.0,30.7,0,0
2024-09-25,SARDL,Sardalya Konservesi,434.0,30.27,0,0
2024-09-26,SARDL,Sardalya Konservesi,468.0,29.63,0,0
2024-09-27,SARDL,Sardalya Konservesi,501.0,29.04,1,0
2024-09-28,SARDL,Sardalya Konservesi,333.0,29.04,0,0
2024-09-29,SARDL,Sardalya Konservesi,321.0,29.96,0,0
2024-09-30,SARDL,Sardalya Konservesi,395.0,30.92,0,0
2024-10-01,SARDL,Sardalya Konservesi,422.0,30.65,0,0
2024-10-02,SARDL,Sardalya Konservesi,439.0,29.61,0,0
2024-10-03,SARDL,Sardalya Konservesi,428.0,30.08,0,0
2024-10-04,SARDL,Sardalya Konservesi,439.0,30.31,0,0
2024-10-05,SARDL,Sardalya Konservesi,301.0,29.84,0,0
2024-10-06,SARDL,Sardalya Konservesi,277.0,30.11,0,0
2024-10-07,SARDL,Sardalya Konservesi,571.0,29.33,1,0
2024-10-08,SARDL,Sardalya Konservesi,511.0,30.31,0,0
2024-10-09,SARDL,Sardalya Konservesi,505.0,29.89,1,0
2024-10-10,SARDL,Sardalya Konservesi,459.0,29.52,0,0
2024-10-11,SARDL,Sardalya Konservesi,390.0,29.42,0,0
2024-10-12,SARDL,Sardalya Konservesi,323.0,30.4,0,0
2024-10-13,SARDL,Sardalya Konservesi,289.0,29.13,0,0
2024-10-14,SARDL,Sardalya Konservesi,466.0,30.77,0,0
2024-10-15,SARDL,Sardalya Konservesi,366.0,29.31,0,0
2024-10-16,SARDL,Sardalya Konservesi,426.0,30.2,0,0
2024-10-17,SARDL,Sardalya Konservesi,458.0,30.15,0,0
2024-10-18,SARDL,Sardalya Konservesi,421.0,29.48,0,0
2024-10-19,SARDL,Sardalya Konservesi,290.0,29.52,0,0
2024-10-20,SARDL,Sardalya Konservesi,315.0,30.41,0,0
2024-10-21,SARDL,Sardalya Konservesi,461.0,29.13,0,0
2024-10-22,SARDL,Sardalya Konservesi,463.0,29.87,0,0
2024-10-23,SARDL,Sardalya Konservesi,404.0,29.48,0,0
2024-10-24,SARDL,Sardalya Konservesi,398.0,30.25,0,0
2024-10-25,SARDL,Sardalya Konservesi,394.0,29.94,0,0
2024-10-26,SARDL,Sardalya Konservesi,311.0,29.88,0,0
2024-10-27,SARDL,Sardalya Konservesi,302.0,30.13,0,0
2024-10-28,SARDL,Sardalya Konservesi,441.0,30.33,0,0
2024-10-29,SARDL,Sardalya Konservesi,203.0,30.08,0,1
2024-10-30,SARDL,Sardalya Konservesi,449.0,30.79,0,0
2024-10-31,SARDL,Sardalya Konservesi,459.0,29.52,0,0
2024-11-01,SARDL,Sardalya Konservesi,433.0,30.68,0,0
2024-11-02,SARDL,Sardalya Konservesi,260.0,30.15,0,0
2024-11-03,SARDL,Sardalya Konservesi,332.0,29.66,0,0
2024-11-04,SARDL,Sardalya Konservesi,430.0,29.71,0,0
2024-11-05,SARDL,Sardalya Konservesi,444.0,29.67,0,0
2024-11-06,SARDL,Sardalya Konservesi,451.0,30.43,0,0
2024-11-07,SARDL,Sardalya Konservesi,440.0,29.51,0,0
2024-11-08,SARDL,Sardalya Konservesi,462.0,31.16,0,0
2024-11-09,SARDL,Sardalya Konservesi,263.0,30.27,0,0
2024-11-10,SARDL,Sardalya Konservesi,352.0,30.07,0,0
2024-11-11,SARDL,Sardalya Konservesi,452.0,31.03,0,0
2024-11-12,SARDL,Sardalya Konservesi,438.0,29.8,0,0
2024-11-13,SARDL,Sardalya Konservesi,469.0,30.71,0,0
2024-11-14,SARDL,Sardalya Konservesi,466.0,30.44,0,0
2024-11-15,SARDL,Sardalya Konservesi,432.0,30.22,0,0
2024-11-16,SARDL,Sardalya Konservesi,322.0,29.99,0,0
2024-11-17,SARDL,Sardalya Konservesi,329.0,30.88,0,0
2024-11-18,SARDL,Sardalya Konservesi,395.0,29.54,0,0
2024-11-19,SARDL,Sardalya Konservesi,442.0,30.96,0,0
2024-11-20,SARDL,Sardalya Konservesi,443.0,30.43,0,0
2024-11-21,SARDL,Sardalya Konservesi,420.0,31.37,0,0
2024-11-22,SARDL,Sardalya Konservesi,444.0,30.99,0,0
2024-11-23,SARDL,Sardalya Konservesi,393.0,29.35,1,0
2024-11-24,SARDL,Sardalya Konservesi,339.0,29.96,0,0
2024-11-25,SARDL,Sardalya Konservesi,448.0,31.08,0,0
2024-11-26,SARDL,Sardalya Konservesi,404.0,30.02,0,0
2024-11-27,SARDL,Sardalya Konservesi,391.0,31.04,0,0
2024-11-28,SARDL,Sardalya Konservesi,519.0,30.29,0,0
2024-11-29,SARDL,Sardalya Konservesi,392.0,30.05,0,0
2024-11-30,SARDL,Sardalya Konservesi,371.0,29.3,0,0
2024-12-01,SARDL,Sardalya Konservesi,290.0,30.59,0,0
2024-12-02,SARDL,Sardalya Konservesi,413.0,30.27,0,0
2024-12-03,SARDL,Sardalya Konservesi,464.0,29.26,0,0
2024-12-04,SARDL,Sardalya Konservesi,461.0,30.42,0,0
2024-12-05,SARDL,Sardalya Konservesi,441.0,30.41,0,0
2024-12-06,SARDL,Sardalya Konservesi,468.0,29.06,0,0
2024-12-07,SARDL,Sardalya Konservesi,291.0,29.76,0,0
2024-12-08,SARDL,Sardalya Konservesi,260.0,30.11,0,0
2024-12-09,SARDL,Sardalya Konservesi,413.0,30.08,0,0
2024-12-10,SARDL,Sardalya Konservesi,509.0,30.21,1,0
2024-12-11,SARDL,Sardalya Konservesi,450.0,31.02,0,0
2024-12-12,SARDL,Sardalya Konservesi,416.0,29.93,0,0
2024-12-13,SARDL,Sardalya Konservesi,427.0,30.98,0,0
2024-12-14,SARDL,Sardalya Konservesi,309.0,29.72,0,0
2024-12-15,SARDL,Sardalya Konservesi,294.0,29.82,0,0
2024-12-16,SARDL,Sardalya Konservesi,473.0,30.46,0,0
2024-12-17,SARDL,Sardalya Konservesi,484.0,31.73,0,0
2024-12-18,SARDL,Sardalya Konservesi,515.0,30.46,0,0
2024-12-19,SARDL,Sardalya Konservesi,402.0,30.85,0,0
2024-12-20,SARDL,Sardalya Konservesi,413.0,30.58,0,0
2024-12-21,SARDL,Sardalya Konservesi,282.0,29.76,0,0
2024-12-22,SARDL,Sardalya Konservesi,330.0,30.44,0,0
2024-12-23,SARDL,Sardalya Konservesi,393.0,31.19,0,0
2024-12-24,SARDL,Sardalya Konservesi,453.0,30.36,0,0
2024-12-25,SARDL,Sardalya Konservesi,460.0,30.65,0,0
2024-12-26,SARDL,Sardalya Konservesi,481.0,30.3,0,0
2024-12-27,SARDL,Sardalya Konservesi,463.0,30.57,0,0
2024-12-28,SARDL,Sardalya Konservesi,313.0,30.34,0,0
2024-12-29,SARDL,Sardalya Konservesi,376.5,29.61,0,0
2024-12-30,SARDL,Sardalya Konservesi,440.0,30.47,0,0
2024-12-31,SARDL,Sardalya Konservesi,423.0,32.24,0,0
2022-01-01,SOMON,Somon Konservesi,76.5,66.09,0,1
2022-01-02,SOMON,Somon Konservesi,121.0,63.57,0,0
2022-01-03,SOMON,Somon Konservesi,191.0,63.54,0,0
2022-01-04,SOMON,Somon Konservesi,187.0,66.39,0,0
2022-01-05,SOMON,Somon Konservesi,185.0,66.61,0,0
2022-01-06,SOMON,Somon Konservesi,195.0,63.44,0,0
2022-01-07,SOMON,Somon Konservesi,230.0,65.39,0,0
2022-01-08,SOMON,Somon Konservesi,132.0,63.92,0,0
2022-01-09,SOMON,Somon Konservesi,134.0,64.22,0,0
2022-01-10,SOMON,Somon Konservesi,176.0,64.95,0,0
2022-01-11,SOMON,Somon Konservesi,186.0,65.82,0,0
2022-01-12,SOMON,Somon Konservesi,179.0,66.99,0,0
2022-01-13,SOMON,Somon Konservesi,193.0,67.69,0,0
2022-01-14,SOMON,Somon Konservesi,258.0,66.94,1,0
2022-01-15,SOMON,Somon Konservesi,132.0,64.28,0,0
2022-01-16,SOMON,Somon Konservesi,134.0,63.51,0,0
2022-01-17,SOMON,Somon Konservesi,160.5,65.57,0,0
2022-01-18,SOMON,Somon Konservesi,187.0,64.24,0,0
2022-01-19,SOMON,Somon Konservesi,243.0,62.91,0,0
2022-01-20,SOMON,Somon Konservesi,204.0,64.5,0,0
2022-01-21,SOMON,Somon Konservesi,193.0,63.46,0,0
2022-01-22,SOMON,Somon Konservesi,105.0,64.41,0,0
2022-01-23,SOMON,Somon Konservesi,135.0,65.1,0,0
2022-01-24,SOMON,Somon Konservesi,193.0,65.2,0,0
2022-01-25,SOMON,Somon Konservesi,257.0,65.16,1,0
2022-01-26,SOMON,Somon Konservesi,255.0,65.76,1,0
2022-01-27,SOMON,Somon Konservesi,176.0,65.33,0,0
2022-01-28,SOMON,Somon Konservesi,185.0,66.36,0,0
2022-01-29,SOMON,Somon Konservesi,141.0,65.12,0,0
2022-01-30,SOMON,Somon Konservesi,128.0,65.9,0,0
2022-01-31,SOMON,Somon Konservesi,296.5,67.28,0,0
2022-02-01,SOMON,Somon Konservesi,200.0,64.31,0,0
2022-02-02,SOMON,Somon Konservesi,181.0,67.98,0,0
2022-02-03,SOMON,Somon Konservesi,171.0,66.25,0,0
2022-02-04,SOMON,Somon Konservesi,207.0,64.51,0,0
2022-02-05,SOMON,Somon Konservesi,148.0,66.23,0,0
2022-02-06,SOMON,Somon Konservesi,113.0,67.2,0,0
2022-02-07,SOMON,Somon Konservesi,194.0,64.22,0,0
2022-02-08,SOMON,Somon Konservesi,174.0,63.58,0,0
2022-02-09,SOMON,Somon Konservesi,181.0,67.71,0,0
2022-02-10,SOMON,Somon Konservesi,189.0,66.79,0,0
2022-02-11,SOMON,Somon Konservesi,164.0,64.98,0,0
2022-02-12,SOMON,Somon Konservesi,151.0,66.21,0,0
2022-02-13,SOMON,Somon Konservesi,136.0,65.06,0,0
2022-02-14,SOMON,Somon Konservesi,179.0,63.94,0,0
2022-02-15,SOMON,Somon Konservesi,201.0,66.41,0,0
2022-02-16,SOMON,Somon Konservesi,159.0,66.72,0,0
2022-02-17,SOMON,Somon Konservesi,175.0,65.4,0,0
2022-02-18,SOMON,Somon Konservesi,188.0,65.62,0,0
2022-02-19,SOMON,Somon Konservesi,139.0,67.46,0,0
2022-02-20,SOMON,Somon Konservesi,128.0,67.94,0,0
2022-02-21,SOMON,Somon Konservesi,212.0,64.22,0,0
2022-02-22,SOMON,Somon Konservesi,179.0,66.68,0,0
2022-02-23,SOMON,Somon Konservesi,203.0,66.71,0,0
2022-02-24,SOMON,Somon Konservesi,179.0,66.31,0,0
2022-02-25,SOMON,Somon Konservesi,194.0,65.59,0,0
2022-02-26,SOMON,Somon Konservesi,149.0,66.46,0,0
2022-02-27,SOMON,Somon Konservesi,125.0,65.85,0,0
2022-02-28,SOMON,Somon Konservesi,193.0,69.65,0,0
2022-03-01,SOMON,Somon Konservesi,198.0,67.37,0,0
2022-03-02,SOMON,Somon Konservesi,186.0,66.53,0,0
2022-03-03,SOMON,Somon Konservesi,174.0,62.59,0,0
2022-03-04,SOMON,Somon Konservesi,149.0,66.76,0,0
2022-03-05,SOMON,Somon Konservesi,145.5,66.44,0,0
2022-03-06,SOMON,Somon Konservesi,142.0,67.47,0,0
2022-03-07,SOMON,Somon Konservesi,214.0,67.66,0,0
2022-03-08,SOMON,Somon Konservesi,203.0,67.87,0,0
2022-03-09,SOMON,Somon Konservesi,192.0,66.25,0,0
2022-03-10,SOMON,Somon Konservesi,207.0,66.09,0,0
2022-03-11,SOMON,Somon Konservesi,184.0,67.24,0,0
2022-03-12,SOMON,Somon Konservesi,133.0,68.26,0,0
2022-03-13,SOMON,Somon Konservesi,183.0,65.26,1,0
2022-03-14,SOMON,Somon Konservesi,204.0,65.44,0,0
2022-03-15,SOMON,Somon Konservesi,188.0,65.43,0,0
2022-03-16,SOMON,Somon Konservesi,179.0,67.83,0,0
2022-03-17,SOMON,Somon Konservesi,296.5,67.15,0,0
2022-03-18,SOMON,Somon Konservesi,199.0,66.95,0,0
2022-03-19,SOMON,Somon Konservesi,136.0,66.59,0,0
2022-03-20,SOMON,Somon Konservesi,133.0,67.26,0,0
2022-03-21,SOMON,Somon Konservesi,211.0,67.87,0,0
2022-03-22,SOMON,Somon Konservesi,217.0,65.47,0,0
2022-03-23,SOMON,Somon Konservesi,221.0,66.33,0,0
2022-03-24,SOMON,Somon Konservesi,201.0,66.37,0,0
2022-03-25,SOMON,Somon Konservesi,184.0,67.71,0,0
2022-03-26,SOMON,Somon Konservesi,152.0,66.89,0,0
2022-03-27,SOMON,Somon Konservesi,131.0,66.39,0,0
2022-03-28,SOMON,Somon Konservesi,214.0,65.3,0,0
2022-03-29,SOMON,Somon Konservesi,209.0,66.22,0,0
2022-03-30,SOMON,Somon Konservesi,208.0,66.08,0,0
2022-03-31,SOMON,Somon Konservesi,187.0,67.98,0,0
2022-04-01,SOMON,Somon Konservesi,180.0,65.94,0,0
2022-04-02,SOMON,Somon Konservesi,148.0,66.05,0,0
2022-04-03,SOMON,Somon Konservesi,124.0,67.18,0,0
2022-04-04,SOMON,Somon Konservesi,254.0,66.65,1,0
2022-04-05,SOMON,Somon Konservesi,187.0,64.14,0,0
2022-04-06,SOMON,Somon Konservesi,188.0,68.0,0,0
2022-04-07,SOMON,Somon Konservesi,198.0,67.39,0,0
2022-04-08,SOMON,Somon Konservesi,202.0,66.61,0,0
2022-04-09,SOMON,Somon Konservesi,161.0,69.05,1,0
2022-04-10,SOMON,Somon Konservesi,161.0,66.65,0,0
2022-04-11,SOMON,Somon Konservesi,190.0,67.37,0,0
2022-04-12,SOMON,Somon Konservesi,210.0,66.81,0,0
2022-04-13,SOMON,Somon Konservesi,205.0,65.92,0,0
2022-04-14,SOMON,Somon Konservesi,179.0,66.83,0,0
2022-04-15,SOMON,Somon Konservesi,190.0,66.91,0,0
2022-04-16,SOMON,Somon Konservesi,148.0,66.57,0,0
2022-04-17,SOMON,Somon Konservesi,186.0,66.27,1,0
2022-04-18,SOMON,Somon Konservesi,193.0,68.01,0,0
2022-04-19,SOMON,Somon Konservesi,184.0,68.35,0,0
2022-04-20,SOMON,Somon Konservesi,201.0,68.17,0,0
2022-04-21,SOMON,Somon Konservesi,162.0,68.65,0,0
2022-04-22,SOMON,Somon Konservesi,266.0,68.06,0,0
2022-04-23,SOMON,Somon Konservesi,76.5,66.84,0,1
2022-04-24,SOMON,Somon Konservesi,163.0,66.47,0,0
2022-04-25,SOMON,Somon Konservesi,293.0,68.33,0,0
2022-04-26,SOMON,Somon Konservesi,239.0,66.71,0,0
2022-04-27,SOMON,Somon Konservesi,216.0,67.5,0,0
2022-04-28,SOMON,Somon Konservesi,247.0,66.56,0,0
2022-04-29,SOMON,Somon Konservesi,272.0,66.31,0,0
2022-04-30,SOMON,Somon Konservesi,190.0,65.8,0,0
2022-05-01,SOMON,Somon Konservesi,99.0,69.55,1,1
2022-05-02,SOMON,Somon Konservesi,101.0,67.4,0,1
2022-05-03,SOMON,Somon Konservesi,86.0,67.01,1,1
2022-05-04,SOMON,Somon Konservesi,103.0,66.3,1,1
2022-05-05,SOMON,Somon Konservesi,76.5,66.38,0,1
2022-05-06,SOMON,Somon Konservesi,193.0,68.32,0,0
2022-05-07,SOMON,Somon Konservesi,140.0,69.13,0,0
2022-05-08,SOMON,Somon Konservesi,129.0,68.19,0,0
2022-05-09,SOMON,Somon Konservesi,185.0,67.47999999999999,0,0
2022-05-10,SOMON,Somon Konservesi,188.0,66.77,0,0
2022-05-11,SOMON,Somon Konservesi,204.0,66.33,0,0
2022-05-12,SOMON,Somon Konservesi,186.0,66.81,0,0
2022-05-13,SOMON,Somon Konservesi,208.0,67.79,0,0
2022-05-14,SOMON,Somon Konservesi,156.0,70.23,0,0
2022-05-15,SOMON,Somon Konservesi,132.0,66.12,0,0
2022-05-16,SOMON,Somon Konservesi,197.0,67.12,0,0
2022-05-17,SOMON,Somon Konservesi,182.0,68.33,0,0
2022-05-18,SOMON,Somon Konservesi,176.0,67.03,0,0
2022-05-19,SOMON,Somon Konservesi,93.0,64.34,1,1
2022-05-20,SOMON,Somon Konservesi,214.0,69.15,0,0
2022-05-21,SOMON,Somon Konservesi,147.0,69.82,0,0
2022-05-22,SOMON,Somon Konservesi,124.0,66.64,0,0
2022-05-23,SOMON,Somon Konservesi,182.0,65.57,0,0
2022-05-24,SOMON,Somon Konservesi,176.0,68.17,0,0
2022-05-25,SOMON,Somon Konservesi,173.5,68.66,0,0
2022-05-26,SOMON,Somon Konservesi,171.0,67.45,0,0
2022-05-27,SOMON,Somon Konservesi,192.0,70.0,0,0
2022-05-28,SOMON,Somon Konservesi,138.0,70.79,0,0
2022-05-29,SOMON,Somon Konservesi,126.0,68.38,0,0
2022-05-30,SOMON,Somon Konservesi,167.0,67.61,0,0
2022-05-31,SOMON,Somon Konservesi,203.0,66.37,0,0
2022-06-01,SOMON,Somon Konservesi,213.0,66.805,0,0
2022-06-02,SOMON,Somon Konservesi,213.0,67.24,0,0
2022-06-03,SOMON,Somon Konservesi,223.0,69.82,0,0
2022-06-04,SOMON,Somon Konservesi,170.0,66.68,0,0
2022-06-05,SOMON,Somon Konservesi,163.0,70.67,0,0
2022-06-06,SOMON,Somon Konservesi,242.0,69.55,0,0
2022-06-07,SOMON,Somon Konservesi,253.0,66.09,0,0
2022-06-08,SOMON,Somon Konservesi,229.0,69.88,0,0
2022-06-09,SOMON,Somon Konservesi,197.0,68.23,0,0
2022-06-10,SOMON,Somon Konservesi,296.5,67.97,1,0
2022-06-11,SOMON,Somon Konservesi,156.0,66.93,0,0
2022-06-12,SOMON,Somon Konservesi,153.0,66.84,0,0
2022-06-13,SOMON,Somon Konservesi,195.0,66.63,0,0
2022-06-14,SOMON,Somon Konservesi,210.0,68.97,0,0
2022-06-15,SOMON,Somon Konservesi,209.0,67.86,0,0
2022-06-16,SOMON,Somon Konservesi,231.0,72.28,0,0
2022-06-17,SOMON,Somon Konservesi,207.0,69.55,0,0
2022-06-18,SOMON,Somon Konservesi,155.0,69.28,0,0
2022-06-19,SOMON,Somon Konservesi,182.0,67.54,0,0
2022-06-20,SOMON,Somon Konservesi,230.0,69.42,0,0
2022-06-21,SOMON,Somon Konservesi,198.0,67.32,0,0
2022-06-22,SOMON,Somon Konservesi,210.0,68.6,0,0
2022-06-23,SOMON,Somon Konservesi,232.0,69.54,0,0
2022-06-24,SOMON,Somon Konservesi,235.0,68.81,0,0
2022-06-25,SOMON,Somon Konservesi,147.0,69.01,0,0
2022-06-26,SOMON,Somon Konservesi,159.0,68.49,0,0
2022-06-27,SOMON,Somon Konservesi,225.0,70.06,0,0
2022-06-28,SOMON,Somon Konservesi,238.0,68.02,0,0
2022-06-29,SOMON,Somon Konservesi,248.0,69.35,0,0
2022-06-30,SOMON,Somon Konservesi,229.0,68.97,0,0
2022-07-01,SOMON,Somon Konservesi,210.0,70.49,0,0
2022-07-02,SOMON,Somon Konservesi,160.0,69.3,0,0
2022-07-03,SOMON,Somon Konservesi,155.0,68.97,0,0
2022-07-04,SOMON,Somon Konservesi,274.0,66.65,1,0
2022-07-05,SOMON,Somon Konservesi,228.0,70.5,0,0
2022-07-06,SOMON,Somon Konservesi,202.0,71.61,0,0
2022-07-07,SOMON,Somon Konservesi,241.0,68.95,0,0
2022-07-08,SOMON,Somon Konservesi,212.0,68.24,0,0
2022-07-09,SOMON,Somon Konservesi,76.5,68.63,0,1
2022-07-10,SOMON,Somon Konservesi,76.5,69.79,0,1
2022-07-11,SOMON,Somon Konservesi,82.0,71.35,0,1
2022-07-12,SOMON,Somon Konservesi,88.0,66.18,0,1
2022-07-13,SOMON,Somon Konservesi,218.0,68.6,0,0
2022-07-14,SOMON,Somon Konservesi,232.0,69.58,0,0
2022-07-15,SOMON,Somon Konservesi,209.0,71.5,0,0
2022-07-16,SOMON,Somon Konservesi,167.0,70.26,0,0
2022-07-17,SOMON,Somon Konservesi,147.0,65.55,0,0
2022-07-18,SOMON,Somon Konservesi,229.0,67.45,0,0
2022-07-19,SOMON,Somon Konservesi,227.0,69.72,0,0
2022-07-20,SOMON,Somon Konservesi,217.0,68.85,0,0
2022-07-21,SOMON,Somon Konservesi,214.0,69.26,0,0
2022-07-22,SOMON,Somon Konservesi,202.0,70.39,0,0
2022-07-23,SOMON,Somon Konservesi,159.0,68.25,0,0
2022-07-24,SOMON,Somon Konservesi,144.0,68.85,0,0
2022-07-25,SOMON,Somon Konservesi,211.0,70.12,0,0
2022-07-26,SOMON,Somon Konservesi,218.0,68.23,0,0
2022-07-27,SOMON,Somon Konservesi,220.0,68.18,0,0
2022-07-28,SOMON,Somon Konservesi,212.0,68.95,0,0
2022-07-29,SOMON,Somon Konservesi,239.0,68.76,0,0
2022-07-30,SOMON,Somon Konservesi,136.0,70.0,0,0
2022-07-31,SOMON,Somon Konservesi,165.0,70.74,0,0
2022-08-01,SOMON,Somon Konservesi,237.0,70.17,0,0
2022-08-02,SOMON,Somon Konservesi,232.0,69.57,0,0
2022-08-03,SOMON,Somon Konservesi,236.0,68.93,0,0
2022-08-04,SOMON,Somon Konservesi,197.0,69.9,0,0
2022-08-05,SOMON,Somon Konservesi,76.5,71.06,1,0
2022-08-06,SOMON,Somon Konservesi,152.0,69.26,0,0
2022-08-07,SOMON,Somon Konservesi,161.0,69.14,0,0
2022-08-08,SOMON,Somon Konservesi,194.0,68.3,0,0
2022-08-09,SOMON,Somon Konservesi,228.0,68.22,0,0
2022-08-10,SOMON,Somon Konservesi,241.0,69.5,0,0
2022-08-11,SOMON,Somon Konservesi,236.0,69.65,0,0
2022-08-12,SOMON,Somon Konservesi,214.0,68.8,0,0
2022-08-13,SOMON,Somon Konservesi,211.0,69.8,1,0
2022-08-14,SOMON,Somon Konservesi,147.0,69.47,0,0
2022-08-15,SOMON,Somon Konservesi,233.0,67.62,0,0
2022-08-16,SOMON,Somon Konservesi,211.0,70.58,0,0
2022-08-17,SOMON,Somon Konservesi,219.0,70.4,0,0
2022-08-18,SOMON,Somon Konservesi,198.0,71.44,0,0
2022-08-19,SOMON,Somon Konservesi,188.0,69.74,0,0
2022-08-20,SOMON,Somon Konservesi,178.0,70.16,0,0
2022-08-21,SOMON,Somon Konservesi,226.0,69.78,1,0
2022-08-22,SOMON,Somon Konservesi,241.0,69.77,0,0
2022-08-23,SOMON,Somon Konservesi,216.0,71.05,0,0
2022-08-24,SOMON,Somon Konservesi,230.0,69.45,0,0
2022-08-25,SOMON,Somon Konservesi,296.5,69.13,1,0
2022-08-26,SOMON,Somon Konservesi,296.5,69.57,1,0
2022-08-27,SOMON,Somon Konservesi,150.0,69.86,0,0
2022-08-28,SOMON,Somon Konservesi,161.0,71.66,0,0
2022-08-29,SOMON,Somon Konservesi,229.0,70.05,0,0
2022-08-30,SOMON,Somon Konservesi,104.0,67.81,0,1
2022-08-31,SOMON,Somon Konservesi,187.0,70.21,0,0
2022-09-01,SOMON,Somon Konservesi,181.0,71.87,0,0
2022-09-02,SOMON,Somon Konservesi,195.0,71.68,0,0
2022-09-03,SOMON,Somon Konservesi,141.0,68.03,0,0
2022-09-04,SOMON,Somon Konservesi,150.0,70.52,0,0
2022-09-05,SOMON,Somon Konservesi,174.0,71.01,0,0
2022-09-06,SOMON,Somon Konservesi,187.0,71.71,0,0
2022-09-07,SOMON,Somon Konservesi,187.0,72.74,0,0
2022-09-08,SOMON,Somon Konservesi,180.0,70.05,0,0
2022-09-09,SOMON,Somon Konservesi,151.5,69.66,0,0
2022-09-10,SOMON,Somon Konservesi,123.0,72.04,0,0
2022-09-11,SOMON,Somon Konservesi,147.0,71.54,0,0
2022-09-12,SOMON,Somon Konservesi,261.0,72.37,1,0
2022-09-13,SOMON,Somon Konservesi,190.0,69.0,0,0
2022-09-14,SOMON,Somon Konservesi,194.0,71.31,0,0
2022-09-15,SOMON,Somon Konservesi,214.0,71.01,0,0
2022-09-16,SOMON,Somon Konservesi,196.0,71.33,0,0
2022-09-17,SOMON,Somon Konservesi,129.0,67.93,0,0
2022-09-18,SOMON,Somon Konservesi,116.0,69.99,0,0
2022-09-19,SOMON,Somon Konservesi,189.0,69.01,0,0
2022-09-20,SOMON,Somon Konservesi,201.0,70.45,0,0
2022-09-21,SOMON,Somon Konservesi,197.0,70.33,0,0
2022-09-22,SOMON,Somon Konservesi,194.0,70.05,0,0
2022-09-23,SOMON,Somon Konservesi,216.0,71.3,0,0
2022-09-24,SOMON,Somon Konservesi,140.0,69.96,0,0
2022-09-25,SOMON,Somon Konservesi,165.0,71.93,1,0
2022-09-26,SOMON,Somon Konservesi,211.0,73.55,0,0
2022-09-27,SOMON,Somon Konservesi,199.0,68.33,0,0
2022-09-28,SOMON,Somon Konservesi,187.0,69.97,0,0
2022-09-29,SOMON,Somon Konservesi,210.0,71.29,0,0
2022-09-30,SOMON,Somon Konservesi,186.0,70.15,0,0
2022-10-01,SOMON,Somon Konservesi,144.0,71.36,0,0
2022-10-02,SOMON,Somon Konservesi,157.0,69.43,0,0
2022-10-03,SOMON,Somon Konservesi,208.0,69.96,0,0
2022-10-04,SOMON,Somon Konservesi,203.0,71.54,0,0
2022-10-05,SOMON,Somon Konservesi,198.0,70.03,0,0
2022-10-06,SOMON,Somon Konservesi,193.0,70.91,0,0
2022-10-07,SOMON,Somon Konservesi,208.0,69.6,0,0
2022-10-08,SOMON,Somon Konservesi,129.0,70.91,0,0
2022-10-09,SOMON,Somon Konservesi,145.0,71.84,0,0
2022-10-10,SOMON,Somon Konservesi,296.5,70.01,0,0
2022-10-11,SOMON,Somon Konservesi,177.0,74.24,0,0
2022-10-12,SOMON,Somon Konservesi,296.5,70.81,0,0
2022-10-13,SOMON,Somon Konservesi,182.0,74.33,0,0
2022-10-14,SOMON,Somon Konservesi,179.0,69.78,0,0
2022-10-15,SOMON,Somon Konservesi,130.0,72.87,0,0
2022-10-16,SOMON,Somon Konservesi,141.0,69.94,0,0
2022-10-17,SOMON,Somon Konservesi,210.0,71.61,0,0
2022-10-18,SOMON,Somon Konservesi,197.0,71.33,0,0
2022-10-19,SOMON,Somon Konservesi,173.0,71.07,0,0
2022-10-20,SOMON,Somon Konservesi,263.0,70.96,1,0
2022-10-21,SOMON,Somon Konservesi,169.0,70.63,0,0
2022-10-22,SOMON,Somon Konservesi,138.0,69.66,0,0
2022-10-23,SOMON,Somon Konservesi,157.0,72.63,0,0
2022-10-24,SOMON,Somon Konservesi,183.0,71.06,0,0
2022-10-25,SOMON,Somon Konservesi,177.0,70.82,0,0
2022-10-26,SOMON,Somon Konservesi,227.0,72.49,0,0
2022-10-27,SOMON,Somon Konservesi,175.0,70.4,0,0
2022-10-28,SOMON,Somon Konservesi,199.0,72.85,0,0
2022-10-29,SOMON,Somon Konservesi,76.5,71.91,0,1
2022-10-30,SOMON,Somon Konservesi,123.0,69.5,0,0
2022-10-31,SOMON,Somon Konservesi,195.0,71.24,0,0
2022-11-01,SOMON,Somon Konservesi,232.0,70.99,0,0
2022-11-02,SOMON,Somon Konservesi,185.0,71.07,0,0
2022-11-03,SOMON,Somon Konservesi,209.0,71.72,0,0
2022-11-04,SOMON,Somon Konservesi,192.0,70.52,0,0
2022-11-05,SOMON,Somon Konservesi,150.0,73.01,0,0
2022-11-06,SOMON,Somon Konservesi,223.0,71.91,1,0
2022-11-07,SOMON,Somon Konservesi,172.0,74.46,0,0
2022-11-08,SOMON,Somon Konservesi,206.0,69.22,0,0
2022-11-09,SOMON,Somon Konservesi,190.0,73.62,0,0
2022-11-10,SOMON,Somon Konservesi,181.0,70.97,0,0
2022-11-11,SOMON,Somon Konservesi,212.0,70.03,0,0
2022-11-12,SOMON,Somon Konservesi,142.0,71.18,0,0
2022-11-13,SOMON,Somon Konservesi,150.0,69.13,0,0
2022-11-14,SOMON,Somon Konservesi,173.0,72.62,0,0
2022-11-15,SOMON,Somon Konservesi,194.0,72.17,0,0
2022-11-16,SOMON,Somon Konservesi,149.0,71.17,0,0
2022-11-17,SOMON,Somon Konservesi,199.0,70.89,0,0
2022-11-18,SOMON,Somon Konservesi,191.0,71.07,0,0
2022-11-19,SOMON,Somon Konservesi,138.0,74.03,0,0
2022-11-20,SOMON,Somon Konservesi,137.0,68.89,0,0
2022-11-21,SOMON,Somon Konservesi,181.0,72.07,0,0
2022-11-22,SOMON,Somon Konservesi,171.0,73.0,0,0
2022-11-23,SOMON,Somon Konservesi,171.0,71.77,0,0
2022-11-24,SOMON,Somon Konservesi,205.0,71.56,0,0
2022-11-25,SOMON,Somon Konservesi,191.0,71.78,0,0
2022-11-26,SOMON,Somon Konservesi,140.0,72.07,0,0
2022-11-27,SOMON,Somon Konservesi,146.0,73.05,0,0
2022-11-28,SOMON,Somon Konservesi,197.0,74.12,0,0
2022-11-29,SOMON,Somon Konservesi,208.0,69.7,0,0
2022-11-30,SOMON,Somon Konservesi,232.0,74.06,0,0
2022-12-01,SOMON,Somon Konservesi,187.0,74.23,0,0
2022-12-02,SOMON,Somon Konservesi,190.0,72.43,0,0
2022-12-03,SOMON,Somon Konservesi,138.0,71.59,0,0
2022-12-04,SOMON,Somon Konservesi,121.0,74.06,0,0
2022-12-05,SOMON,Somon Konservesi,213.0,70.77,0,0
2022-12-06,SOMON,Somon Konservesi,184.0,74.34,0,0
2022-12-07,SOMON,Somon Konservesi,76.5,74.65,0,0
2022-12-08,SOMON,Somon Konservesi,157.0,71.9,0,0
2022-12-09,SOMON,Somon Konservesi,184.0,69.9,0,0
2022-12-10,SOMON,Somon Konservesi,147.0,73.43,0,0
2022-12-11,SOMON,Somon Konservesi,136.0,71.68,0,0
2022-12-12,SOMON,Somon Konservesi,191.0,72.33,0,0
2022-12-13,SOMON,Somon Konservesi,262.0,72.63,1,0
2022-12-14,SOMON,Somon Konservesi,191.0,69.99,0,0
2022-12-15,SOMON,Somon Konservesi,210.0,72.4,0,0
2022-12-16,SOMON,Somon Konservesi,198.0,71.25,0,0
2022-12-17,SOMON,Somon Konservesi,137.0,73.3,0,0
2022-12-18,SOMON,Somon Konservesi,167.5,69.96,0,0
2022-12-19,SOMON,Somon Konservesi,198.0,73.61,0,0
2022-12-20,SOMON,Somon Konservesi,167.0,72.6,0,0
2022-12-21,SOMON,Somon Konservesi,218.0,73.69,0,0
2022-12-22,SOMON,Somon Konservesi,197.5,70.97,0,0
2022-12-23,SOMON,Somon Konservesi,177.0,74.25,0,0
2022-12-24,SOMON,Somon Konservesi,123.0,72.06,0,0
2022-12-25,SOMON,Somon Konservesi,144.0,72.56,0,0
2022-12-26,SOMON,Somon Konservesi,201.0,70.75,0,0
2022-12-27,SOMON,Somon Konservesi,205.0,73.62,0,0
2022-12-28,SOMON,Somon Konservesi,176.0,73.38,0,0
2022-12-29,SOMON,Somon Konservesi,200.0,72.56,0,0
2022-12-30,SOMON,Somon Konservesi,195.0,74.88,0,0
2022-12-31,SOMON,Somon Konservesi,129.0,73.4,0,0
2023-01-01,SOMON,Somon Konservesi,76.5,71.12,0,1
2023-01-02,SOMON,Somon Konservesi,227.0,72.21,0,0
2023-01-03,SOMON,Somon Konservesi,200.0,72.26,0,0
2023-01-04,SOMON,Somon Konservesi,178.0,73.68,0,0
2023-01-05,SOMON,Somon Konservesi,205.0,72.25,0,0
2023-01-06,SOMON,Somon Konservesi,164.0,73.53,0,0
2023-01-07,SOMON,Somon Konservesi,133.0,73.8,0,0
2023-01-08,SOMON,Somon Konservesi,144.0,72.18,0,0
2023-01-09,SOMON,Somon Konservesi,192.0,75.19,0,0
2023-01-10,SOMON,Somon Konservesi,172.0,74.71,0,0
2023-01-11,SOMON,Somon Konservesi,186.0,73.2,0,0
2023-01-12,SOMON,Somon Konservesi,190.0,73.45,0,0
2023-01-13,SOMON,Somon Konservesi,181.0,71.1,0,0
2023-01-14,SOMON,Somon Konservesi,125.0,70.68,0,0
2023-01-15,SOMON,Somon Konservesi,136.0,73.8,0,0
2023-01-16,SOMON,Somon Konservesi,296.5,73.46,1,0
2023-01-17,SOMON,Somon Konservesi,205.0,72.71,0,0
2023-01-18,SOMON,Somon Konservesi,238.0,73.2,0,0
2023-01-19,SOMON,Somon Konservesi,210.5,68.77,0,0
2023-01-20,SOMON,Somon Konservesi,183.0,74.16,0,0
2023-01-21,SOMON,Somon Konservesi,139.0,74.06,0,0
2023-01-22,SOMON,Somon Konservesi,127.0,74.52,0,0
2023-01-23,SOMON,Somon Konservesi,202.0,73.52,0,0
2023-01-24,SOMON,Somon Konservesi,76.5,73.48,0,0
2023-01-25,SOMON,Somon Konservesi,169.0,75.08,0,0
2023-01-26,SOMON,Somon Konservesi,176.0,74.775,0,0
2023-01-27,SOMON,Somon Konservesi,246.0,74.47,1,0
2023-01-28,SOMON,Somon Konservesi,148.0,69.75,0,0
2023-01-29,SOMON,Somon Konservesi,143.0,73.0,0,0
2023-01-30,SOMON,Somon Konservesi,201.0,75.52,0,0
2023-01-31,SOMON,Somon Konservesi,194.0,73.69,0,0
2023-02-01,SOMON,Somon Konservesi,192.0,71.78,0,0
2023-02-02,SOMON,Somon Konservesi,189.0,76.38,0,0
2023-02-03,SOMON,Somon Konservesi,215.0,73.28,0,0
2023-02-04,SOMON,Somon Konservesi,146.0,71.26,0,0
2023-02-05,SOMON,Somon Konservesi,144.0,71.21,0,0
2023-02-06,SOMON,Somon Konservesi,205.0,73.54,0,0
2023-02-07,SOMON,Somon Konservesi,187.0,72.1,0,0
2023-02-08,SOMON,Somon Konservesi,187.0,74.59,0,0
2023-02-09,SOMON,Somon Konservesi,199.0,74.75,0,0
2023-02-10,SOMON,Somon Konservesi,190.0,73.0,0,0
2023-02-11,SOMON,Somon Konservesi,137.0,73.68,0,0
2023-02-12,SOMON,Somon Konservesi,135.0,73.275,0,0
2023-02-13,SOMON,Somon Konservesi,161.0,72.87,0,0
2023-02-14,SOMON,Somon Konservesi,187.0,73.12,0,0
2023-02-15,SOMON,Somon Konservesi,187.0,70.09,0,0
2023-02-16,SOMON,Somon Konservesi,187.0,72.55,0,0
2023-02-17,SOMON,Somon Konservesi,211.0,72.74,0,0
2023-02-18,SOMON,Somon Konservesi,132.0,72.68,0,0
2023-02-19,SOMON,Somon Konservesi,127.0,74.08,0,0
2023-02-20,SOMON,Somon Konservesi,208.0,76.18,0,0
2023-02-21,SOMON,Somon Konservesi,211.0,72.16,0,0
2023-02-22,SOMON,Somon Konservesi,240.0,75.72,1,0
2023-02-23,SOMON,Somon Konservesi,186.0,72.21,0,0
2023-02-24,SOMON,Somon Konservesi,183.0,71.86,0,0
2023-02-25,SOMON,Somon Konservesi,145.0,73.38,0,0
2023-02-26,SOMON,Somon Konservesi,138.0,74.12,0,0
2023-02-27,SOMON,Somon Konservesi,175.0,73.3,0,0
2023-02-28,SOMON,Somon Konservesi,205.0,74.92,0,0
2023-03-01,SOMON,Somon Konservesi,178.0,73.15,0,0
2023-03-02,SOMON,Somon Konservesi,200.0,76.39,0,0
2023-03-03,SOMON,Somon Konservesi,203.0,74.69,0,0
2023-03-04,SOMON,Somon Konservesi,157.0,72.34,0,0
2023-03-05,SOMON,Somon Konservesi,149.0,73.55,0,0
2023-03-06,SOMON,Somon Konservesi,197.0,76.33,0,0
2023-03-07,SOMON,Somon Konservesi,157.0,72.44,0,0
2023-03-08,SOMON,Somon Konservesi,200.0,74.15,0,0
2023-03-09,SOMON,Somon Konservesi,198.0,73.37,0,0
2023-03-10,SOMON,Somon Konservesi,211.0,74.89,0,0
2023-03-11,SOMON,Somon Konservesi,139.0,73.93,0,0
2023-03-12,SOMON,Somon Konservesi,140.0,74.03,0,0
2023-03-13,SOMON,Somon Konservesi,188.0,73.55,0,0
2023-03-14,SOMON,Somon Konservesi,198.0,73.66,0,0
2023-03-15,SOMON,Somon Konservesi,189.0,73.1,0,0
2023-03-16,SOMON,Somon Konservesi,283.0,77.07,1,0
2023-03-17,SOMON,Somon Konservesi,209.0,72.98,0,0
2023-03-18,SOMON,Somon Konservesi,139.0,75.36,0,0
2023-03-19,SOMON,Somon Konservesi,177.0,73.39,1,0
2023-03-20,SOMON,Somon Konservesi,183.0,74.8,0,0
2023-03-21,SOMON,Somon Konservesi,218.0,76.12,0,0
2023-03-22,SOMON,Somon Konservesi,214.0,74.45,0,0
2023-03-23,SOMON,Somon Konservesi,185.0,73.92,0,0
2023-03-24,SOMON,Somon Konservesi,221.0,76.19,0,0
2023-03-25,SOMON,Somon Konservesi,144.0,77.5,0,0
2023-03-26,SOMON,Somon Konservesi,144.0,75.88,0,0
2023-03-27,SOMON,Somon Konservesi,203.0,76.71,0,0
2023-03-28,SOMON,Somon Konservesi,206.0,75.84,0,0
2023-03-29,SOMON,Somon Konservesi,209.0,74.31,0,0
2023-03-30,SOMON,Somon Konservesi,284.0,75.76,1,0
2023-03-31,SOMON,Somon Konservesi,251.0,74.88,1,0
2023-04-01,SOMON,Somon Konservesi,141.0,74.64,0,0
2023-04-02,SOMON,Somon Konservesi,129.0,75.11,0,0
2023-04-03,SOMON,Somon Konservesi,296.5,74.37,0,0
2023-04-04,SOMON,Somon Konservesi,209.0,71.43,0,0
2023-04-05,SOMON,Somon Konservesi,200.0,75.05,0,0
2023-04-06,SOMON,Somon Konservesi,205.0,74.06,0,0
2023-04-07,SOMON,Somon Konservesi,186.0,73.61,0,0
2023-04-08,SOMON,Somon Konservesi,144.0,75.81,0,0
2023-04-09,SOMON,Somon Konservesi,158.0,72.98,0,0
2023-04-10,SOMON,Somon Konservesi,194.0,73.78,0,0
2023-04-11,SOMON,Somon Konservesi,213.0,77.55,0,0
2023-04-12,SOMON,Somon Konservesi,264.0,72.4,0,0
2023-04-13,SOMON,Somon Konservesi,296.5,71.26,0,0
2023-04-14,SOMON,Somon Konservesi,296.5,76.76,1,0
2023-04-15,SOMON,Somon Konservesi,261.5,78.32,0,0
2023-04-16,SOMON,Somon Konservesi,190.0,74.57,0,0
2023-04-17,SOMON,Somon Konservesi,250.0,75.77,0,0
2023-04-18,SOMON,Somon Konservesi,296.5,74.11,1,0
2023-04-19,SOMON,Somon Konservesi,271.0,77.18,0,0
2023-04-20,SOMON,Somon Konservesi,235.0,74.18,0,0
2023-04-21,SOMON,Somon Konservesi,92.0,74.11,0,1
2023-04-22,SOMON,Somon Konservesi,76.5,75.39,0,1
2023-04-23,SOMON,Somon Konservesi,76.5,75.09,0,1
2023-04-24,SOMON,Somon Konservesi,81.0,77.89,0,1
2023-04-25,SOMON,Somon Konservesi,182.0,76.29,0,0
2023-04-26,SOMON,Somon Konservesi,217.0,74.71,0,0
2023-04-27,SOMON,Somon Konservesi,220.0,74.41,0,0
2023-04-28,SOMON,Somon Konservesi,208.0,76.98,0,0
2023-04-29,SOMON,Somon Konservesi,137.0,73.56,0,0
2023-04-30,SOMON,Somon Konservesi,129.0,76.31,0,0
2023-05-01,SOMON,Somon Konservesi,83.0,75.08,0,1
2023-05-02,SOMON,Somon Konservesi,183.0,74.53,0,0
2023-05-03,SOMON,Somon Konservesi,191.0,72.69,0,0
2023-05-04,SOMON,Somon Konservesi,183.0,76.59,0,0
2023-05-05,SOMON,Somon Konservesi,193.0,75.48,0,0
2023-05-06,SOMON,Somon Konservesi,150.0,74.47,0,0
2023-05-07,SOMON,Somon Konservesi,152.0,77.97,0,0
2023-05-08,SOMON,Somon Konservesi,228.0,74.46,0,0
2023-05-09,SOMON,Somon Konservesi,190.0,77.05,0,0
2023-05-10,SOMON,Somon Konservesi,214.0,74.39,0,0
2023-05-11,SOMON,Somon Konservesi,183.0,75.84,0,0
2023-05-12,SOMON,Somon Konservesi,257.0,75.38,1,0
2023-05-13,SOMON,Somon Konservesi,152.0,74.37,0,0
2023-05-14,SOMON,Somon Konservesi,150.0,76.82,0,0
2023-05-15,SOMON,Somon Konservesi,182.0,76.91,0,0
2023-05-16,SOMON,Somon Konservesi,296.5,74.77,1,0
2023-05-17,SOMON,Somon Konservesi,174.0,75.87,0,0
2023-05-18,SOMON,Somon Konservesi,207.0,76.06,0,0
2023-05-19,SOMON,Somon Konservesi,76.5,76.54,0,1
2023-05-20,SOMON,Somon Konservesi,124.0,78.63,0,0
2023-05-21,SOMON,Somon Konservesi,160.0,75.96,0,0
2023-05-22,SOMON,Somon Konservesi,210.0,76.71,0,0
2023-05-23,SOMON,Somon Konservesi,202.0,74.24,0,0
2023-05-24,SOMON,Somon Konservesi,242.0,75.8,1,0
2023-05-25,SOMON,Somon Konservesi,184.0,77.19,0,0
2023-05-26,SOMON,Somon Konservesi,204.0,74.83,0,0
2023-05-27,SOMON,Somon Konservesi,143.0,75.7,0,0
2023-05-28,SOMON,Somon Konservesi,157.0,75.63,0,0
2023-05-29,SOMON,Somon Konservesi,190.0,74.56,0,0
2023-05-30,SOMON,Somon Konservesi,182.0,76.72,0,0
2023-05-31,SOMON,Somon Konservesi,199.0,74.44,0,0
2023-06-01,SOMON,Somon Konservesi,245.0,77.35,0,0
2023-06-02,SOMON,Somon Konservesi,290.0,76.19,1,0
2023-06-03,SOMON,Somon Konservesi,169.0,76.49,0,0
2023-06-04,SOMON,Somon Konservesi,178.0,76.49,0,0
2023-06-05,SOMON,Somon Konservesi,214.0,74.57,0,0
2023-06-06,SOMON,Somon Konservesi,200.0,77.8,0,0
2023-06-07,SOMON,Somon Konservesi,214.0,75.33,0,0
2023-06-08,SOMON,Somon Konservesi,223.0,73.79,0,0
2023-06-09,SOMON,Somon Konservesi,230.0,77.34,0,0
2023-06-10,SOMON,Somon Konservesi,177.0,77.44,0,0
2023-06-11,SOMON,Somon Konservesi,196.0,75.65,0,0
2023-06-12,SOMON,Somon Konservesi,223.0,75.74,0,0
2023-06-13,SOMON,Somon Konservesi,237.0,75.2,0,0
2023-06-14,SOMON,Somon Konservesi,225.0,75.86,0,0
2023-06-15,SOMON,Somon Konservesi,223.0,76.01,0,0
2023-06-16,SOMON,Somon Konservesi,219.0,76.59,0,0
2023-06-17,SOMON,Somon Konservesi,176.0,75.75,0,0
2023-06-18,SOMON,Somon Konservesi,167.0,75.94,0,0
2023-06-19,SOMON,Somon Konservesi,219.0,75.05,0,0
2023-06-20,SOMON,Somon Konservesi,296.5,74.55,1,0
2023-06-21,SOMON,Somon Konservesi,238.0,78.56,0,0
2023-06-22,SOMON,Somon Konservesi,241.0,79.77,0,0
2023-06-23,SOMON,Somon Konservesi,234.0,76.23,0,0
2023-06-24,SOMON,Somon Konservesi,151.0,78.6,0,0
2023-06-25,SOMON,Somon Konservesi,168.0,74.74,0,0
2023-06-26,SOMON,Somon Konservesi,186.0,75.66,0,0
2023-06-27,SOMON,Somon Konservesi,222.0,74.68,0,0
2023-06-28,SOMON,Somon Konservesi,91.0,76.68,0,1
2023-06-29,SOMON,Somon Konservesi,89.0,79.7,0,1
2023-06-30,SOMON,Somon Konservesi,79.0,77.07,0,1
2023-07-01,SOMON,Somon Konservesi,76.5,76.62,0,1
2023-07-02,SOMON,Somon Konservesi,150.0,74.58,0,0
2023-07-03,SOMON,Somon Konservesi,217.0,77.46,0,0
2023-07-04,SOMON,Somon Konservesi,237.0,76.57,0,0
2023-07-05,SOMON,Somon Konservesi,223.0,79.88,0,0
2023-07-06,SOMON,Somon Konservesi,192.0,79.49,0,0
2023-07-07,SOMON,Somon Konservesi,221.0,77.02,0,0
2023-07-08,SOMON,Somon Konservesi,171.0,76.0,0,0
2023-07-09,SOMON,Somon Konservesi,136.0,76.51,0,0
2023-07-10,SOMON,Somon Konservesi,241.0,74.42,0,0
2023-07-11,SOMON,Somon Konservesi,241.0,74.36,0,0
2023-07-12,SOMON,Somon Konservesi,224.0,77.09,0,0
2023-07-13,SOMON,Somon Konservesi,237.0,76.8,0,0
2023-07-14,SOMON,Somon Konservesi,228.0,75.13,0,0
2023-07-15,SOMON,Somon Konservesi,165.0,75.21,0,0
2023-07-16,SOMON,Somon Konservesi,165.0,77.98,0,0
2023-07-17,SOMON,Somon Konservesi,215.0,77.95,0,0
2023-07-18,SOMON,Somon Konservesi,223.0,76.94,0,0
2023-07-19,SOMON,Somon Konservesi,213.0,76.58,0,0
2023-07-20,SOMON,Somon Konservesi,207.0,76.41,0,0
2023-07-21,SOMON,Somon Konservesi,290.0,74.48,1,0
2023-07-22,SOMON,Somon Konservesi,166.0,78.08,0,0
2023-07-23,SOMON,Somon Konservesi,157.0,75.2,0,0
2023-07-24,SOMON,Somon Konservesi,219.0,78.23,0,0
2023-07-25,SOMON,Somon Konservesi,212.5,74.99,0,0
2023-07-26,SOMON,Somon Konservesi,206.0,76.94,0,0
2023-07-27,SOMON,Somon Konservesi,226.0,77.49,0,0
2023-07-28,SOMON,Somon Konservesi,229.0,74.86,0,0
2023-07-29,SOMON,Somon Konservesi,160.0,78.79,0,0
2023-07-30,SOMON,Somon Konservesi,167.0,74.1,0,0
2023-07-31,SOMON,Somon Konservesi,217.0,78.24,0,0
2023-08-01,SOMON,Somon Konservesi,269.0,76.43,0,0
2023-08-02,SOMON,Somon Konservesi,207.0,76.33,0,0
2023-08-03,SOMON,Somon Konservesi,238.0,77.41,0,0
2023-08-04,SOMON,Somon Konservesi,183.0,78.22,0,0
2023-08-05,SOMON,Somon Konservesi,178.0,76.39,0,0
2023-08-06,SOMON,Somon Konservesi,147.0,77.88499999999999,0,0
2023-08-07,SOMON,Somon Konservesi,246.0,79.38,0,0
2023-08-08,SOMON,Somon Konservesi,244.0,77.02,0,0
2023-08-09,SOMON,Somon Konservesi,209.0,80.6,0,0
2023-08-10,SOMON,Somon Konservesi,264.0,78.38,0,0
2023-08-11,SOMON,Somon Konservesi,222.5,78.56,0,0
2023-08-12,SOMON,Somon Konservesi,181.0,77.94,0,0
2023-08-13,SOMON,Somon Konservesi,162.0,76.01,0,0
2023-08-14,SOMON,Somon Konservesi,217.0,77.23,0,0
2023-08-15,SOMON,Somon Konservesi,226.0,78.0,0,0
2023-08-16,SOMON,Somon Konservesi,249.0,78.65,0,0
2023-08-17,SOMON,Somon Konservesi,229.0,75.7,0,0
2023-08-18,SOMON,Somon Konservesi,232.0,77.61,0,0
2023-08-19,SOMON,Somon Konservesi,150.0,77.69,0,0
2023-08-20,SOMON,Somon Konservesi,187.0,80.0,0,0
2023-08-21,SOMON,Somon Konservesi,239.0,78.61,0,0
2023-08-22,SOMON,Somon Konservesi,246.0,77.98,0,0
2023-08-23,SOMON,Somon Konservesi,296.5,74.0,0,0
2023-08-24,SOMON,Somon Konservesi,231.0,76.93,0,0
2023-08-25,SOMON,Somon Konservesi,229.0,79.54,0,0
2023-08-26,SOMON,Somon Konservesi,145.0,77.3,0,0
2023-08-27,SOMON,Somon Konservesi,172.0,77.72,0,0
2023-08-28,SOMON,Somon Konservesi,192.0,76.6,0,0
2023-08-29,SOMON,Somon Konservesi,234.0,81.47,0,0
2023-08-30,SOMON,Somon Konservesi,101.0,77.6,0,1
2023-08-31,SOMON,Somon Konservesi,253.0,78.19,0,0
2023-09-01,SOMON,Somon Konservesi,178.0,79.94,0,0
2023-09-02,SOMON,Somon Konservesi,161.0,78.73,0,0
2023-09-03,SOMON,Somon Konservesi,131.0,76.48,0,0
2023-09-04,SOMON,Somon Konservesi,213.0,76.78,0,0
2023-09-05,SOMON,Somon Konservesi,296.5,78.52,0,0
2023-09-06,SOMON,Somon Konservesi,296.5,78.63,0,0
2023-09-07,SOMON,Somon Konservesi,185.0,78.66,0,0
2023-09-08,SOMON,Somon Konservesi,215.0,78.69,0,0
2023-09-09,SOMON,Somon Konservesi,123.0,77.16,0,0
2023-09-10,SOMON,Somon Konservesi,149.0,77.71,0,0
2023-09-11,SOMON,Somon Konservesi,175.0,77.55,0,0
2023-09-12,SOMON,Somon Konservesi,221.0,79.42,0,0
2023-09-13,SOMON,Somon Konservesi,173.0,78.595,0,0
2023-09-14,SOMON,Somon Konservesi,201.0,77.77,0,0
2023-09-15,SOMON,Somon Konservesi,208.0,77.02,0,0
2023-09-16,SOMON,Somon Konservesi,142.0,76.89,0,0
2023-09-17,SOMON,Somon Konservesi,149.0,77.98,0,0
2023-09-18,SOMON,Somon Konservesi,196.0,78.33,0,0
2023-09-19,SOMON,Somon Konservesi,199.0,77.12,0,0
2023-09-20,SOMON,Somon Konservesi,185.0,77.99,0,0
2023-09-21,SOMON,Somon Konservesi,205.0,78.67,0,0
2023-09-22,SOMON,Somon Konservesi,214.0,77.91,0,0
2023-09-23,SOMON,Somon Konservesi,127.0,78.88,0,0
2023-09-24,SOMON,Somon Konservesi,204.0,80.58,1,0
2023-09-25,SOMON,Somon Konservesi,205.0,80.08,0,0
2023-09-26,SOMON,Somon Konservesi,216.0,74.86,0,0
2023-09-27,SOMON,Somon Konservesi,205.0,78.64,0,0
2023-09-28,SOMON,Somon Konservesi,230.0,79.42,0,0
2023-09-29,SOMON,Somon Konservesi,191.0,77.73,0,0
2023-09-30,SOMON,Somon Konservesi,175.0,77.27,1,0
2023-10-01,SOMON,Somon Konservesi,121.0,76.98,0,0
2023-10-02,SOMON,Somon Konservesi,231.0,79.33,0,0
2023-10-03,SOMON,Somon Konservesi,186.0,81.9,0,0
2023-10-04,SOMON,Somon Konservesi,76.5,78.27,0,0
2023-10-05,SOMON,Somon Konservesi,201.0,79.4,0,0
2023-10-06,SOMON,Somon Konservesi,218.0,78.34,0,0
2023-10-07,SOMON,Somon Konservesi,148.0,77.07,0,0
2023-10-08,SOMON,Somon Konservesi,143.0,79.33,0,0
2023-10-09,SOMON,Somon Konservesi,200.0,80.05,0,0
2023-10-10,SOMON,Somon Konservesi,201.0,77.98,0,0
2023-10-11,SOMON,Somon Konservesi,209.0,76.34,0,0
2023-10-12,SOMON,Somon Konservesi,189.0,80.24,0,0
2023-10-13,SOMON,Somon Konservesi,189.0,77.48,0,0
2023-10-14,SOMON,Somon Konservesi,145.0,78.81,0,0
2023-10-15,SOMON,Somon Konservesi,159.0,81.48,0,0
2023-10-16,SOMON,Somon Konservesi,192.5,80.27,0,0
2023-10-17,SOMON,Somon Konservesi,226.0,77.51,0,0
2023-10-18,SOMON,Somon Konservesi,204.0,78.61,0,0
2023-10-19,SOMON,Somon Konservesi,200.0,80.01,0,0
2023-10-20,SOMON,Somon Konservesi,207.0,80.86,0,0
2023-10-21,SOMON,Somon Konservesi,175.0,80.62,0,0
2023-10-22,SOMON,Somon Konservesi,143.0,79.02,0,0
2023-10-23,SOMON,Somon Konservesi,179.0,79.01,0,0
2023-10-24,SOMON,Somon Konservesi,211.0,77.54,0,0
2023-10-25,SOMON,Somon Konservesi,193.0,77.15,0,0
2023-10-26,SOMON,Somon Konservesi,192.0,77.51,0,0
2023-10-27,SOMON,Somon Konservesi,193.0,78.94,0,0
2023-10-28,SOMON,Somon Konservesi,140.0,76.95,0,0
2023-10-29,SOMON,Somon Konservesi,76.5,77.71,0,1
2023-10-30,SOMON,Somon Konservesi,290.0,80.43,1,0
2023-10-31,SOMON,Somon Konservesi,225.0,77.2,0,0
2023-11-01,SOMON,Somon Konservesi,190.0,78.49,0,0
2023-11-02,SOMON,Somon Konservesi,200.0,77.9,0,0
2023-11-03,SOMON,Somon Konservesi,236.0,82.48,1,0
2023-11-04,SOMON,Somon Konservesi,197.0,76.1,1,0
2023-11-05,SOMON,Somon Konservesi,143.0,80.29,0,0
2023-11-06,SOMON,Somon Konservesi,182.0,80.35,0,0
2023-11-07,SOMON,Somon Konservesi,202.0,77.92,0,0
2023-11-08,SOMON,Somon Konservesi,209.0,82.24,0,0
2023-11-09,SOMON,Somon Konservesi,183.0,80.43,0,0
2023-11-10,SOMON,Somon Konservesi,181.0,80.16,0,0
2023-11-11,SOMON,Somon Konservesi,131.0,82.32,0,0
2023-11-12,SOMON,Somon Konservesi,126.0,78.26,0,0
2023-11-13,SOMON,Somon Konservesi,200.0,79.69,0,0
2023-11-14,SOMON,Somon Konservesi,286.0,81.98,1,0
2023-11-15,SOMON,Somon Konservesi,214.0,78.34,0,0
2023-11-16,SOMON,Somon Konservesi,188.0,77.64,0,0
2023-11-17,SOMON,Somon Konservesi,182.0,79.83,0,0
2023-11-18,SOMON,Somon Konservesi,169.0,81.36,0,0
2023-11-19,SOMON,Somon Konservesi,135.0,79.21,0,0
2023-11-20,SOMON,Somon Konservesi,191.0,79.5,0,0
2023-11-21,SOMON,Somon Konservesi,179.0,80.14,0,0
2023-11-22,SOMON,Somon Konservesi,230.0,80.25,0,0
2023-11-23,SOMON,Somon Konservesi,181.0,76.57,0,0
2023-11-24,SOMON,Somon Konservesi,209.0,79.08,0,0
2023-11-25,SOMON,Somon Konservesi,152.0,81.23,0,0
2023-11-26,SOMON,Somon Konservesi,135.0,77.13,0,0
2023-11-27,SOMON,Somon Konservesi,199.0,78.41,0,0
2023-11-28,SOMON,Somon Konservesi,178.0,79.9,0,0
2023-11-29,SOMON,Somon Konservesi,209.0,79.19,0,0
2023-11-30,SOMON,Somon Konservesi,197.0,78.91,0,0
2023-12-01,SOMON,Somon Konservesi,232.0,82.65,0,0
2023-12-02,SOMON,Somon Konservesi,190.0,76.5,0,0
2023-12-03,SOMON,Somon Konservesi,148.0,84.65,0,0
2023-12-04,SOMON,Somon Konservesi,296.5,80.03,1,0
2023-12-05,SOMON,Somon Konservesi,211.0,80.37,0,0
2023-12-06,SOMON,Somon Konservesi,203.0,79.71,0,0
2023-12-07,SOMON,Somon Konservesi,214.0,80.75,0,0
2023-12-08,SOMON,Somon Konservesi,193.0,79.4,0,0
2023-12-09,SOMON,Somon Konservesi,139.0,77.02,0,0
2023-12-10,SOMON,Somon Konservesi,148.0,81.66,0,0
2023-12-11,SOMON,Somon Konservesi,170.0,78.55,0,0
2023-12-12,SOMON,Somon Konservesi,215.0,79.94,0,0
2023-12-13,SOMON,Somon Konservesi,177.0,79.43,0,0
2023-12-14,SOMON,Somon Konservesi,205.0,79.27,0,0
2023-12-15,SOMON,Somon Konservesi,196.0,82.23,0,0
2023-12-16,SOMON,Somon Konservesi,154.0,81.95,0,0
2023-12-17,SOMON,Somon Konservesi,157.0,78.39,0,0
2023-12-18,SOMON,Somon Konservesi,181.0,80.77,0,0
2023-12-19,SOMON,Somon Konservesi,198.0,83.15,0,0
2023-12-20,SOMON,Somon Konservesi,189.0,77.22,0,0
2023-12-21,SOMON,Somon Konservesi,189.0,78.83,0,0
2023-12-22,SOMON,Somon Konservesi,196.0,79.67,0,0
2023-12-23,SOMON,Somon Konservesi,142.0,79.93,0,0
2023-12-24,SOMON,Somon Konservesi,135.0,81.37,0,0
2023-12-25,SOMON,Somon Konservesi,181.0,82.35,0,0
2023-12-26,SOMON,Somon Konservesi,227.0,81.46,0,0
2023-12-27,SOMON,Somon Konservesi,204.0,80.21,0,0
2023-12-28,SOMON,Somon Konservesi,192.0,78.96,0,0
2023-12-29,SOMON,Somon Konservesi,212.0,83.06,0,0
2023-12-30,SOMON,Somon Konservesi,121.0,81.23,0,0
2023-12-31,SOMON,Somon Konservesi,102.5,79.42,1,0
2024-01-01,SOMON,Somon Konservesi,84.0,81.26,0,1
2024-01-02,SOMON,Somon Konservesi,191.0,80.9,0,0
2024-01-03,SOMON,Somon Konservesi,176.0,81.18,0,0
2024-01-04,SOMON,Somon Konservesi,189.0,78.07,0,0
2024-01-05,SOMON,Somon Konservesi,175.0,81.0,0,0
2024-01-06,SOMON,Somon Konservesi,132.0,80.91,0,0
2024-01-07,SOMON,Somon Konservesi,159.0,79.34,0,0
2024-01-08,SOMON,Somon Konservesi,186.0,80.81,0,0
2024-01-09,SOMON,Somon Konservesi,177.0,81.07,0,0
2024-01-10,SOMON,Somon Konservesi,218.0,81.41,0,0
2024-01-11,SOMON,Somon Konservesi,235.0,81.88,0,0
2024-01-12,SOMON,Somon Konservesi,203.0,77.7,0,0
2024-01-13,SOMON,Somon Konservesi,141.0,78.68,0,0
2024-01-14,SOMON,Somon Konservesi,170.0,80.88,0,0
2024-01-15,SOMON,Somon Konservesi,199.0,80.8,0,0
2024-01-16,SOMON,Somon Konservesi,200.0,82.55,0,0
2024-01-17,SOMON,Somon Konservesi,212.0,83.91,0,0
2024-01-18,SOMON,Somon Konservesi,171.0,84.055,0,0
2024-01-19,SOMON,Somon Konservesi,190.0,84.2,0,0
2024-01-20,SOMON,Somon Konservesi,136.0,80.99,0,0
2024-01-21,SOMON,Somon Konservesi,130.0,79.37,0,0
2024-01-22,SOMON,Somon Konservesi,169.0,81.22,0,0
2024-01-23,SOMON,Somon Konservesi,218.0,80.68,0,0
2024-01-24,SOMON,Somon Konservesi,208.0,82.12,0,0
2024-01-25,SOMON,Somon Konservesi,175.0,79.66,0,0
2024-01-26,SOMON,Somon Konservesi,194.0,82.82,0,0
2024-01-27,SOMON,Somon Konservesi,141.0,81.02,0,0
2024-01-28,SOMON,Somon Konservesi,165.0,82.27,0,0
2024-01-29,SOMON,Somon Konservesi,163.0,83.57,0,0
2024-01-30,SOMON,Somon Konservesi,179.0,80.72,0,0
2024-01-31,SOMON,Somon Konservesi,201.0,82.77,0,0
2024-02-01,SOMON,Somon Konservesi,195.0,82.25,0,0
2024-02-02,SOMON,Somon Konservesi,187.0,79.59,0,0
2024-02-03,SOMON,Somon Konservesi,129.0,78.81,0,0
2024-02-04,SOMON,Somon Konservesi,178.0,78.93,1,0
2024-02-05,SOMON,Somon Konservesi,207.0,79.57,0,0
2024-02-06,SOMON,Somon Konservesi,207.0,81.95,0,0
2024-02-07,SOMON,Somon Konservesi,200.0,83.3,0,0
2024-02-08,SOMON,Somon Konservesi,237.0,80.14,0,0
2024-02-09,SOMON,Somon Konservesi,204.0,82.91,0,0
2024-02-10,SOMON,Somon Konservesi,147.0,81.59,0,0
2024-02-11,SOMON,Somon Konservesi,145.0,81.15,0,0
2024-02-12,SOMON,Somon Konservesi,156.5,82.31,0,0
2024-02-13,SOMON,Somon Konservesi,168.0,78.85,0,0
2024-02-14,SOMON,Somon Konservesi,176.0,82.99,0,0
2024-02-15,SOMON,Somon Konservesi,183.0,82.32,0,0
2024-02-16,SOMON,Somon Konservesi,190.0,79.73,0,0
2024-02-17,SOMON,Somon Konservesi,129.0,81.92,0,0
2024-02-18,SOMON,Somon Konservesi,194.0,80.62,1,0
2024-02-19,SOMON,Somon Konservesi,224.0,79.67,0,0
2024-02-20,SOMON,Somon Konservesi,198.0,78.85,0,0
2024-02-21,SOMON,Somon Konservesi,180.0,83.77,0,0
2024-02-22,SOMON,Somon Konservesi,203.0,81.53,0,0
2024-02-23,SOMON,Somon Konservesi,200.0,80.41,0,0
2024-02-24,SOMON,Somon Konservesi,138.0,82.67,0,0
2024-02-25,SOMON,Somon Konservesi,148.0,83.03,0,0
2024-02-26,SOMON,Somon Konservesi,220.0,80.84,0,0
2024-02-27,SOMON,Somon Konservesi,215.0,80.61,0,0
2024-02-28,SOMON,Somon Konservesi,196.0,80.66,0,0
2024-02-29,SOMON,Somon Konservesi,202.5,81.59,0,0
2024-03-01,SOMON,Somon Konservesi,209.0,77.93,0,0
2024-03-02,SOMON,Somon Konservesi,147.0,81.74,0,0
2024-03-03,SOMON,Somon Konservesi,148.0,82.75,0,0
2024-03-04,SOMON,Somon Konservesi,184.0,78.66,0,0
2024-03-05,SOMON,Somon Konservesi,205.0,82.51,0,0
2024-03-06,SOMON,Somon Konservesi,213.0,80.69,0,0
2024-03-07,SOMON,Somon Konservesi,216.0,81.59,0,0
2024-03-08,SOMON,Somon Konservesi,206.0,84.02,0,0
2024-03-09,SOMON,Somon Konservesi,137.0,82.96,0,0
2024-03-10,SOMON,Somon Konservesi,147.0,83.54,0,0
2024-03-11,SOMON,Somon Konservesi,165.5,81.61,0,0
2024-03-12,SOMON,Somon Konservesi,184.0,81.32,0,0
2024-03-13,SOMON,Somon Konservesi,221.0,83.39,0,0
2024-03-14,SOMON,Somon Konservesi,242.0,83.67,0,0
2024-03-15,SOMON,Somon Konservesi,211.0,81.42,0,0
2024-03-16,SOMON,Somon Konservesi,142.0,80.26,0,0
2024-03-17,SOMON,Somon Konservesi,151.0,79.79,0,0
2024-03-18,SOMON,Somon Konservesi,169.0,81.66,0,0
2024-03-19,SOMON,Somon Konservesi,231.0,81.14,0,0
2024-03-20,SOMON,Somon Konservesi,214.0,82.96,0,0
2024-03-21,SOMON,Somon Konservesi,199.0,82.52,0,0
2024-03-22,SOMON,Somon Konservesi,206.0,82.36,0,0
2024-03-23,SOMON,Somon Konservesi,153.0,80.55,0,0
2024-03-24,SOMON,Somon Konservesi,142.0,84.22,0,0
2024-03-25,SOMON,Somon Konservesi,190.0,81.53,0,0
2024-03-26,SOMON,Somon Konservesi,195.0,85.32,0,0
2024-03-27,SOMON,Somon Konservesi,199.0,83.51,0,0
2024-03-28,SOMON,Somon Konservesi,190.0,82.06,0,0
2024-03-29,SOMON,Somon Konservesi,214.0,80.88,0,0
2024-03-30,SOMON,Somon Konservesi,150.0,80.86,0,0
2024-03-31,SOMON,Somon Konservesi,199.0,82.67,0,0
2024-04-01,SOMON,Somon Konservesi,285.0,81.54,0,0
2024-04-02,SOMON,Somon Konservesi,296.5,82.33,0,0
2024-04-03,SOMON,Somon Konservesi,296.5,79.92,0,0
2024-04-04,SOMON,Somon Konservesi,267.0,82.4,0,0
2024-04-05,SOMON,Somon Konservesi,230.0,81.63,0,0
2024-04-06,SOMON,Somon Konservesi,182.0,81.78,0,0
2024-04-07,SOMON,Somon Konservesi,204.0,82.98,0,0
2024-04-08,SOMON,Somon Konservesi,267.0,83.01,0,0
2024-04-09,SOMON,Somon Konservesi,226.0,83.35,0,0
2024-04-10,SOMON,Somon Konservesi,92.0,79.99,0,1
2024-04-11,SOMON,Somon Konservesi,76.5,82.14,0,1
2024-04-12,SOMON,Somon Konservesi,76.5,81.64,0,1
2024-04-13,SOMON,Somon Konservesi,76.5,83.61,0,1
2024-04-14,SOMON,Somon Konservesi,122.0,82.32,0,0
2024-04-15,SOMON,Somon Konservesi,280.0,82.45,1,0
2024-04-16,SOMON,Somon Konservesi,231.0,84.21,0,0
2024-04-17,SOMON,Somon Konservesi,205.0,84.74,0,0
2024-04-18,SOMON,Somon Konservesi,190.0,82.43,0,0
2024-04-19,SOMON,Somon Konservesi,205.0,85.18,0,0
2024-04-20,SOMON,Somon Konservesi,138.0,84.0,0,0
2024-04-21,SOMON,Somon Konservesi,189.0,80.91,1,0
2024-04-22,SOMON,Somon Konservesi,277.0,82.49,1,0
2024-04-23,SOMON,Somon Konservesi,81.0,81.79,0,1
2024-04-24,SOMON,Somon Konservesi,76.5,84.99,0,0
2024-04-25,SOMON,Somon Konservesi,222.0,79.54,0,0
2024-04-26,SOMON,Somon Konservesi,196.0,80.65,0,0
2024-04-27,SOMON,Somon Konservesi,144.0,84.11,0,0
2024-04-28,SOMON,Somon Konservesi,145.0,83.0,0,0
2024-04-29,SOMON,Somon Konservesi,231.0,87.33,0,0
2024-04-30,SOMON,Somon Konservesi,219.0,82.01,0,0
2024-05-01,SOMON,Somon Konservesi,81.0,84.03,0,1
2024-05-02,SOMON,Somon Konservesi,210.0,81.7,0,0
2024-05-03,SOMON,Somon Konservesi,196.0,82.72,0,0
2024-05-04,SOMON,Somon Konservesi,156.0,81.97,0,0
2024-05-05,SOMON,Somon Konservesi,136.0,81.99,0,0
2024-05-06,SOMON,Somon Konservesi,200.0,84.59,0,0
2024-05-07,SOMON,Somon Konservesi,219.0,83.12,0,0
2024-05-08,SOMON,Somon Konservesi,168.0,85.52,0,0
2024-05-09,SOMON,Somon Konservesi,180.0,83.14,0,0
2024-05-10,SOMON,Somon Konservesi,202.0,82.73,0,0
2024-05-11,SOMON,Somon Konservesi,133.0,82.81,0,0
2024-05-12,SOMON,Somon Konservesi,153.0,81.63,0,0
2024-05-13,SOMON,Somon Konservesi,76.5,86.0,0,0
2024-05-14,SOMON,Somon Konservesi,214.0,82.92,0,0
2024-05-15,SOMON,Somon Konservesi,185.0,83.43,0,0
2024-05-16,SOMON,Somon Konservesi,208.0,82.71,0,0
2024-05-17,SOMON,Somon Konservesi,173.5,83.01,0,0
2024-05-18,SOMON,Somon Konservesi,139.0,83.52,0,0
2024-05-19,SOMON,Somon Konservesi,76.5,84.94,0,1
2024-05-20,SOMON,Somon Konservesi,239.0,81.91,0,0
2024-05-21,SOMON,Somon Konservesi,161.0,83.48,0,0
2024-05-22,SOMON,Somon Konservesi,223.0,85.73,0,0
2024-05-23,SOMON,Somon Konservesi,213.0,84.42,0,0
2024-05-24,SOMON,Somon Konservesi,187.0,87.29,0,0
2024-05-25,SOMON,Somon Konservesi,168.0,83.92,0,0
2024-05-26,SOMON,Somon Konservesi,141.0,87.37,0,0
2024-05-27,SOMON,Somon Konservesi,216.0,87.11,0,0
2024-05-28,SOMON,Somon Konservesi,215.0,86.27,0,0
2024-05-29,SOMON,Somon Konservesi,239.0,84.3,0,0
2024-05-30,SOMON,Somon Konservesi,234.0,82.92,0,0
2024-05-31,SOMON,Somon Konservesi,225.0,87.28,0,0
2024-06-01,SOMON,Somon Konservesi,170.0,83.73,0,0
2024-06-02,SOMON,Somon Konservesi,76.5,81.73,0,0
2024-06-03,SOMON,Somon Konservesi,207.0,84.93,0,0
2024-06-04,SOMON,Somon Konservesi,270.0,83.41,0,0
2024-06-05,SOMON,Somon Konservesi,296.5,83.67,1,0
2024-06-06,SOMON,Somon Konservesi,228.0,84.91,0,0
2024-06-07,SOMON,Somon Konservesi,296.5,83.72,1,0
2024-06-08,SOMON,Somon Konservesi,179.0,80.55,0,0
2024-06-09,SOMON,Somon Konservesi,180.0,83.82,0,0
2024-06-10,SOMON,Somon Konservesi,230.0,84.69,0,0
2024-06-11,SOMON,Somon Konservesi,237.0,84.39,0,0
2024-06-12,SOMON,Somon Konservesi,235.0,86.57,0,0
2024-06-13,SOMON,Somon Konservesi,210.0,84.59,0,0
2024-06-14,SOMON,Somon Konservesi,261.0,84.05,0,0
2024-06-15,SOMON,Somon Konservesi,152.0,84.87,0,0
2024-06-16,SOMON,Somon Konservesi,76.5,82.53,0,1
2024-06-17,SOMON,Somon Konservesi,78.0,85.87,0,1
2024-06-18,SOMON,Somon Konservesi,93.0,78.39,0,1
2024-06-19,SOMON,Somon Konservesi,86.0,84.48,0,1
2024-06-20,SOMON,Somon Konservesi,259.0,83.6,0,0
2024-06-21,SOMON,Somon Konservesi,224.0,84.96,0,0
2024-06-22,SOMON,Somon Konservesi,164.0,83.98,0,0
2024-06-23,SOMON,Somon Konservesi,200.0,84.79,1,0
2024-06-24,SOMON,Somon Konservesi,253.0,83.21,0,0
2024-06-25,SOMON,Somon Konservesi,218.0,84.24,0,0
2024-06-26,SOMON,Somon Konservesi,247.0,83.02,0,0
2024-06-27,SOMON,Somon Konservesi,243.0,83.53,0,0
2024-06-28,SOMON,Somon Konservesi,287.0,83.37,1,0
2024-06-29,SOMON,Somon Konservesi,166.0,84.86,0,0
2024-06-30,SOMON,Somon Konservesi,179.0,85.63,0,0
2024-07-01,SOMON,Somon Konservesi,240.0,83.88,0,0
2024-07-02,SOMON,Somon Konservesi,246.0,83.85,0,0
2024-07-03,SOMON,Somon Konservesi,222.0,84.93,0,0
2024-07-04,SOMON,Somon Konservesi,239.0,83.36,0,0
2024-07-05,SOMON,Somon Konservesi,251.0,86.54,0,0
2024-07-06,SOMON,Somon Konservesi,210.0,83.0,1,0
2024-07-07,SOMON,Somon Konservesi,159.0,83.45,0,0
2024-07-08,SOMON,Somon Konservesi,249.0,81.56,0,0
2024-07-09,SOMON,Somon Konservesi,243.0,83.89,0,0
2024-07-10,SOMON,Somon Konservesi,296.5,84.15,1,0
2024-07-11,SOMON,Somon Konservesi,234.0,83.54,0,0
2024-07-12,SOMON,Somon Konservesi,234.0,83.25,0,0
2024-07-13,SOMON,Somon Konservesi,174.0,87.22,0,0
2024-07-14,SOMON,Somon Konservesi,150.0,85.26,0,0
2024-07-15,SOMON,Somon Konservesi,247.0,85.75,0,0
2024-07-16,SOMON,Somon Konservesi,238.0,85.26,0,0
2024-07-17,SOMON,Somon Konservesi,296.5,84.59,1,0
2024-07-18,SOMON,Somon Konservesi,240.0,87.22,0,0
2024-07-19,SOMON,Somon Konservesi,217.0,83.22,0,0
2024-07-20,SOMON,Somon Konservesi,154.0,86.13,0,0
2024-07-21,SOMON,Somon Konservesi,202.0,85.26,0,0
2024-07-22,SOMON,Somon Konservesi,250.0,83.12,0,0
2024-07-23,SOMON,Somon Konservesi,209.0,86.16,0,0
2024-07-24,SOMON,Somon Konservesi,241.0,85.8,0,0
2024-07-25,SOMON,Somon Konservesi,237.0,86.43,0,0
2024-07-26,SOMON,Somon Konservesi,232.0,87.45,0,0
2024-07-27,SOMON,Somon Konservesi,154.0,84.58,0,0
2024-07-28,SOMON,Somon Konservesi,154.0,83.48,0,0
2024-07-29,SOMON,Somon Konservesi,229.0,85.46,0,0
2024-07-30,SOMON,Somon Konservesi,212.0,85.67,0,0
2024-07-31,SOMON,Somon Konservesi,218.0,83.67,0,0
2024-08-01,SOMON,Somon Konservesi,231.0,88.85,0,0
2024-08-02,SOMON,Somon Konservesi,233.0,85.06,0,0
2024-08-03,SOMON,Somon Konservesi,146.0,87.84,0,0
2024-08-04,SOMON,Somon Konservesi,146.0,85.11,0,0
2024-08-05,SOMON,Somon Konservesi,221.0,81.18,0,0
2024-08-06,SOMON,Somon Konservesi,220.0,85.96,0,0
2024-08-07,SOMON,Somon Konservesi,237.0,85.96,0,0
2024-08-08,SOMON,Somon Konservesi,258.0,85.06,0,0
2024-08-09,SOMON,Somon Konservesi,242.0,84.31,0,0
2024-08-10,SOMON,Somon Konservesi,169.0,82.27,0,0
2024-08-11,SOMON,Somon Konservesi,205.0,84.93,1,0
2024-08-12,SOMON,Somon Konservesi,221.0,86.07,0,0
2024-08-13,SOMON,Somon Konservesi,189.0,88.37,0,0
2024-08-14,SOMON,Somon Konservesi,235.0,85.85,0,0
2024-08-15,SOMON,Somon Konservesi,225.0,84.97,0,0
2024-08-16,SOMON,Somon Konservesi,255.0,85.59,0,0
2024-08-17,SOMON,Somon Konservesi,157.0,82.63,0,0
2024-08-18,SOMON,Somon Konservesi,201.5,83.72,0,0
2024-08-19,SOMON,Somon Konservesi,246.0,86.12,0,0
2024-08-20,SOMON,Somon Konservesi,246.0,87.38,0,0
2024-08-21,SOMON,Somon Konservesi,208.0,86.75,0,0
2024-08-22,SOMON,Somon Konservesi,231.0,88.14,0,0
2024-08-23,SOMON,Somon Konservesi,209.0,87.39,0,0
2024-08-24,SOMON,Somon Konservesi,180.0,85.23,0,0
2024-08-25,SOMON,Somon Konservesi,158.0,85.71,0,0
2024-08-26,SOMON,Somon Konservesi,213.0,87.93,0,0
2024-08-27,SOMON,Somon Konservesi,247.0,85.67,0,0
2024-08-28,SOMON,Somon Konservesi,226.0,85.475,0,0
2024-08-29,SOMON,Somon Konservesi,227.0,85.28,0,0
2024-08-30,SOMON,Somon Konservesi,98.0,86.18,0,1
2024-08-31,SOMON,Somon Konservesi,240.0,87.67,1,0
2024-09-01,SOMON,Somon Konservesi,155.0,84.96,0,0
2024-09-02,SOMON,Somon Konservesi,217.0,85.99,0,0
2024-09-03,SOMON,Somon Konservesi,231.0,87.23,0,0
2024-09-04,SOMON,Somon Konservesi,195.0,85.27,0,0
2024-09-05,SOMON,Somon Konservesi,224.0,86.67,0,0
2024-09-06,SOMON,Somon Konservesi,296.5,86.02,1,0
2024-09-07,SOMON,Somon Konservesi,144.0,87.13,0,0
2024-09-08,SOMON,Somon Konservesi,141.0,86.93,0,0
2024-09-09,SOMON,Somon Konservesi,187.0,86.4,0,0
2024-09-10,SOMON,Somon Konservesi,221.0,85.89,0,0
2024-09-11,SOMON,Somon Konservesi,215.0,87.35,0,0
2024-09-12,SOMON,Somon Konservesi,207.0,86.54,0,0
2024-09-13,SOMON,Somon Konservesi,201.0,83.89,0,0
2024-09-14,SOMON,Somon Konservesi,133.0,86.41,0,0
2024-09-15,SOMON,Somon Konservesi,159.0,83.1,0,0
2024-09-16,SOMON,Somon Konservesi,208.0,86.22,0,0
2024-09-17,SOMON,Somon Konservesi,254.0,87.11,1,0
2024-09-18,SOMON,Somon Konservesi,229.0,85.48,0,0
2024-09-19,SOMON,Somon Konservesi,200.0,85.36,0,0
2024-09-20,SOMON,Somon Konservesi,193.0,85.07,0,0
2024-09-21,SOMON,Somon Konservesi,117.0,88.15,0,0
2024-09-22,SOMON,Somon Konservesi,151.5,85.47,0,0
2024-09-23,SOMON,Somon Konservesi,186.0,89.21,0,0
2024-09-24,SOMON,Somon Konservesi,257.0,84.05,1,0
2024-09-25,SOMON,Somon Konservesi,207.0,87.54,0,0
2024-09-26,SOMON,Somon Konservesi,206.0,83.86,0,0
2024-09-27,SOMON,Somon Konservesi,209.0,89.05,0,0
2024-09-28,SOMON,Somon Konservesi,149.0,86.68,0,0
2024-09-29,SOMON,Somon Konservesi,131.0,87.13,0,0
2024-09-30,SOMON,Somon Konservesi,202.0,86.03,0,0
2024-10-01,SOMON,Somon Konservesi,216.0,85.62,0,0
2024-10-02,SOMON,Somon Konservesi,199.0,85.38,0,0
2024-10-03,SOMON,Somon Konservesi,211.0,84.32,0,0
2024-10-04,SOMON,Somon Konservesi,199.0,88.15,0,0
2024-10-05,SOMON,Somon Konservesi,145.0,87.94,0,0
2024-10-06,SOMON,Somon Konservesi,146.0,82.19,0,0
2024-10-07,SOMON,Somon Konservesi,207.0,86.28,0,0
2024-10-08,SOMON,Somon Konservesi,194.0,87.04,0,0
2024-10-09,SOMON,Somon Konservesi,204.0,89.18,0,0
2024-10-10,SOMON,Somon Konservesi,217.0,86.3,0,0
2024-10-11,SOMON,Somon Konservesi,247.0,86.7,0,0
2024-10-12,SOMON,Somon Konservesi,151.0,86.33,0,0
2024-10-13,SOMON,Somon Konservesi,211.0,85.41,1,0
2024-10-14,SOMON,Somon Konservesi,199.0,87.27,0,0
2024-10-15,SOMON,Somon Konservesi,184.0,85.24,0,0
2024-10-16,SOMON,Somon Konservesi,182.0,87.5,0,0
2024-10-17,SOMON,Somon Konservesi,184.0,89.07,0,0
2024-10-18,SOMON,Somon Konservesi,191.0,86.51,0,0
2024-10-19,SOMON,Somon Konservesi,147.0,86.9,0,0
2024-10-20,SOMON,Somon Konservesi,129.0,87.63,0,0
2024-10-21,SOMON,Somon Konservesi,296.5,85.56,1,0
2024-10-22,SOMON,Somon Konservesi,164.0,88.05,0,0
2024-10-23,SOMON,Somon Konservesi,182.5,87.58,0,0
2024-10-24,SOMON,Somon Konservesi,201.0,85.92,0,0
2024-10-25,SOMON,Somon Konservesi,76.5,89.68,0,0
2024-10-26,SOMON,Somon Konservesi,152.0,84.55,0,0
2024-10-27,SOMON,Somon Konservesi,161.0,86.96,0,0
2024-10-28,SOMON,Somon Konservesi,225.0,86.42,0,0
2024-10-29,SOMON,Somon Konservesi,86.0,87.08,0,1
2024-10-30,SOMON,Somon Konservesi,203.0,89.9,0,0
2024-10-31,SOMON,Somon Konservesi,195.0,88.92,0,0
2024-11-01,SOMON,Somon Konservesi,182.0,87.51,0,0
2024-11-02,SOMON,Somon Konservesi,134.0,86.26,0,0
2024-11-03,SOMON,Somon Konservesi,167.0,89.29,0,0
2024-11-04,SOMON,Somon Konservesi,193.0,86.56,0,0
2024-11-05,SOMON,Somon Konservesi,210.0,84.91,0,0
2024-11-06,SOMON,Somon Konservesi,196.0,86.17,0,0
2024-11-07,SOMON,Somon Konservesi,201.0,90.09,0,0
2024-11-08,SOMON,Somon Konservesi,206.0,88.29,0,0
2024-11-09,SOMON,Somon Konservesi,125.0,84.92,0,0
2024-11-10,SOMON,Somon Konservesi,167.0,88.16,0,0
2024-11-11,SOMON,Somon Konservesi,216.0,87.88,0,0
2024-11-12,SOMON,Somon Konservesi,222.0,85.77,0,0
2024-11-13,SOMON,Somon Konservesi,194.0,89.13,0,0
2024-11-14,SOMON,Somon Konservesi,176.0,88.35,0,0
2024-11-15,SOMON,Somon Konservesi,196.0,88.68,0,0
2024-11-16,SOMON,Somon Konservesi,152.0,85.29,0,0
2024-11-17,SOMON,Somon Konservesi,151.0,84.36,0,0
2024-11-18,SOMON,Somon Konservesi,183.0,85.5,0,0
2024-11-19,SOMON,Somon Konservesi,203.0,87.61,0,0
2024-11-20,SOMON,Somon Konservesi,184.0,90.07,0,0
2024-11-21,SOMON,Somon Konservesi,187.0,89.95,0,0
2024-11-22,SOMON,Somon Konservesi,224.0,89.18,0,0
2024-11-23,SOMON,Somon Konservesi,138.0,88.15,0,0
2024-11-24,SOMON,Somon Konservesi,124.0,84.94,0,0
2024-11-25,SOMON,Somon Konservesi,201.0,90.88,0,0
2024-11-26,SOMON,Somon Konservesi,187.0,85.72,0,0
2024-11-27,SOMON,Somon Konservesi,199.0,87.97,0,0
2024-11-28,SOMON,Somon Konservesi,220.0,84.33,0,0
2024-11-29,SOMON,Somon Konservesi,236.0,88.3,0,0
2024-11-30,SOMON,Somon Konservesi,111.0,89.74,0,0
2024-12-01,SOMON,Somon Konservesi,161.0,90.25,0,0
2024-12-02,SOMON,Somon Konservesi,199.0,86.49,0,0
2024-12-03,SOMON,Somon Konservesi,189.0,88.52,0,0
2024-12-04,SOMON,Somon Konservesi,222.0,87.4,0,0
2024-12-05,SOMON,Somon Konservesi,195.0,88.75,0,0
2024-12-06,SOMON,Somon Konservesi,211.0,89.66,0,0
2024-12-07,SOMON,Somon Konservesi,141.0,88.36,0,0
2024-12-08,SOMON,Somon Konservesi,138.0,87.9,0,0
2024-12-09,SOMON,Somon Konservesi,201.0,84.52,0,0
2024-12-10,SOMON,Somon Konservesi,208.0,87.74,0,0
2024-12-11,SOMON,Somon Konservesi,195.0,90.11,0,0
2024-12-12,SOMON,Somon Konservesi,219.0,87.35,0,0
2024-12-13,SOMON,Somon Konservesi,208.0,86.69,0,0
2024-12-14,SOMON,Somon Konservesi,144.0,87.32,0,0
2024-12-15,SOMON,Somon Konservesi,143.0,89.39,0,0
2024-12-16,SOMON,Somon Konservesi,174.0,89.47,0,0
2024-12-17,SOMON,Somon Konservesi,168.0,85.58,0,0
2024-12-18,SOMON,Somon Konservesi,237.0,86.07,0,0
2024-12-19,SOMON,Somon Konservesi,194.0,88.11,0,0
2024-12-20,SOMON,Somon Konservesi,221.0,89.55,0,0
2024-12-21,SOMON,Somon Konservesi,177.0,86.03,0,0
2024-12-22,SOMON,Somon Konservesi,152.0,88.7,0,0
2024-12-23,SOMON,Somon Konservesi,214.0,89.11,0,0
2024-12-24,SOMON,Somon Konservesi,241.0,87.15,0,0
2024-12-25,SOMON,Somon Konservesi,222.0,87.77,0,0
2024-12-26,SOMON,Somon Konservesi,195.0,87.45,0,0
2024-12-27,SOMON,Somon Konservesi,204.0,91.67,0,0
2024-12-28,SOMON,Somon Konservesi,151.0,88.28,0,0
2024-12-29,SOMON,Somon Konservesi,173.0,92.95,0,0
2024-12-30,SOMON,Somon Konservesi,253.0,90.65,0,0
2024-12-31,SOMON,Somon Konservesi,217.0,86.73,0,0
2022-01-01,TON160,Ton Balığı Konservesi 160g,255.6875,46.15,0,1
2022-01-02,TON160,Ton Balığı Konservesi 160g,255.6875,47.73,0,0
2022-01-03,TON160,Ton Balığı Konservesi 160g,657.0,47.86,1,0
2022-01-04,TON160,Ton Balığı Konservesi 160g,556.0,48.4,0,0
2022-01-05,TON160,Ton Balığı Konservesi 160g,567.0,47.65,0,0
2022-01-06,TON160,Ton Balığı Konservesi 160g,534.0,46.76,0,0
2022-01-07,TON160,Ton Balığı Konservesi 160g,473.5,48.12,0,0
2022-01-08,TON160,Ton Balığı Konservesi 160g,413.0,48.06,0,0
2022-01-09,TON160,Ton Balığı Konservesi 160g,389.0,47.83,0,0
2022-01-10,TON160,Ton Balığı Konservesi 160g,529.0,48.68,0,0
2022-01-11,TON160,Ton Balığı Konservesi 160g,495.0,47.87,0,0
2022-01-12,TON160,Ton Balığı Konservesi 160g,531.0,48.16,0,0
2022-01-13,TON160,Ton Balığı Konservesi 160g,571.0,48.67,0,0
2022-01-14,TON160,Ton Balığı Konservesi 160g,524.0,48.97,0,0
2022-01-15,TON160,Ton Balığı Konservesi 160g,413.0,46.12,0,0
2022-01-16,TON160,Ton Balığı Konservesi 160g,370.0,48.65,0,0
2022-01-17,TON160,Ton Balığı Konservesi 160g,824.1875,48.79,0,0
2022-01-18,TON160,Ton Balığı Konservesi 160g,532.0,49.26,0,0
2022-01-19,TON160,Ton Balığı Konservesi 160g,519.0,47.48,0,0
2022-01-20,TON160,Ton Balığı Konservesi 160g,546.0,48.08,0,0
2022-01-21,TON160,Ton Balığı Konservesi 160g,527.0,48.36,0,0
2022-01-22,TON160,Ton Balığı Konservesi 160g,390.0,48.52,0,0
2022-01-23,TON160,Ton Balığı Konservesi 160g,365.0,47.72,0,0
2022-01-24,TON160,Ton Balığı Konservesi 160g,768.0,48.95,1,0
2022-01-25,TON160,Ton Balığı Konservesi 160g,587.0,48.43,0,0
2022-01-26,TON160,Ton Balığı Konservesi 160g,522.0,46.5,0,0
2022-01-27,TON160,Ton Balığı Konservesi 160g,645.0,47.29,0,0
2022-01-28,TON160,Ton Balığı Konservesi 160g,543.0,49.12,0,0
2022-01-29,TON160,Ton Balığı Konservesi 160g,425.0,49.2,0,0
2022-01-30,TON160,Ton Balığı Konservesi 160g,566.5,49.53,0,0
2022-01-31,TON160,Ton Balığı Konservesi 160g,708.0,48.22,1,0
2022-02-01,TON160,Ton Balığı Konservesi 160g,767.0,47.56,1,0
2022-02-02,TON160,Ton Balığı Konservesi 160g,255.6875,48.35,0,0
2022-02-03,TON160,Ton Balığı Konservesi 160g,610.0,48.06,0,0
2022-02-04,TON160,Ton Balığı Konservesi 160g,626.0,49.46,0,0
2022-02-05,TON160,Ton Balığı Konservesi 160g,392.0,49.07,0,0
2022-02-06,TON160,Ton Balığı Konservesi 160g,484.0,48.54,1,0
2022-02-07,TON160,Ton Balığı Konservesi 160g,568.0,47.36,0,0
2022-02-08,TON160,Ton Balığı Konservesi 160g,556.0,47.69,0,0
2022-02-09,TON160,Ton Balığı Konservesi 160g,517.0,49.7,0,0
2022-02-10,TON160,Ton Balığı Konservesi 160g,503.0,50.59,0,0
2022-02-11,TON160,Ton Balığı Konservesi 160g,565.0,49.61,0,0
2022-02-12,TON160,Ton Balığı Konservesi 160g,355.0,49.82,0,0
2022-02-13,TON160,Ton Balığı Konservesi 160g,385.0,50.92,0,0
2022-02-14,TON160,Ton Balığı Konservesi 160g,610.0,49.35,0,0
2022-02-15,TON160,Ton Balığı Konservesi 160g,582.0,48.12,0,0
2022-02-16,TON160,Ton Balığı Konservesi 160g,607.0,47.97,0,0
2022-02-17,TON160,Ton Balığı Konservesi 160g,548.0,48.0,0,0
2022-02-18,TON160,Ton Balığı Konservesi 160g,581.0,49.06,0,0
2022-02-19,TON160,Ton Balığı Konservesi 160g,516.5,50.69,0,0
2022-02-20,TON160,Ton Balığı Konservesi 160g,452.0,49.9,0,0
2022-02-21,TON160,Ton Balığı Konservesi 160g,522.0,48.97,0,0
2022-02-22,TON160,Ton Balığı Konservesi 160g,629.0,47.13,0,0
2022-02-23,TON160,Ton Balığı Konservesi 160g,503.0,48.6,0,0
2022-02-24,TON160,Ton Balığı Konservesi 160g,679.0,47.53,1,0
2022-02-25,TON160,Ton Balığı Konservesi 160g,593.0,49.77,0,0
2022-02-26,TON160,Ton Balığı Konservesi 160g,394.0,49.52,0,0
2022-02-27,TON160,Ton Balığı Konservesi 160g,368.0,47.68,0,0
2022-02-28,TON160,Ton Balığı Konservesi 160g,772.0,47.83,1,0
2022-03-01,TON160,Ton Balığı Konservesi 160g,515.0,47.89,0,0
2022-03-02,TON160,Ton Balığı Konservesi 160g,474.0,48.77,0,0
2022-03-03,TON160,Ton Balığı Konservesi 160g,731.0,49.01,1,0
2022-03-04,TON160,Ton Balığı Konservesi 160g,511.0,50.14,0,0
2022-03-05,TON160,Ton Balığı Konservesi 160g,379.0,47.72,0,0
2022-03-06,TON160,Ton Balığı Konservesi 160g,449.5,47.93,0,0
2022-03-07,TON160,Ton Balığı Konservesi 160g,520.0,47.2,0,0
2022-03-08,TON160,Ton Balığı Konservesi 160g,571.0,47.730000000000004,0,0
2022-03-09,TON160,Ton Balığı Konservesi 160g,471.0,48.26,0,0
2022-03-10,TON160,Ton Balığı Konservesi 160g,561.0,48.88,0,0
2022-03-11,TON160,Ton Balığı Konservesi 160g,520.0,48.82,0,0
2022-03-12,TON160,Ton Balığı Konservesi 160g,394.0,48.45,0,0
2022-03-13,TON160,Ton Balığı Konservesi 160g,380.0,48.25,0,0
2022-03-14,TON160,Ton Balığı Konservesi 160g,490.0,49.87,0,0
2022-03-15,TON160,Ton Balığı Konservesi 160g,468.0,49.11,0,0
2022-03-16,TON160,Ton Balığı Konservesi 160g,504.0,49.39,0,0
2022-03-17,TON160,Ton Balığı Konservesi 160g,482.0,50.19,0,0
2022-03-18,TON160,Ton Balığı Konservesi 160g,600.0,49.63,0,0
2022-03-19,TON160,Ton Balığı Konservesi 160g,364.0,48.2,0,0
2022-03-20,TON160,Ton Balığı Konservesi 160g,375.0,48.3,0,0
2022-03-21,TON160,Ton Balığı Konservesi 160g,522.0,49.76,0,0
2022-03-22,TON160,Ton Balığı Konservesi 160g,458.0,48.16,0,0
2022-03-23,TON160,Ton Balığı Konservesi 160g,620.0,50.86,0,0
2022-03-24,TON160,Ton Balığı Konservesi 160g,511.0,49.85,0,0
2022-03-25,TON160,Ton Balığı Konservesi 160g,588.0,50.05,0,0
2022-03-26,TON160,Ton Balığı Konservesi 160g,529.0,49.07,1,0
2022-03-27,TON160,Ton Balığı Konservesi 160g,339.0,50.56,0,0
2022-03-28,TON160,Ton Balığı Konservesi 160g,533.0,50.34,0,0
2022-03-29,TON160,Ton Balığı Konservesi 160g,502.0,48.27,0,0
2022-03-30,TON160,Ton Balığı Konservesi 160g,494.0,48.53,0,0
2022-03-31,TON160,Ton Balığı Konservesi 160g,568.0,51.15,0,0
2022-04-01,TON160,Ton Balığı Konservesi 160g,571.0,50.47,0,0
2022-04-02,TON160,Ton Balığı Konservesi 160g,393.0,49.5,0,0
2022-04-03,TON160,Ton Balığı Konservesi 160g,381.0,49.06,0,0
2022-04-04,TON160,Ton Balığı Konservesi 160g,594.0,48.07,0,0
2022-04-05,TON160,Ton Balığı Konservesi 160g,501.0,47.69,0,0
2022-04-06,TON160,Ton Balığı Konservesi 160g,553.0,51.49,0,0
2022-04-07,TON160,Ton Balığı Konservesi 160g,575.0,49.69,0,0
2022-04-08,TON160,Ton Balığı Konservesi 160g,486.0,48.0,0,0
2022-04-09,TON160,Ton Balığı Konservesi 160g,362.0,49.11,0,0
2022-04-10,TON160,Ton Balığı Konservesi 160g,406.0,49.49,0,0
2022-04-11,TON160,Ton Balığı Konservesi 160g,582.0,50.96,0,0
2022-04-12,TON160,Ton Balığı Konservesi 160g,530.0,48.61,0,0
2022-04-13,TON160,Ton Balığı Konservesi 160g,502.0,48.97,0,0
2022-04-14,TON160,Ton Balığı Konservesi 160g,620.0,48.39,0,0
2022-04-15,TON160,Ton Balığı Konservesi 160g,537.0,49.65,0,0
2022-04-16,TON160,Ton Balığı Konservesi 160g,407.0,50.14,0,0
2022-04-17,TON160,Ton Balığı Konservesi 160g,367.0,50.78,0,0
2022-04-18,TON160,Ton Balığı Konservesi 160g,507.0,50.09,0,0
2022-04-19,TON160,Ton Balığı Konservesi 160g,549.0,49.52,0,0
2022-04-20,TON160,Ton Balığı Konservesi 160g,552.0,49.87,0,0
2022-04-21,TON160,Ton Balığı Konservesi 160g,521.0,50.53,0,0
2022-04-22,TON160,Ton Balığı Konservesi 160g,642.0,49.93,0,0
2022-04-23,TON160,Ton Balığı Konservesi 160g,255.6875,52.67,0,1
2022-04-24,TON160,Ton Balığı Konservesi 160g,523.0,49.09,0,0
2022-04-25,TON160,Ton Balığı Konservesi 160g,732.0,49.37,0,0
2022-04-26,TON160,Ton Balığı Konservesi 160g,662.0,49.97,0,0
2022-04-27,TON160,Ton Balığı Konservesi 160g,641.0,49.08,0,0
2022-04-28,TON160,Ton Balığı Konservesi 160g,659.5,49.46,0,0
2022-04-29,TON160,Ton Balığı Konservesi 160g,678.0,49.03,0,0
2022-04-30,TON160,Ton Balığı Konservesi 160g,518.0,48.79,0,0
2022-05-01,TON160,Ton Balığı Konservesi 160g,255.6875,50.84,0,1
2022-05-02,TON160,Ton Balığı Konservesi 160g,277.0,49.15,0,1
2022-05-03,TON160,Ton Balığı Konservesi 160g,255.6875,51.19,0,1
2022-05-04,TON160,Ton Balığı Konservesi 160g,255.6875,48.54,0,1
2022-05-05,TON160,Ton Balığı Konservesi 160g,255.6875,49.9,0,1
2022-05-06,TON160,Ton Balığı Konservesi 160g,526.0,50.48,0,0
2022-05-07,TON160,Ton Balığı Konservesi 160g,435.0,51.08,0,0
2022-05-08,TON160,Ton Balığı Konservesi 160g,333.0,51.47,0,0
2022-05-09,TON160,Ton Balığı Konservesi 160g,462.0,49.79,0,0
2022-05-10,TON160,Ton Balığı Konservesi 160g,442.0,49.27,0,0
2022-05-11,TON160,Ton Balığı Konservesi 160g,557.0,50.5,0,0
2022-05-12,TON160,Ton Balığı Konservesi 160g,513.0,49.63,0,0
2022-05-13,TON160,Ton Balığı Konservesi 160g,503.0,50.4,0,0
2022-05-14,TON160,Ton Balığı Konservesi 160g,353.0,49.02,0,0
2022-05-15,TON160,Ton Balığı Konservesi 160g,461.5,49.91,0,0
2022-05-16,TON160,Ton Balığı Konservesi 160g,570.0,49.75,0,0
2022-05-17,TON160,Ton Balığı Konservesi 160g,611.0,51.11,0,0
2022-05-18,TON160,Ton Balığı Konservesi 160g,400.5,50.22,0,0
2022-05-19,TON160,Ton Balığı Konservesi 160g,255.6875,50.37,0,1
2022-05-20,TON160,Ton Balığı Konservesi 160g,531.0,49.82,0,0
2022-05-21,TON160,Ton Balığı Konservesi 160g,390.0,49.7,0,0
2022-05-22,TON160,Ton Balığı Konservesi 160g,360.0,50.0,0,0
2022-05-23,TON160,Ton Balığı Konservesi 160g,519.0,50.09,0,0
2022-05-24,TON160,Ton Balığı Konservesi 160g,486.0,47.62,0,0
2022-05-25,TON160,Ton Balığı Konservesi 160g,595.0,50.36,0,0
2022-05-26,TON160,Ton Balığı Konservesi 160g,509.0,47.85,0,0
2022-05-27,TON160,Ton Balığı Konservesi 160g,586.0,50.74,0,0
2022-05-28,TON160,Ton Balığı Konservesi 160g,370.0,49.9,0,0
2022-05-29,TON160,Ton Balığı Konservesi 160g,416.0,51.56,0,0
2022-05-30,TON160,Ton Balığı Konservesi 160g,527.0,51.22,0,0
2022-05-31,TON160,Ton Balığı Konservesi 160g,462.0,51.49,0,0
2022-06-01,TON160,Ton Balığı Konservesi 160g,708.0,51.52,0,0
2022-06-02,TON160,Ton Balığı Konservesi 160g,658.0,50.53,0,0
2022-06-03,TON160,Ton Balığı Konservesi 160g,718.0,48.59,0,0
2022-06-04,TON160,Ton Balığı Konservesi 160g,537.0,50.99,0,0
2022-06-05,TON160,Ton Balığı Konservesi 160g,523.0,51.05,0,0
2022-06-06,TON160,Ton Balığı Konservesi 160g,755.0,49.53,0,0
2022-06-07,TON160,Ton Balığı Konservesi 160g,775.0,49.43,0,0
2022-06-08,TON160,Ton Balığı Konservesi 160g,709.0,50.41,0,0
2022-06-09,TON160,Ton Balığı Konservesi 160g,769.0,51.38,0,0
2022-06-10,TON160,Ton Balığı Konservesi 160g,665.0,51.3,0,0
2022-06-11,TON160,Ton Balığı Konservesi 160g,475.0,51.31,0,0
2022-06-12,TON160,Ton Balığı Konservesi 160g,450.0,51.35,0,0
2022-06-13,TON160,Ton Balığı Konservesi 160g,665.0,50.48,0,0
2022-06-14,TON160,Ton Balığı Konservesi 160g,775.0,51.47,0,0
2022-06-15,TON160,Ton Balığı Konservesi 160g,721.0,50.81,0,0
2022-06-16,TON160,Ton Balığı Konservesi 160g,776.0,51.33,0,0
2022-06-17,TON160,Ton Balığı Konservesi 160g,683.0,50.67,0,0
2022-06-18,TON160,Ton Balığı Konservesi 160g,433.0,51.31,0,0
2022-06-19,TON160,Ton Balığı Konservesi 160g,479.0,51.59,0,0
2022-06-20,TON160,Ton Balığı Konservesi 160g,764.0,50.44,0,0
2022-06-21,TON160,Ton Balığı Konservesi 160g,749.0,50.28,0,0
2022-06-22,TON160,Ton Balığı Konservesi 160g,718.0,51.87,0,0
2022-06-23,TON160,Ton Balığı Konservesi 160g,824.1875,51.05,1,0
2022-06-24,TON160,Ton Balığı Konservesi 160g,648.0,50.86,0,0
2022-06-25,TON160,Ton Balığı Konservesi 160g,456.0,50.46,0,0
2022-06-26,TON160,Ton Balığı Konservesi 160g,427.0,49.86,0,0
2022-06-27,TON160,Ton Balığı Konservesi 160g,808.0,51.06,0,0
2022-06-28,TON160,Ton Balığı Konservesi 160g,767.0,50.35,0,0
2022-06-29,TON160,Ton Balığı Konservesi 160g,644.0,51.97,0,0
2022-06-30,TON160,Ton Balığı Konservesi 160g,768.0,49.84,0,0
2022-07-01,TON160,Ton Balığı Konservesi 160g,638.0,50.76,0,0
2022-07-02,TON160,Ton Balığı Konservesi 160g,526.0,50.22,0,0
2022-07-03,TON160,Ton Balığı Konservesi 160g,824.1875,50.08,0,0
2022-07-04,TON160,Ton Balığı Konservesi 160g,698.0,50.58,0,0
2022-07-05,TON160,Ton Balığı Konservesi 160g,824.1875,50.785,0,0
2022-07-06,TON160,Ton Balığı Konservesi 160g,726.0,50.99,0,0
2022-07-07,TON160,Ton Balığı Konservesi 160g,713.0,52.03,0,0
2022-07-08,TON160,Ton Balığı Konservesi 160g,640.0,53.14,0,0
2022-07-09,TON160,Ton Balığı Konservesi 160g,255.6875,50.03,0,1
2022-07-10,TON160,Ton Balığı Konservesi 160g,255.6875,52.28,0,1
2022-07-11,TON160,Ton Balığı Konservesi 160g,325.0,49.98,0,1
2022-07-12,TON160,Ton Balığı Konservesi 160g,293.0,50.22,0,1
2022-07-13,TON160,Ton Balığı Konservesi 160g,486.5,52.39,0,0
2022-07-14,TON160,Ton Balığı Konservesi 160g,680.0,50.43,0,0
2022-07-15,TON160,Ton Balığı Konservesi 160g,824.1875,52.0,0,0
2022-07-16,TON160,Ton Balığı Konservesi 160g,585.0,51.13,0,0
2022-07-17,TON160,Ton Balığı Konservesi 160g,561.0,51.14,0,0
2022-07-18,TON160,Ton Balığı Konservesi 160g,824.1875,50.68,0,0
2022-07-19,TON160,Ton Balığı Konservesi 160g,705.0,52.75,0,0
2022-07-20,TON160,Ton Balığı Konservesi 160g,791.0,52.62,0,0
2022-07-21,TON160,Ton Balığı Konservesi 160g,571.0,52.76,0,0
2022-07-22,TON160,Ton Balığı Konservesi 160g,743.0,51.92,0,0
2022-07-23,TON160,Ton Balığı Konservesi 160g,518.0,51.69,0,0
2022-07-24,TON160,Ton Balığı Konservesi 160g,561.0,51.47,0,0
2022-07-25,TON160,Ton Balığı Konservesi 160g,724.0,51.79,0,0
2022-07-26,TON160,Ton Balığı Konservesi 160g,824.1875,52.42,1,0
2022-07-27,TON160,Ton Balığı Konservesi 160g,819.0,51.79,0,0
2022-07-28,TON160,Ton Balığı Konservesi 160g,626.0,50.84,0,0
2022-07-29,TON160,Ton Balığı Konservesi 160g,724.0,51.37,0,0
2022-07-30,TON160,Ton Balığı Konservesi 160g,513.0,52.05,0,0
2022-07-31,TON160,Ton Balığı Konservesi 160g,611.0,52.1,0,0
2022-08-01,TON160,Ton Balığı Konservesi 160g,824.1875,52.17,1,0
2022-08-02,TON160,Ton Balığı Konservesi 160g,633.0,51.23,0,0
2022-08-03,TON160,Ton Balığı Konservesi 160g,683.0,49.02,0,0
2022-08-04,TON160,Ton Balığı Konservesi 160g,742.0,48.74,0,0
2022-08-05,TON160,Ton Balığı Konservesi 160g,637.0,51.02,0,0
2022-08-06,TON160,Ton Balığı Konservesi 160g,479.0,51.56,0,0
2022-08-07,TON160,Ton Balığı Konservesi 160g,538.0,51.9,0,0
2022-08-08,TON160,Ton Balığı Konservesi 160g,699.0,50.73,0,0
2022-08-09,TON160,Ton Balığı Konservesi 160g,632.0,51.69,0,0
2022-08-10,TON160,Ton Balığı Konservesi 160g,824.1875,51.71,1,0
2022-08-11,TON160,Ton Balığı Konservesi 160g,688.0,52.09,0,0
2022-08-12,TON160,Ton Balığı Konservesi 160g,679.0,50.04,0,0
2022-08-13,TON160,Ton Balığı Konservesi 160g,552.0,50.98,0,0
2022-08-14,TON160,Ton Balığı Konservesi 160g,470.0,51.73,0,0
2022-08-15,TON160,Ton Balığı Konservesi 160g,748.0,53.27,0,0
2022-08-16,TON160,Ton Balığı Konservesi 160g,624.0,51.24,0,0
2022-08-17,TON160,Ton Balığı Konservesi 160g,700.0,51.16,0,0
2022-08-18,TON160,Ton Balığı Konservesi 160g,747.0,51.99,0,0
2022-08-19,TON160,Ton Balığı Konservesi 160g,621.0,52.46,0,0
2022-08-20,TON160,Ton Balığı Konservesi 160g,502.0,51.86,0,0
2022-08-21,TON160,Ton Balığı Konservesi 160g,512.0,54.43,0,0
2022-08-22,TON160,Ton Balığı Konservesi 160g,719.0,51.03,0,0
2022-08-23,TON160,Ton Balığı Konservesi 160g,599.0,51.68,0,0
2022-08-24,TON160,Ton Balığı Konservesi 160g,824.1875,52.13,1,0
2022-08-25,TON160,Ton Balığı Konservesi 160g,663.0,51.7,0,0
2022-08-26,TON160,Ton Balığı Konservesi 160g,763.0,50.61,0,0
2022-08-27,TON160,Ton Balığı Konservesi 160g,526.0,52.9,0,0
2022-08-28,TON160,Ton Balığı Konservesi 160g,529.0,49.9,0,0
2022-08-29,TON160,Ton Balığı Konservesi 160g,675.0,49.93,0,0
2022-08-30,TON160,Ton Balığı Konservesi 160g,300.0,52.7,0,1
2022-08-31,TON160,Ton Balığı Konservesi 160g,787.0,52.29,0,0
2022-09-01,TON160,Ton Balığı Konservesi 160g,460.0,52.42,0,0
2022-09-02,TON160,Ton Balığı Konservesi 160g,546.0,51.47,0,0
2022-09-03,TON160,Ton Balığı Konservesi 160g,372.0,51.7,0,0
2022-09-04,TON160,Ton Balığı Konservesi 160g,467.0,50.81,0,0
2022-09-05,TON160,Ton Balığı Konservesi 160g,651.0,51.49,0,0
2022-09-06,TON160,Ton Balığı Konservesi 160g,577.0,50.73,0,0
2022-09-07,TON160,Ton Balığı Konservesi 160g,508.0,52.17,0,0
2022-09-08,TON160,Ton Balığı Konservesi 160g,548.0,51.46,0,0
2022-09-09,TON160,Ton Balığı Konservesi 160g,537.0,51.08,0,0
2022-09-10,TON160,Ton Balığı Konservesi 160g,414.0,49.52,0,0
2022-09-11,TON160,Ton Balığı Konservesi 160g,548.0,53.27,1,0
2022-09-12,TON160,Ton Balığı Konservesi 160g,578.0,54.36,0,0
2022-09-13,TON160,Ton Balığı Konservesi 160g,603.0,53.21,0,0
2022-09-14,TON160,Ton Balığı Konservesi 160g,567.0,49.18,0,0
2022-09-15,TON160,Ton Balığı Konservesi 160g,496.0,50.62,0,0
2022-09-16,TON160,Ton Balığı Konservesi 160g,535.0,51.02,0,0
2022-09-17,TON160,Ton Balığı Konservesi 160g,405.0,52.76,0,0
2022-09-18,TON160,Ton Balığı Konservesi 160g,414.0,52.09,0,0
2022-09-19,TON160,Ton Balığı Konservesi 160g,568.0,52.94,0,0
2022-09-20,TON160,Ton Balığı Konservesi 160g,516.0,50.34,0,0
2022-09-21,TON160,Ton Balığı Konservesi 160g,580.0,52.18,0,0
2022-09-22,TON160,Ton Balığı Konservesi 160g,548.0,50.78,0,0
2022-09-23,TON160,Ton Balığı Konservesi 160g,593.0,50.55,0,0
2022-09-24,TON160,Ton Balığı Konservesi 160g,349.0,52.45,0,0
2022-09-25,TON160,Ton Balığı Konservesi 160g,404.0,50.8,0,0
2022-09-26,TON160,Ton Balığı Konservesi 160g,500.0,53.67,0,0
2022-09-27,TON160,Ton Balığı Konservesi 160g,525.0,53.07,0,0
2022-09-28,TON160,Ton Balığı Konservesi 160g,578.0,53.12,0,0
2022-09-29,TON160,Ton Balığı Konservesi 160g,468.0,52.44,0,0
2022-09-30,TON160,Ton Balığı Konservesi 160g,570.0,53.0,0,0
2022-10-01,TON160,Ton Balığı Konservesi 160g,398.0,52.74,0,0
2022-10-02,TON160,Ton Balığı Konservesi 160g,426.0,51.4,0,0
2022-10-03,TON160,Ton Balığı Konservesi 160g,501.0,53.28,0,0
2022-10-04,TON160,Ton Balığı Konservesi 160g,554.0,53.73,0,0
2022-10-05,TON160,Ton Balığı Konservesi 160g,541.0,52.51,0,0
2022-10-06,TON160,Ton Balığı Konservesi 160g,609.0,52.31,0,0
2022-10-07,TON160,Ton Balığı Konservesi 160g,593.0,53.49,0,0
2022-10-08,TON160,Ton Balığı Konservesi 160g,420.0,52.61,0,0
2022-10-09,TON160,Ton Balığı Konservesi 160g,410.0,51.56,0,0
2022-10-10,TON160,Ton Balığı Konservesi 160g,458.0,52.29,0,0
2022-10-11,TON160,Ton Balığı Konservesi 160g,519.0,50.8,0,0
2022-10-12,TON160,Ton Balığı Konservesi 160g,519.0,52.92,0,0
2022-10-13,TON160,Ton Balığı Konservesi 160g,582.0,51.88,0,0
2022-10-14,TON160,Ton Balığı Konservesi 160g,607.0,51.93,0,0
2022-10-15,TON160,Ton Balığı Konservesi 160g,392.0,53.75,0,0
2022-10-16,TON160,Ton Balığı Konservesi 160g,411.0,53.34,0,0
2022-10-17,TON160,Ton Balığı Konservesi 160g,459.0,52.3,0,0
2022-10-18,TON160,Ton Balığı Konservesi 160g,507.0,53.64,0,0
2022-10-19,TON160,Ton Balığı Konservesi 160g,555.0,52.75,0,0
2022-10-20,TON160,Ton Balığı Konservesi 160g,529.0,53.5,0,0
2022-10-21,TON160,Ton Balığı Konservesi 160g,556.0,51.99,0,0
2022-10-22,TON160,Ton Balığı Konservesi 160g,354.0,53.88,0,0
2022-10-23,TON160,Ton Balığı Konservesi 160g,376.0,51.58,0,0
2022-10-24,TON160,Ton Balığı Konservesi 160g,471.0,52.31,0,0
2022-10-25,TON160,Ton Balığı Konservesi 160g,543.0,54.27,0,0
2022-10-26,TON160,Ton Balığı Konservesi 160g,620.0,52.41,0,0
2022-10-27,TON160,Ton Balığı Konservesi 160g,525.0,53.48,0,0
2022-10-28,TON160,Ton Balığı Konservesi 160g,738.0,52.91,1,0
2022-10-29,TON160,Ton Balığı Konservesi 160g,255.6875,54.28,0,1
2022-10-30,TON160,Ton Balığı Konservesi 160g,333.0,51.24,0,0
2022-10-31,TON160,Ton Balığı Konservesi 160g,514.0,54.34,0,0
2022-11-01,TON160,Ton Balığı Konservesi 160g,255.6875,53.51,0,0
2022-11-02,TON160,Ton Balığı Konservesi 160g,537.0,52.37,0,0
2022-11-03,TON160,Ton Balığı Konservesi 160g,485.0,54.5,0,0
2022-11-04,TON160,Ton Balığı Konservesi 160g,588.0,52.44,0,0
2022-11-05,TON160,Ton Balığı Konservesi 160g,585.0,51.5,1,0
2022-11-06,TON160,Ton Balığı Konservesi 160g,400.0,53.82,0,0
2022-11-07,TON160,Ton Balığı Konservesi 160g,487.0,52.36,0,0
2022-11-08,TON160,Ton Balığı Konservesi 160g,669.0,53.66,0,0
2022-11-09,TON160,Ton Balığı Konservesi 160g,469.0,53.08,0,0
2022-11-10,TON160,Ton Balığı Konservesi 160g,587.0,53.42,0,0
2022-11-11,TON160,Ton Balığı Konservesi 160g,520.0,51.98,0,0
2022-11-12,TON160,Ton Balığı Konservesi 160g,375.0,52.18,0,0
2022-11-13,TON160,Ton Balığı Konservesi 160g,365.0,52.8,0,0
2022-11-14,TON160,Ton Balığı Konservesi 160g,556.0,51.69,0,0
2022-11-15,TON160,Ton Balığı Konservesi 160g,530.0,52.82,0,0
2022-11-16,TON160,Ton Balığı Konservesi 160g,482.0,53.12,0,0
2022-11-17,TON160,Ton Balığı Konservesi 160g,531.0,53.33,0,0
2022-11-18,TON160,Ton Balığı Konservesi 160g,566.0,53.32,0,0
2022-11-19,TON160,Ton Balığı Konservesi 160g,534.0,54.28,1,0
2022-11-20,TON160,Ton Balığı Konservesi 160g,382.0,54.23,0,0
2022-11-21,TON160,Ton Balığı Konservesi 160g,545.0,52.82,0,0
2022-11-22,TON160,Ton Balığı Konservesi 160g,577.0,53.95,0,0
2022-11-23,TON160,Ton Balığı Konservesi 160g,495.0,53.29,0,0
2022-11-24,TON160,Ton Balığı Konservesi 160g,511.0,53.81,0,0
2022-11-25,TON160,Ton Balığı Konservesi 160g,499.0,52.2,0,0
2022-11-26,TON160,Ton Balığı Konservesi 160g,430.0,53.1,0,0
2022-11-27,TON160,Ton Balığı Konservesi 160g,445.0,52.18,0,0
2022-11-28,TON160,Ton Balığı Konservesi 160g,485.0,54.19,0,0
2022-11-29,TON160,Ton Balığı Konservesi 160g,503.0,52.83,0,0
2022-11-30,TON160,Ton Balığı Konservesi 160g,506.0,53.96,0,0
2022-12-01,TON160,Ton Balığı Konservesi 160g,535.0,51.54,0,0
2022-12-02,TON160,Ton Balığı Konservesi 160g,540.0,54.53,0,0
2022-12-03,TON160,Ton Balığı Konservesi 160g,406.0,53.73,0,0
2022-12-04,TON160,Ton Balığı Konservesi 160g,364.0,51.71,0,0
2022-12-05,TON160,Ton Balığı Konservesi 160g,524.0,53.34,0,0
2022-12-06,TON160,Ton Balığı Konservesi 160g,668.0,55.17,1,0
2022-12-07,TON160,Ton Balığı Konservesi 160g,562.0,52.4,0,0
2022-12-08,TON160,Ton Balığı Konservesi 160g,422.0,52.71,0,0
2022-12-09,TON160,Ton Balığı Konservesi 160g,502.0,55.46,0,0
2022-12-10,TON160,Ton Balığı Konservesi 160g,353.0,54.01,0,0
2022-12-11,TON160,Ton Balığı Konservesi 160g,341.0,52.51,0,0
2022-12-12,TON160,Ton Balığı Konservesi 160g,521.0,52.65,0,0
2022-12-13,TON160,Ton Balığı Konservesi 160g,533.0,53.32,0,0
2022-12-14,TON160,Ton Balığı Konservesi 160g,526.0,51.93,0,0
2022-12-15,TON160,Ton Balığı Konservesi 160g,607.0,55.04,0,0
2022-12-16,TON160,Ton Balığı Konservesi 160g,578.0,54.0,0,0
2022-12-17,TON160,Ton Balığı Konservesi 160g,410.0,55.73,0,0
2022-12-18,TON160,Ton Balığı Konservesi 160g,343.0,54.23,0,0
2022-12-19,TON160,Ton Balığı Konservesi 160g,548.0,52.36,0,0
2022-12-20,TON160,Ton Balığı Konservesi 160g,505.0,52.71,0,0
2022-12-21,TON160,Ton Balığı Konservesi 160g,487.0,52.64,0,0
2022-12-22,TON160,Ton Balığı Konservesi 160g,564.0,52.75,0,0
2022-12-23,TON160,Ton Balığı Konservesi 160g,584.0,55.54,0,0
2022-12-24,TON160,Ton Balığı Konservesi 160g,341.0,54.32,0,0
2022-12-25,TON160,Ton Balığı Konservesi 160g,390.0,53.78,0,0
2022-12-26,TON160,Ton Balığı Konservesi 160g,533.0,53.98,0,0
2022-12-27,TON160,Ton Balığı Konservesi 160g,551.0,55.47,0,0
2022-12-28,TON160,Ton Balığı Konservesi 160g,575.5,53.86,0,0
2022-12-29,TON160,Ton Balığı Konservesi 160g,600.0,53.6,0,0
2022-12-30,TON160,Ton Balığı Konservesi 160g,454.0,54.33,0,0
2022-12-31,TON160,Ton Balığı Konservesi 160g,447.0,53.26,0,0
2023-01-01,TON160,Ton Balığı Konservesi 160g,255.6875,53.6,0,1
2023-01-02,TON160,Ton Balığı Konservesi 160g,542.0,55.52,0,0
2023-01-03,TON160,Ton Balığı Konservesi 160g,567.0,54.64,0,0
2023-01-04,TON160,Ton Balığı Konservesi 160g,566.0,54.48,0,0
2023-01-05,TON160,Ton Balığı Konservesi 160g,530.0,53.23,0,0
2023-01-06,TON160,Ton Balığı Konservesi 160g,477.0,52.92,0,0
2023-01-07,TON160,Ton Balığı Konservesi 160g,393.0,55.2,0,0
2023-01-08,TON160,Ton Balığı Konservesi 160g,441.0,55.16,0,0
2023-01-09,TON160,Ton Balığı Konservesi 160g,492.0,53.94,0,0
2023-01-10,TON160,Ton Balığı Konservesi 160g,520.0,53.69,0,0
2023-01-11,TON160,Ton Balığı Konservesi 160g,527.0,51.78,0,0
2023-01-12,TON160,Ton Balığı Konservesi 160g,521.0,53.86,0,0
2023-01-13,TON160,Ton Balığı Konservesi 160g,493.0,53.12,0,0
2023-01-14,TON160,Ton Balığı Konservesi 160g,451.0,54.18,0,0
2023-01-15,TON160,Ton Balığı Konservesi 160g,557.0,55.36,1,0
2023-01-16,TON160,Ton Balığı Konservesi 160g,543.0,54.73,0,0
2023-01-17,TON160,Ton Balığı Konservesi 160g,533.0,52.06,0,0
2023-01-18,TON160,Ton Balığı Konservesi 160g,556.0,52.98,0,0
2023-01-19,TON160,Ton Balığı Konservesi 160g,636.0,55.38,0,0
2023-01-20,TON160,Ton Balığı Konservesi 160g,476.0,54.13,0,0
2023-01-21,TON160,Ton Balığı Konservesi 160g,395.0,54.14,0,0
2023-01-22,TON160,Ton Balığı Konservesi 160g,392.0,54.83,0,0
2023-01-23,TON160,Ton Balığı Konservesi 160g,522.0,54.18,0,0
2023-01-24,TON160,Ton Balığı Konservesi 160g,572.0,53.79,0,0
2023-01-25,TON160,Ton Balığı Konservesi 160g,535.0,51.96,0,0
2023-01-26,TON160,Ton Balığı Konservesi 160g,622.0,54.9,0,0
2023-01-27,TON160,Ton Balığı Konservesi 160g,812.0,53.74,1,0
2023-01-28,TON160,Ton Balığı Konservesi 160g,380.0,56.02,0,0
2023-01-29,TON160,Ton Balığı Konservesi 160g,387.0,53.6,0,0
2023-01-30,TON160,Ton Balığı Konservesi 160g,806.0,54.13,1,0
2023-01-31,TON160,Ton Balığı Konservesi 160g,617.0,53.39,0,0
2023-02-01,TON160,Ton Balığı Konservesi 160g,494.0,53.38,0,0
2023-02-02,TON160,Ton Balığı Konservesi 160g,604.0,54.83,0,0
2023-02-03,TON160,Ton Balığı Konservesi 160g,569.0,54.47,0,0
2023-02-04,TON160,Ton Balığı Konservesi 160g,432.0,56.42,0,0
2023-02-05,TON160,Ton Balığı Konservesi 160g,379.0,54.35,0,0
2023-02-06,TON160,Ton Balığı Konservesi 160g,586.0,55.52,0,0
2023-02-07,TON160,Ton Balığı Konservesi 160g,535.0,54.8,0,0
2023-02-08,TON160,Ton Balığı Konservesi 160g,543.0,54.28,0,0
2023-02-09,TON160,Ton Balığı Konservesi 160g,523.0,54.04,0,0
2023-02-10,TON160,Ton Balığı Konservesi 160g,521.0,54.68,0,0
2023-02-11,TON160,Ton Balığı Konservesi 160g,327.0,54.6,0,0
2023-02-12,TON160,Ton Balığı Konservesi 160g,427.0,53.77,0,0
2023-02-13,TON160,Ton Balığı Konservesi 160g,576.0,53.46,0,0
2023-02-14,TON160,Ton Balığı Konservesi 160g,584.0,53.56,0,0
2023-02-15,TON160,Ton Balığı Konservesi 160g,535.0,54.15,0,0
2023-02-16,TON160,Ton Balığı Konservesi 160g,491.0,54.55,0,0
2023-02-17,TON160,Ton Balığı Konservesi 160g,607.0,55.56,0,0
2023-02-18,TON160,Ton Balığı Konservesi 160g,409.0,54.12,0,0
2023-02-19,TON160,Ton Balığı Konservesi 160g,390.0,55.38,0,0
2023-02-20,TON160,Ton Balığı Konservesi 160g,620.0,53.34,0,0
2023-02-21,TON160,Ton Balığı Konservesi 160g,523.0,54.14,0,0
2023-02-22,TON160,Ton Balığı Konservesi 160g,576.0,56.37,0,0
2023-02-23,TON160,Ton Balığı Konservesi 160g,507.0,54.88,0,0
2023-02-24,TON160,Ton Balığı Konservesi 160g,677.0,55.49,0,0
2023-02-25,TON160,Ton Balığı Konservesi 160g,551.0,55.59,1,0
2023-02-26,TON160,Ton Balığı Konservesi 160g,382.0,55.43,0,0
2023-02-27,TON160,Ton Balığı Konservesi 160g,534.0,54.29,0,0
2023-02-28,TON160,Ton Balığı Konservesi 160g,534.0,54.05,0,0
2023-03-01,TON160,Ton Balığı Konservesi 160g,539.0,54.3,0,0
2023-03-02,TON160,Ton Balığı Konservesi 160g,560.0,54.41,0,0
2023-03-03,TON160,Ton Balığı Konservesi 160g,557.0,54.81,0,0
2023-03-04,TON160,Ton Balığı Konservesi 160g,395.0,56.4,0,0
2023-03-05,TON160,Ton Balığı Konservesi 160g,404.0,57.18,0,0
2023-03-06,TON160,Ton Balığı Konservesi 160g,609.0,54.28,0,0
2023-03-07,TON160,Ton Balığı Konservesi 160g,444.0,54.7,0,0
2023-03-08,TON160,Ton Balığı Konservesi 160g,539.0,54.8,0,0
2023-03-09,TON160,Ton Balığı Konservesi 160g,510.0,56.58,0,0
2023-03-10,TON160,Ton Balığı Konservesi 160g,606.0,54.47,0,0
2023-03-11,TON160,Ton Balığı Konservesi 160g,523.0,55.28,1,0
2023-03-12,TON160,Ton Balığı Konservesi 160g,404.0,54.03,0,0
2023-03-13,TON160,Ton Balığı Konservesi 160g,697.0,54.85,1,0
2023-03-14,TON160,Ton Balığı Konservesi 160g,661.6666666666666,54.11,0,0
2023-03-15,TON160,Ton Balığı Konservesi 160g,626.3333333333334,53.82,0,0
2023-03-16,TON160,Ton Balığı Konservesi 160g,591.0,55.81,0,0
2023-03-17,TON160,Ton Balığı Konservesi 160g,539.0,54.95,0,0
2023-03-18,TON160,Ton Balığı Konservesi 160g,425.0,54.71,0,0
2023-03-19,TON160,Ton Balığı Konservesi 160g,377.0,52.97,0,0
2023-03-20,TON160,Ton Balığı Konservesi 160g,610.0,54.01,0,0
2023-03-21,TON160,Ton Balığı Konservesi 160g,478.0,54.48,0,0
2023-03-22,TON160,Ton Balığı Konservesi 160g,534.0,55.27,0,0
2023-03-23,TON160,Ton Balığı Konservesi 160g,521.0,54.43,0,0
2023-03-24,TON160,Ton Balığı Konservesi 160g,581.0,54.28,0,0
2023-03-25,TON160,Ton Balığı Konservesi 160g,387.0,55.32,0,0
2023-03-26,TON160,Ton Balığı Konservesi 160g,387.0,53.88,0,0
2023-03-27,TON160,Ton Balığı Konservesi 160g,563.0,55.39,0,0
2023-03-28,TON160,Ton Balığı Konservesi 160g,509.0,55.29,0,0
2023-03-29,TON160,Ton Balığı Konservesi 160g,629.0,52.48,0,0
2023-03-30,TON160,Ton Balığı Konservesi 160g,464.0,53.7,0,0
2023-03-31,TON160,Ton Balığı Konservesi 160g,475.0,55.31,0,0
2023-04-01,TON160,Ton Balığı Konservesi 160g,410.0,54.29,0,0
2023-04-02,TON160,Ton Balığı Konservesi 160g,405.0,57.15,0,0
2023-04-03,TON160,Ton Balığı Konservesi 160g,548.0,54.73,0,0
2023-04-04,TON160,Ton Balığı Konservesi 160g,552.5,53.23,0,0
2023-04-05,TON160,Ton Balığı Konservesi 160g,557.0,54.75,0,0
2023-04-06,TON160,Ton Balığı Konservesi 160g,465.0,57.41,0,0
2023-04-07,TON160,Ton Balığı Konservesi 160g,469.0,54.82,0,0
2023-04-08,TON160,Ton Balığı Konservesi 160g,366.0,54.73,0,0
2023-04-09,TON160,Ton Balığı Konservesi 160g,422.0,53.65,0,0
2023-04-10,TON160,Ton Balığı Konservesi 160g,255.6875,55.61,0,0
2023-04-11,TON160,Ton Balığı Konservesi 160g,684.0,54.75,0,0
2023-04-12,TON160,Ton Balığı Konservesi 160g,687.0,57.12,0,0
2023-04-13,TON160,Ton Balığı Konservesi 160g,654.0,56.26,0,0
2023-04-14,TON160,Ton Balığı Konservesi 160g,572.5,56.18,0,0
2023-04-15,TON160,Ton Balığı Konservesi 160g,491.0,53.3,0,0
2023-04-16,TON160,Ton Balığı Konservesi 160g,427.0,54.9,0,0
2023-04-17,TON160,Ton Balığı Konservesi 160g,638.0,55.65,0,0
2023-04-18,TON160,Ton Balığı Konservesi 160g,607.0,58.88,0,0
2023-04-19,TON160,Ton Balığı Konservesi 160g,736.0,54.12,0,0
2023-04-20,TON160,Ton Balığı Konservesi 160g,824.1875,55.33,1,0
2023-04-21,TON160,Ton Balığı Konservesi 160g,262.0,55.92,0,1
2023-04-22,TON160,Ton Balığı Konservesi 160g,255.6875,53.98,0,1
2023-04-23,TON160,Ton Balığı Konservesi 160g,255.6875,54.1,1,1
2023-04-24,TON160,Ton Balığı Konservesi 160g,255.6875,56.56,0,1
2023-04-25,TON160,Ton Balığı Konservesi 160g,507.0,55.22,0,0
2023-04-26,TON160,Ton Balığı Konservesi 160g,416.0,56.09,0,0
2023-04-27,TON160,Ton Balığı Konservesi 160g,555.0,56.39,0,0
2023-04-28,TON160,Ton Balığı Konservesi 160g,561.0,55.36,0,0
2023-04-29,TON160,Ton Balığı Konservesi 160g,317.0,54.09,0,0
2023-04-30,TON160,Ton Balığı Konservesi 160g,586.0,56.16,1,0
2023-05-01,TON160,Ton Balığı Konservesi 160g,255.6875,53.72,0,1
2023-05-02,TON160,Ton Balığı Konservesi 160g,566.0,56.51,0,0
2023-05-03,TON160,Ton Balığı Konservesi 160g,598.0,58.99,0,0
2023-05-04,TON160,Ton Balığı Konservesi 160g,607.0,56.63,0,0
2023-05-05,TON160,Ton Balığı Konservesi 160g,616.0,56.3,0,0
2023-05-06,TON160,Ton Balığı Konservesi 160g,389.0,55.55,0,0
2023-05-07,TON160,Ton Balığı Konservesi 160g,372.0,55.91,0,0
2023-05-08,TON160,Ton Balığı Konservesi 160g,561.0,56.06,0,0
2023-05-09,TON160,Ton Balığı Konservesi 160g,542.0,57.43,0,0
2023-05-10,TON160,Ton Balığı Konservesi 160g,543.0,56.55,0,0
2023-05-11,TON160,Ton Balığı Konservesi 160g,539.0,56.53,0,0
2023-05-12,TON160,Ton Balığı Konservesi 160g,582.0,56.47,0,0
2023-05-13,TON160,Ton Balığı Konservesi 160g,428.0,54.65,0,0
2023-05-14,TON160,Ton Balığı Konservesi 160g,378.0,55.67,0,0
2023-05-15,TON160,Ton Balığı Konservesi 160g,563.0,55.08,0,0
2023-05-16,TON160,Ton Balığı Konservesi 160g,567.0,55.89,0,0
2023-05-17,TON160,Ton Balığı Konservesi 160g,779.0,56.34,1,0
2023-05-18,TON160,Ton Balığı Konservesi 160g,552.0,59.03,0,0
2023-05-19,TON160,Ton Balığı Konservesi 160g,255.6875,55.12,0,1
2023-05-20,TON160,Ton Balığı Konservesi 160g,432.0,54.62,0,0
2023-05-21,TON160,Ton Balığı Konservesi 160g,351.0,56.78,0,0
2023-05-22,TON160,Ton Balığı Konservesi 160g,565.0,58.74,0,0
2023-05-23,TON160,Ton Balığı Konservesi 160g,575.0,56.52,0,0
2023-05-24,TON160,Ton Balığı Konservesi 160g,585.0,57.97,0,0
2023-05-25,TON160,Ton Balığı Konservesi 160g,591.0,56.96,0,0
2023-05-26,TON160,Ton Balığı Konservesi 160g,563.0,55.78,0,0
2023-05-27,TON160,Ton Balığı Konservesi 160g,389.0,56.71,0,0
2023-05-28,TON160,Ton Balığı Konservesi 160g,385.0,55.0,0,0
2023-05-29,TON160,Ton Balığı Konservesi 160g,553.0,54.99,0,0
2023-05-30,TON160,Ton Balığı Konservesi 160g,566.0,54.11,0,0
2023-05-31,TON160,Ton Balığı Konservesi 160g,719.0,54.3,1,0
2023-06-01,TON160,Ton Balığı Konservesi 160g,761.0,56.71,0,0
2023-06-02,TON160,Ton Balığı Konservesi 160g,734.0,56.91,0,0
2023-06-03,TON160,Ton Balığı Konservesi 160g,551.0,54.92,0,0
2023-06-04,TON160,Ton Balığı Konservesi 160g,556.0,54.96,0,0
2023-06-05,TON160,Ton Balığı Konservesi 160g,794.0,56.91,0,0
2023-06-06,TON160,Ton Balığı Konservesi 160g,669.0,56.25,0,0
2023-06-07,TON160,Ton Balığı Konservesi 160g,648.0,54.78,0,0
2023-06-08,TON160,Ton Balığı Konservesi 160g,770.0,54.41,0,0
2023-06-09,TON160,Ton Balığı Konservesi 160g,747.0,57.47,0,0
2023-06-10,TON160,Ton Balığı Konservesi 160g,596.0,56.25,0,0
2023-06-11,TON160,Ton Balığı Konservesi 160g,520.0,56.19,0,0
2023-06-12,TON160,Ton Balığı Konservesi 160g,696.0,56.26,0,0
2023-06-13,TON160,Ton Balığı Konservesi 160g,680.0,57.04,0,0
2023-06-14,TON160,Ton Balığı Konservesi 160g,755.0,55.56,0,0
2023-06-15,TON160,Ton Balığı Konservesi 160g,723.0,55.8,0,0
2023-06-16,TON160,Ton Balığı Konservesi 160g,715.0,55.99,0,0
2023-06-17,TON160,Ton Balığı Konservesi 160g,485.0,55.64,0,0
2023-06-18,TON160,Ton Balığı Konservesi 160g,546.0,55.49,0,0
2023-06-19,TON160,Ton Balığı Konservesi 160g,768.0,56.62,0,0
2023-06-20,TON160,Ton Balığı Konservesi 160g,824.1875,57.6,1,0
2023-06-21,TON160,Ton Balığı Konservesi 160g,715.0,57.45,0,0
2023-06-22,TON160,Ton Balığı Konservesi 160g,788.0,56.3,0,0
2023-06-23,TON160,Ton Balığı Konservesi 160g,696.0,57.12,0,0
2023-06-24,TON160,Ton Balığı Konservesi 160g,620.0,57.06,1,0
2023-06-25,TON160,Ton Balığı Konservesi 160g,450.0,56.8,0,0
2023-06-26,TON160,Ton Balığı Konservesi 160g,749.0,55.42,0,0
2023-06-27,TON160,Ton Balığı Konservesi 160g,819.0,53.53,0,0
2023-06-28,TON160,Ton Balığı Konservesi 160g,255.6875,57.51,0,1
2023-06-29,TON160,Ton Balığı Konservesi 160g,348.0,59.3,0,1
2023-06-30,TON160,Ton Balığı Konservesi 160g,265.0,56.4,0,1
2023-07-01,TON160,Ton Balığı Konservesi 160g,255.6875,58.53,0,1
2023-07-02,TON160,Ton Balığı Konservesi 160g,758.0,56.81,1,0
2023-07-03,TON160,Ton Balığı Konservesi 160g,702.0,56.47,0,0
2023-07-04,TON160,Ton Balığı Konservesi 160g,680.0,55.22,0,0
2023-07-05,TON160,Ton Balığı Konservesi 160g,645.0,56.38,0,0
2023-07-06,TON160,Ton Balığı Konservesi 160g,718.0,55.39,0,0
2023-07-07,TON160,Ton Balığı Konservesi 160g,666.0,54.61,0,0
2023-07-08,TON160,Ton Balığı Konservesi 160g,497.0,58.93,0,0
2023-07-09,TON160,Ton Balığı Konservesi 160g,671.0,56.21,1,0
2023-07-10,TON160,Ton Balığı Konservesi 160g,749.0,56.38,0,0
2023-07-11,TON160,Ton Balığı Konservesi 160g,694.0,57.35,0,0
2023-07-12,TON160,Ton Balığı Konservesi 160g,791.0,56.55,0,0
2023-07-13,TON160,Ton Balığı Konservesi 160g,713.0,55.09,0,0
2023-07-14,TON160,Ton Balığı Konservesi 160g,824.1875,56.98,1,0
2023-07-15,TON160,Ton Balığı Konservesi 160g,474.0,56.71,0,0
2023-07-16,TON160,Ton Balığı Konservesi 160g,457.0,57.58,0,0
2023-07-17,TON160,Ton Balığı Konservesi 160g,712.0,56.974999999999994,0,0
2023-07-18,TON160,Ton Balığı Konservesi 160g,659.0,56.37,0,0
2023-07-19,TON160,Ton Balığı Konservesi 160g,717.5,58.07,0,0
2023-07-20,TON160,Ton Balığı Konservesi 160g,776.0,55.59,0,0
2023-07-21,TON160,Ton Balığı Konservesi 160g,711.0,55.9,0,0
2023-07-22,TON160,Ton Balığı Konservesi 160g,518.0,57.88,0,0
2023-07-23,TON160,Ton Balığı Konservesi 160g,477.0,58.94,0,0
2023-07-24,TON160,Ton Balığı Konservesi 160g,709.0,56.74,0,0
2023-07-25,TON160,Ton Balığı Konservesi 160g,790.0,57.7,0,0
2023-07-26,TON160,Ton Balığı Konservesi 160g,708.0,57.09,0,0
2023-07-27,TON160,Ton Balığı Konservesi 160g,723.0,55.34,0,0
2023-07-28,TON160,Ton Balığı Konservesi 160g,752.0,56.3,0,0
2023-07-29,TON160,Ton Balığı Konservesi 160g,502.0,56.59,0,0
2023-07-30,TON160,Ton Balığı Konservesi 160g,438.0,55.41,0,0
2023-07-31,TON160,Ton Balığı Konservesi 160g,724.0,59.21,0,0
2023-08-01,TON160,Ton Balığı Konservesi 160g,664.0,57.57,0,0
2023-08-02,TON160,Ton Balığı Konservesi 160g,756.0,58.12,0,0
2023-08-03,TON160,Ton Balığı Konservesi 160g,656.0,56.22,0,0
2023-08-04,TON160,Ton Balığı Konservesi 160g,715.0,56.32,0,0
2023-08-05,TON160,Ton Balığı Konservesi 160g,693.0,57.36,1,0
2023-08-06,TON160,Ton Balığı Konservesi 160g,482.0,58.67,0,0
2023-08-07,TON160,Ton Balığı Konservesi 160g,716.0,55.96,0,0
2023-08-08,TON160,Ton Balığı Konservesi 160g,756.0,55.28,0,0
2023-08-09,TON160,Ton Balığı Konservesi 160g,697.0,57.34,0,0
2023-08-10,TON160,Ton Balığı Konservesi 160g,769.0,56.8,0,0
2023-08-11,TON160,Ton Balığı Konservesi 160g,702.0,58.27,0,0
2023-08-12,TON160,Ton Balığı Konservesi 160g,547.0,57.96,0,0
2023-08-13,TON160,Ton Balığı Konservesi 160g,503.0,57.68,0,0
2023-08-14,TON160,Ton Balığı Konservesi 160g,657.0,57.75,0,0
2023-08-15,TON160,Ton Balığı Konservesi 160g,703.0,57.41,0,0
2023-08-16,TON160,Ton Balığı Konservesi 160g,618.0,56.9,0,0
2023-08-17,TON160,Ton Balığı Konservesi 160g,824.1875,56.18,1,0
2023-08-18,TON160,Ton Balığı Konservesi 160g,733.0,58.4,0,0
2023-08-19,TON160,Ton Balığı Konservesi 160g,563.0,58.47,0,0
2023-08-20,TON160,Ton Balığı Konservesi 160g,699.0,57.78,1,0
2023-08-21,TON160,Ton Balığı Konservesi 160g,824.1875,56.3,1,0
2023-08-22,TON160,Ton Balığı Konservesi 160g,723.0,55.81,0,0
2023-08-23,TON160,Ton Balığı Konservesi 160g,765.0,58.41,0,0
2023-08-24,TON160,Ton Balığı Konservesi 160g,693.0,56.14,0,0
2023-08-25,TON160,Ton Balığı Konservesi 160g,603.0,56.57,0,0
2023-08-26,TON160,Ton Balığı Konservesi 160g,483.0,57.65,0,0
2023-08-27,TON160,Ton Balığı Konservesi 160g,537.0,59.25,0,0
2023-08-28,TON160,Ton Balığı Konservesi 160g,690.0,57.58,0,0
2023-08-29,TON160,Ton Balığı Konservesi 160g,702.0,57.68,0,0
2023-08-30,TON160,Ton Balığı Konservesi 160g,330.0,57.64,0,1
2023-08-31,TON160,Ton Balığı Konservesi 160g,707.0,56.35,0,0
2023-09-01,TON160,Ton Balığı Konservesi 160g,534.0,58.41,0,0
2023-09-02,TON160,Ton Balığı Konservesi 160g,415.0,59.43,0,0
2023-09-03,TON160,Ton Balığı Konservesi 160g,400.0,56.8,0,0
2023-09-04,TON160,Ton Balığı Konservesi 160g,516.0,56.83,0,0
2023-09-05,TON160,Ton Balığı Konservesi 160g,607.0,57.5,0,0
2023-09-06,TON160,Ton Balığı Konservesi 160g,550.0,58.53,0,0
2023-09-07,TON160,Ton Balığı Konservesi 160g,563.0,58.59,0,0
2023-09-08,TON160,Ton Balığı Konservesi 160g,545.0,56.36,0,0
2023-09-09,TON160,Ton Balığı Konservesi 160g,418.0,57.64,0,0
2023-09-10,TON160,Ton Balığı Konservesi 160g,365.0,57.08,0,0
2023-09-11,TON160,Ton Balığı Konservesi 160g,523.0,57.7,0,0
2023-09-12,TON160,Ton Balığı Konservesi 160g,558.5,57.39,0,0
2023-09-13,TON160,Ton Balığı Konservesi 160g,594.0,57.34,0,0
2023-09-14,TON160,Ton Balığı Konservesi 160g,590.0,59.43,0,0
2023-09-15,TON160,Ton Balığı Konservesi 160g,523.0,55.77,0,0
2023-09-16,TON160,Ton Balığı Konservesi 160g,336.0,57.62,0,0
2023-09-17,TON160,Ton Balığı Konservesi 160g,388.0,56.83,0,0
2023-09-18,TON160,Ton Balığı Konservesi 160g,552.0,57.34,0,0
2023-09-19,TON160,Ton Balığı Konservesi 160g,531.0,56.28,0,0
2023-09-20,TON160,Ton Balığı Konservesi 160g,552.0,58.07,0,0
2023-09-21,TON160,Ton Balığı Konservesi 160g,569.0,58.43,0,0
2023-09-22,TON160,Ton Balığı Konservesi 160g,557.0,57.45,0,0
2023-09-23,TON160,Ton Balığı Konservesi 160g,385.0,57.01,0,0
2023-09-24,TON160,Ton Balığı Konservesi 160g,428.0,56.73,0,0
2023-09-25,TON160,Ton Balığı Konservesi 160g,598.0,57.66,0,0
2023-09-26,TON160,Ton Balığı Konservesi 160g,512.0,58.35,0,0
2023-09-27,TON160,Ton Balığı Konservesi 160g,587.0,58.3,0,0
2023-09-28,TON160,Ton Balığı Konservesi 160g,555.0,57.93,0,0
2023-09-29,TON160,Ton Balığı Konservesi 160g,553.0,57.4,0,0
2023-09-30,TON160,Ton Balığı Konservesi 160g,376.0,58.33,0,0
2023-10-01,TON160,Ton Balığı Konservesi 160g,435.0,56.81,0,0
2023-10-02,TON160,Ton Balığı Konservesi 160g,527.0,58.79,0,0
2023-10-03,TON160,Ton Balığı Konservesi 160g,486.0,58.35,0,0
2023-10-04,TON160,Ton Balığı Konservesi 160g,599.0,55.82,0,0
2023-10-05,TON160,Ton Balığı Konservesi 160g,550.0,58.4,0,0
2023-10-06,TON160,Ton Balığı Konservesi 160g,694.0,58.42,0,0
2023-10-07,TON160,Ton Balığı Konservesi 160g,487.0,59.17,1,0
2023-10-08,TON160,Ton Balığı Konservesi 160g,427.0,56.22,0,0
2023-10-09,TON160,Ton Balığı Konservesi 160g,577.0,59.19,0,0
2023-10-10,TON160,Ton Balığı Konservesi 160g,568.0,57.26,0,0
2023-10-11,TON160,Ton Balığı Konservesi 160g,581.0,57.38,0,0
2023-10-12,TON160,Ton Balığı Konservesi 160g,528.0,59.39,0,0
2023-10-13,TON160,Ton Balığı Konservesi 160g,557.0,59.58,0,0
2023-10-14,TON160,Ton Balığı Konservesi 160g,353.0,58.85,0,0
2023-10-15,TON160,Ton Balığı Konservesi 160g,373.0,58.56,0,0
2023-10-16,TON160,Ton Balığı Konservesi 160g,616.0,58.86,0,0
2023-10-17,TON160,Ton Balığı Konservesi 160g,512.0,58.66,0,0
2023-10-18,TON160,Ton Balığı Konservesi 160g,569.0,59.07,0,0
2023-10-19,TON160,Ton Balığı Konservesi 160g,563.0,60.75,0,0
2023-10-20,TON160,Ton Balığı Konservesi 160g,586.0,57.68,0,0
2023-10-21,TON160,Ton Balığı Konservesi 160g,397.0,58.23,0,0
2023-10-22,TON160,Ton Balığı Konservesi 160g,390.0,57.32,0,0
2023-10-23,TON160,Ton Balığı Konservesi 160g,546.0,58.45,0,0
2023-10-24,TON160,Ton Balığı Konservesi 160g,565.0,57.74,0,0
2023-10-25,TON160,Ton Balığı Konservesi 160g,501.0,57.37,0,0
2023-10-26,TON160,Ton Balığı Konservesi 160g,782.0,59.29,1,0
2023-10-27,TON160,Ton Balığı Konservesi 160g,471.0,56.95,0,0
2023-10-28,TON160,Ton Balığı Konservesi 160g,390.0,57.31,0,0
2023-10-29,TON160,Ton Balığı Konservesi 160g,255.6875,59.86,0,1
2023-10-30,TON160,Ton Balığı Konservesi 160g,558.0,57.63,0,0
2023-10-31,TON160,Ton Balığı Konservesi 160g,491.0,58.41,0,0
2023-11-01,TON160,Ton Balığı Konservesi 160g,492.0,56.95,0,0
2023-11-02,TON160,Ton Balığı Konservesi 160g,590.0,61.48,0,0
2023-11-03,TON160,Ton Balığı Konservesi 160g,601.0,57.89,0,0
2023-11-04,TON160,Ton Balığı Konservesi 160g,428.0,57.94,0,0
2023-11-05,TON160,Ton Balığı Konservesi 160g,373.0,58.71,0,0
2023-11-06,TON160,Ton Balığı Konservesi 160g,558.0,59.43,0,0
2023-11-07,TON160,Ton Balığı Konservesi 160g,561.0,59.12,0,0
2023-11-08,TON160,Ton Balığı Konservesi 160g,587.0,58.91,0,0
2023-11-09,TON160,Ton Balığı Konservesi 160g,607.0,61.72,0,0
2023-11-10,TON160,Ton Balığı Konservesi 160g,538.0,58.96,0,0
2023-11-11,TON160,Ton Balığı Konservesi 160g,355.0,58.48,0,0
2023-11-12,TON160,Ton Balığı Konservesi 160g,362.0,59.51,0,0
2023-11-13,TON160,Ton Balığı Konservesi 160g,582.0,58.31,0,0
2023-11-14,TON160,Ton Balığı Konservesi 160g,530.0,58.48,0,0
2023-11-15,TON160,Ton Balığı Konservesi 160g,605.0,57.37,0,0
2023-11-16,TON160,Ton Balığı Konservesi 160g,526.0,57.81,0,0
2023-11-17,TON160,Ton Balığı Konservesi 160g,551.0,56.7,0,0
2023-11-18,TON160,Ton Balığı Konservesi 160g,400.0,58.43,0,0
2023-11-19,TON160,Ton Balığı Konservesi 160g,417.0,57.46,0,0
2023-11-20,TON160,Ton Balığı Konservesi 160g,548.0,56.69,0,0
2023-11-21,TON160,Ton Balığı Konservesi 160g,555.0,59.01,0,0
2023-11-22,TON160,Ton Balığı Konservesi 160g,587.0,59.07,0,0
2023-11-23,TON160,Ton Balığı Konservesi 160g,545.0,60.47,0,0
2023-11-24,TON160,Ton Balığı Konservesi 160g,577.0,57.78,0,0
2023-11-25,TON160,Ton Balığı Konservesi 160g,434.0,58.61,0,0
2023-11-26,TON160,Ton Balığı Konservesi 160g,367.0,58.24,0,0
2023-11-27,TON160,Ton Balığı Konservesi 160g,475.0,59.14,0,0
2023-11-28,TON160,Ton Balığı Konservesi 160g,538.0,58.43,0,0
2023-11-29,TON160,Ton Balığı Konservesi 160g,508.0,59.26,0,0
2023-11-30,TON160,Ton Balığı Konservesi 160g,603.0,57.98,0,0
2023-12-01,TON160,Ton Balığı Konservesi 160g,590.0,59.01,0,0
2023-12-02,TON160,Ton Balığı Konservesi 160g,393.0,58.41,0,0
2023-12-03,TON160,Ton Balığı Konservesi 160g,450.0,59.32,0,0
2023-12-04,TON160,Ton Balığı Konservesi 160g,545.0,58.82,0,0
2023-12-05,TON160,Ton Balığı Konservesi 160g,535.0,60.39,0,0
2023-12-06,TON160,Ton Balığı Konservesi 160g,597.0,59.45,0,0
2023-12-07,TON160,Ton Balığı Konservesi 160g,567.0,58.44,0,0
2023-12-08,TON160,Ton Balığı Konservesi 160g,593.0,61.21,0,0
2023-12-09,TON160,Ton Balığı Konservesi 160g,387.0,59.49,0,0
2023-12-10,TON160,Ton Balığı Konservesi 160g,363.0,58.46,0,0
2023-12-11,TON160,Ton Balığı Konservesi 160g,610.0,60.98,0,0
2023-12-12,TON160,Ton Balığı Konservesi 160g,255.6875,58.43,0,0
2023-12-13,TON160,Ton Balığı Konservesi 160g,605.0,59.35,0,0
2023-12-14,TON160,Ton Balığı Konservesi 160g,551.0,59.69,0,0
2023-12-15,TON160,Ton Balığı Konservesi 160g,567.0,58.61,0,0
2023-12-16,TON160,Ton Balığı Konservesi 160g,401.0,58.85,0,0
2023-12-17,TON160,Ton Balığı Konservesi 160g,383.0,59.19,0,0
2023-12-18,TON160,Ton Balığı Konservesi 160g,575.0,58.15,0,0
2023-12-19,TON160,Ton Balığı Konservesi 160g,631.0,59.37,0,0
2023-12-20,TON160,Ton Balığı Konservesi 160g,783.0,58.11,1,0
2023-12-21,TON160,Ton Balığı Konservesi 160g,645.0,59.25,0,0
2023-12-22,TON160,Ton Balığı Konservesi 160g,567.0,60.01,0,0
2023-12-23,TON160,Ton Balığı Konservesi 160g,372.0,59.28,0,0
2023-12-24,TON160,Ton Balığı Konservesi 160g,351.0,59.76,0,0
2023-12-25,TON160,Ton Balığı Konservesi 160g,597.0,57.82,0,0
2023-12-26,TON160,Ton Balığı Konservesi 160g,538.0,57.33,0,0
2023-12-27,TON160,Ton Balığı Konservesi 160g,535.0,58.19,0,0
2023-12-28,TON160,Ton Balığı Konservesi 160g,523.5,59.68,0,0
2023-12-29,TON160,Ton Balığı Konservesi 160g,512.0,60.92,0,0
2023-12-30,TON160,Ton Balığı Konservesi 160g,522.0,58.93,0,0
2023-12-31,TON160,Ton Balığı Konservesi 160g,367.0,59.21,0,0
2024-01-01,TON160,Ton Balığı Konservesi 160g,255.6875,59.14,0,1
2024-01-02,TON160,Ton Balığı Konservesi 160g,542.0,59.07,0,0
2024-01-03,TON160,Ton Balığı Konservesi 160g,551.0,59.53,0,0
2024-01-04,TON160,Ton Balığı Konservesi 160g,569.0,58.43,0,0
2024-01-05,TON160,Ton Balığı Konservesi 160g,574.0,59.73,0,0
2024-01-06,TON160,Ton Balığı Konservesi 160g,400.0,57.56,0,0
2024-01-07,TON160,Ton Balığı Konservesi 160g,389.0,57.25,0,0
2024-01-08,TON160,Ton Balığı Konservesi 160g,599.0,60.42,0,0
2024-01-09,TON160,Ton Balığı Konservesi 160g,582.0,60.05,0,0
2024-01-10,TON160,Ton Balığı Konservesi 160g,530.0,59.31,0,0
2024-01-11,TON160,Ton Balığı Konservesi 160g,589.0,62.89,0,0
2024-01-12,TON160,Ton Balığı Konservesi 160g,824.1875,58.29,0,0
2024-01-13,TON160,Ton Balığı Konservesi 160g,584.0,59.15,1,0
2024-01-14,TON160,Ton Balığı Konservesi 160g,324.0,59.78,0,0
2024-01-15,TON160,Ton Balığı Konservesi 160g,552.0,59.53,0,0
2024-01-16,TON160,Ton Balığı Konservesi 160g,554.0,56.87,0,0
2024-01-17,TON160,Ton Balığı Konservesi 160g,471.0,58.56,0,0
2024-01-18,TON160,Ton Balığı Konservesi 160g,506.0,61.71,0,0
2024-01-19,TON160,Ton Balığı Konservesi 160g,522.0,59.01,0,0
2024-01-20,TON160,Ton Balığı Konservesi 160g,450.0,59.82,0,0
2024-01-21,TON160,Ton Balığı Konservesi 160g,385.0,58.4,0,0
2024-01-22,TON160,Ton Balığı Konservesi 160g,514.0,60.0,0,0
2024-01-23,TON160,Ton Balığı Konservesi 160g,579.0,59.48,0,0
2024-01-24,TON160,Ton Balığı Konservesi 160g,538.0,58.98,0,0
2024-01-25,TON160,Ton Balığı Konservesi 160g,558.5,59.38,1,0
2024-01-26,TON160,Ton Balığı Konservesi 160g,579.0,60.21,0,0
2024-01-27,TON160,Ton Balığı Konservesi 160g,311.0,62.25,0,0
2024-01-28,TON160,Ton Balığı Konservesi 160g,352.0,59.75,0,0
2024-01-29,TON160,Ton Balığı Konservesi 160g,592.0,59.5,0,0
2024-01-30,TON160,Ton Balığı Konservesi 160g,608.0,61.41,0,0
2024-01-31,TON160,Ton Balığı Konservesi 160g,545.0,61.48,0,0
2024-02-01,TON160,Ton Balığı Konservesi 160g,623.0,61.69,0,0
2024-02-02,TON160,Ton Balığı Konservesi 160g,605.0,60.19,0,0
2024-02-03,TON160,Ton Balığı Konservesi 160g,439.0,60.09,0,0
2024-02-04,TON160,Ton Balığı Konservesi 160g,376.0,59.86,0,0
2024-02-05,TON160,Ton Balığı Konservesi 160g,545.0,58.73,0,0
2024-02-06,TON160,Ton Balığı Konservesi 160g,511.0,60.19,0,0
2024-02-07,TON160,Ton Balığı Konservesi 160g,529.0,59.8,0,0
2024-02-08,TON160,Ton Balığı Konservesi 160g,599.0,58.82,0,0
2024-02-09,TON160,Ton Balığı Konservesi 160g,598.0,61.59,0,0
2024-02-10,TON160,Ton Balığı Konservesi 160g,394.0,60.05,0,0
2024-02-11,TON160,Ton Balığı Konservesi 160g,408.0,58.89,0,0
2024-02-12,TON160,Ton Balığı Konservesi 160g,679.0,60.39,0,0
2024-02-13,TON160,Ton Balığı Konservesi 160g,567.0,61.51,0,0
2024-02-14,TON160,Ton Balığı Konservesi 160g,597.0,60.16,0,0
2024-02-15,TON160,Ton Balığı Konservesi 160g,603.0,59.13,0,0
2024-02-16,TON160,Ton Balığı Konservesi 160g,528.0,58.94,0,0
2024-02-17,TON160,Ton Balığı Konservesi 160g,414.0,58.05,0,0
2024-02-18,TON160,Ton Balığı Konservesi 160g,377.0,60.58,0,0
2024-02-19,TON160,Ton Balığı Konservesi 160g,614.0,59.17,0,0
2024-02-20,TON160,Ton Balığı Konservesi 160g,519.0,60.15,0,0
2024-02-21,TON160,Ton Balığı Konservesi 160g,524.0,62.64,0,0
2024-02-22,TON160,Ton Balığı Konservesi 160g,502.0,61.71,0,0
2024-02-23,TON160,Ton Balığı Konservesi 160g,575.0,59.93,0,0
2024-02-24,TON160,Ton Balığı Konservesi 160g,403.0,60.3,0,0
2024-02-25,TON160,Ton Balığı Konservesi 160g,344.0,59.74,0,0
2024-02-26,TON160,Ton Balığı Konservesi 160g,532.0,62.17,0,0
2024-02-27,TON160,Ton Balığı Konservesi 160g,584.0,60.77,0,0
2024-02-28,TON160,Ton Balığı Konservesi 160g,522.0,60.81,0,0
2024-02-29,TON160,Ton Balığı Konservesi 160g,576.0,61.85,0,0
2024-03-01,TON160,Ton Balığı Konservesi 160g,561.0,60.71,0,0
2024-03-02,TON160,Ton Balığı Konservesi 160g,502.0,62.52,1,0
2024-03-03,TON160,Ton Balığı Konservesi 160g,378.0,61.0,0,0
2024-03-04,TON160,Ton Balığı Konservesi 160g,466.0,58.17,0,0
2024-03-05,TON160,Ton Balığı Konservesi 160g,707.0,59.3,1,0
2024-03-06,TON160,Ton Balığı Konservesi 160g,584.0,63.18,0,0
2024-03-07,TON160,Ton Balığı Konservesi 160g,525.0,61.52,0,0
2024-03-08,TON160,Ton Balığı Konservesi 160g,655.0,60.65,0,0
2024-03-09,TON160,Ton Balığı Konservesi 160g,409.0,59.12,0,0
2024-03-10,TON160,Ton Balığı Konservesi 160g,426.0,62.56,0,0
2024-03-11,TON160,Ton Balığı Konservesi 160g,562.0,62.81,0,0
2024-03-12,TON160,Ton Balığı Konservesi 160g,558.0,61.37,0,0
2024-03-13,TON160,Ton Balığı Konservesi 160g,513.0,61.3,0,0
2024-03-14,TON160,Ton Balığı Konservesi 160g,566.0,61.63,0,0
2024-03-15,TON160,Ton Balığı Konservesi 160g,255.6875,60.76,0,0
2024-03-16,TON160,Ton Balığı Konservesi 160g,433.0,60.38,0,0
2024-03-17,TON160,Ton Balığı Konservesi 160g,422.0,62.31,0,0
2024-03-18,TON160,Ton Balığı Konservesi 160g,569.0,59.56,0,0
2024-03-19,TON160,Ton Balığı Konservesi 160g,473.0,63.13,0,0
2024-03-20,TON160,Ton Balığı Konservesi 160g,816.0,60.54,1,0
2024-03-21,TON160,Ton Balığı Konservesi 160g,589.0,60.64,0,0
2024-03-22,TON160,Ton Balığı Konservesi 160g,563.0,62.51,0,0
2024-03-23,TON160,Ton Balığı Konservesi 160g,398.0,61.43,0,0
2024-03-24,TON160,Ton Balığı Konservesi 160g,623.0,61.19,1,0
2024-03-25,TON160,Ton Balığı Konservesi 160g,537.0,60.77,0,0
2024-03-26,TON160,Ton Balığı Konservesi 160g,516.0,62.13,0,0
2024-03-27,TON160,Ton Balığı Konservesi 160g,526.0,60.13,0,0
2024-03-28,TON160,Ton Balığı Konservesi 160g,544.0,60.58,0,0
2024-03-29,TON160,Ton Balığı Konservesi 160g,483.0,61.76,0,0
2024-03-30,TON160,Ton Balığı Konservesi 160g,422.0,61.83,0,0
2024-03-31,TON160,Ton Balığı Konservesi 160g,527.0,60.14,0,0
2024-04-01,TON160,Ton Balığı Konservesi 160g,594.0,62.09,0,0
2024-04-02,TON160,Ton Balığı Konservesi 160g,824.1875,61.33,1,0
2024-04-03,TON160,Ton Balığı Konservesi 160g,663.0,62.58,0,0
2024-04-04,TON160,Ton Balığı Konservesi 160g,690.0,59.37,0,0
2024-04-05,TON160,Ton Balığı Konservesi 160g,739.0,59.92,0,0
2024-04-06,TON160,Ton Balığı Konservesi 160g,493.0,60.05,0,0
2024-04-07,TON160,Ton Balığı Konservesi 160g,537.0,62.94,0,0
2024-04-08,TON160,Ton Balığı Konservesi 160g,684.0,61.65,0,0
2024-04-09,TON160,Ton Balığı Konservesi 160g,730.0,61.55,0,0
2024-04-10,TON160,Ton Balığı Konservesi 160g,295.0,59.89,0,1
2024-04-11,TON160,Ton Balığı Konservesi 160g,255.6875,59.77,0,1
2024-04-12,TON160,Ton Balığı Konservesi 160g,346.0,59.78,1,1
2024-04-13,TON160,Ton Balığı Konservesi 160g,255.6875,62.08,0,1
2024-04-14,TON160,Ton Balığı Konservesi 160g,379.0,61.16,0,0
2024-04-15,TON160,Ton Balığı Konservesi 160g,560.0,60.39,0,0
2024-04-16,TON160,Ton Balığı Konservesi 160g,587.0,60.06,0,0
2024-04-17,TON160,Ton Balığı Konservesi 160g,569.0,62.07,0,0
2024-04-18,TON160,Ton Balığı Konservesi 160g,583.0,61.2,0,0
2024-04-19,TON160,Ton Balığı Konservesi 160g,573.0,62.21,0,0
2024-04-20,TON160,Ton Balığı Konservesi 160g,370.0,59.65,0,0
2024-04-21,TON160,Ton Balığı Konservesi 160g,349.0,60.94,0,0
2024-04-22,TON160,Ton Balığı Konservesi 160g,291.5,61.56,0,0
2024-04-23,TON160,Ton Balığı Konservesi 160g,255.6875,62.84,0,1
2024-04-24,TON160,Ton Balığı Konservesi 160g,651.0,62.21,0,0
2024-04-25,TON160,Ton Balığı Konservesi 160g,594.0,62.37,0,0
2024-04-26,TON160,Ton Balığı Konservesi 160g,612.0,59.59,0,0
2024-04-27,TON160,Ton Balığı Konservesi 160g,393.0,61.86,0,0
2024-04-28,TON160,Ton Balığı Konservesi 160g,378.0,60.98,0,0
2024-04-29,TON160,Ton Balığı Konservesi 160g,552.0,62.94,0,0
2024-04-30,TON160,Ton Balığı Konservesi 160g,255.6875,60.79,0,0
2024-05-01,TON160,Ton Balığı Konservesi 160g,255.6875,61.64,0,1
2024-05-02,TON160,Ton Balığı Konservesi 160g,492.0,60.72,0,0
2024-05-03,TON160,Ton Balığı Konservesi 160g,547.0,62.64,0,0
2024-05-04,TON160,Ton Balığı Konservesi 160g,387.0,60.14,0,0
2024-05-05,TON160,Ton Balığı Konservesi 160g,396.0,62.17,0,0
2024-05-06,TON160,Ton Balığı Konservesi 160g,555.0,61.74,0,0
2024-05-07,TON160,Ton Balığı Konservesi 160g,595.0,59.95,0,0
2024-05-08,TON160,Ton Balığı Konservesi 160g,574.0,59.44,0,0
2024-05-09,TON160,Ton Balığı Konservesi 160g,544.0,62.31,0,0
2024-05-10,TON160,Ton Balığı Konservesi 160g,541.0,62.01,0,0
2024-05-11,TON160,Ton Balığı Konservesi 160g,427.0,62.04,0,0
2024-05-12,TON160,Ton Balığı Konservesi 160g,417.0,60.63,0,0
2024-05-13,TON160,Ton Balığı Konservesi 160g,565.0,63.7,0,0
2024-05-14,TON160,Ton Balığı Konservesi 160g,654.0,61.01,0,0
2024-05-15,TON160,Ton Balığı Konservesi 160g,564.0,61.76,0,0
2024-05-16,TON160,Ton Balığı Konservesi 160g,573.0,61.98,0,0
2024-05-17,TON160,Ton Balığı Konservesi 160g,562.0,61.26,0,0
2024-05-18,TON160,Ton Balığı Konservesi 160g,518.0,62.87,1,0
2024-05-19,TON160,Ton Balığı Konservesi 160g,255.6875,61.2,0,1
2024-05-20,TON160,Ton Balığı Konservesi 160g,523.0,60.37,0,0
2024-05-21,TON160,Ton Balığı Konservesi 160g,747.0,60.85,1,0
2024-05-22,TON160,Ton Balığı Konservesi 160g,618.0,62.79,0,0
2024-05-23,TON160,Ton Balığı Konservesi 160g,574.0,61.85,0,0
2024-05-24,TON160,Ton Balığı Konservesi 160g,461.0,62.09,0,0
2024-05-25,TON160,Ton Balığı Konservesi 160g,420.0,60.39,0,0
2024-05-26,TON160,Ton Balığı Konservesi 160g,422.0,62.89,0,0
2024-05-27,TON160,Ton Balığı Konservesi 160g,468.5,61.62,0,0
2024-05-28,TON160,Ton Balığı Konservesi 160g,515.0,60.58,0,0
2024-05-29,TON160,Ton Balığı Konservesi 160g,538.0,62.65,0,0
2024-05-30,TON160,Ton Balığı Konservesi 160g,619.0,63.98,0,0
2024-05-31,TON160,Ton Balığı Konservesi 160g,513.0,63.98,0,0
2024-06-01,TON160,Ton Balığı Konservesi 160g,495.0,62.53,0,0
2024-06-02,TON160,Ton Balığı Konservesi 160g,481.0,62.34,0,0
2024-06-03,TON160,Ton Balığı Konservesi 160g,675.0,63.47,0,0
2024-06-04,TON160,Ton Balığı Konservesi 160g,824.1875,59.55,0,0
2024-06-05,TON160,Ton Balığı Konservesi 160g,658.0,62.53,0,0
2024-06-06,TON160,Ton Balığı Konservesi 160g,687.0,61.8,0,0
2024-06-07,TON160,Ton Balığı Konservesi 160g,824.1875,62.02,1,0
2024-06-08,TON160,Ton Balığı Konservesi 160g,525.0,62.83,0,0
2024-06-09,TON160,Ton Balığı Konservesi 160g,559.0,62.05,0,0
2024-06-10,TON160,Ton Balığı Konservesi 160g,677.0,59.67,0,0
2024-06-11,TON160,Ton Balığı Konservesi 160g,778.0,60.86,0,0
2024-06-12,TON160,Ton Balığı Konservesi 160g,646.0,61.17,0,0
2024-06-13,TON160,Ton Balığı Konservesi 160g,668.0,62.79,0,0
2024-06-14,TON160,Ton Balığı Konservesi 160g,824.1875,61.69,0,0
2024-06-15,TON160,Ton Balığı Konservesi 160g,506.0,63.12,0,0
2024-06-16,TON160,Ton Balığı Konservesi 160g,255.6875,62.0,0,1
2024-06-17,TON160,Ton Balığı Konservesi 160g,391.0,63.0,1,1
2024-06-18,TON160,Ton Balığı Konservesi 160g,255.6875,62.32,0,1
2024-06-19,TON160,Ton Balığı Konservesi 160g,284.0,60.1,0,1
2024-06-20,TON160,Ton Balığı Konservesi 160g,754.0,61.43,0,0
2024-06-21,TON160,Ton Balığı Konservesi 160g,676.0,62.48,0,0
2024-06-22,TON160,Ton Balığı Konservesi 160g,603.0,62.45,0,0
2024-06-23,TON160,Ton Balığı Konservesi 160g,530.0,64.84,0,0
2024-06-24,TON160,Ton Balığı Konservesi 160g,824.1875,60.34,0,0
2024-06-25,TON160,Ton Balığı Konservesi 160g,664.0,61.51,0,0
2024-06-26,TON160,Ton Balığı Konservesi 160g,740.0,64.98,0,0
2024-06-27,TON160,Ton Balığı Konservesi 160g,762.0,63.2,0,0
2024-06-28,TON160,Ton Balığı Konservesi 160g,687.0,62.09,0,0
2024-06-29,TON160,Ton Balığı Konservesi 160g,581.0,61.85,0,0
2024-06-30,TON160,Ton Balığı Konservesi 160g,568.0,62.63,0,0
2024-07-01,TON160,Ton Balığı Konservesi 160g,677.0,62.3,0,0
2024-07-02,TON160,Ton Balığı Konservesi 160g,758.0,60.61,0,0
2024-07-03,TON160,Ton Balığı Konservesi 160g,669.0,64.54,0,0
2024-07-04,TON160,Ton Balığı Konservesi 160g,824.1875,63.08,1,0
2024-07-05,TON160,Ton Balığı Konservesi 160g,736.0,61.76,0,0
2024-07-06,TON160,Ton Balığı Konservesi 160g,694.0,60.31,1,0
2024-07-07,TON160,Ton Balığı Konservesi 160g,539.0,61.44,0,0
2024-07-08,TON160,Ton Balığı Konservesi 160g,774.0,62.3,0,0
2024-07-09,TON160,Ton Balığı Konservesi 160g,642.0,62.17,0,0
2024-07-10,TON160,Ton Balığı Konservesi 160g,610.0,60.67,0,0
2024-07-11,TON160,Ton Balığı Konservesi 160g,824.1875,63.34,0,0
2024-07-12,TON160,Ton Balığı Konservesi 160g,817.0,63.11,0,0
2024-07-13,TON160,Ton Balığı Konservesi 160g,493.0,64.0,0,0
2024-07-14,TON160,Ton Balığı Konservesi 160g,495.0,64.18,0,0
2024-07-15,TON160,Ton Balığı Konservesi 160g,708.0,62.04,0,0
2024-07-16,TON160,Ton Balığı Konservesi 160g,758.0,62.43,0,0
2024-07-17,TON160,Ton Balığı Konservesi 160g,772.0,61.8,0,0
2024-07-18,TON160,Ton Balığı Konservesi 160g,740.0,63.76,0,0
2024-07-19,TON160,Ton Balığı Konservesi 160g,795.0,65.11,0,0
2024-07-20,TON160,Ton Balığı Konservesi 160g,665.5,64.03,0,0
2024-07-21,TON160,Ton Balığı Konservesi 160g,536.0,63.15,0,0
2024-07-22,TON160,Ton Balığı Konservesi 160g,699.0,62.74,0,0
2024-07-23,TON160,Ton Balığı Konservesi 160g,762.0,59.72,0,0
2024-07-24,TON160,Ton Balığı Konservesi 160g,654.0,64.06,0,0
2024-07-25,TON160,Ton Balığı Konservesi 160g,686.0,63.53,0,0
2024-07-26,TON160,Ton Balığı Konservesi 160g,796.0,62.33,0,0
2024-07-27,TON160,Ton Balığı Konservesi 160g,474.0,61.56,0,0
2024-07-28,TON160,Ton Balığı Konservesi 160g,509.0,65.09,0,0
2024-07-29,TON160,Ton Balığı Konservesi 160g,705.5,64.4,0,0
2024-07-30,TON160,Ton Balığı Konservesi 160g,824.1875,60.94,1,0
2024-07-31,TON160,Ton Balığı Konservesi 160g,640.0,62.26,0,0
2024-08-01,TON160,Ton Balığı Konservesi 160g,746.0,63.35,0,0
2024-08-02,TON160,Ton Balığı Konservesi 160g,673.0,61.77,0,0
2024-08-03,TON160,Ton Balığı Konservesi 160g,467.0,62.05,0,0
2024-08-04,TON160,Ton Balığı Konservesi 160g,511.0,59.28,0,0
2024-08-05,TON160,Ton Balığı Konservesi 160g,702.0,62.4,0,0
2024-08-06,TON160,Ton Balığı Konservesi 160g,767.0,61.69,0,0
2024-08-07,TON160,Ton Balığı Konservesi 160g,673.0,66.03,0,0
2024-08-08,TON160,Ton Balığı Konservesi 160g,742.0,64.76,0,0
2024-08-09,TON160,Ton Balığı Konservesi 160g,701.0,63.05,0,0
2024-08-10,TON160,Ton Balığı Konservesi 160g,562.0,62.92,0,0
2024-08-11,TON160,Ton Balığı Konservesi 160g,503.0,61.6,0,0
2024-08-12,TON160,Ton Balığı Konservesi 160g,777.0,64.63,0,0
2024-08-13,TON160,Ton Balığı Konservesi 160g,710.0,61.65,0,0
2024-08-14,TON160,Ton Balığı Konservesi 160g,759.0,64.01,0,0
2024-08-15,TON160,Ton Balığı Konservesi 160g,743.0,64.33,0,0
2024-08-16,TON160,Ton Balığı Konservesi 160g,620.0,63.81,0,0
2024-08-17,TON160,Ton Balığı Konservesi 160g,497.0,65.13,0,0
2024-08-18,TON160,Ton Balığı Konservesi 160g,473.0,63.21,0,0
2024-08-19,TON160,Ton Balığı Konservesi 160g,739.0,61.63,0,0
2024-08-20,TON160,Ton Balığı Konservesi 160g,717.0,62.27,0,0
2024-08-21,TON160,Ton Balığı Konservesi 160g,811.0,65.24,0,0
2024-08-22,TON160,Ton Balığı Konservesi 160g,815.0,66.02,0,0
2024-08-23,TON160,Ton Balığı Konservesi 160g,746.0,66.27,0,0
2024-08-24,TON160,Ton Balığı Konservesi 160g,474.0,62.1,0,0
2024-08-25,TON160,Ton Balığı Konservesi 160g,517.0,65.03,0,0
2024-08-26,TON160,Ton Balığı Konservesi 160g,630.0,63.44,0,0
2024-08-27,TON160,Ton Balığı Konservesi 160g,743.0,62.75,0,0
2024-08-28,TON160,Ton Balığı Konservesi 160g,736.0,61.97,0,0
2024-08-29,TON160,Ton Balığı Konservesi 160g,598.0,65.24,0,0
2024-08-30,TON160,Ton Balığı Konservesi 160g,304.0,61.39,0,1
2024-08-31,TON160,Ton Balığı Konservesi 160g,495.0,65.08,0,0
2024-09-01,TON160,Ton Balığı Konservesi 160g,441.0,60.84,0,0
2024-09-02,TON160,Ton Balığı Konservesi 160g,539.0,62.36,0,0
2024-09-03,TON160,Ton Balığı Konservesi 160g,525.0,63.81,0,0
2024-09-04,TON160,Ton Balığı Konservesi 160g,824.1875,62.31,1,0
2024-09-05,TON160,Ton Balığı Konservesi 160g,606.0,65.79,0,0
2024-09-06,TON160,Ton Balığı Konservesi 160g,509.5,64.18,0,0
2024-09-07,TON160,Ton Balığı Konservesi 160g,413.0,64.2,0,0
2024-09-08,TON160,Ton Balığı Konservesi 160g,404.0,61.86,0,0
2024-09-09,TON160,Ton Balığı Konservesi 160g,580.0,64.83,0,0
2024-09-10,TON160,Ton Balığı Konservesi 160g,568.5,62.65,0,0
2024-09-11,TON160,Ton Balığı Konservesi 160g,557.0,64.46,0,0
2024-09-12,TON160,Ton Balığı Konservesi 160g,572.0,65.14,0,0
2024-09-13,TON160,Ton Balığı Konservesi 160g,591.0,64.52,0,0
2024-09-14,TON160,Ton Balığı Konservesi 160g,398.0,62.22,0,0
2024-09-15,TON160,Ton Balığı Konservesi 160g,429.0,63.17,0,0
2024-09-16,TON160,Ton Balığı Konservesi 160g,546.0,64.2,0,0
2024-09-17,TON160,Ton Balığı Konservesi 160g,484.0,61.99,0,0
2024-09-18,TON160,Ton Balığı Konservesi 160g,706.0,64.03,1,0
2024-09-19,TON160,Ton Balığı Konservesi 160g,482.0,64.5,0,0
2024-09-20,TON160,Ton Balığı Konservesi 160g,584.0,65.7,0,0
2024-09-21,TON160,Ton Balığı Konservesi 160g,450.0,63.81,0,0
2024-09-22,TON160,Ton Balığı Konservesi 160g,381.0,64.91,0,0
2024-09-23,TON160,Ton Balığı Konservesi 160g,468.0,63.82,0,0
2024-09-24,TON160,Ton Balığı Konservesi 160g,542.0,65.09,0,0
2024-09-25,TON160,Ton Balığı Konservesi 160g,502.0,61.23,0,0
2024-09-26,TON160,Ton Balığı Konservesi 160g,626.0,64.88,0,0
2024-09-27,TON160,Ton Balığı Konservesi 160g,511.0,63.81,0,0
2024-09-28,TON160,Ton Balığı Konservesi 160g,595.0,61.98,1,0
2024-09-29,TON160,Ton Balığı Konservesi 160g,590.0,64.39,0,0
2024-09-30,TON160,Ton Balığı Konservesi 160g,585.0,63.1,0,0
2024-10-01,TON160,Ton Balığı Konservesi 160g,515.0,64.67,0,0
2024-10-02,TON160,Ton Balığı Konservesi 160g,506.0,62.4,0,0
2024-10-03,TON160,Ton Balığı Konservesi 160g,524.0,63.28,0,0
2024-10-04,TON160,Ton Balığı Konservesi 160g,532.0,65.96,0,0
2024-10-05,TON160,Ton Balığı Konservesi 160g,435.5,62.31,0,0
2024-10-06,TON160,Ton Balığı Konservesi 160g,339.0,63.69,0,0
2024-10-07,TON160,Ton Balığı Konservesi 160g,496.0,63.86,0,0
2024-10-08,TON160,Ton Balığı Konservesi 160g,560.0,65.44,0,0
2024-10-09,TON160,Ton Balığı Konservesi 160g,735.0,66.68,1,0
2024-10-10,TON160,Ton Balığı Konservesi 160g,620.0,59.98,0,0
2024-10-11,TON160,Ton Balığı Konservesi 160g,584.0,64.64,0,0
2024-10-12,TON160,Ton Balığı Konservesi 160g,395.0,62.73,0,0
2024-10-13,TON160,Ton Balığı Konservesi 160g,824.1875,64.27,0,0
2024-10-14,TON160,Ton Balığı Konservesi 160g,678.0,61.83,0,0
2024-10-15,TON160,Ton Balığı Konservesi 160g,574.0,65.14,0,0
2024-10-16,TON160,Ton Balığı Konservesi 160g,584.0,65.76,0,0
2024-10-17,TON160,Ton Balığı Konservesi 160g,610.0,63.23,0,0
2024-10-18,TON160,Ton Balığı Konservesi 160g,527.0,65.2,0,0
2024-10-19,TON160,Ton Balığı Konservesi 160g,389.0,65.14,0,0
2024-10-20,TON160,Ton Balığı Konservesi 160g,415.0,64.41,0,0
2024-10-21,TON160,Ton Balığı Konservesi 160g,526.0,65.92,0,0
2024-10-22,TON160,Ton Balığı Konservesi 160g,644.0,64.64,0,0
2024-10-23,TON160,Ton Balığı Konservesi 160g,564.0,63.97,0,0
2024-10-24,TON160,Ton Balığı Konservesi 160g,583.0,66.79,0,0
2024-10-25,TON160,Ton Balığı Konservesi 160g,520.0,62.33,0,0
2024-10-26,TON160,Ton Balığı Konservesi 160g,410.0,65.12,0,0
2024-10-27,TON160,Ton Balığı Konservesi 160g,465.0,64.46,0,0
2024-10-28,TON160,Ton Balığı Konservesi 160g,552.0,63.48,0,0
2024-10-29,TON160,Ton Balığı Konservesi 160g,255.6875,61.76,0,1
2024-10-30,TON160,Ton Balığı Konservesi 160g,602.0,63.27,0,0
2024-10-31,TON160,Ton Balığı Konservesi 160g,659.0,65.54,0,0
2024-11-01,TON160,Ton Balığı Konservesi 160g,539.0,65.17,0,0
2024-11-02,TON160,Ton Balığı Konservesi 160g,372.0,64.93,0,0
2024-11-03,TON160,Ton Balığı Konservesi 160g,527.0,64.78,1,0
2024-11-04,TON160,Ton Balığı Konservesi 160g,515.0,64.29,0,0
2024-11-05,TON160,Ton Balığı Konservesi 160g,592.0,64.78,0,0
2024-11-06,TON160,Ton Balığı Konservesi 160g,525.0,62.28,0,0
2024-11-07,TON160,Ton Balığı Konservesi 160g,451.0,64.64,0,0
2024-11-08,TON160,Ton Balığı Konservesi 160g,524.0,66.69,0,0
2024-11-09,TON160,Ton Balığı Konservesi 160g,390.0,63.25,0,0
2024-11-10,TON160,Ton Balığı Konservesi 160g,373.0,64.65,0,0
2024-11-11,TON160,Ton Balığı Konservesi 160g,773.0,65.76,1,0
2024-11-12,TON160,Ton Balığı Konservesi 160g,532.0,63.43,0,0
2024-11-13,TON160,Ton Balığı Konservesi 160g,674.0,62.57,1,0
2024-11-14,TON160,Ton Balığı Konservesi 160g,518.0,65.04,0,0
2024-11-15,TON160,Ton Balığı Konservesi 160g,558.0,66.88,0,0
2024-11-16,TON160,Ton Balığı Konservesi 160g,360.0,62.82,0,0
2024-11-17,TON160,Ton Balığı Konservesi 160g,394.0,65.95,0,0
2024-11-18,TON160,Ton Balığı Konservesi 160g,539.0,65.88,0,0
2024-11-19,TON160,Ton Balığı Konservesi 160g,605.0,63.89,0,0
2024-11-20,TON160,Ton Balığı Konservesi 160g,577.0,63.52,0,0
2024-11-21,TON160,Ton Balığı Konservesi 160g,594.0,64.37,0,0
2024-11-22,TON160,Ton Balığı Konservesi 160g,538.0,67.02,0,0
2024-11-23,TON160,Ton Balığı Konservesi 160g,418.0,63.97,0,0
2024-11-24,TON160,Ton Balığı Konservesi 160g,448.0,63.3,0,0
2024-11-25,TON160,Ton Balığı Konservesi 160g,511.0,66.58,0,0
2024-11-26,TON160,Ton Balığı Konservesi 160g,504.0,62.68,0,0
2024-11-27,TON160,Ton Balığı Konservesi 160g,591.0,63.26,0,0
2024-11-28,TON160,Ton Balığı Konservesi 160g,590.0,66.77,0,0
2024-11-29,TON160,Ton Balığı Konservesi 160g,571.0,64.47,0,0
2024-11-30,TON160,Ton Balığı Konservesi 160g,431.0,63.66,0,0
2024-12-01,TON160,Ton Balığı Konservesi 160g,421.0,65.37,0,0
2024-12-02,TON160,Ton Balığı Konservesi 160g,548.0,63.88,0,0
2024-12-03,TON160,Ton Balığı Konservesi 160g,619.0,65.78,0,0
2024-12-04,TON160,Ton Balığı Konservesi 160g,590.0,64.07,0,0
2024-12-05,TON160,Ton Balığı Konservesi 160g,649.0,63.95,0,0
2024-12-06,TON160,Ton Balığı Konservesi 160g,584.0,64.35,0,0
2024-12-07,TON160,Ton Balığı Konservesi 160g,479.0,65.12,0,0
2024-12-08,TON160,Ton Balığı Konservesi 160g,380.0,65.22,0,0
2024-12-09,TON160,Ton Balığı Konservesi 160g,787.0,65.76,1,0
2024-12-10,TON160,Ton Balığı Konservesi 160g,507.0,64.74,0,0
2024-12-11,TON160,Ton Balığı Konservesi 160g,595.0,64.28,0,0
2024-12-12,TON160,Ton Balığı Konservesi 160g,544.0,62.71,0,0
2024-12-13,TON160,Ton Balığı Konservesi 160g,551.0,66.29,0,0
2024-12-14,TON160,Ton Balığı Konservesi 160g,341.0,67.84,0,0
2024-12-15,TON160,Ton Balığı Konservesi 160g,323.0,63.78,0,0
2024-12-16,TON160,Ton Balığı Konservesi 160g,513.0,67.64,0,0
2024-12-17,TON160,Ton Balığı Konservesi 160g,528.0,62.47,0,0
2024-12-18,TON160,Ton Balığı Konservesi 160g,529.0,63.26,0,0
2024-12-19,TON160,Ton Balığı Konservesi 160g,591.0,65.14,0,0
2024-12-20,TON160,Ton Balığı Konservesi 160g,557.0,64.88,0,0
2024-12-21,TON160,Ton Balığı Konservesi 160g,349.0,64.36,0,0
2024-12-22,TON160,Ton Balığı Konservesi 160g,385.0,62.73,0,0
2024-12-23,TON160,Ton Balığı Konservesi 160g,536.0,65.26,0,0
2024-12-24,TON160,Ton Balığı Konservesi 160g,564.0,62.81,0,0
2024-12-25,TON160,Ton Balığı Konservesi 160g,550.0,67.31,0,0
2024-12-26,TON160,Ton Balığı Konservesi 160g,553.0,64.45,0,0
2024-12-27,TON160,Ton Balığı Konservesi 160g,504.0,63.78,0,0
2024-12-28,TON160,Ton Balığı Konservesi 160g,428.0,65.82,0,0
2024-12-29,TON160,Ton Balığı Konservesi 160g,334.0,65.06,0,0
2024-12-30,TON160,Ton Balığı Konservesi 160g,647.0,65.73,0,0
2024-12-31,TON160,Ton Balığı Konservesi 160g,548.0,64.96,0,0
2022-01-01,TON80,Ton Balığı Konservesi 80g,428.75,27.0,0,1
2022-01-02,TON80,Ton Balığı Konservesi 80g,635.0,28.38,0,0
2022-01-03,TON80,Ton Balığı Konservesi 80g,812.0,28.18,0,0
2022-01-04,TON80,Ton Balığı Konservesi 80g,902.0,29.4,0,0
2022-01-05,TON80,Ton Balığı Konservesi 80g,944.0,28.1,0,0
2022-01-06,TON80,Ton Balığı Konservesi 80g,909.0,28.32,0,0
2022-01-07,TON80,Ton Balığı Konservesi 80g,926.0,27.61,0,0
2022-01-08,TON80,Ton Balığı Konservesi 80g,706.0,29.12,0,0
2022-01-09,TON80,Ton Balığı Konservesi 80g,611.0,28.97,0,0
2022-01-10,TON80,Ton Balığı Konservesi 80g,884.0,27.53,0,0
2022-01-11,TON80,Ton Balığı Konservesi 80g,971.0,28.12,0,0
2022-01-12,TON80,Ton Balığı Konservesi 80g,1002.0,27.15,0,0
2022-01-13,TON80,Ton Balığı Konservesi 80g,862.0,28.02,0,0
2022-01-14,TON80,Ton Balığı Konservesi 80g,774.0,27.55,0,0
2022-01-15,TON80,Ton Balığı Konservesi 80g,641.0,28.59,0,0
2022-01-16,TON80,Ton Balığı Konservesi 80g,572.0,27.41,0,0
2022-01-17,TON80,Ton Balığı Konservesi 80g,1012.0,27.96,0,0
2022-01-18,TON80,Ton Balığı Konservesi 80g,785.0,28.01,0,0
2022-01-19,TON80,Ton Balığı Konservesi 80g,873.0,28.03,0,0
2022-01-20,TON80,Ton Balığı Konservesi 80g,889.0,26.66,0,0
2022-01-21,TON80,Ton Balığı Konservesi 80g,942.0,28.05,0,0
2022-01-22,TON80,Ton Balığı Konservesi 80g,695.0,29.24,0,0
2022-01-23,TON80,Ton Balığı Konservesi 80g,581.0,28.05,0,0
2022-01-24,TON80,Ton Balığı Konservesi 80g,897.0,29.66,0,0
2022-01-25,TON80,Ton Balığı Konservesi 80g,891.0,28.23,0,0
2022-01-26,TON80,Ton Balığı Konservesi 80g,882.0,28.34,0,0
2022-01-27,TON80,Ton Balığı Konservesi 80g,854.0,27.92,0,0
2022-01-28,TON80,Ton Balığı Konservesi 80g,854.0,28.23,0,0
2022-01-29,TON80,Ton Balığı Konservesi 80g,643.0,27.85,0,0
2022-01-30,TON80,Ton Balığı Konservesi 80g,714.0,28.12,0,0
2022-01-31,TON80,Ton Balığı Konservesi 80g,971.0,26.78,0,0
2022-02-01,TON80,Ton Balığı Konservesi 80g,1005.0,28.99,1,0
2022-02-02,TON80,Ton Balığı Konservesi 80g,866.0,28.1,0,0
2022-02-03,TON80,Ton Balığı Konservesi 80g,942.0,27.51,0,0
2022-02-04,TON80,Ton Balığı Konservesi 80g,1018.0,27.68,0,0
2022-02-05,TON80,Ton Balığı Konservesi 80g,703.0,28.85,0,0
2022-02-06,TON80,Ton Balığı Konservesi 80g,580.0,28.74,0,0
2022-02-07,TON80,Ton Balığı Konservesi 80g,928.0,28.04,0,0
2022-02-08,TON80,Ton Balığı Konservesi 80g,944.0,27.66,0,0
2022-02-09,TON80,Ton Balığı Konservesi 80g,866.0,28.22,0,0
2022-02-10,TON80,Ton Balığı Konservesi 80g,925.0,28.77,0,0
2022-02-11,TON80,Ton Balığı Konservesi 80g,976.0,28.17,0,0
2022-02-12,TON80,Ton Balığı Konservesi 80g,669.0,27.77,0,0
2022-02-13,TON80,Ton Balığı Konservesi 80g,622.0,28.73,0,0
2022-02-14,TON80,Ton Balığı Konservesi 80g,1085.0,28.59,1,0
2022-02-15,TON80,Ton Balığı Konservesi 80g,880.0,28.94,0,0
2022-02-16,TON80,Ton Balığı Konservesi 80g,968.0,28.13,0,0
2022-02-17,TON80,Ton Balığı Konservesi 80g,792.0,28.03,0,0
2022-02-18,TON80,Ton Balığı Konservesi 80g,936.0,27.56,0,0
2022-02-19,TON80,Ton Balığı Konservesi 80g,727.0,27.72,0,0
2022-02-20,TON80,Ton Balığı Konservesi 80g,725.0,27.28,0,0
2022-02-21,TON80,Ton Balığı Konservesi 80g,1196.0,28.59,1,0
2022-02-22,TON80,Ton Balığı Konservesi 80g,922.0,28.17,0,0
2022-02-23,TON80,Ton Balığı Konservesi 80g,972.0,28.47,0,0
2022-02-24,TON80,Ton Balığı Konservesi 80g,904.0,28.56,0,0
2022-02-25,TON80,Ton Balığı Konservesi 80g,889.0,28.3,0,0
2022-02-26,TON80,Ton Balığı Konservesi 80g,743.0,28.69,1,0
2022-02-27,TON80,Ton Balığı Konservesi 80g,676.0,27.76,0,0
2022-02-28,TON80,Ton Balığı Konservesi 80g,880.0,28.63,0,0
2022-03-01,TON80,Ton Balığı Konservesi 80g,918.0,28.55,0,0
2022-03-02,TON80,Ton Balığı Konservesi 80g,838.0,28.24,0,0
2022-03-03,TON80,Ton Balığı Konservesi 80g,823.0,28.67,0,0
2022-03-04,TON80,Ton Balığı Konservesi 80g,772.0,28.8,0,0
2022-03-05,TON80,Ton Balığı Konservesi 80g,662.0,29.17,0,0
2022-03-06,TON80,Ton Balığı Konservesi 80g,688.0,28.74,0,0
2022-03-07,TON80,Ton Balığı Konservesi 80g,966.0,29.55,0,0
2022-03-08,TON80,Ton Balığı Konservesi 80g,802.0,27.55,0,0
2022-03-09,TON80,Ton Balığı Konservesi 80g,895.0,28.26,0,0
2022-03-10,TON80,Ton Balığı Konservesi 80g,841.0,28.92,0,0
2022-03-11,TON80,Ton Balığı Konservesi 80g,839.0,28.74,0,0
2022-03-12,TON80,Ton Balığı Konservesi 80g,765.0,28.29,1,0
2022-03-13,TON80,Ton Balığı Konservesi 80g,569.0,28.12,0,0
2022-03-14,TON80,Ton Balığı Konservesi 80g,825.5,28.1,0,0
2022-03-15,TON80,Ton Balığı Konservesi 80g,1082.0,28.13,0,0
2022-03-16,TON80,Ton Balığı Konservesi 80g,907.0,28.96,0,0
2022-03-17,TON80,Ton Balığı Konservesi 80g,943.0,28.2,0,0
2022-03-18,TON80,Ton Balığı Konservesi 80g,902.0,28.37,0,0
2022-03-19,TON80,Ton Balığı Konservesi 80g,633.0,30.18,0,0
2022-03-20,TON80,Ton Balığı Konservesi 80g,602.0,29.38,0,0
2022-03-21,TON80,Ton Balığı Konservesi 80g,1020.0,28.71,0,0
2022-03-22,TON80,Ton Balığı Konservesi 80g,1023.0,28.38,0,0
2022-03-23,TON80,Ton Balığı Konservesi 80g,853.0,29.15,0,0
2022-03-24,TON80,Ton Balığı Konservesi 80g,817.0,29.12,0,0
2022-03-25,TON80,Ton Balığı Konservesi 80g,781.0,29.12,0,0
2022-03-26,TON80,Ton Balığı Konservesi 80g,626.0,28.35,0,0
2022-03-27,TON80,Ton Balığı Konservesi 80g,670.0,28.74,0,0
2022-03-28,TON80,Ton Balığı Konservesi 80g,1077.0,28.89,1,0
2022-03-29,TON80,Ton Balığı Konservesi 80g,937.0,29.02,0,0
2022-03-30,TON80,Ton Balığı Konservesi 80g,1311.0,29.13,1,0
2022-03-31,TON80,Ton Balığı Konservesi 80g,926.0,29.3,0,0
2022-04-01,TON80,Ton Balığı Konservesi 80g,775.0,28.79,0,0
2022-04-02,TON80,Ton Balığı Konservesi 80g,649.0,29.09,0,0
2022-04-03,TON80,Ton Balığı Konservesi 80g,573.0,29.0,0,0
2022-04-04,TON80,Ton Balığı Konservesi 80g,969.0,28.23,0,0
2022-04-05,TON80,Ton Balığı Konservesi 80g,942.0,28.84,0,0
2022-04-06,TON80,Ton Balığı Konservesi 80g,896.0,28.89,0,0
2022-04-07,TON80,Ton Balığı Konservesi 80g,1157.0,29.43,1,0
2022-04-08,TON80,Ton Balığı Konservesi 80g,861.0,28.95,0,0
2022-04-09,TON80,Ton Balığı Konservesi 80g,623.0,28.65,0,0
2022-04-10,TON80,Ton Balığı Konservesi 80g,614.0,29.04,0,0
2022-04-11,TON80,Ton Balığı Konservesi 80g,830.0,29.65,0,0
2022-04-12,TON80,Ton Balığı Konservesi 80g,1164.0,28.82,1,0
2022-04-13,TON80,Ton Balığı Konservesi 80g,908.0,29.78,0,0
2022-04-14,TON80,Ton Balığı Konservesi 80g,788.0,29.55,0,0
2022-04-15,TON80,Ton Balığı Konservesi 80g,957.0,29.11,0,0
2022-04-16,TON80,Ton Balığı Konservesi 80g,693.0,29.01,0,0
2022-04-17,TON80,Ton Balığı Konservesi 80g,710.0,28.68,0,0
2022-04-18,TON80,Ton Balığı Konservesi 80g,1172.0,30.32,1,0
2022-04-19,TON80,Ton Balığı Konservesi 80g,998.0,28.74,0,0
2022-04-20,TON80,Ton Balığı Konservesi 80g,1156.0,29.92,1,0
2022-04-21,TON80,Ton Balığı Konservesi 80g,874.0,28.77,0,0
2022-04-22,TON80,Ton Balığı Konservesi 80g,994.0,28.24,0,0
2022-04-23,TON80,Ton Balığı Konservesi 80g,428.75,28.45,0,1
2022-04-24,TON80,Ton Balığı Konservesi 80g,781.0,29.02,0,0
2022-04-25,TON80,Ton Balığı Konservesi 80g,987.0,29.95,0,0
2022-04-26,TON80,Ton Balığı Konservesi 80g,1054.0,29.63,0,0
2022-04-27,TON80,Ton Balığı Konservesi 80g,1080.0,29.04,0,0
2022-04-28,TON80,Ton Balığı Konservesi 80g,1106.0,28.42,0,0
2022-04-29,TON80,Ton Balığı Konservesi 80g,1115.0,29.18,0,0
2022-04-30,TON80,Ton Balığı Konservesi 80g,704.0,29.26,0,0
2022-05-01,TON80,Ton Balığı Konservesi 80g,428.75,28.73,0,1
2022-05-02,TON80,Ton Balığı Konservesi 80g,428.75,28.75,0,1
2022-05-03,TON80,Ton Balığı Konservesi 80g,428.75,28.75,0,1
2022-05-04,TON80,Ton Balığı Konservesi 80g,428.75,29.96,0,1
2022-05-05,TON80,Ton Balığı Konservesi 80g,428.75,28.66,0,1
2022-05-06,TON80,Ton Balığı Konservesi 80g,939.0,28.83,0,0
2022-05-07,TON80,Ton Balığı Konservesi 80g,561.0,29.28,0,0
2022-05-08,TON80,Ton Balığı Konservesi 80g,730.0,30.07,0,0
2022-05-09,TON80,Ton Balığı Konservesi 80g,866.0,28.82,0,0
2022-05-10,TON80,Ton Balığı Konservesi 80g,918.0,29.35,0,0
2022-05-11,TON80,Ton Balığı Konservesi 80g,1038.0,29.58,0,0
2022-05-12,TON80,Ton Balığı Konservesi 80g,837.0,29.1,0,0
2022-05-13,TON80,Ton Balığı Konservesi 80g,842.0,28.41,0,0
2022-05-14,TON80,Ton Balığı Konservesi 80g,730.0,29.2,0,0
2022-05-15,TON80,Ton Balığı Konservesi 80g,650.0,28.93,0,0
2022-05-16,TON80,Ton Balığı Konservesi 80g,979.0,29.23,0,0
2022-05-17,TON80,Ton Balığı Konservesi 80g,856.0,30.73,0,0
2022-05-18,TON80,Ton Balığı Konservesi 80g,969.0,28.97,0,0
2022-05-19,TON80,Ton Balığı Konservesi 80g,428.75,29.67,0,1
2022-05-20,TON80,Ton Balığı Konservesi 80g,1172.0,29.62,1,0
2022-05-21,TON80,Ton Balığı Konservesi 80g,695.0,29.63,0,0
2022-05-22,TON80,Ton Balığı Konservesi 80g,897.0,29.78,1,0
2022-05-23,TON80,Ton Balığı Konservesi 80g,978.0,29.93,0,0
2022-05-24,TON80,Ton Balığı Konservesi 80g,941.0,30.13,0,0
2022-05-25,TON80,Ton Balığı Konservesi 80g,905.0,29.23,0,0
2022-05-26,TON80,Ton Balığı Konservesi 80g,836.0,30.04,0,0
2022-05-27,TON80,Ton Balığı Konservesi 80g,866.0,29.56,0,0
2022-05-28,TON80,Ton Balığı Konservesi 80g,704.0,29.37,0,0
2022-05-29,TON80,Ton Balığı Konservesi 80g,641.0,29.47,0,0
2022-05-30,TON80,Ton Balığı Konservesi 80g,948.0,28.57,0,0
2022-05-31,TON80,Ton Balığı Konservesi 80g,1049.0,29.76,0,0
2022-06-01,TON80,Ton Balığı Konservesi 80g,1229.0,29.21,0,0
2022-06-02,TON80,Ton Balığı Konservesi 80g,1358.75,29.55,0,0
2022-06-03,TON80,Ton Balığı Konservesi 80g,1234.0,29.35,0,0
2022-06-04,TON80,Ton Balığı Konservesi 80g,875.0,29.78,0,0
2022-06-05,TON80,Ton Balığı Konservesi 80g,876.0,29.16,0,0
2022-06-06,TON80,Ton Balığı Konservesi 80g,1108.0,30.07,0,0
2022-06-07,TON80,Ton Balığı Konservesi 80g,1140.0,29.52,0,0
2022-06-08,TON80,Ton Balığı Konservesi 80g,1358.75,30.16,1,0
2022-06-09,TON80,Ton Balığı Konservesi 80g,1244.0,29.13,0,0
2022-06-10,TON80,Ton Balığı Konservesi 80g,1201.0,30.4,0,0
2022-06-11,TON80,Ton Balığı Konservesi 80g,992.0,29.15,0,0
2022-06-12,TON80,Ton Balığı Konservesi 80g,711.0,28.64,0,0
2022-06-13,TON80,Ton Balığı Konservesi 80g,1159.0,29.76,0,0
2022-06-14,TON80,Ton Balığı Konservesi 80g,1276.0,28.91,0,0
2022-06-15,TON80,Ton Balığı Konservesi 80g,1153.0,29.66,0,0
2022-06-16,TON80,Ton Balığı Konservesi 80g,1292.0,28.77,0,0
2022-06-17,TON80,Ton Balığı Konservesi 80g,1198.0,29.92,0,0
2022-06-18,TON80,Ton Balığı Konservesi 80g,789.0,30.64,0,0
2022-06-19,TON80,Ton Balığı Konservesi 80g,1010.0,28.65,0,0
2022-06-20,TON80,Ton Balığı Konservesi 80g,1231.0,29.54,0,0
2022-06-21,TON80,Ton Balığı Konservesi 80g,1242.0,29.43,0,0
2022-06-22,TON80,Ton Balığı Konservesi 80g,428.75,28.84,0,0
2022-06-23,TON80,Ton Balığı Konservesi 80g,1316.0,29.54,0,0
2022-06-24,TON80,Ton Balığı Konservesi 80g,1252.0,29.8,0,0
2022-06-25,TON80,Ton Balığı Konservesi 80g,894.0,29.95,0,0
2022-06-26,TON80,Ton Balığı Konservesi 80g,954.0,30.0,0,0
2022-06-27,TON80,Ton Balığı Konservesi 80g,1276.0,29.75,0,0
2022-06-28,TON80,Ton Balığı Konservesi 80g,1358.75,29.59,1,0
2022-06-29,TON80,Ton Balığı Konservesi 80g,1358.75,29.25,0,0
2022-06-30,TON80,Ton Balığı Konservesi 80g,1070.0,29.63,0,0
2022-07-01,TON80,Ton Balığı Konservesi 80g,1142.0,29.74,0,0
2022-07-02,TON80,Ton Balığı Konservesi 80g,818.0,30.17,0,0
2022-07-03,TON80,Ton Balığı Konservesi 80g,732.0,29.42,0,0
2022-07-04,TON80,Ton Balığı Konservesi 80g,974.0,29.43,0,0
2022-07-05,TON80,Ton Balığı Konservesi 80g,1281.0,28.76,0,0
2022-07-06,TON80,Ton Balığı Konservesi 80g,1249.0,30.18,0,0
2022-07-07,TON80,Ton Balığı Konservesi 80g,1203.0,29.15,0,0
2022-07-08,TON80,Ton Balığı Konservesi 80g,1096.0,29.73,0,0
2022-07-09,TON80,Ton Balığı Konservesi 80g,428.75,30.63,0,1
2022-07-10,TON80,Ton Balığı Konservesi 80g,428.75,29.62,0,1
2022-07-11,TON80,Ton Balığı Konservesi 80g,428.75,29.88,0,1
2022-07-12,TON80,Ton Balığı Konservesi 80g,457.0,29.62,0,1
2022-07-13,TON80,Ton Balığı Konservesi 80g,1181.0,29.18,0,0
2022-07-14,TON80,Ton Balığı Konservesi 80g,1270.0,30.86,0,0
2022-07-15,TON80,Ton Balığı Konservesi 80g,1263.0,29.45,0,0
2022-07-16,TON80,Ton Balığı Konservesi 80g,1040.5,30.64,0,0
2022-07-17,TON80,Ton Balığı Konservesi 80g,818.0,29.85,0,0
2022-07-18,TON80,Ton Balığı Konservesi 80g,1246.0,30.24,0,0
2022-07-19,TON80,Ton Balığı Konservesi 80g,1358.75,30.37,1,0
2022-07-20,TON80,Ton Balığı Konservesi 80g,1358.75,30.47,0,0
2022-07-21,TON80,Ton Balığı Konservesi 80g,1227.0,30.64,0,0
2022-07-22,TON80,Ton Balığı Konservesi 80g,1142.0,31.1,0,0
2022-07-23,TON80,Ton Balığı Konservesi 80g,877.0,30.91,0,0
2022-07-24,TON80,Ton Balığı Konservesi 80g,830.0,29.49,0,0
2022-07-25,TON80,Ton Balığı Konservesi 80g,1249.0,29.7,0,0
2022-07-26,TON80,Ton Balığı Konservesi 80g,1153.0,30.21,0,0
2022-07-27,TON80,Ton Balığı Konservesi 80g,1358.75,29.89,0,0
2022-07-28,TON80,Ton Balığı Konservesi 80g,1250.0,30.95,0,0
2022-07-29,TON80,Ton Balığı Konservesi 80g,1220.0,29.95,0,0
2022-07-30,TON80,Ton Balığı Konservesi 80g,1070.0,30.3,1,0
2022-07-31,TON80,Ton Balığı Konservesi 80g,748.0,29.79,0,0
2022-08-01,TON80,Ton Balığı Konservesi 80g,1271.0,30.19,0,0
2022-08-02,TON80,Ton Balığı Konservesi 80g,1358.75,29.67,0,0
2022-08-03,TON80,Ton Balığı Konservesi 80g,1067.0,29.24,0,0
2022-08-04,TON80,Ton Balığı Konservesi 80g,1310.0,30.11,0,0
2022-08-05,TON80,Ton Balığı Konservesi 80g,1164.0,31.0,0,0
2022-08-06,TON80,Ton Balığı Konservesi 80g,861.0,30.64,0,0
2022-08-07,TON80,Ton Balığı Konservesi 80g,924.0,29.9,0,0
2022-08-08,TON80,Ton Balığı Konservesi 80g,1056.0,30.41,0,0
2022-08-09,TON80,Ton Balığı Konservesi 80g,1342.0,30.91,0,0
2022-08-10,TON80,Ton Balığı Konservesi 80g,1247.0,29.66,0,0
2022-08-11,TON80,Ton Balığı Konservesi 80g,1234.0,30.34,0,0
2022-08-12,TON80,Ton Balığı Konservesi 80g,1144.0,29.72,0,0
2022-08-13,TON80,Ton Balığı Konservesi 80g,944.0,30.05,0,0
2022-08-14,TON80,Ton Balığı Konservesi 80g,838.0,30.4,0,0
2022-08-15,TON80,Ton Balığı Konservesi 80g,933.0,30.54,0,0
2022-08-16,TON80,Ton Balığı Konservesi 80g,1040.0,30.78,0,0
2022-08-17,TON80,Ton Balığı Konservesi 80g,1100.0,29.88,0,0
2022-08-18,TON80,Ton Balığı Konservesi 80g,1321.0,29.33,0,0
2022-08-19,TON80,Ton Balığı Konservesi 80g,1242.0,29.84,0,0
2022-08-20,TON80,Ton Balığı Konservesi 80g,1210.0,30.1,1,0
2022-08-21,TON80,Ton Balığı Konservesi 80g,775.0,30.18,0,0
2022-08-22,TON80,Ton Balığı Konservesi 80g,1161.0,30.75,0,0
2022-08-23,TON80,Ton Balığı Konservesi 80g,1167.0,29.22,0,0
2022-08-24,TON80,Ton Balığı Konservesi 80g,1291.0,31.07,0,0
2022-08-25,TON80,Ton Balığı Konservesi 80g,1175.0,30.53,0,0
2022-08-26,TON80,Ton Balığı Konservesi 80g,1358.75,29.99,1,0
2022-08-27,TON80,Ton Balığı Konservesi 80g,893.0,30.42,0,0
2022-08-28,TON80,Ton Balığı Konservesi 80g,880.0,30.82,0,0
2022-08-29,TON80,Ton Balığı Konservesi 80g,1190.0,30.05,0,0
2022-08-30,TON80,Ton Balığı Konservesi 80g,482.0,30.18,0,1
2022-08-31,TON80,Ton Balığı Konservesi 80g,1214.0,30.67,0,0
2022-09-01,TON80,Ton Balığı Konservesi 80g,890.0,30.68,0,0
2022-09-02,TON80,Ton Balığı Konservesi 80g,752.0,30.29,0,0
2022-09-03,TON80,Ton Balığı Konservesi 80g,657.0,30.81,0,0
2022-09-04,TON80,Ton Balığı Konservesi 80g,491.0,30.87,0,0
2022-09-05,TON80,Ton Balığı Konservesi 80g,1195.0,31.54,1,0
2022-09-06,TON80,Ton Balığı Konservesi 80g,821.0,30.95,0,0
2022-09-07,TON80,Ton Balığı Konservesi 80g,820.0,30.66,0,0
2022-09-08,TON80,Ton Balığı Konservesi 80g,865.5,29.92,0,0
2022-09-09,TON80,Ton Balığı Konservesi 80g,911.0,30.19,0,0
2022-09-10,TON80,Ton Balığı Konservesi 80g,665.0,30.85,0,0
2022-09-11,TON80,Ton Balığı Konservesi 80g,658.0,30.42,0,0
2022-09-12,TON80,Ton Balığı Konservesi 80g,891.0,31.8,0,0
2022-09-13,TON80,Ton Balığı Konservesi 80g,971.0,30.47,0,0
2022-09-14,TON80,Ton Balığı Konservesi 80g,981.0,31.03,0,0
2022-09-15,TON80,Ton Balığı Konservesi 80g,814.0,30.75,0,0
2022-09-16,TON80,Ton Balığı Konservesi 80g,814.0,31.37,0,0
2022-09-17,TON80,Ton Balığı Konservesi 80g,601.0,30.57,0,0
2022-09-18,TON80,Ton Balığı Konservesi 80g,657.0,30.35,0,0
2022-09-19,TON80,Ton Balığı Konservesi 80g,926.0,30.87,0,0
2022-09-20,TON80,Ton Balığı Konservesi 80g,928.0,31.39,0,0
2022-09-21,TON80,Ton Balığı Konservesi 80g,965.0,30.27,0,0
2022-09-22,TON80,Ton Balığı Konservesi 80g,808.0,31.15,0,0
2022-09-23,TON80,Ton Balığı Konservesi 80g,1358.75,30.8,0,0
2022-09-24,TON80,Ton Balığı Konservesi 80g,710.0,30.27,0,0
2022-09-25,TON80,Ton Balığı Konservesi 80g,646.0,30.37,0,0
2022-09-26,TON80,Ton Balığı Konservesi 80g,897.0,30.36,0,0
2022-09-27,TON80,Ton Balığı Konservesi 80g,793.0,29.81,0,0
2022-09-28,TON80,Ton Balığı Konservesi 80g,1127.0,31.46,1,0
2022-09-29,TON80,Ton Balığı Konservesi 80g,741.0,29.89,0,0
2022-09-30,TON80,Ton Balığı Konservesi 80g,801.0,30.11,0,0
2022-10-01,TON80,Ton Balığı Konservesi 80g,692.0,31.52,0,0
2022-10-02,TON80,Ton Balığı Konservesi 80g,755.0,30.1,0,0
2022-10-03,TON80,Ton Balığı Konservesi 80g,873.0,31.13,0,0
2022-10-04,TON80,Ton Balığı Konservesi 80g,1060.0,29.01,0,0
2022-10-05,TON80,Ton Balığı Konservesi 80g,778.0,29.7,0,0
2022-10-06,TON80,Ton Balığı Konservesi 80g,1071.0,31.18,0,0
2022-10-07,TON80,Ton Balığı Konservesi 80g,1358.75,31.41,0,0
2022-10-08,TON80,Ton Balığı Konservesi 80g,684.0,30.94,0,0
2022-10-09,TON80,Ton Balığı Konservesi 80g,654.0,31.05,0,0
2022-10-10,TON80,Ton Balığı Konservesi 80g,891.0,30.66,0,0
2022-10-11,TON80,Ton Balığı Konservesi 80g,876.0,30.14,0,0
2022-10-12,TON80,Ton Balığı Konservesi 80g,889.0,29.58,0,0
2022-10-13,TON80,Ton Balığı Konservesi 80g,817.0,30.02,0,0
2022-10-14,TON80,Ton Balığı Konservesi 80g,996.0,30.74,0,0
2022-10-15,TON80,Ton Balığı Konservesi 80g,560.0,31.2,0,0
2022-10-16,TON80,Ton Balığı Konservesi 80g,688.0,30.04,0,0
2022-10-17,TON80,Ton Balığı Konservesi 80g,880.0,30.06,0,0
2022-10-18,TON80,Ton Balığı Konservesi 80g,827.0,31.01,0,0
2022-10-19,TON80,Ton Balığı Konservesi 80g,800.0,30.74,0,0
2022-10-20,TON80,Ton Balığı Konservesi 80g,1241.0,30.32,1,0
2022-10-21,TON80,Ton Balığı Konservesi 80g,928.0,29.72,0,0
2022-10-22,TON80,Ton Balığı Konservesi 80g,668.0,30.69,0,0
2022-10-23,TON80,Ton Balığı Konservesi 80g,710.0,30.85,0,0
2022-10-24,TON80,Ton Balığı Konservesi 80g,1168.0,30.8,1,0
2022-10-25,TON80,Ton Balığı Konservesi 80g,935.0,30.81,0,0
2022-10-26,TON80,Ton Balığı Konservesi 80g,899.0,30.77,0,0
2022-10-27,TON80,Ton Balığı Konservesi 80g,849.0,30.32,0,0
2022-10-28,TON80,Ton Balığı Konservesi 80g,1022.0,29.9,0,0
2022-10-29,TON80,Ton Balığı Konservesi 80g,428.75,30.01,0,1
2022-10-30,TON80,Ton Balığı Konservesi 80g,686.0,30.34,0,0
2022-10-31,TON80,Ton Balığı Konservesi 80g,986.0,30.61,0,0
2022-11-01,TON80,Ton Balığı Konservesi 80g,916.0,30.38,0,0
2022-11-02,TON80,Ton Balığı Konservesi 80g,1050.0,30.29,0,0
2022-11-03,TON80,Ton Balığı Konservesi 80g,918.0,30.08,0,0
2022-11-04,TON80,Ton Balığı Konservesi 80g,926.0,31.22,0,0
2022-11-05,TON80,Ton Balığı Konservesi 80g,634.0,30.72,0,0
2022-11-06,TON80,Ton Balığı Konservesi 80g,633.0,30.87,0,0
2022-11-07,TON80,Ton Balığı Konservesi 80g,1055.0,31.45,0,0
2022-11-08,TON80,Ton Balığı Konservesi 80g,798.0,30.52,0,0
2022-11-09,TON80,Ton Balığı Konservesi 80g,1081.0,30.82,0,0
2022-11-10,TON80,Ton Balığı Konservesi 80g,969.0,30.38,0,0
2022-11-11,TON80,Ton Balığı Konservesi 80g,857.0,31.93,0,0
2022-11-12,TON80,Ton Balığı Konservesi 80g,724.0,31.25,0,0
2022-11-13,TON80,Ton Balığı Konservesi 80g,630.0,30.67,0,0
2022-11-14,TON80,Ton Balığı Konservesi 80g,824.0,30.56,0,0
2022-11-15,TON80,Ton Balığı Konservesi 80g,809.0,30.53,0,0
2022-11-16,TON80,Ton Balığı Konservesi 80g,1136.0,30.96,1,0
2022-11-17,TON80,Ton Balığı Konservesi 80g,785.0,31.09,0,0
2022-11-18,TON80,Ton Balığı Konservesi 80g,956.0,31.16,0,0
2022-11-19,TON80,Ton Balığı Konservesi 80g,659.0,29.73,0,0
2022-11-20,TON80,Ton Balığı Konservesi 80g,578.0,31.73,0,0
2022-11-21,TON80,Ton Balığı Konservesi 80g,927.0,32.02,0,0
2022-11-22,TON80,Ton Balığı Konservesi 80g,914.5,30.55,0,0
2022-11-23,TON80,Ton Balığı Konservesi 80g,902.0,31.35,0,0
2022-11-24,TON80,Ton Balığı Konservesi 80g,830.0,31.34,0,0
2022-11-25,TON80,Ton Balığı Konservesi 80g,1073.0,31.12,1,0
2022-11-26,TON80,Ton Balığı Konservesi 80g,594.0,30.96,0,0
2022-11-27,TON80,Ton Balığı Konservesi 80g,704.0,30.58,0,0
2022-11-28,TON80,Ton Balığı Konservesi 80g,1269.0,31.72,1,0
2022-11-29,TON80,Ton Balığı Konservesi 80g,874.0,30.38,0,0
2022-11-30,TON80,Ton Balığı Konservesi 80g,907.0,31.82,0,0
2022-12-01,TON80,Ton Balığı Konservesi 80g,1248.0,32.52,1,0
2022-12-02,TON80,Ton Balığı Konservesi 80g,874.0,31.2,0,0
2022-12-03,TON80,Ton Balığı Konservesi 80g,633.0,31.18,0,0
2022-12-04,TON80,Ton Balığı Konservesi 80g,689.0,31.54,0,0
2022-12-05,TON80,Ton Balığı Konservesi 80g,801.0,30.62,0,0
2022-12-06,TON80,Ton Balığı Konservesi 80g,933.0,29.98,0,0
2022-12-07,TON80,Ton Balığı Konservesi 80g,742.0,30.44,0,0
2022-12-08,TON80,Ton Balığı Konservesi 80g,1076.0,31.38,0,0
2022-12-09,TON80,Ton Balığı Konservesi 80g,957.0,31.14,0,0
2022-12-10,TON80,Ton Balığı Konservesi 80g,791.5,31.21,0,0
2022-12-11,TON80,Ton Balığı Konservesi 80g,626.0,31.74,0,0
2022-12-12,TON80,Ton Balığı Konservesi 80g,920.0,31.34,0,0
2022-12-13,TON80,Ton Balığı Konservesi 80g,968.0,31.215,0,0
2022-12-14,TON80,Ton Balığı Konservesi 80g,843.0,31.09,0,0
2022-12-15,TON80,Ton Balığı Konservesi 80g,832.0,31.54,0,0
2022-12-16,TON80,Ton Balığı Konservesi 80g,896.0,31.23,0,0
2022-12-17,TON80,Ton Balığı Konservesi 80g,665.0,31.9,0,0
2022-12-18,TON80,Ton Balığı Konservesi 80g,682.0,31.22,0,0
2022-12-19,TON80,Ton Balığı Konservesi 80g,937.0,32.11,0,0
2022-12-20,TON80,Ton Balığı Konservesi 80g,803.0,31.26,0,0
2022-12-21,TON80,Ton Balığı Konservesi 80g,875.0,30.59,0,0
2022-12-22,TON80,Ton Balığı Konservesi 80g,883.0,30.89,0,0
2022-12-23,TON80,Ton Balığı Konservesi 80g,935.0,31.31,0,0
2022-12-24,TON80,Ton Balığı Konservesi 80g,666.0,31.24,0,0
2022-12-25,TON80,Ton Balığı Konservesi 80g,539.0,31.34,0,0
2022-12-26,TON80,Ton Balığı Konservesi 80g,1197.0,30.72,1,0
2022-12-27,TON80,Ton Balığı Konservesi 80g,940.0,30.56,0,0
2022-12-28,TON80,Ton Balığı Konservesi 80g,984.0,32.28,0,0
2022-12-29,TON80,Ton Balığı Konservesi 80g,1004.0,31.2,0,0
2022-12-30,TON80,Ton Balığı Konservesi 80g,873.0,31.43,0,0
2022-12-31,TON80,Ton Balığı Konservesi 80g,625.0,30.97,0,0
2023-01-01,TON80,Ton Balığı Konservesi 80g,428.75,31.12,0,1
2023-01-02,TON80,Ton Balığı Konservesi 80g,897.0,31.47,0,0
2023-01-03,TON80,Ton Balığı Konservesi 80g,982.0,31.65,0,0
2023-01-04,TON80,Ton Balığı Konservesi 80g,790.0,31.98,0,0
2023-01-05,TON80,Ton Balığı Konservesi 80g,964.0,29.79,0,0
2023-01-06,TON80,Ton Balığı Konservesi 80g,881.0,30.55,0,0
2023-01-07,TON80,Ton Balığı Konservesi 80g,548.0,30.68,0,0
2023-01-08,TON80,Ton Balığı Konservesi 80g,680.0,31.76,0,0
2023-01-09,TON80,Ton Balığı Konservesi 80g,711.0,31.07,0,0
2023-01-10,TON80,Ton Balığı Konservesi 80g,925.0,31.1,0,0
2023-01-11,TON80,Ton Balığı Konservesi 80g,910.0,30.52,0,0
2023-01-12,TON80,Ton Balığı Konservesi 80g,939.0,31.45,0,0
2023-01-13,TON80,Ton Balığı Konservesi 80g,827.0,31.55,0,0
2023-01-14,TON80,Ton Balığı Konservesi 80g,633.0,32.23,0,0
2023-01-15,TON80,Ton Balığı Konservesi 80g,593.0,31.47,0,0
2023-01-16,TON80,Ton Balığı Konservesi 80g,834.0,31.22,0,0
2023-01-17,TON80,Ton Balığı Konservesi 80g,1020.0,31.4,0,0
2023-01-18,TON80,Ton Balığı Konservesi 80g,781.0,30.65,0,0
2023-01-19,TON80,Ton Balığı Konservesi 80g,882.0,32.45,0,0
2023-01-20,TON80,Ton Balığı Konservesi 80g,972.0,31.11,0,0
2023-01-21,TON80,Ton Balığı Konservesi 80g,734.0,31.16,0,0
2023-01-22,TON80,Ton Balığı Konservesi 80g,794.0,31.98,0,0
2023-01-23,TON80,Ton Balığı Konservesi 80g,854.0,32.92,0,0
2023-01-24,TON80,Ton Balığı Konservesi 80g,919.0,32.04,0,0
2023-01-25,TON80,Ton Balığı Konservesi 80g,1009.0,32.4,0,0
2023-01-26,TON80,Ton Balığı Konservesi 80g,843.0,31.61,0,0
2023-01-27,TON80,Ton Balığı Konservesi 80g,849.0,31.89,0,0
2023-01-28,TON80,Ton Balığı Konservesi 80g,648.0,32.88,0,0
2023-01-29,TON80,Ton Balığı Konservesi 80g,650.0,31.39,0,0
2023-01-30,TON80,Ton Balığı Konservesi 80g,828.0,30.77,0,0
2023-01-31,TON80,Ton Balığı Konservesi 80g,850.0,32.4,0,0
2023-02-01,TON80,Ton Balığı Konservesi 80g,936.0,30.98,0,0
2023-02-02,TON80,Ton Balığı Konservesi 80g,949.0,32.41,0,0
2023-02-03,TON80,Ton Balığı Konservesi 80g,1138.0,32.29,1,0
2023-02-04,TON80,Ton Balığı Konservesi 80g,718.0,30.77,0,0
2023-02-05,TON80,Ton Balığı Konservesi 80g,628.0,31.48,0,0
2023-02-06,TON80,Ton Balığı Konservesi 80g,937.0,32.53,0,0
2023-02-07,TON80,Ton Balığı Konservesi 80g,1053.0,31.99,0,0
2023-02-08,TON80,Ton Balığı Konservesi 80g,964.0,31.3,0,0
2023-02-09,TON80,Ton Balığı Konservesi 80g,917.0,31.76,0,0
2023-02-10,TON80,Ton Balığı Konservesi 80g,934.0,32.7,0,0
2023-02-11,TON80,Ton Balığı Konservesi 80g,696.0,32.08,0,0
2023-02-12,TON80,Ton Balığı Konservesi 80g,726.0,31.51,0,0
2023-02-13,TON80,Ton Balığı Konservesi 80g,756.0,31.09,0,0
2023-02-14,TON80,Ton Balığı Konservesi 80g,818.0,33.07,0,0
2023-02-15,TON80,Ton Balığı Konservesi 80g,878.0,31.63,0,0
2023-02-16,TON80,Ton Balığı Konservesi 80g,956.0,31.98,0,0
2023-02-17,TON80,Ton Balığı Konservesi 80g,856.0,32.34,0,0
2023-02-18,TON80,Ton Balığı Konservesi 80g,656.0,31.7,0,0
2023-02-19,TON80,Ton Balığı Konservesi 80g,724.0,31.65,0,0
2023-02-20,TON80,Ton Balığı Konservesi 80g,950.0,32.13,0,0
2023-02-21,TON80,Ton Balığı Konservesi 80g,982.0,32.25,0,0
2023-02-22,TON80,Ton Balığı Konservesi 80g,804.0,31.95,0,0
2023-02-23,TON80,Ton Balığı Konservesi 80g,851.0,32.1,0,0
2023-02-24,TON80,Ton Balığı Konservesi 80g,940.0,31.52,0,0
2023-02-25,TON80,Ton Balığı Konservesi 80g,834.0,32.66,0,0
2023-02-26,TON80,Ton Balığı Konservesi 80g,728.0,32.07,0,0
2023-02-27,TON80,Ton Balığı Konservesi 80g,1085.0,32.04,0,0
2023-02-28,TON80,Ton Balığı Konservesi 80g,771.0,32.25,0,0
2023-03-01,TON80,Ton Balığı Konservesi 80g,925.0,32.38,0,0
2023-03-02,TON80,Ton Balığı Konservesi 80g,946.0,32.74,0,0
2023-03-03,TON80,Ton Balığı Konservesi 80g,810.0,31.83,0,0
2023-03-04,TON80,Ton Balığı Konservesi 80g,598.0,31.8,0,0
2023-03-05,TON80,Ton Balığı Konservesi 80g,671.0,31.57,0,0
2023-03-06,TON80,Ton Balığı Konservesi 80g,926.0,33.02,0,0
2023-03-07,TON80,Ton Balığı Konservesi 80g,930.0,31.19,0,0
2023-03-08,TON80,Ton Balığı Konservesi 80g,854.0,32.73,0,0
2023-03-09,TON80,Ton Balığı Konservesi 80g,899.0,31.89,0,0
2023-03-10,TON80,Ton Balığı Konservesi 80g,781.0,31.48,0,0
2023-03-11,TON80,Ton Balığı Konservesi 80g,663.0,31.92,0,0
2023-03-12,TON80,Ton Balığı Konservesi 80g,619.0,31.44,0,0
2023-03-13,TON80,Ton Balığı Konservesi 80g,871.0,32.48,0,0
2023-03-14,TON80,Ton Balığı Konservesi 80g,869.0,33.13,0,0
2023-03-15,TON80,Ton Balığı Konservesi 80g,965.0,32.18,0,0
2023-03-16,TON80,Ton Balığı Konservesi 80g,771.0,31.13,0,0
2023-03-17,TON80,Ton Balığı Konservesi 80g,989.0,31.07,0,0
2023-03-18,TON80,Ton Balığı Konservesi 80g,773.0,31.71,0,0
2023-03-19,TON80,Ton Balığı Konservesi 80g,651.0,31.71,0,0
2023-03-20,TON80,Ton Balığı Konservesi 80g,1042.0,33.07,0,0
2023-03-21,TON80,Ton Balığı Konservesi 80g,985.0,33.41,0,0
2023-03-22,TON80,Ton Balığı Konservesi 80g,941.0,32.75,0,0
2023-03-23,TON80,Ton Balığı Konservesi 80g,858.0,32.61,0,0
2023-03-24,TON80,Ton Balığı Konservesi 80g,898.0,31.59,0,0
2023-03-25,TON80,Ton Balığı Konservesi 80g,618.0,32.01,0,0
2023-03-26,TON80,Ton Balığı Konservesi 80g,932.0,32.58,1,0
2023-03-27,TON80,Ton Balığı Konservesi 80g,1004.0,32.2,0,0
2023-03-28,TON80,Ton Balığı Konservesi 80g,884.0,31.42,0,0
2023-03-29,TON80,Ton Balığı Konservesi 80g,764.0,31.7,0,0
2023-03-30,TON80,Ton Balığı Konservesi 80g,889.0,32.12,0,0
2023-03-31,TON80,Ton Balığı Konservesi 80g,943.0,31.825,0,0
2023-04-01,TON80,Ton Balığı Konservesi 80g,737.0,31.53,0,0
2023-04-02,TON80,Ton Balığı Konservesi 80g,671.0,32.98,0,0
2023-04-03,TON80,Ton Balığı Konservesi 80g,823.5,32.06,0,0
2023-04-04,TON80,Ton Balığı Konservesi 80g,976.0,31.98,0,0
2023-04-05,TON80,Ton Balığı Konservesi 80g,1009.0,33.44,0,0
2023-04-06,TON80,Ton Balığı Konservesi 80g,818.0,31.92,0,0
2023-04-07,TON80,Ton Balığı Konservesi 80g,771.0,32.33,0,0
2023-04-08,TON80,Ton Balığı Konservesi 80g,856.0,32.46,1,0
2023-04-09,TON80,Ton Balığı Konservesi 80g,560.0,31.96,0,0
2023-04-10,TON80,Ton Balığı Konservesi 80g,860.0,32.6,0,0
2023-04-11,TON80,Ton Balığı Konservesi 80g,830.0,31.53,0,0
2023-04-12,TON80,Ton Balığı Konservesi 80g,1231.0,32.27,0,0
2023-04-13,TON80,Ton Balığı Konservesi 80g,1038.0,33.37,0,0
2023-04-14,TON80,Ton Balığı Konservesi 80g,1118.0,31.92,0,0
2023-04-15,TON80,Ton Balığı Konservesi 80g,789.0,31.67,0,0
2023-04-16,TON80,Ton Balığı Konservesi 80g,846.0,32.82,0,0
2023-04-17,TON80,Ton Balığı Konservesi 80g,1060.0,32.27,0,0
2023-04-18,TON80,Ton Balığı Konservesi 80g,1007.0,31.78,0,0
2023-04-19,TON80,Ton Balığı Konservesi 80g,1110.0,32.21,0,0
2023-04-20,TON80,Ton Balığı Konservesi 80g,1009.0,32.95,0,0
2023-04-21,TON80,Ton Balığı Konservesi 80g,428.75,33.34,0,1
2023-04-22,TON80,Ton Balığı Konservesi 80g,428.75,32.37,0,1
2023-04-23,TON80,Ton Balığı Konservesi 80g,428.75,30.82,0,1
2023-04-24,TON80,Ton Balığı Konservesi 80g,474.0,32.88,1,1
2023-04-25,TON80,Ton Balığı Konservesi 80g,935.0,32.45,0,0
2023-04-26,TON80,Ton Balığı Konservesi 80g,860.0,31.41,0,0
2023-04-27,TON80,Ton Balığı Konservesi 80g,808.0,32.94,0,0
2023-04-28,TON80,Ton Balığı Konservesi 80g,801.0,32.63,0,0
2023-04-29,TON80,Ton Balığı Konservesi 80g,640.0,32.75,0,0
2023-04-30,TON80,Ton Balığı Konservesi 80g,702.0,31.41,0,0
2023-05-01,TON80,Ton Balığı Konservesi 80g,428.75,31.99,0,1
2023-05-02,TON80,Ton Balığı Konservesi 80g,1324.0,32.6,1,0
2023-05-03,TON80,Ton Balığı Konservesi 80g,903.0,31.82,0,0
2023-05-04,TON80,Ton Balığı Konservesi 80g,948.0,32.77,0,0
2023-05-05,TON80,Ton Balığı Konservesi 80g,872.0,32.62,0,0
2023-05-06,TON80,Ton Balığı Konservesi 80g,646.0,31.97,0,0
2023-05-07,TON80,Ton Balığı Konservesi 80g,492.0,31.82,0,0
2023-05-08,TON80,Ton Balığı Konservesi 80g,964.0,32.81,0,0
2023-05-09,TON80,Ton Balığı Konservesi 80g,826.0,31.0,0,0
2023-05-10,TON80,Ton Balığı Konservesi 80g,1046.0,32.95,0,0
2023-05-11,TON80,Ton Balığı Konservesi 80g,846.0,32.57,0,0
2023-05-12,TON80,Ton Balığı Konservesi 80g,997.0,32.45,0,0
2023-05-13,TON80,Ton Balığı Konservesi 80g,601.0,32.15,0,0
2023-05-14,TON80,Ton Balığı Konservesi 80g,593.0,32.27,0,0
2023-05-15,TON80,Ton Balığı Konservesi 80g,1015.0,32.67,0,0
2023-05-16,TON80,Ton Balığı Konservesi 80g,880.0,32.545,0,0
2023-05-17,TON80,Ton Balığı Konservesi 80g,1061.0,32.42,1,0
2023-05-18,TON80,Ton Balığı Konservesi 80g,893.0,33.2,0,0
2023-05-19,TON80,Ton Balığı Konservesi 80g,451.0,32.51,0,1
2023-05-20,TON80,Ton Balığı Konservesi 80g,603.0,32.83,0,0
2023-05-21,TON80,Ton Balığı Konservesi 80g,701.0,32.37,0,0
2023-05-22,TON80,Ton Balığı Konservesi 80g,795.0,32.73,0,0
2023-05-23,TON80,Ton Balığı Konservesi 80g,851.0,33.27,0,0
2023-05-24,TON80,Ton Balığı Konservesi 80g,976.0,33.9,0,0
2023-05-25,TON80,Ton Balığı Konservesi 80g,991.0,32.39,0,0
2023-05-26,TON80,Ton Balığı Konservesi 80g,960.0,32.74,0,0
2023-05-27,TON80,Ton Balığı Konservesi 80g,599.0,33.02,0,0
2023-05-28,TON80,Ton Balığı Konservesi 80g,695.0,32.29,0,0
2023-05-29,TON80,Ton Balığı Konservesi 80g,870.0,32.5,0,0
2023-05-30,TON80,Ton Balığı Konservesi 80g,929.0,32.11,0,0
2023-05-31,TON80,Ton Balığı Konservesi 80g,822.0,34.09,0,0
2023-06-01,TON80,Ton Balığı Konservesi 80g,1358.75,32.77,1,0
2023-06-02,TON80,Ton Balığı Konservesi 80g,1257.0,32.71,0,0
2023-06-03,TON80,Ton Balığı Konservesi 80g,896.0,32.07,0,0
2023-06-04,TON80,Ton Balığı Konservesi 80g,935.0,32.65,0,0
2023-06-05,TON80,Ton Balığı Konservesi 80g,1358.75,33.57,0,0
2023-06-06,TON80,Ton Balığı Konservesi 80g,1245.0,33.18,0,0
2023-06-07,TON80,Ton Balığı Konservesi 80g,1179.0,32.93,0,0
2023-06-08,TON80,Ton Balığı Konservesi 80g,1185.0,33.04,0,0
2023-06-09,TON80,Ton Balığı Konservesi 80g,1341.0,32.93,0,0
2023-06-10,TON80,Ton Balığı Konservesi 80g,946.0,32.17,0,0
2023-06-11,TON80,Ton Balığı Konservesi 80g,859.0,33.71,0,0
2023-06-12,TON80,Ton Balığı Konservesi 80g,1155.0,31.46,0,0
2023-06-13,TON80,Ton Balığı Konservesi 80g,1211.0,33.71,0,0
2023-06-14,TON80,Ton Balığı Konservesi 80g,1165.0,32.21,0,0
2023-06-15,TON80,Ton Balığı Konservesi 80g,1267.0,33.43,0,0
2023-06-16,TON80,Ton Balığı Konservesi 80g,1178.0,32.73,0,0
2023-06-17,TON80,Ton Balığı Konservesi 80g,803.0,32.64,0,0
2023-06-18,TON80,Ton Balığı Konservesi 80g,845.0,33.97,0,0
2023-06-19,TON80,Ton Balığı Konservesi 80g,1358.75,33.72,0,0
2023-06-20,TON80,Ton Balığı Konservesi 80g,1172.0,33.58,0,0
2023-06-21,TON80,Ton Balığı Konservesi 80g,1211.0,33.2,0,0
2023-06-22,TON80,Ton Balığı Konservesi 80g,1245.0,32.35,0,0
2023-06-23,TON80,Ton Balığı Konservesi 80g,1329.0,32.18,0,0
2023-06-24,TON80,Ton Balığı Konservesi 80g,881.0,32.66,0,0
2023-06-25,TON80,Ton Balığı Konservesi 80g,849.0,33.16,0,0
2023-06-26,TON80,Ton Balığı Konservesi 80g,1168.0,33.37,0,0
2023-06-27,TON80,Ton Balığı Konservesi 80g,1083.0,33.56,0,0
2023-06-28,TON80,Ton Balığı Konservesi 80g,561.0,33.08,0,1
2023-06-29,TON80,Ton Balığı Konservesi 80g,494.0,32.35,0,1
2023-06-30,TON80,Ton Balığı Konservesi 80g,428.75,33.36,1,1
2023-07-01,TON80,Ton Balığı Konservesi 80g,428.75,33.26,0,1
2023-07-02,TON80,Ton Balığı Konservesi 80g,944.0,33.45,0,0
2023-07-03,TON80,Ton Balığı Konservesi 80g,1191.0,33.32,0,0
2023-07-04,TON80,Ton Balığı Konservesi 80g,1358.75,33.5,0,0
2023-07-05,TON80,Ton Balığı Konservesi 80g,1119.0,32.98,0,0
2023-07-06,TON80,Ton Balığı Konservesi 80g,1202.0,33.8,0,0
2023-07-07,TON80,Ton Balığı Konservesi 80g,1296.0,31.64,0,0
2023-07-08,TON80,Ton Balığı Konservesi 80g,861.0,32.74,0,0
2023-07-09,TON80,Ton Balığı Konservesi 80g,1016.5,33.32,0,0
2023-07-10,TON80,Ton Balığı Konservesi 80g,1172.0,33.58,0,0
2023-07-11,TON80,Ton Balığı Konservesi 80g,1189.0,33.46,0,0
2023-07-12,TON80,Ton Balığı Konservesi 80g,1358.75,33.62,1,0
2023-07-13,TON80,Ton Balığı Konservesi 80g,1358.75,32.52,1,0
2023-07-14,TON80,Ton Balığı Konservesi 80g,1293.0,32.79,0,0
2023-07-15,TON80,Ton Balığı Konservesi 80g,995.0,33.4,0,0
2023-07-16,TON80,Ton Balığı Konservesi 80g,843.0,33.02,0,0
2023-07-17,TON80,Ton Balığı Konservesi 80g,1185.0,33.16,0,0
2023-07-18,TON80,Ton Balığı Konservesi 80g,1057.0,33.71,0,0
2023-07-19,TON80,Ton Balığı Konservesi 80g,1110.0,32.49,0,0
2023-07-20,TON80,Ton Balığı Konservesi 80g,1358.75,33.83,0,0
2023-07-21,TON80,Ton Balığı Konservesi 80g,1358.75,33.14,1,0
2023-07-22,TON80,Ton Balığı Konservesi 80g,948.0,33.27,0,0
2023-07-23,TON80,Ton Balığı Konservesi 80g,1193.0,32.61,1,0
2023-07-24,TON80,Ton Balığı Konservesi 80g,1263.0,33.89,0,0
2023-07-25,TON80,Ton Balığı Konservesi 80g,1312.0,33.37,0,0
2023-07-26,TON80,Ton Balığı Konservesi 80g,1280.0,31.46,0,0
2023-07-27,TON80,Ton Balığı Konservesi 80g,1036.0,32.83,0,0
2023-07-28,TON80,Ton Balığı Konservesi 80g,1348.0,33.61,0,0
2023-07-29,TON80,Ton Balığı Konservesi 80g,934.0,33.19,0,0
2023-07-30,TON80,Ton Balığı Konservesi 80g,1110.0,34.37,0,0
2023-07-31,TON80,Ton Balığı Konservesi 80g,1286.0,34.39,0,0
2023-08-01,TON80,Ton Balığı Konservesi 80g,1059.0,33.36,0,0
2023-08-02,TON80,Ton Balığı Konservesi 80g,1133.0,33.16,0,0
2023-08-03,TON80,Ton Balığı Konservesi 80g,1197.0,34.78,0,0
2023-08-04,TON80,Ton Balığı Konservesi 80g,1268.0,33.42,0,0
2023-08-05,TON80,Ton Balığı Konservesi 80g,985.0,33.38,0,0
2023-08-06,TON80,Ton Balığı Konservesi 80g,881.0,32.94,0,0
2023-08-07,TON80,Ton Balığı Konservesi 80g,1086.0,32.87,0,0
2023-08-08,TON80,Ton Balığı Konservesi 80g,1211.0,32.97,0,0
2023-08-09,TON80,Ton Balığı Konservesi 80g,1147.0,33.1,0,0
2023-08-10,TON80,Ton Balığı Konservesi 80g,1206.0,32.46,0,0
2023-08-11,TON80,Ton Balığı Konservesi 80g,1288.0,32.4,0,0
2023-08-12,TON80,Ton Balığı Konservesi 80g,766.0,33.47,0,0
2023-08-13,TON80,Ton Balığı Konservesi 80g,815.0,33.22,0,0
2023-08-14,TON80,Ton Balığı Konservesi 80g,1345.0,33.64,0,0
2023-08-15,TON80,Ton Balığı Konservesi 80g,1226.0,32.19,0,0
2023-08-16,TON80,Ton Balığı Konservesi 80g,1280.0,33.34,0,0
2023-08-17,TON80,Ton Balığı Konservesi 80g,1358.75,33.6,1,0
2023-08-18,TON80,Ton Balığı Konservesi 80g,1137.0,33.25,0,0
2023-08-19,TON80,Ton Balığı Konservesi 80g,869.0,34.2,0,0
2023-08-20,TON80,Ton Balığı Konservesi 80g,863.0,34.76,0,0
2023-08-21,TON80,Ton Balığı Konservesi 80g,1068.0,33.02,0,0
2023-08-22,TON80,Ton Balığı Konservesi 80g,1061.0,32.3,0,0
2023-08-23,TON80,Ton Balığı Konservesi 80g,1264.0,33.69,0,0
2023-08-24,TON80,Ton Balığı Konservesi 80g,1302.0,32.46,0,0
2023-08-25,TON80,Ton Balığı Konservesi 80g,1229.0,33.21,0,0
2023-08-26,TON80,Ton Balığı Konservesi 80g,930.0,34.62,0,0
2023-08-27,TON80,Ton Balığı Konservesi 80g,806.0,33.37,0,0
2023-08-28,TON80,Ton Balığı Konservesi 80g,1145.0,32.12,0,0
2023-08-29,TON80,Ton Balığı Konservesi 80g,1119.0,33.43,0,0
2023-08-30,TON80,Ton Balığı Konservesi 80g,489.0,33.49,0,1
2023-08-31,TON80,Ton Balığı Konservesi 80g,1152.0,33.44,0,0
2023-09-01,TON80,Ton Balığı Konservesi 80g,933.5,33.71,0,0
2023-09-02,TON80,Ton Balığı Konservesi 80g,715.0,32.87,0,0
2023-09-03,TON80,Ton Balığı Konservesi 80g,644.0,33.55,0,0
2023-09-04,TON80,Ton Balığı Konservesi 80g,917.0,34.1,0,0
2023-09-05,TON80,Ton Balığı Konservesi 80g,921.0,34.27,0,0
2023-09-06,TON80,Ton Balığı Konservesi 80g,926.0,33.23,0,0
2023-09-07,TON80,Ton Balığı Konservesi 80g,908.0,32.88,0,0
2023-09-08,TON80,Ton Balığı Konservesi 80g,885.0,33.64,0,0
2023-09-09,TON80,Ton Balığı Konservesi 80g,546.0,33.58,0,0
2023-09-10,TON80,Ton Balığı Konservesi 80g,1358.75,33.31,0,0
2023-09-11,TON80,Ton Balığı Konservesi 80g,826.0,33.8,0,0
2023-09-12,TON80,Ton Balığı Konservesi 80g,838.0,34.55,0,0
2023-09-13,TON80,Ton Balığı Konservesi 80g,931.0,34.36,0,0
2023-09-14,TON80,Ton Balığı Konservesi 80g,1028.0,33.28,0,0
2023-09-15,TON80,Ton Balığı Konservesi 80g,966.0,32.92,0,0
2023-09-16,TON80,Ton Balığı Konservesi 80g,608.0,34.41,0,0
2023-09-17,TON80,Ton Balığı Konservesi 80g,630.0,34.68,0,0
2023-09-18,TON80,Ton Balığı Konservesi 80g,1358.75,33.95,0,0
2023-09-19,TON80,Ton Balığı Konservesi 80g,959.0,33.67,0,0
2023-09-20,TON80,Ton Balığı Konservesi 80g,774.0,34.31,0,0
2023-09-21,TON80,Ton Balığı Konservesi 80g,780.0,34.66,0,0
2023-09-22,TON80,Ton Balığı Konservesi 80g,981.0,34.49,0,0
2023-09-23,TON80,Ton Balığı Konservesi 80g,622.0,33.06,0,0
2023-09-24,TON80,Ton Balığı Konservesi 80g,853.0,33.06,1,0
2023-09-25,TON80,Ton Balığı Konservesi 80g,956.0,33.61,0,0
2023-09-26,TON80,Ton Balığı Konservesi 80g,1001.0,34.71,0,0
2023-09-27,TON80,Ton Balığı Konservesi 80g,885.0,33.46,0,0
2023-09-28,TON80,Ton Balığı Konservesi 80g,842.0,32.71,0,0
2023-09-29,TON80,Ton Balığı Konservesi 80g,1358.75,34.51,1,0
2023-09-30,TON80,Ton Balığı Konservesi 80g,613.0,33.03,0,0
2023-10-01,TON80,Ton Balığı Konservesi 80g,657.0,33.86,0,0
2023-10-02,TON80,Ton Balığı Konservesi 80g,931.0,33.33,0,0
2023-10-03,TON80,Ton Balığı Konservesi 80g,899.0,33.57,0,0
2023-10-04,TON80,Ton Balığı Konservesi 80g,901.0,34.27,0,0
2023-10-05,TON80,Ton Balığı Konservesi 80g,892.0,33.61,0,0
2023-10-06,TON80,Ton Balığı Konservesi 80g,874.0,33.86,0,0
2023-10-07,TON80,Ton Balığı Konservesi 80g,725.0,33.75,0,0
2023-10-08,TON80,Ton Balığı Konservesi 80g,628.0,34.32,0,0
2023-10-09,TON80,Ton Balığı Konservesi 80g,876.0,34.42,0,0
2023-10-10,TON80,Ton Balığı Konservesi 80g,927.0,34.75,0,0
2023-10-11,TON80,Ton Balığı Konservesi 80g,933.0,33.89,0,0
2023-10-12,TON80,Ton Balığı Konservesi 80g,819.0,32.91,0,0
2023-10-13,TON80,Ton Balığı Konservesi 80g,911.0,33.17,0,0
2023-10-14,TON80,Ton Balığı Konservesi 80g,758.0,35.17,0,0
2023-10-15,TON80,Ton Balığı Konservesi 80g,669.0,34.44,0,0
2023-10-16,TON80,Ton Balığı Konservesi 80g,861.0,32.79,0,0
2023-10-17,TON80,Ton Balığı Konservesi 80g,856.0,33.48,0,0
2023-10-18,TON80,Ton Balığı Konservesi 80g,867.0,33.92,0,0
2023-10-19,TON80,Ton Balığı Konservesi 80g,954.0,32.69,0,0
2023-10-20,TON80,Ton Balığı Konservesi 80g,918.0,33.32,0,0
2023-10-21,TON80,Ton Balığı Konservesi 80g,596.0,35.47,0,0
2023-10-22,TON80,Ton Balığı Konservesi 80g,629.0,32.34,0,0
2023-10-23,TON80,Ton Balığı Konservesi 80g,1042.0,34.83,0,0
2023-10-24,TON80,Ton Balığı Konservesi 80g,1358.75,33.25,0,0
2023-10-25,TON80,Ton Balığı Konservesi 80g,893.0,33.78,0,0
2023-10-26,TON80,Ton Balığı Konservesi 80g,792.0,35.91,0,0
2023-10-27,TON80,Ton Balığı Konservesi 80g,934.0,34.29,0,0
2023-10-28,TON80,Ton Balığı Konservesi 80g,648.0,34.86,0,0
2023-10-29,TON80,Ton Balığı Konservesi 80g,428.75,34.34,1,1
2023-10-30,TON80,Ton Balığı Konservesi 80g,876.0,34.32,0,0
2023-10-31,TON80,Ton Balığı Konservesi 80g,874.0,34.57,0,0
2023-11-01,TON80,Ton Balığı Konservesi 80g,899.0,34.42,0,0
2023-11-02,TON80,Ton Balığı Konservesi 80g,897.0,34.94,0,0
2023-11-03,TON80,Ton Balığı Konservesi 80g,992.0,32.96,0,0
2023-11-04,TON80,Ton Balığı Konservesi 80g,610.0,33.57,0,0
2023-11-05,TON80,Ton Balığı Konservesi 80g,714.0,33.79,0,0
2023-11-06,TON80,Ton Balığı Konservesi 80g,1127.0,32.74,0,0
2023-11-07,TON80,Ton Balığı Konservesi 80g,1238.0,34.94,1,0
2023-11-08,TON80,Ton Balığı Konservesi 80g,921.0,34.19,0,0
2023-11-09,TON80,Ton Balığı Konservesi 80g,947.0,34.59,0,0
2023-11-10,TON80,Ton Balığı Konservesi 80g,1225.0,34.62,1,0
2023-11-11,TON80,Ton Balığı Konservesi 80g,636.0,34.12,0,0
2023-11-12,TON80,Ton Balığı Konservesi 80g,702.0,34.13,0,0
2023-11-13,TON80,Ton Balığı Konservesi 80g,689.0,34.68,0,0
2023-11-14,TON80,Ton Balığı Konservesi 80g,915.0,34.73,0,0
2023-11-15,TON80,Ton Balığı Konservesi 80g,873.0,34.27,0,0
2023-11-16,TON80,Ton Balığı Konservesi 80g,969.0,35.07,0,0
2023-11-17,TON80,Ton Balığı Konservesi 80g,930.0,33.78,0,0
2023-11-18,TON80,Ton Balığı Konservesi 80g,572.0,33.65,0,0
2023-11-19,TON80,Ton Balığı Konservesi 80g,688.0,33.89,0,0
2023-11-20,TON80,Ton Balığı Konservesi 80g,938.0,34.99,0,0
2023-11-21,TON80,Ton Balığı Konservesi 80g,938.0,34.84,0,0
2023-11-22,TON80,Ton Balığı Konservesi 80g,932.0,33.91,0,0
2023-11-23,TON80,Ton Balığı Konservesi 80g,955.0,34.91,0,0
2023-11-24,TON80,Ton Balığı Konservesi 80g,952.0,35.19,0,0
2023-11-25,TON80,Ton Balığı Konservesi 80g,699.0,34.62,0,0
2023-11-26,TON80,Ton Balığı Konservesi 80g,598.0,34.37,0,0
2023-11-27,TON80,Ton Balığı Konservesi 80g,847.0,34.29,0,0
2023-11-28,TON80,Ton Balığı Konservesi 80g,891.0,33.94,0,0
2023-11-29,TON80,Ton Balığı Konservesi 80g,879.0,33.87,0,0
2023-11-30,TON80,Ton Balığı Konservesi 80g,916.0,33.12,0,0
2023-12-01,TON80,Ton Balığı Konservesi 80g,842.0,34.44,0,0
2023-12-02,TON80,Ton Balığı Konservesi 80g,692.0,34.9,0,0
2023-12-03,TON80,Ton Balığı Konservesi 80g,816.0,33.35,1,0
2023-12-04,TON80,Ton Balığı Konservesi 80g,833.0,33.93,0,0
2023-12-05,TON80,Ton Balığı Konservesi 80g,887.0,35.04,0,0
2023-12-06,TON80,Ton Balığı Konservesi 80g,757.0,34.3,0,0
2023-12-07,TON80,Ton Balığı Konservesi 80g,839.0,34.93,0,0
2023-12-08,TON80,Ton Balığı Konservesi 80g,921.0,34.54,0,0
2023-12-09,TON80,Ton Balığı Konservesi 80g,576.0,35.45,0,0
2023-12-10,TON80,Ton Balığı Konservesi 80g,653.0,32.43,0,0
2023-12-11,TON80,Ton Balığı Konservesi 80g,991.0,35.77,0,0
2023-12-12,TON80,Ton Balığı Konservesi 80g,866.0,34.68,0,0
2023-12-13,TON80,Ton Balığı Konservesi 80g,831.0,35.1,0,0
2023-12-14,TON80,Ton Balığı Konservesi 80g,938.0,34.88,0,0
2023-12-15,TON80,Ton Balığı Konservesi 80g,1100.0,35.3,0,0
2023-12-16,TON80,Ton Balığı Konservesi 80g,834.0,34.84,1,0
2023-12-17,TON80,Ton Balığı Konservesi 80g,553.0,34.56,0,0
2023-12-18,TON80,Ton Balığı Konservesi 80g,872.0,34.11,0,0
2023-12-19,TON80,Ton Balığı Konservesi 80g,1232.0,34.24,1,0
2023-12-20,TON80,Ton Balığı Konservesi 80g,982.0,34.04,0,0
2023-12-21,TON80,Ton Balığı Konservesi 80g,901.0,34.62,0,0
2023-12-22,TON80,Ton Balığı Konservesi 80g,913.0,34.4,0,0
2023-12-23,TON80,Ton Balığı Konservesi 80g,428.75,35.21,0,0
2023-12-24,TON80,Ton Balığı Konservesi 80g,628.0,34.19,0,0
2023-12-25,TON80,Ton Balığı Konservesi 80g,842.0,33.72,0,0
2023-12-26,TON80,Ton Balığı Konservesi 80g,964.0,34.33,0,0
2023-12-27,TON80,Ton Balığı Konservesi 80g,915.0,34.86,0,0
2023-12-28,TON80,Ton Balığı Konservesi 80g,891.0,35.27,0,0
2023-12-29,TON80,Ton Balığı Konservesi 80g,894.0,34.96,0,0
2023-12-30,TON80,Ton Balığı Konservesi 80g,614.0,34.89,0,0
2023-12-31,TON80,Ton Balığı Konservesi 80g,637.0,33.02,0,0
2024-01-01,TON80,Ton Balığı Konservesi 80g,428.75,35.71,0,1
2024-01-02,TON80,Ton Balığı Konservesi 80g,991.0,35.4,0,0
2024-01-03,TON80,Ton Balığı Konservesi 80g,916.0,34.8,0,0
2024-01-04,TON80,Ton Balığı Konservesi 80g,879.0,34.32,0,0
2024-01-05,TON80,Ton Balığı Konservesi 80g,988.0,35.18,0,0
2024-01-06,TON80,Ton Balığı Konservesi 80g,621.0,34.67,0,0
2024-01-07,TON80,Ton Balığı Konservesi 80g,675.0,34.78,0,0
2024-01-08,TON80,Ton Balığı Konservesi 80g,993.0,33.78,1,0
2024-01-09,TON80,Ton Balığı Konservesi 80g,813.0,34.41,0,0
2024-01-10,TON80,Ton Balığı Konservesi 80g,891.0,34.45,0,0
2024-01-11,TON80,Ton Balığı Konservesi 80g,1006.0,34.5,0,0
2024-01-12,TON80,Ton Balığı Konservesi 80g,923.0,35.05,0,0
2024-01-13,TON80,Ton Balığı Konservesi 80g,585.0,35.26,0,0
2024-01-14,TON80,Ton Balığı Konservesi 80g,640.0,35.56,0,0
2024-01-15,TON80,Ton Balığı Konservesi 80g,824.0,35.32,0,0
2024-01-16,TON80,Ton Balığı Konservesi 80g,830.5,33.77,0,0
2024-01-17,TON80,Ton Balığı Konservesi 80g,837.0,35.13,0,0
2024-01-18,TON80,Ton Balığı Konservesi 80g,983.0,34.27,0,0
2024-01-19,TON80,Ton Balığı Konservesi 80g,1020.0,34.06,0,0
2024-01-20,TON80,Ton Balığı Konservesi 80g,677.0,34.27,0,0
2024-01-21,TON80,Ton Balığı Konservesi 80g,675.0,34.67,0,0
2024-01-22,TON80,Ton Balığı Konservesi 80g,890.0,34.53,0,0
2024-01-23,TON80,Ton Balığı Konservesi 80g,829.0,34.95,0,0
2024-01-24,TON80,Ton Balığı Konservesi 80g,865.0,35.45,0,0
2024-01-25,TON80,Ton Balığı Konservesi 80g,830.0,34.78,0,0
2024-01-26,TON80,Ton Balığı Konservesi 80g,888.0,33.16,0,0
2024-01-27,TON80,Ton Balığı Konservesi 80g,685.0,36.65,0,0
2024-01-28,TON80,Ton Balığı Konservesi 80g,631.0,34.96,0,0
2024-01-29,TON80,Ton Balığı Konservesi 80g,941.0,34.99,0,0
2024-01-30,TON80,Ton Balığı Konservesi 80g,982.0,34.16,0,0
2024-01-31,TON80,Ton Balığı Konservesi 80g,954.0,35.5,0,0
2024-02-01,TON80,Ton Balığı Konservesi 80g,1219.0,35.31,1,0
2024-02-02,TON80,Ton Balığı Konservesi 80g,945.0,35.49,0,0
2024-02-03,TON80,Ton Balığı Konservesi 80g,615.0,34.78,0,0
2024-02-04,TON80,Ton Balığı Konservesi 80g,724.0,35.1,0,0
2024-02-05,TON80,Ton Balığı Konservesi 80g,796.0,34.17,0,0
2024-02-06,TON80,Ton Balığı Konservesi 80g,906.0,35.17,0,0
2024-02-07,TON80,Ton Balığı Konservesi 80g,919.0,35.18,0,0
2024-02-08,TON80,Ton Balığı Konservesi 80g,1009.0,34.57,0,0
2024-02-09,TON80,Ton Balığı Konservesi 80g,842.0,33.96,0,0
2024-02-10,TON80,Ton Balığı Konservesi 80g,560.0,35.02,0,0
2024-02-11,TON80,Ton Balığı Konservesi 80g,730.0,34.97,0,0
2024-02-12,TON80,Ton Balığı Konservesi 80g,919.0,35.12,0,0
2024-02-13,TON80,Ton Balığı Konservesi 80g,857.0,34.23,0,0
2024-02-14,TON80,Ton Balığı Konservesi 80g,879.0,34.86,0,0
2024-02-15,TON80,Ton Balığı Konservesi 80g,942.0,36.03,0,0
2024-02-16,TON80,Ton Balığı Konservesi 80g,920.0,34.36,0,0
2024-02-17,TON80,Ton Balığı Konservesi 80g,703.0,35.5,0,0
2024-02-18,TON80,Ton Balığı Konservesi 80g,592.0,36.27,0,0
2024-02-19,TON80,Ton Balığı Konservesi 80g,811.0,34.6,0,0
2024-02-20,TON80,Ton Balığı Konservesi 80g,936.0,35.02,0,0
2024-02-21,TON80,Ton Balığı Konservesi 80g,897.0,35.88,0,0
2024-02-22,TON80,Ton Balığı Konservesi 80g,913.0,34.97,0,0
2024-02-23,TON80,Ton Balığı Konservesi 80g,1053.0,34.62,0,0
2024-02-24,TON80,Ton Balığı Konservesi 80g,654.0,34.08,0,0
2024-02-25,TON80,Ton Balığı Konservesi 80g,645.0,36.65,0,0
2024-02-26,TON80,Ton Balığı Konservesi 80g,876.0,35.1,0,0
2024-02-27,TON80,Ton Balığı Konservesi 80g,1001.0,35.12,0,0
2024-02-28,TON80,Ton Balığı Konservesi 80g,1013.0,33.69,0,0
2024-02-29,TON80,Ton Balığı Konservesi 80g,883.0,34.26,0,0
2024-03-01,TON80,Ton Balığı Konservesi 80g,945.0,34.97,0,0
2024-03-02,TON80,Ton Balığı Konservesi 80g,668.0,34.15,0,0
2024-03-03,TON80,Ton Balığı Konservesi 80g,574.0,36.72,0,0
2024-03-04,TON80,Ton Balığı Konservesi 80g,428.75,35.43,0,0
2024-03-05,TON80,Ton Balığı Konservesi 80g,904.0,35.61,0,0
2024-03-06,TON80,Ton Balığı Konservesi 80g,937.0,34.87,0,0
2024-03-07,TON80,Ton Balığı Konservesi 80g,873.0,36.6,0,0
2024-03-08,TON80,Ton Balığı Konservesi 80g,809.0,35.85,0,0
2024-03-09,TON80,Ton Balığı Konservesi 80g,903.0,34.67,1,0
2024-03-10,TON80,Ton Balığı Konservesi 80g,663.0,36.4,0,0
2024-03-11,TON80,Ton Balığı Konservesi 80g,902.0,35.14,0,0
2024-03-12,TON80,Ton Balığı Konservesi 80g,946.0,34.49,0,0
2024-03-13,TON80,Ton Balığı Konservesi 80g,870.0,36.01,0,0
2024-03-14,TON80,Ton Balığı Konservesi 80g,922.0,35.06,0,0
2024-03-15,TON80,Ton Balığı Konservesi 80g,898.0,35.09,0,0
2024-03-16,TON80,Ton Balığı Konservesi 80g,632.0,36.9,0,0
2024-03-17,TON80,Ton Balığı Konservesi 80g,611.0,35.17,0,0
2024-03-18,TON80,Ton Balığı Konservesi 80g,889.0,35.96,0,0
2024-03-19,TON80,Ton Balığı Konservesi 80g,998.0,34.98,0,0
2024-03-20,TON80,Ton Balığı Konservesi 80g,859.0,36.45,0,0
2024-03-21,TON80,Ton Balığı Konservesi 80g,975.0,34.13,0,0
2024-03-22,TON80,Ton Balığı Konservesi 80g,960.0,34.98,0,0
2024-03-23,TON80,Ton Balığı Konservesi 80g,691.0,34.08,0,0
2024-03-24,TON80,Ton Balığı Konservesi 80g,682.0,34.62,0,0
2024-03-25,TON80,Ton Balığı Konservesi 80g,834.0,35.5,0,0
2024-03-26,TON80,Ton Balığı Konservesi 80g,952.0,35.21,0,0
2024-03-27,TON80,Ton Balığı Konservesi 80g,945.0,35.59,0,0
2024-03-28,TON80,Ton Balığı Konservesi 80g,790.0,36.92,0,0
2024-03-29,TON80,Ton Balığı Konservesi 80g,910.0,36.68,0,0
2024-03-30,TON80,Ton Balığı Konservesi 80g,576.0,34.9,0,0
2024-03-31,TON80,Ton Balığı Konservesi 80g,831.0,35.41,0,0
2024-04-01,TON80,Ton Balığı Konservesi 80g,1214.0,35.47,0,0
2024-04-02,TON80,Ton Balığı Konservesi 80g,1082.0,34.53,0,0
2024-04-03,TON80,Ton Balığı Konservesi 80g,1115.0,34.69,0,0
2024-04-04,TON80,Ton Balığı Konservesi 80g,428.75,36.22,0,0
2024-04-05,TON80,Ton Balığı Konservesi 80g,1100.0,33.74,0,0
2024-04-06,TON80,Ton Balığı Konservesi 80g,799.0,35.91,0,0
2024-04-07,TON80,Ton Balığı Konservesi 80g,707.0,36.49,0,0
2024-04-08,TON80,Ton Balığı Konservesi 80g,1187.0,36.11,0,0
2024-04-09,TON80,Ton Balığı Konservesi 80g,1111.0,34.36,0,0
2024-04-10,TON80,Ton Balığı Konservesi 80g,430.0,35.28,0,1
2024-04-11,TON80,Ton Balığı Konservesi 80g,428.75,35.9,0,1
2024-04-12,TON80,Ton Balığı Konservesi 80g,428.75,35.18,0,1
2024-04-13,TON80,Ton Balığı Konservesi 80g,428.75,34.89,1,1
2024-04-14,TON80,Ton Balığı Konservesi 80g,586.0,36.16,0,0
2024-04-15,TON80,Ton Balığı Konservesi 80g,936.0,36.16,0,0
2024-04-16,TON80,Ton Balığı Konservesi 80g,854.0,34.46,0,0
2024-04-17,TON80,Ton Balığı Konservesi 80g,832.0,36.56,0,0
2024-04-18,TON80,Ton Balığı Konservesi 80g,936.0,35.38,0,0
2024-04-19,TON80,Ton Balığı Konservesi 80g,885.0,36.28,0,0
2024-04-20,TON80,Ton Balığı Konservesi 80g,790.0,35.31,0,0
2024-04-21,TON80,Ton Balığı Konservesi 80g,695.0,36.98,0,0
2024-04-22,TON80,Ton Balığı Konservesi 80g,844.0,35.81,0,0
2024-04-23,TON80,Ton Balığı Konservesi 80g,508.0,35.17,1,1
2024-04-24,TON80,Ton Balığı Konservesi 80g,1004.0,36.07,0,0
2024-04-25,TON80,Ton Balığı Konservesi 80g,794.0,36.24,0,0
2024-04-26,TON80,Ton Balığı Konservesi 80g,831.0,36.54,0,0
2024-04-27,TON80,Ton Balığı Konservesi 80g,888.0,35.52,1,0
2024-04-28,TON80,Ton Balığı Konservesi 80g,805.0,37.24,0,0
2024-04-29,TON80,Ton Balığı Konservesi 80g,1201.0,36.25,1,0
2024-04-30,TON80,Ton Balığı Konservesi 80g,807.0,36.21,0,0
2024-05-01,TON80,Ton Balığı Konservesi 80g,428.75,35.6,0,1
2024-05-02,TON80,Ton Balığı Konservesi 80g,939.0,36.01,0,0
2024-05-03,TON80,Ton Balığı Konservesi 80g,933.0,36.33,0,0
2024-05-04,TON80,Ton Balığı Konservesi 80g,613.0,36.46,0,0
2024-05-05,TON80,Ton Balığı Konservesi 80g,588.0,35.47,0,0
2024-05-06,TON80,Ton Balığı Konservesi 80g,959.0,36.2,0,0
2024-05-07,TON80,Ton Balığı Konservesi 80g,1024.0,36.22,0,0
2024-05-08,TON80,Ton Balığı Konservesi 80g,951.0,35.89,0,0
2024-05-09,TON80,Ton Balığı Konservesi 80g,875.0,35.12,0,0
2024-05-10,TON80,Ton Balığı Konservesi 80g,964.0,36.42,0,0
2024-05-11,TON80,Ton Balığı Konservesi 80g,641.0,35.71,0,0
2024-05-12,TON80,Ton Balığı Konservesi 80g,627.0,34.84,0,0
2024-05-13,TON80,Ton Balığı Konservesi 80g,945.0,36.58,0,0
2024-05-14,TON80,Ton Balığı Konservesi 80g,907.0,36.31,0,0
2024-05-15,TON80,Ton Balığı Konservesi 80g,855.0,35.97,0,0
2024-05-16,TON80,Ton Balığı Konservesi 80g,934.0,36.47,0,0
2024-05-17,TON80,Ton Balığı Konservesi 80g,865.0,36.34,0,0
2024-05-18,TON80,Ton Balığı Konservesi 80g,1358.75,34.44,0,0
2024-05-19,TON80,Ton Balığı Konservesi 80g,428.75,35.65,0,1
2024-05-20,TON80,Ton Balığı Konservesi 80g,875.0,36.51,0,0
2024-05-21,TON80,Ton Balığı Konservesi 80g,948.0,36.78,0,0
2024-05-22,TON80,Ton Balığı Konservesi 80g,804.0,36.52,0,0
2024-05-23,TON80,Ton Balığı Konservesi 80g,1245.0,36.91,1,0
2024-05-24,TON80,Ton Balığı Konservesi 80g,914.0,35.78,0,0
2024-05-25,TON80,Ton Balığı Konservesi 80g,666.0,34.77,0,0
2024-05-26,TON80,Ton Balığı Konservesi 80g,575.0,35.32,0,0
2024-05-27,TON80,Ton Balığı Konservesi 80g,1358.75,34.97,0,0
2024-05-28,TON80,Ton Balığı Konservesi 80g,1014.0,35.63,0,0
2024-05-29,TON80,Ton Balığı Konservesi 80g,780.0,35.7,0,0
2024-05-30,TON80,Ton Balığı Konservesi 80g,993.0,35.29,0,0
2024-05-31,TON80,Ton Balığı Konservesi 80g,864.0,36.0,0,0
2024-06-01,TON80,Ton Balığı Konservesi 80g,906.0,36.23,0,0
2024-06-02,TON80,Ton Balığı Konservesi 80g,972.0,36.94,0,0
2024-06-03,TON80,Ton Balığı Konservesi 80g,1090.0,35.88,0,0
2024-06-04,TON80,Ton Balığı Konservesi 80g,1245.0,35.85,0,0
2024-06-05,TON80,Ton Balığı Konservesi 80g,1126.0,35.46,0,0
2024-06-06,TON80,Ton Balığı Konservesi 80g,1215.0,36.41,0,0
2024-06-07,TON80,Ton Balığı Konservesi 80g,1146.0,36.2,0,0
2024-06-08,TON80,Ton Balığı Konservesi 80g,807.0,36.02,0,0
2024-06-09,TON80,Ton Balığı Konservesi 80g,943.0,36.84,0,0
2024-06-10,TON80,Ton Balığı Konservesi 80g,1129.0,34.87,0,0
2024-06-11,TON80,Ton Balığı Konservesi 80g,1156.0,35.13,0,0
2024-06-12,TON80,Ton Balığı Konservesi 80g,1078.0,36.16,0,0
2024-06-13,TON80,Ton Balığı Konservesi 80g,1122.0,35.56,0,0
2024-06-14,TON80,Ton Balığı Konservesi 80g,1003.0,36.39,0,0
2024-06-15,TON80,Ton Balığı Konservesi 80g,884.0,35.72,0,0
2024-06-16,TON80,Ton Balığı Konservesi 80g,428.75,35.86,0,1
2024-06-17,TON80,Ton Balığı Konservesi 80g,540.0,37.48,0,1
2024-06-18,TON80,Ton Balığı Konservesi 80g,491.5,35.33,0,1
2024-06-19,TON80,Ton Balığı Konservesi 80g,443.0,36.87,0,1
2024-06-20,TON80,Ton Balığı Konservesi 80g,1358.75,36.89,0,0
2024-06-21,TON80,Ton Balığı Konservesi 80g,1130.0,35.49,0,0
2024-06-22,TON80,Ton Balığı Konservesi 80g,890.0,37.05,0,0
2024-06-23,TON80,Ton Balığı Konservesi 80g,895.0,36.72,0,0
2024-06-24,TON80,Ton Balığı Konservesi 80g,1090.0,36.61,0,0
2024-06-25,TON80,Ton Balığı Konservesi 80g,1334.0,37.1,0,0
2024-06-26,TON80,Ton Balığı Konservesi 80g,1216.0,36.18,0,0
2024-06-27,TON80,Ton Balığı Konservesi 80g,1270.0,35.25,0,0
2024-06-28,TON80,Ton Balığı Konservesi 80g,1214.0,36.78,0,0
2024-06-29,TON80,Ton Balığı Konservesi 80g,848.0,37.19,0,0
2024-06-30,TON80,Ton Balığı Konservesi 80g,800.0,36.8,0,0
2024-07-01,TON80,Ton Balığı Konservesi 80g,1203.0,36.38,0,0
2024-07-02,TON80,Ton Balığı Konservesi 80g,1184.0,36.57,0,0
2024-07-03,TON80,Ton Balığı Konservesi 80g,1301.0,36.32,0,0
2024-07-04,TON80,Ton Balığı Konservesi 80g,1063.0,36.1,0,0
2024-07-05,TON80,Ton Balığı Konservesi 80g,1355.0,37.71,0,0
2024-07-06,TON80,Ton Balığı Konservesi 80g,920.0,35.5,0,0
2024-07-07,TON80,Ton Balığı Konservesi 80g,890.0,36.08,0,0
2024-07-08,TON80,Ton Balığı Konservesi 80g,1197.0,36.67,0,0
2024-07-09,TON80,Ton Balığı Konservesi 80g,1153.0,35.9,0,0
2024-07-10,TON80,Ton Balığı Konservesi 80g,1139.0,35.81,0,0
2024-07-11,TON80,Ton Balığı Konservesi 80g,1150.0,36.44,0,0
2024-07-12,TON80,Ton Balığı Konservesi 80g,1358.75,36.99,0,0
2024-07-13,TON80,Ton Balığı Konservesi 80g,888.0,36.08,0,0
2024-07-14,TON80,Ton Balığı Konservesi 80g,904.0,36.88,0,0
2024-07-15,TON80,Ton Balığı Konservesi 80g,1293.0,36.58,0,0
2024-07-16,TON80,Ton Balığı Konservesi 80g,1099.0,36.89,0,0
2024-07-17,TON80,Ton Balığı Konservesi 80g,1307.0,37.18,0,0
2024-07-18,TON80,Ton Balığı Konservesi 80g,1224.0,35.99,0,0
2024-07-19,TON80,Ton Balığı Konservesi 80g,1200.0,37.06,0,0
2024-07-20,TON80,Ton Balığı Konservesi 80g,987.5,37.36,0,0
2024-07-21,TON80,Ton Balığı Konservesi 80g,775.0,36.0,0,0
2024-07-22,TON80,Ton Balığı Konservesi 80g,1291.0,36.81,0,0
2024-07-23,TON80,Ton Balığı Konservesi 80g,1358.75,36.43,0,0
2024-07-24,TON80,Ton Balığı Konservesi 80g,1288.0,35.63,0,0
2024-07-25,TON80,Ton Balığı Konservesi 80g,1358.75,36.17,0,0
2024-07-26,TON80,Ton Balığı Konservesi 80g,1146.0,38.09,0,0
2024-07-27,TON80,Ton Balığı Konservesi 80g,932.0,36.23,0,0
2024-07-28,TON80,Ton Balığı Konservesi 80g,1173.0,36.36,1,0
2024-07-29,TON80,Ton Balığı Konservesi 80g,1033.0,36.67,0,0
2024-07-30,TON80,Ton Balığı Konservesi 80g,1153.0,36.65,0,0
2024-07-31,TON80,Ton Balığı Konservesi 80g,1358.75,36.31,0,0
2024-08-01,TON80,Ton Balığı Konservesi 80g,1358.75,35.76,0,0
2024-08-02,TON80,Ton Balığı Konservesi 80g,1358.75,36.49,1,0
2024-08-03,TON80,Ton Balığı Konservesi 80g,896.0,37.28,0,0
2024-08-04,TON80,Ton Balığı Konservesi 80g,939.0,37.13,0,0
2024-08-05,TON80,Ton Balığı Konservesi 80g,1161.0,36.47,0,0
2024-08-06,TON80,Ton Balığı Konservesi 80g,1140.0,35.93,0,0
2024-08-07,TON80,Ton Balığı Konservesi 80g,1342.0,38.9,0,0
2024-08-08,TON80,Ton Balığı Konservesi 80g,1091.0,35.75,0,0
2024-08-09,TON80,Ton Balığı Konservesi 80g,1274.0,37.11,0,0
2024-08-10,TON80,Ton Balığı Konservesi 80g,854.0,37.17,0,0
2024-08-11,TON80,Ton Balığı Konservesi 80g,895.0,36.68,0,0
2024-08-12,TON80,Ton Balığı Konservesi 80g,1004.0,36.85,0,0
2024-08-13,TON80,Ton Balığı Konservesi 80g,428.75,36.62,0,0
2024-08-14,TON80,Ton Balığı Konservesi 80g,1358.75,36.93,0,0
2024-08-15,TON80,Ton Balığı Konservesi 80g,1190.0,37.08,0,0
2024-08-16,TON80,Ton Balığı Konservesi 80g,1268.0,37.5,0,0
2024-08-17,TON80,Ton Balığı Konservesi 80g,914.0,37.14,0,0
2024-08-18,TON80,Ton Balığı Konservesi 80g,793.0,38.35,0,0
2024-08-19,TON80,Ton Balığı Konservesi 80g,1130.0,37.2,0,0
2024-08-20,TON80,Ton Balığı Konservesi 80g,1131.0,37.27,0,0
2024-08-21,TON80,Ton Balığı Konservesi 80g,1192.0,36.56,0,0
2024-08-22,TON80,Ton Balığı Konservesi 80g,1311.0,37.59,0,0
2024-08-23,TON80,Ton Balığı Konservesi 80g,1226.0,35.96,0,0
2024-08-24,TON80,Ton Balığı Konservesi 80g,784.0,36.37,0,0
2024-08-25,TON80,Ton Balığı Konservesi 80g,851.0,36.74,0,0
2024-08-26,TON80,Ton Balığı Konservesi 80g,1263.0,38.7,0,0
2024-08-27,TON80,Ton Balığı Konservesi 80g,1166.0,35.9,0,0
2024-08-28,TON80,Ton Balığı Konservesi 80g,1358.75,37.68,0,0
2024-08-29,TON80,Ton Balığı Konservesi 80g,1358.75,35.77,1,0
2024-08-30,TON80,Ton Balığı Konservesi 80g,504.0,38.33,0,1
2024-08-31,TON80,Ton Balığı Konservesi 80g,909.0,36.32,0,0
2024-09-01,TON80,Ton Balığı Konservesi 80g,1358.75,35.02,0,0
2024-09-02,TON80,Ton Balığı Konservesi 80g,971.0,37.22,0,0
2024-09-03,TON80,Ton Balığı Konservesi 80g,947.0,36.23,0,0
2024-09-04,TON80,Ton Balığı Konservesi 80g,923.0,36.31,0,0
2024-09-05,TON80,Ton Balığı Konservesi 80g,875.0,36.34,0,0
2024-09-06,TON80,Ton Balığı Konservesi 80g,952.0,36.28,0,0
2024-09-07,TON80,Ton Balığı Konservesi 80g,634.0,37.66,0,0
2024-09-08,TON80,Ton Balığı Konservesi 80g,571.0,37.06,0,0
2024-09-09,TON80,Ton Balığı Konservesi 80g,901.0,36.82,0,0
2024-09-10,TON80,Ton Balığı Konservesi 80g,824.0,38.99,0,0
2024-09-11,TON80,Ton Balığı Konservesi 80g,977.0,38.14,0,0
2024-09-12,TON80,Ton Balığı Konservesi 80g,1032.0,37.28,0,0
2024-09-13,TON80,Ton Balığı Konservesi 80g,933.0,37.35,0,0
2024-09-14,TON80,Ton Balığı Konservesi 80g,709.0,37.05,0,0
2024-09-15,TON80,Ton Balığı Konservesi 80g,614.0,37.91,0,0
2024-09-16,TON80,Ton Balığı Konservesi 80g,890.0,36.13,0,0
2024-09-17,TON80,Ton Balığı Konservesi 80g,900.0,36.52,0,0
2024-09-18,TON80,Ton Balığı Konservesi 80g,872.0,38.04,0,0
2024-09-19,TON80,Ton Balığı Konservesi 80g,909.0,37.1,0,0
2024-09-20,TON80,Ton Balığı Konservesi 80g,742.0,37.77,0,0
2024-09-21,TON80,Ton Balığı Konservesi 80g,657.0,36.7,0,0
2024-09-22,TON80,Ton Balığı Konservesi 80g,621.0,38.05,0,0
2024-09-23,TON80,Ton Balığı Konservesi 80g,950.0,35.77,0,0
2024-09-24,TON80,Ton Balığı Konservesi 80g,819.0,36.71,0,0
2024-09-25,TON80,Ton Balığı Konservesi 80g,891.0,36.72,0,0
2024-09-26,TON80,Ton Balığı Konservesi 80g,745.0,36.75,0,0
2024-09-27,TON80,Ton Balığı Konservesi 80g,997.0,37.87,0,0
2024-09-28,TON80,Ton Balığı Konservesi 80g,587.0,37.7,0,0
2024-09-29,TON80,Ton Balığı Konservesi 80g,646.0,37.07,0,0
2024-09-30,TON80,Ton Balığı Konservesi 80g,953.0,37.68,0,0
2024-10-01,TON80,Ton Balığı Konservesi 80g,911.0,36.7,0,0
2024-10-02,TON80,Ton Balığı Konservesi 80g,1010.0,37.59,0,0
2024-10-03,TON80,Ton Balığı Konservesi 80g,962.0,37.79,0,0
2024-10-04,TON80,Ton Balığı Konservesi 80g,1358.75,37.33,1,0
2024-10-05,TON80,Ton Balığı Konservesi 80g,602.0,37.58,0,0
2024-10-06,TON80,Ton Balığı Konservesi 80g,682.0,38.33,0,0
2024-10-07,TON80,Ton Balığı Konservesi 80g,870.0,36.97,0,0
2024-10-08,TON80,Ton Balığı Konservesi 80g,938.0,37.53,0,0
2024-10-09,TON80,Ton Balığı Konservesi 80g,927.0,37.46,0,0
2024-10-10,TON80,Ton Balığı Konservesi 80g,982.0,38.59,0,0
2024-10-11,TON80,Ton Balığı Konservesi 80g,1314.0,37.48,1,0
2024-10-12,TON80,Ton Balığı Konservesi 80g,667.0,36.57,0,0
2024-10-13,TON80,Ton Balığı Konservesi 80g,762.5,38.7,0,0
2024-10-14,TON80,Ton Balığı Konservesi 80g,858.0,36.73,0,0
2024-10-15,TON80,Ton Balığı Konservesi 80g,848.0,36.56,0,0
2024-10-16,TON80,Ton Balığı Konservesi 80g,1084.0,37.1,1,0
2024-10-17,TON80,Ton Balığı Konservesi 80g,970.0,37.4,0,0
2024-10-18,TON80,Ton Balığı Konservesi 80g,835.0,36.72,0,0
2024-10-19,TON80,Ton Balığı Konservesi 80g,700.0,37.79,0,0
2024-10-20,TON80,Ton Balığı Konservesi 80g,691.0,36.92,0,0
2024-10-21,TON80,Ton Balığı Konservesi 80g,970.0,36.61,0,0
2024-10-22,TON80,Ton Balığı Konservesi 80g,945.0,37.56,0,0
2024-10-23,TON80,Ton Balığı Konservesi 80g,890.5,36.56,0,0
2024-10-24,TON80,Ton Balığı Konservesi 80g,836.0,37.9,0,0
2024-10-25,TON80,Ton Balığı Konservesi 80g,806.0,37.81,0,0
2024-10-26,TON80,Ton Balığı Konservesi 80g,583.0,38.11,0,0
2024-10-27,TON80,Ton Balığı Konservesi 80g,679.0,37.9,0,0
2024-10-28,TON80,Ton Balığı Konservesi 80g,947.0,36.97,0,0
2024-10-29,TON80,Ton Balığı Konservesi 80g,428.75,37.7,0,1
2024-10-30,TON80,Ton Balığı Konservesi 80g,763.0,36.75,0,0
2024-10-31,TON80,Ton Balığı Konservesi 80g,792.0,37.78,0,0
2024-11-01,TON80,Ton Balığı Konservesi 80g,886.0,37.6,0,0
2024-11-02,TON80,Ton Balığı Konservesi 80g,631.0,38.05,0,0
2024-11-03,TON80,Ton Balığı Konservesi 80g,684.0,37.3,0,0
2024-11-04,TON80,Ton Balığı Konservesi 80g,928.0,37.81,0,0
2024-11-05,TON80,Ton Balığı Konservesi 80g,794.0,37.92,0,0
2024-11-06,TON80,Ton Balığı Konservesi 80g,950.0,38.14,0,0
2024-11-07,TON80,Ton Balığı Konservesi 80g,888.0,36.82,0,0
2024-11-08,TON80,Ton Balığı Konservesi 80g,896.0,37.56,0,0
2024-11-09,TON80,Ton Balığı Konservesi 80g,721.0,37.85,0,0
2024-11-10,TON80,Ton Balığı Konservesi 80g,579.0,38.42,0,0
2024-11-11,TON80,Ton Balığı Konservesi 80g,1002.0,38.09,0,0
2024-11-12,TON80,Ton Balığı Konservesi 80g,984.0,37.92,0,0
2024-11-13,TON80,Ton Balığı Konservesi 80g,1322.0,39.15,1,0
2024-11-14,TON80,Ton Balığı Konservesi 80g,981.0,37.84,0,0
2024-11-15,TON80,Ton Balığı Konservesi 80g,907.0,37.77,0,0
2024-11-16,TON80,Ton Balığı Konservesi 80g,728.0,37.4,0,0
2024-11-17,TON80,Ton Balığı Konservesi 80g,726.0,37.06,0,0
2024-11-18,TON80,Ton Balığı Konservesi 80g,804.0,38.06,0,0
2024-11-19,TON80,Ton Balığı Konservesi 80g,753.0,37.97,0,0
2024-11-20,TON80,Ton Balığı Konservesi 80g,970.0,38.17,0,0
2024-11-21,TON80,Ton Balığı Konservesi 80g,914.0,37.27,0,0
2024-11-22,TON80,Ton Balığı Konservesi 80g,869.0,39.2,0,0
2024-11-23,TON80,Ton Balığı Konservesi 80g,723.0,36.93,0,0
2024-11-24,TON80,Ton Balığı Konservesi 80g,647.0,39.22,0,0
2024-11-25,TON80,Ton Balığı Konservesi 80g,1003.0,38.51,0,0
2024-11-26,TON80,Ton Balığı Konservesi 80g,870.0,37.2,0,0
2024-11-27,TON80,Ton Balığı Konservesi 80g,1028.0,38.7,0,0
2024-11-28,TON80,Ton Balığı Konservesi 80g,842.0,38.2,0,0
2024-11-29,TON80,Ton Balığı Konservesi 80g,867.0,39.29,0,0
2024-11-30,TON80,Ton Balığı Konservesi 80g,897.0,37.54,1,0
2024-12-01,TON80,Ton Balığı Konservesi 80g,691.0,38.98,0,0
2024-12-02,TON80,Ton Balığı Konservesi 80g,939.0,38.13,0,0
2024-12-03,TON80,Ton Balığı Konservesi 80g,946.0,37.86,0,0
2024-12-04,TON80,Ton Balığı Konservesi 80g,884.0,35.92,0,0
2024-12-05,TON80,Ton Balığı Konservesi 80g,822.0,38.02,0,0
2024-12-06,TON80,Ton Balığı Konservesi 80g,891.0,38.14,0,0
2024-12-07,TON80,Ton Balığı Konservesi 80g,728.0,39.19,0,0
2024-12-08,TON80,Ton Balığı Konservesi 80g,639.0,37.52,0,0
2024-12-09,TON80,Ton Balığı Konservesi 80g,873.0,37.82,0,0
2024-12-10,TON80,Ton Balığı Konservesi 80g,851.0,38.03,0,0
2024-12-11,TON80,Ton Balığı Konservesi 80g,951.0,37.04,0,0
2024-12-12,TON80,Ton Balığı Konservesi 80g,847.0,38.38,0,0
2024-12-13,TON80,Ton Balığı Konservesi 80g,860.0,38.59,0,0
2024-12-14,TON80,Ton Balığı Konservesi 80g,689.0,38.12,0,0
2024-12-15,TON80,Ton Balığı Konservesi 80g,670.0,37.91,0,0
2024-12-16,TON80,Ton Balığı Konservesi 80g,891.0,37.55,0,0
2024-12-17,TON80,Ton Balığı Konservesi 80g,852.0,37.79,0,0
2024-12-18,TON80,Ton Balığı Konservesi 80g,794.0,37.83,0,0
2024-12-19,TON80,Ton Balığı Konservesi 80g,885.0,37.6,0,0
2024-12-20,TON80,Ton Balığı Konservesi 80g,888.0,37.78,0,0
2024-12-21,TON80,Ton Balığı Konservesi 80g,672.0,37.94,0,0
2024-12-22,TON80,Ton Balığı Konservesi 80g,613.0,38.66,0,0
2024-12-23,TON80,Ton Balığı Konservesi 80g,830.0,37.09,0,0
2024-12-24,TON80,Ton Balığı Konservesi 80g,880.0,37.65,0,0
2024-12-25,TON80,Ton Balığı Konservesi 80g,812.0,37.44,0,0
2024-12-26,TON80,Ton Balığı Konservesi 80g,919.0,37.69,0,0
2024-12-27,TON80,Ton Balığı Konservesi 80g,865.0,38.5,0,0
2024-12-28,TON80,Ton Balığı Konservesi 80g,599.0,37.74,0,0
2024-12-29,TON80,Ton Balığı Konservesi 80g,603.0,38.04,0,0
2024-12-30,TON80,Ton Balığı Konservesi 80g,776.0,38.51,0,0
2024-12-31,TON80,Ton Balığı Konservesi 80g,928.0,37.81,0,0
2022-01-01,ZEYTY,Zeytinyağı 1L,123.0,203.94,0,1
2022-01-02,ZEYTY,Zeytinyağı 1L,231.0,209.98,0,0
2022-01-03,ZEYTY,Zeytinyağı 1L,318.0,218.02,0,0
2022-01-04,ZEYTY,Zeytinyağı 1L,290.0,212.72,0,0
2022-01-05,ZEYTY,Zeytinyağı 1L,302.0,213.51,0,0
2022-01-06,ZEYTY,Zeytinyağı 1L,312.0,210.65,0,0
2022-01-07,ZEYTY,Zeytinyağı 1L,282.0,214.76,0,0
2022-01-08,ZEYTY,Zeytinyağı 1L,221.0,200.87,0,0
2022-01-09,ZEYTY,Zeytinyağı 1L,228.0,212.53,0,0
2022-01-10,ZEYTY,Zeytinyağı 1L,326.0,215.81,0,0
2022-01-11,ZEYTY,Zeytinyağı 1L,256.0,208.31,0,0
2022-01-12,ZEYTY,Zeytinyağı 1L,341.0,209.76,0,0
2022-01-13,ZEYTY,Zeytinyağı 1L,316.0,209.18,0,0
2022-01-14,ZEYTY,Zeytinyağı 1L,289.0,212.67,0,0
2022-01-15,ZEYTY,Zeytinyağı 1L,255.0,213.6,0,0
2022-01-16,ZEYTY,Zeytinyağı 1L,205.0,210.31,0,0
2022-01-17,ZEYTY,Zeytinyağı 1L,259.0,210.82,0,0
2022-01-18,ZEYTY,Zeytinyağı 1L,327.0,212.6,0,0
2022-01-19,ZEYTY,Zeytinyağı 1L,310.0,218.32,0,0
2022-01-20,ZEYTY,Zeytinyağı 1L,293.0,213.04,0,0
2022-01-21,ZEYTY,Zeytinyağı 1L,277.0,209.87,0,0
2022-01-22,ZEYTY,Zeytinyağı 1L,245.5,210.63,0,0
2022-01-23,ZEYTY,Zeytinyağı 1L,214.0,212.78,0,0
2022-01-24,ZEYTY,Zeytinyağı 1L,307.0,211.94,0,0
2022-01-25,ZEYTY,Zeytinyağı 1L,317.0,210.25,0,0
2022-01-26,ZEYTY,Zeytinyağı 1L,334.0,211.9,0,0
2022-01-27,ZEYTY,Zeytinyağı 1L,306.0,211.28,0,0
2022-01-28,ZEYTY,Zeytinyağı 1L,297.0,211.1,0,0
2022-01-29,ZEYTY,Zeytinyağı 1L,262.0,210.41,0,0
2022-01-30,ZEYTY,Zeytinyağı 1L,220.0,208.13,0,0
2022-01-31,ZEYTY,Zeytinyağı 1L,467.0,210.43,0,0
2022-02-01,ZEYTY,Zeytinyağı 1L,322.0,210.73,0,0
2022-02-02,ZEYTY,Zeytinyağı 1L,341.0,204.95,0,0
2022-02-03,ZEYTY,Zeytinyağı 1L,284.0,214.96,0,0
2022-02-04,ZEYTY,Zeytinyağı 1L,291.0,202.71,0,0
2022-02-05,ZEYTY,Zeytinyağı 1L,272.0,211.39,0,0
2022-02-06,ZEYTY,Zeytinyağı 1L,193.0,214.79,0,0
2022-02-07,ZEYTY,Zeytinyağı 1L,424.0,209.62,1,0
2022-02-08,ZEYTY,Zeytinyağı 1L,282.0,213.7,0,0
2022-02-09,ZEYTY,Zeytinyağı 1L,297.0,212.12,0,0
2022-02-10,ZEYTY,Zeytinyağı 1L,322.0,208.06,0,0
2022-02-11,ZEYTY,Zeytinyağı 1L,454.0,216.12,1,0
2022-02-12,ZEYTY,Zeytinyağı 1L,216.0,215.35,0,0
2022-02-13,ZEYTY,Zeytinyağı 1L,231.0,216.01,0,0
2022-02-14,ZEYTY,Zeytinyağı 1L,405.0,213.61,1,0
2022-02-15,ZEYTY,Zeytinyağı 1L,317.0,210.99,0,0
2022-02-16,ZEYTY,Zeytinyağı 1L,323.0,223.58,0,0
2022-02-17,ZEYTY,Zeytinyağı 1L,294.0,210.64,0,0
2022-02-18,ZEYTY,Zeytinyağı 1L,370.0,211.22,0,0
2022-02-19,ZEYTY,Zeytinyağı 1L,242.0,211.68,0,0
2022-02-20,ZEYTY,Zeytinyağı 1L,230.0,214.29000000000002,0,0
2022-02-21,ZEYTY,Zeytinyağı 1L,301.0,216.9,0,0
2022-02-22,ZEYTY,Zeytinyağı 1L,357.0,210.85,0,0
2022-02-23,ZEYTY,Zeytinyağı 1L,335.0,217.87,0,0
2022-02-24,ZEYTY,Zeytinyağı 1L,327.0,217.09,0,0
2022-02-25,ZEYTY,Zeytinyağı 1L,316.0,222.43,0,0
2022-02-26,ZEYTY,Zeytinyağı 1L,269.0,216.34,1,0
2022-02-27,ZEYTY,Zeytinyağı 1L,204.0,210.41,0,0
2022-02-28,ZEYTY,Zeytinyağı 1L,251.0,219.46,0,0
2022-03-01,ZEYTY,Zeytinyağı 1L,240.0,212.35,0,0
2022-03-02,ZEYTY,Zeytinyağı 1L,303.0,210.58,0,0
2022-03-03,ZEYTY,Zeytinyağı 1L,325.0,220.14,0,0
2022-03-04,ZEYTY,Zeytinyağı 1L,342.0,210.71,0,0
2022-03-05,ZEYTY,Zeytinyağı 1L,226.0,214.43,0,0
2022-03-06,ZEYTY,Zeytinyağı 1L,207.0,209.26,0,0
2022-03-07,ZEYTY,Zeytinyağı 1L,317.0,210.95,0,0
2022-03-08,ZEYTY,Zeytinyağı 1L,354.0,214.89,0,0
2022-03-09,ZEYTY,Zeytinyağı 1L,247.0,216.28,0,0
2022-03-10,ZEYTY,Zeytinyağı 1L,279.0,215.82,0,0
2022-03-11,ZEYTY,Zeytinyağı 1L,398.0,210.61,1,0
2022-03-12,ZEYTY,Zeytinyağı 1L,201.0,211.98,0,0
2022-03-13,ZEYTY,Zeytinyağı 1L,200.0,215.78,0,0
2022-03-14,ZEYTY,Zeytinyağı 1L,372.0,216.5,0,0
2022-03-15,ZEYTY,Zeytinyağı 1L,308.0,209.32,0,0
2022-03-16,ZEYTY,Zeytinyağı 1L,308.0,204.25,0,0
2022-03-17,ZEYTY,Zeytinyağı 1L,334.0,217.94,0,0
2022-03-18,ZEYTY,Zeytinyağı 1L,338.0,215.58,0,0
2022-03-19,ZEYTY,Zeytinyağı 1L,256.0,226.28,0,0
2022-03-20,ZEYTY,Zeytinyağı 1L,199.0,213.13,0,0
2022-03-21,ZEYTY,Zeytinyağı 1L,467.0,213.7,0,0
2022-03-22,ZEYTY,Zeytinyağı 1L,286.0,217.47,0,0
2022-03-23,ZEYTY,Zeytinyağı 1L,337.0,215.28,0,0
2022-03-24,ZEYTY,Zeytinyağı 1L,292.0,215.23,0,0
2022-03-25,ZEYTY,Zeytinyağı 1L,268.0,220.8,0,0
2022-03-26,ZEYTY,Zeytinyağı 1L,225.0,214.38,0,0
2022-03-27,ZEYTY,Zeytinyağı 1L,229.0,215.94,0,0
2022-03-28,ZEYTY,Zeytinyağı 1L,315.0,218.57,0,0
2022-03-29,ZEYTY,Zeytinyağı 1L,305.0,214.42,0,0
2022-03-30,ZEYTY,Zeytinyağı 1L,336.0,213.43,0,0
2022-03-31,ZEYTY,Zeytinyağı 1L,337.0,213.35,0,0
2022-04-01,ZEYTY,Zeytinyağı 1L,408.0,216.3,1,0
2022-04-02,ZEYTY,Zeytinyağı 1L,212.0,218.96,0,0
2022-04-03,ZEYTY,Zeytinyağı 1L,229.0,219.11,0,0
2022-04-04,ZEYTY,Zeytinyağı 1L,329.0,213.84,0,0
2022-04-05,ZEYTY,Zeytinyağı 1L,345.0,218.86,0,0
2022-04-06,ZEYTY,Zeytinyağı 1L,328.0,220.74,0,0
2022-04-07,ZEYTY,Zeytinyağı 1L,378.0,211.74,0,0
2022-04-08,ZEYTY,Zeytinyağı 1L,340.0,210.61,0,0
2022-04-09,ZEYTY,Zeytinyağı 1L,204.0,218.64,0,0
2022-04-10,ZEYTY,Zeytinyağı 1L,224.0,216.3,0,0
2022-04-11,ZEYTY,Zeytinyağı 1L,298.0,222.57,0,0
2022-04-12,ZEYTY,Zeytinyağı 1L,257.0,215.84,0,0
2022-04-13,ZEYTY,Zeytinyağı 1L,289.0,224.57,0,0
2022-04-14,ZEYTY,Zeytinyağı 1L,313.0,218.53,0,0
2022-04-15,ZEYTY,Zeytinyağı 1L,336.0,216.75,0,0
2022-04-16,ZEYTY,Zeytinyağı 1L,230.0,224.51,0,0
2022-04-17,ZEYTY,Zeytinyağı 1L,231.0,220.17,0,0
2022-04-18,ZEYTY,Zeytinyağı 1L,304.0,221.81,0,0
2022-04-19,ZEYTY,Zeytinyağı 1L,344.0,222.13,0,0
2022-04-20,ZEYTY,Zeytinyağı 1L,299.0,222.24,0,0
2022-04-21,ZEYTY,Zeytinyağı 1L,322.0,216.86,0,0
2022-04-22,ZEYTY,Zeytinyağı 1L,467.0,211.7,0,0
2022-04-23,ZEYTY,Zeytinyağı 1L,193.0,217.68,1,1
2022-04-24,ZEYTY,Zeytinyağı 1L,313.0,215.29,0,0
2022-04-25,ZEYTY,Zeytinyağı 1L,467.0,215.24,0,0
2022-04-26,ZEYTY,Zeytinyağı 1L,467.0,220.88,0,0
2022-04-27,ZEYTY,Zeytinyağı 1L,467.0,219.52,0,0
2022-04-28,ZEYTY,Zeytinyağı 1L,467.0,220.24,0,0
2022-04-29,ZEYTY,Zeytinyağı 1L,467.0,221.22,0,0
2022-04-30,ZEYTY,Zeytinyağı 1L,308.0,219.5,0,0
2022-05-01,ZEYTY,Zeytinyağı 1L,145.0,213.72,0,1
2022-05-02,ZEYTY,Zeytinyağı 1L,274.0,218.31,1,1
2022-05-03,ZEYTY,Zeytinyağı 1L,134.0,225.75,0,1
2022-05-04,ZEYTY,Zeytinyağı 1L,127.0,223.99,0,1
2022-05-05,ZEYTY,Zeytinyağı 1L,126.0,215.03,0,1
2022-05-06,ZEYTY,Zeytinyağı 1L,355.0,215.11,0,0
2022-05-07,ZEYTY,Zeytinyağı 1L,235.0,222.16,0,0
2022-05-08,ZEYTY,Zeytinyağı 1L,189.0,224.18,0,0
2022-05-09,ZEYTY,Zeytinyağı 1L,382.0,221.41,1,0
2022-05-10,ZEYTY,Zeytinyağı 1L,416.0,218.87,1,0
2022-05-11,ZEYTY,Zeytinyağı 1L,322.0,221.87,0,0
2022-05-12,ZEYTY,Zeytinyağı 1L,301.0,224.94,0,0
2022-05-13,ZEYTY,Zeytinyağı 1L,320.0,222.22,0,0
2022-05-14,ZEYTY,Zeytinyağı 1L,209.0,212.01,0,0
2022-05-15,ZEYTY,Zeytinyağı 1L,246.0,218.59,0,0
2022-05-16,ZEYTY,Zeytinyağı 1L,286.0,221.35,0,0
2022-05-17,ZEYTY,Zeytinyağı 1L,367.0,218.77,0,0
2022-05-18,ZEYTY,Zeytinyağı 1L,308.0,219.95,0,0
2022-05-19,ZEYTY,Zeytinyağı 1L,134.0,221.69,0,1
2022-05-20,ZEYTY,Zeytinyağı 1L,329.0,217.59,0,0
2022-05-21,ZEYTY,Zeytinyağı 1L,239.0,218.22,0,0
2022-05-22,ZEYTY,Zeytinyağı 1L,234.0,220.48,0,0
2022-05-23,ZEYTY,Zeytinyağı 1L,295.0,216.47,0,0
2022-05-24,ZEYTY,Zeytinyağı 1L,314.0,224.03,0,0
2022-05-25,ZEYTY,Zeytinyağı 1L,308.0,221.2,0,0
2022-05-26,ZEYTY,Zeytinyağı 1L,301.0,223.97,0,0
2022-05-27,ZEYTY,Zeytinyağı 1L,453.0,219.48,1,0
2022-05-28,ZEYTY,Zeytinyağı 1L,216.0,225.31,0,0
2022-05-29,ZEYTY,Zeytinyağı 1L,312.0,228.85,1,0
2022-05-30,ZEYTY,Zeytinyağı 1L,325.0,215.69,0,0
2022-05-31,ZEYTY,Zeytinyağı 1L,441.0,218.67,1,0
2022-06-01,ZEYTY,Zeytinyağı 1L,399.5,220.24,0,0
2022-06-02,ZEYTY,Zeytinyağı 1L,358.0,216.47,0,0
2022-06-03,ZEYTY,Zeytinyağı 1L,359.5,215.46,0,0
2022-06-04,ZEYTY,Zeytinyağı 1L,361.0,222.25,1,0
2022-06-05,ZEYTY,Zeytinyağı 1L,250.0,219.15,0,0
2022-06-06,ZEYTY,Zeytinyağı 1L,354.0,225.51,0,0
2022-06-07,ZEYTY,Zeytinyağı 1L,303.0,219.46,0,0
2022-06-08,ZEYTY,Zeytinyağı 1L,325.0,211.16,0,0
2022-06-09,ZEYTY,Zeytinyağı 1L,302.0,226.18,0,0
2022-06-10,ZEYTY,Zeytinyağı 1L,307.0,224.14,0,0
2022-06-11,ZEYTY,Zeytinyağı 1L,251.0,221.58,0,0
2022-06-12,ZEYTY,Zeytinyağı 1L,240.0,218.27,0,0
2022-06-13,ZEYTY,Zeytinyağı 1L,351.0,219.42,0,0
2022-06-14,ZEYTY,Zeytinyağı 1L,333.0,222.36,0,0
2022-06-15,ZEYTY,Zeytinyağı 1L,467.0,228.29,1,0
2022-06-16,ZEYTY,Zeytinyağı 1L,330.0,218.4,0,0
2022-06-17,ZEYTY,Zeytinyağı 1L,334.0,221.19,0,0
2022-06-18,ZEYTY,Zeytinyağı 1L,244.0,232.79,0,0
2022-06-19,ZEYTY,Zeytinyağı 1L,467.0,212.64,0,0
2022-06-20,ZEYTY,Zeytinyağı 1L,323.0,213.17,0,0
2022-06-21,ZEYTY,Zeytinyağı 1L,309.0,212.99,0,0
2022-06-22,ZEYTY,Zeytinyağı 1L,342.0,215.13,0,0
2022-06-23,ZEYTY,Zeytinyağı 1L,340.0,221.95,0,0
2022-06-24,ZEYTY,Zeytinyağı 1L,295.0,221.55,0,0
2022-06-25,ZEYTY,Zeytinyağı 1L,274.0,224.36,0,0
2022-06-26,ZEYTY,Zeytinyağı 1L,229.0,223.97,0,0
2022-06-27,ZEYTY,Zeytinyağı 1L,123.0,215.87,0,0
2022-06-28,ZEYTY,Zeytinyağı 1L,361.0,224.3,0,0
2022-06-29,ZEYTY,Zeytinyağı 1L,353.0,223.52,0,0
2022-06-30,ZEYTY,Zeytinyağı 1L,346.0,225.58,0,0
2022-07-01,ZEYTY,Zeytinyağı 1L,337.0,219.57,0,0
2022-07-02,ZEYTY,Zeytinyağı 1L,238.0,218.79,0,0
2022-07-03,ZEYTY,Zeytinyağı 1L,269.0,224.11,0,0
2022-07-04,ZEYTY,Zeytinyağı 1L,345.0,216.87,0,0
2022-07-05,ZEYTY,Zeytinyağı 1L,352.0,229.37,0,0
2022-07-06,ZEYTY,Zeytinyağı 1L,327.5,226.55,0,0
2022-07-07,ZEYTY,Zeytinyağı 1L,303.0,228.7,0,0
2022-07-08,ZEYTY,Zeytinyağı 1L,332.0,216.8,0,0
2022-07-09,ZEYTY,Zeytinyağı 1L,123.0,213.41,0,1
2022-07-10,ZEYTY,Zeytinyağı 1L,123.0,228.57,0,1
2022-07-11,ZEYTY,Zeytinyağı 1L,132.0,221.53,0,1
2022-07-12,ZEYTY,Zeytinyağı 1L,134.0,223.49,0,1
2022-07-13,ZEYTY,Zeytinyağı 1L,328.0,225.82,0,0
2022-07-14,ZEYTY,Zeytinyağı 1L,344.0,227.61,0,0
2022-07-15,ZEYTY,Zeytinyağı 1L,368.0,220.75,0,0
2022-07-16,ZEYTY,Zeytinyağı 1L,236.0,217.46,0,0
2022-07-17,ZEYTY,Zeytinyağı 1L,224.0,227.93,0,0
2022-07-18,ZEYTY,Zeytinyağı 1L,347.0,225.05,0,0
2022-07-19,ZEYTY,Zeytinyağı 1L,330.0,219.89,0,0
2022-07-20,ZEYTY,Zeytinyağı 1L,318.0,223.11,0,0
2022-07-21,ZEYTY,Zeytinyağı 1L,312.0,234.18,0,0
2022-07-22,ZEYTY,Zeytinyağı 1L,322.0,228.45,0,0
2022-07-23,ZEYTY,Zeytinyağı 1L,239.0,219.15,0,0
2022-07-24,ZEYTY,Zeytinyağı 1L,255.0,226.99,0,0
2022-07-25,ZEYTY,Zeytinyağı 1L,411.0,231.16,0,0
2022-07-26,ZEYTY,Zeytinyağı 1L,315.0,225.35,0,0
2022-07-27,ZEYTY,Zeytinyağı 1L,439.0,226.32,1,0
2022-07-28,ZEYTY,Zeytinyağı 1L,298.0,228.52,0,0
2022-07-29,ZEYTY,Zeytinyağı 1L,355.0,235.06,0,0
2022-07-30,ZEYTY,Zeytinyağı 1L,224.0,216.94,0,0
2022-07-31,ZEYTY,Zeytinyağı 1L,260.0,228.23,0,0
2022-08-01,ZEYTY,Zeytinyağı 1L,351.0,218.92,0,0
2022-08-02,ZEYTY,Zeytinyağı 1L,330.0,215.95,0,0
2022-08-03,ZEYTY,Zeytinyağı 1L,318.0,229.77,0,0
2022-08-04,ZEYTY,Zeytinyağı 1L,336.0,218.07,0,0
2022-08-05,ZEYTY,Zeytinyağı 1L,349.0,222.19,0,0
2022-08-06,ZEYTY,Zeytinyağı 1L,223.0,221.0,0,0
2022-08-07,ZEYTY,Zeytinyağı 1L,241.0,215.95,0,0
2022-08-08,ZEYTY,Zeytinyağı 1L,301.0,224.4,0,0
2022-08-09,ZEYTY,Zeytinyağı 1L,360.0,226.06,0,0
2022-08-10,ZEYTY,Zeytinyağı 1L,340.0,224.29,0,0
2022-08-11,ZEYTY,Zeytinyağı 1L,300.0,226.56,0,0
2022-08-12,ZEYTY,Zeytinyağı 1L,320.0,234.67,0,0
2022-08-13,ZEYTY,Zeytinyağı 1L,252.0,228.42,0,0
2022-08-14,ZEYTY,Zeytinyağı 1L,249.0,224.9,0,0
2022-08-15,ZEYTY,Zeytinyağı 1L,295.0,226.71,0,0
2022-08-16,ZEYTY,Zeytinyağı 1L,316.0,224.17,0,0
2022-08-17,ZEYTY,Zeytinyağı 1L,298.0,223.66,0,0
2022-08-18,ZEYTY,Zeytinyağı 1L,375.0,230.9,0,0
2022-08-19,ZEYTY,Zeytinyağı 1L,366.0,230.3,0,0
2022-08-20,ZEYTY,Zeytinyağı 1L,225.0,224.39,0,0
2022-08-21,ZEYTY,Zeytinyağı 1L,250.0,222.5,0,0
2022-08-22,ZEYTY,Zeytinyağı 1L,330.0,227.11,0,0
2022-08-23,ZEYTY,Zeytinyağı 1L,463.0,232.01,1,0
2022-08-24,ZEYTY,Zeytinyağı 1L,314.0,222.43,0,0
2022-08-25,ZEYTY,Zeytinyağı 1L,360.0,229.38,0,0
2022-08-26,ZEYTY,Zeytinyağı 1L,467.0,228.86,0,0
2022-08-27,ZEYTY,Zeytinyağı 1L,467.0,233.84,0,0
2022-08-28,ZEYTY,Zeytinyağı 1L,213.0,222.7,0,0
2022-08-29,ZEYTY,Zeytinyağı 1L,353.0,224.81,0,0
2022-08-30,ZEYTY,Zeytinyağı 1L,137.0,234.92,0,1
2022-08-31,ZEYTY,Zeytinyağı 1L,326.0,232.01,0,0
2022-09-01,ZEYTY,Zeytinyağı 1L,338.0,229.6,0,0
2022-09-02,ZEYTY,Zeytinyağı 1L,306.0,217.86,0,0
2022-09-03,ZEYTY,Zeytinyağı 1L,231.0,231.23,0,0
2022-09-04,ZEYTY,Zeytinyağı 1L,182.0,221.55,0,0
2022-09-05,ZEYTY,Zeytinyağı 1L,315.0,225.39,0,0
2022-09-06,ZEYTY,Zeytinyağı 1L,320.0,223.11,0,0
2022-09-07,ZEYTY,Zeytinyağı 1L,334.0,229.49,0,0
2022-09-08,ZEYTY,Zeytinyağı 1L,283.0,216.55,0,0
2022-09-09,ZEYTY,Zeytinyağı 1L,331.0,225.94,0,0
2022-09-10,ZEYTY,Zeytinyağı 1L,235.0,229.62,0,0
2022-09-11,ZEYTY,Zeytinyağı 1L,220.0,225.72,0,0
2022-09-12,ZEYTY,Zeytinyağı 1L,336.0,224.22,0,0
2022-09-13,ZEYTY,Zeytinyağı 1L,338.0,223.42,0,0
2022-09-14,ZEYTY,Zeytinyağı 1L,316.0,228.62,0,0
2022-09-15,ZEYTY,Zeytinyağı 1L,282.0,224.75,0,0
2022-09-16,ZEYTY,Zeytinyağı 1L,308.0,224.86,0,0
2022-09-17,ZEYTY,Zeytinyağı 1L,301.0,217.08,1,0
2022-09-18,ZEYTY,Zeytinyağı 1L,237.0,232.16,0,0
2022-09-19,ZEYTY,Zeytinyağı 1L,318.0,225.76,0,0
2022-09-20,ZEYTY,Zeytinyağı 1L,321.0,225.55,0,0
2022-09-21,ZEYTY,Zeytinyağı 1L,341.0,235.19,0,0
2022-09-22,ZEYTY,Zeytinyağı 1L,304.0,230.6,0,0
2022-09-23,ZEYTY,Zeytinyağı 1L,274.0,231.72,0,0
2022-09-24,ZEYTY,Zeytinyağı 1L,237.0,227.21,0,0
2022-09-25,ZEYTY,Zeytinyağı 1L,238.0,231.82,0,0
2022-09-26,ZEYTY,Zeytinyağı 1L,312.0,229.85,0,0
2022-09-27,ZEYTY,Zeytinyağı 1L,293.0,231.03,0,0
2022-09-28,ZEYTY,Zeytinyağı 1L,318.0,224.78,0,0
2022-09-29,ZEYTY,Zeytinyağı 1L,271.0,229.5,0,0
2022-09-30,ZEYTY,Zeytinyağı 1L,336.0,230.86,0,0
2022-10-01,ZEYTY,Zeytinyağı 1L,269.0,228.49,0,0
2022-10-02,ZEYTY,Zeytinyağı 1L,220.0,225.79,0,0
2022-10-03,ZEYTY,Zeytinyağı 1L,315.0,227.18,0,0
2022-10-04,ZEYTY,Zeytinyağı 1L,281.0,227.55,0,0
2022-10-05,ZEYTY,Zeytinyağı 1L,314.0,226.62,0,0
2022-10-06,ZEYTY,Zeytinyağı 1L,373.0,234.83,0,0
2022-10-07,ZEYTY,Zeytinyağı 1L,401.0,235.39,1,0
2022-10-08,ZEYTY,Zeytinyağı 1L,224.0,226.14,0,0
2022-10-09,ZEYTY,Zeytinyağı 1L,223.0,237.59,0,0
2022-10-10,ZEYTY,Zeytinyağı 1L,411.0,223.38,1,0
2022-10-11,ZEYTY,Zeytinyağı 1L,334.0,233.01,0,0
2022-10-12,ZEYTY,Zeytinyağı 1L,334.0,228.69,0,0
2022-10-13,ZEYTY,Zeytinyağı 1L,320.0,219.23,0,0
2022-10-14,ZEYTY,Zeytinyağı 1L,296.0,233.7,0,0
2022-10-15,ZEYTY,Zeytinyağı 1L,260.0,225.97,1,0
2022-10-16,ZEYTY,Zeytinyağı 1L,213.0,237.19,0,0
2022-10-17,ZEYTY,Zeytinyağı 1L,332.0,231.06,0,0
2022-10-18,ZEYTY,Zeytinyağı 1L,313.0,236.98,0,0
2022-10-19,ZEYTY,Zeytinyağı 1L,321.0,227.61,0,0
2022-10-20,ZEYTY,Zeytinyağı 1L,313.0,236.07,0,0
2022-10-21,ZEYTY,Zeytinyağı 1L,278.0,225.83,0,0
2022-10-22,ZEYTY,Zeytinyağı 1L,242.0,224.67,0,0
2022-10-23,ZEYTY,Zeytinyağı 1L,215.0,228.89,0,0
2022-10-24,ZEYTY,Zeytinyağı 1L,319.0,227.14,0,0
2022-10-25,ZEYTY,Zeytinyağı 1L,310.0,229.4,0,0
2022-10-26,ZEYTY,Zeytinyağı 1L,356.0,236.8,0,0
2022-10-27,ZEYTY,Zeytinyağı 1L,325.0,223.22,0,0
2022-10-28,ZEYTY,Zeytinyağı 1L,311.0,227.13,0,0
2022-10-29,ZEYTY,Zeytinyağı 1L,123.0,232.21,0,1
2022-10-30,ZEYTY,Zeytinyağı 1L,239.0,231.91,0,0
2022-10-31,ZEYTY,Zeytinyağı 1L,301.0,232.28,0,0
2022-11-01,ZEYTY,Zeytinyağı 1L,281.0,228.08,0,0
2022-11-02,ZEYTY,Zeytinyağı 1L,367.0,227.11,0,0
2022-11-03,ZEYTY,Zeytinyağı 1L,287.0,227.47,0,0
2022-11-04,ZEYTY,Zeytinyağı 1L,314.0,232.67,0,0
2022-11-05,ZEYTY,Zeytinyağı 1L,252.0,230.36,0,0
2022-11-06,ZEYTY,Zeytinyağı 1L,217.0,233.87,0,0
2022-11-07,ZEYTY,Zeytinyağı 1L,263.0,229.44,1,0
2022-11-08,ZEYTY,Zeytinyağı 1L,309.0,235.52,0,0
2022-11-09,ZEYTY,Zeytinyağı 1L,427.0,223.24,1,0
2022-11-10,ZEYTY,Zeytinyağı 1L,373.0,224.49,0,0
2022-11-11,ZEYTY,Zeytinyağı 1L,313.0,227.2,0,0
2022-11-12,ZEYTY,Zeytinyağı 1L,221.0,232.94,0,0
2022-11-13,ZEYTY,Zeytinyağı 1L,234.0,230.47,0,0
2022-11-14,ZEYTY,Zeytinyağı 1L,337.0,238.96,0,0
2022-11-15,ZEYTY,Zeytinyağı 1L,291.0,238.81,0,0
2022-11-16,ZEYTY,Zeytinyağı 1L,321.0,233.5,0,0
2022-11-17,ZEYTY,Zeytinyağı 1L,352.0,233.72,0,0
2022-11-18,ZEYTY,Zeytinyağı 1L,307.0,231.14,0,0
2022-11-19,ZEYTY,Zeytinyağı 1L,194.0,234.71,0,0
2022-11-20,ZEYTY,Zeytinyağı 1L,224.0,231.2,0,0
2022-11-21,ZEYTY,Zeytinyağı 1L,344.0,228.09,0,0
2022-11-22,ZEYTY,Zeytinyağı 1L,314.0,227.5,0,0
2022-11-23,ZEYTY,Zeytinyağı 1L,352.0,233.87,0,0
2022-11-24,ZEYTY,Zeytinyağı 1L,467.0,232.53,0,0
2022-11-25,ZEYTY,Zeytinyağı 1L,320.0,235.91,0,0
2022-11-26,ZEYTY,Zeytinyağı 1L,201.0,227.64,0,0
2022-11-27,ZEYTY,Zeytinyağı 1L,217.0,233.28,0,0
2022-11-28,ZEYTY,Zeytinyağı 1L,336.0,237.13,0,0
2022-11-29,ZEYTY,Zeytinyağı 1L,288.0,232.06,0,0
2022-11-30,ZEYTY,Zeytinyağı 1L,291.0,235.37,0,0
2022-12-01,ZEYTY,Zeytinyağı 1L,292.0,229.52,0,0
2022-12-02,ZEYTY,Zeytinyağı 1L,347.0,232.48,0,0
2022-12-03,ZEYTY,Zeytinyağı 1L,219.0,233.17,0,0
2022-12-04,ZEYTY,Zeytinyağı 1L,237.0,226.15,0,0
2022-12-05,ZEYTY,Zeytinyağı 1L,320.0,229.69,0,0
2022-12-06,ZEYTY,Zeytinyağı 1L,339.0,231.75,0,0
2022-12-07,ZEYTY,Zeytinyağı 1L,316.0,232.74,0,0
2022-12-08,ZEYTY,Zeytinyağı 1L,371.0,235.81,0,0
2022-12-09,ZEYTY,Zeytinyağı 1L,315.0,237.76,0,0
2022-12-10,ZEYTY,Zeytinyağı 1L,217.0,233.7,0,0
2022-12-11,ZEYTY,Zeytinyağı 1L,217.0,229.31,0,0
2022-12-12,ZEYTY,Zeytinyağı 1L,451.0,230.21,1,0
2022-12-13,ZEYTY,Zeytinyağı 1L,401.6666666666667,228.88,0,0
2022-12-14,ZEYTY,Zeytinyağı 1L,352.3333333333333,237.48,0,0
2022-12-15,ZEYTY,Zeytinyağı 1L,303.0,234.03,0,0
2022-12-16,ZEYTY,Zeytinyağı 1L,345.0,235.36,0,0
2022-12-17,ZEYTY,Zeytinyağı 1L,269.0,230.87,1,0
2022-12-18,ZEYTY,Zeytinyağı 1L,284.0,237.53,0,0
2022-12-19,ZEYTY,Zeytinyağı 1L,299.0,229.05,0,0
2022-12-20,ZEYTY,Zeytinyağı 1L,299.0,230.34,0,0
2022-12-21,ZEYTY,Zeytinyağı 1L,311.0,232.92,0,0
2022-12-22,ZEYTY,Zeytinyağı 1L,298.0,231.46,0,0
2022-12-23,ZEYTY,Zeytinyağı 1L,434.0,233.51,1,0
2022-12-24,ZEYTY,Zeytinyağı 1L,248.0,233.16,0,0
2022-12-25,ZEYTY,Zeytinyağı 1L,198.0,237.1,0,0
2022-12-26,ZEYTY,Zeytinyağı 1L,333.0,237.25,0,0
2022-12-27,ZEYTY,Zeytinyağı 1L,280.0,232.81,0,0
2022-12-28,ZEYTY,Zeytinyağı 1L,317.0,234.96,0,0
2022-12-29,ZEYTY,Zeytinyağı 1L,281.0,229.72,0,0
2022-12-30,ZEYTY,Zeytinyağı 1L,421.0,234.65,1,0
2022-12-31,ZEYTY,Zeytinyağı 1L,225.0,233.17,0,0
2023-01-01,ZEYTY,Zeytinyağı 1L,123.0,230.01,0,1
2023-01-02,ZEYTY,Zeytinyağı 1L,309.0,237.78,0,0
2023-01-03,ZEYTY,Zeytinyağı 1L,306.0,227.47,0,0
2023-01-04,ZEYTY,Zeytinyağı 1L,324.0,230.37,0,0
2023-01-05,ZEYTY,Zeytinyağı 1L,275.0,236.98,0,0
2023-01-06,ZEYTY,Zeytinyağı 1L,289.0,239.12,0,0
2023-01-07,ZEYTY,Zeytinyağı 1L,226.0,242.96,0,0
2023-01-08,ZEYTY,Zeytinyağı 1L,206.0,229.81,0,0
2023-01-09,ZEYTY,Zeytinyağı 1L,308.0,237.39,0,0
2023-01-10,ZEYTY,Zeytinyağı 1L,359.0,235.37,0,0
2023-01-11,ZEYTY,Zeytinyağı 1L,319.0,232.59,0,0
2023-01-12,ZEYTY,Zeytinyağı 1L,325.0,242.66,0,0
2023-01-13,ZEYTY,Zeytinyağı 1L,330.0,228.44,0,0
2023-01-14,ZEYTY,Zeytinyağı 1L,252.0,230.61,0,0
2023-01-15,ZEYTY,Zeytinyağı 1L,281.0,232.28,0,0
2023-01-16,ZEYTY,Zeytinyağı 1L,297.0,243.17,0,0
2023-01-17,ZEYTY,Zeytinyağı 1L,337.0,236.4,0,0
2023-01-18,ZEYTY,Zeytinyağı 1L,329.0,240.08,0,0
2023-01-19,ZEYTY,Zeytinyağı 1L,315.0,242.36,0,0
2023-01-20,ZEYTY,Zeytinyağı 1L,309.0,234.78,0,0
2023-01-21,ZEYTY,Zeytinyağı 1L,234.0,240.64,0,0
2023-01-22,ZEYTY,Zeytinyağı 1L,241.0,238.03,0,0
2023-01-23,ZEYTY,Zeytinyağı 1L,326.0,227.01,0,0
2023-01-24,ZEYTY,Zeytinyağı 1L,360.0,237.82,0,0
2023-01-25,ZEYTY,Zeytinyağı 1L,467.0,229.62,1,0
2023-01-26,ZEYTY,Zeytinyağı 1L,330.0,237.28,0,0
2023-01-27,ZEYTY,Zeytinyağı 1L,332.0,244.94,0,0
2023-01-28,ZEYTY,Zeytinyağı 1L,231.0,238.96,0,0
2023-01-29,ZEYTY,Zeytinyağı 1L,226.0,234.84,0,0
2023-01-30,ZEYTY,Zeytinyağı 1L,317.0,233.81,0,0
2023-01-31,ZEYTY,Zeytinyağı 1L,329.0,226.19,0,0
2023-02-01,ZEYTY,Zeytinyağı 1L,309.0,236.76,0,0
2023-02-02,ZEYTY,Zeytinyağı 1L,281.0,238.45,0,0
2023-02-03,ZEYTY,Zeytinyağı 1L,315.0,246.64,0,0
2023-02-04,ZEYTY,Zeytinyağı 1L,283.0,236.85,1,0
2023-02-05,ZEYTY,Zeytinyağı 1L,252.0,237.73,0,0
2023-02-06,ZEYTY,Zeytinyağı 1L,340.0,242.61,0,0
2023-02-07,ZEYTY,Zeytinyağı 1L,309.0,240.35,0,0
2023-02-08,ZEYTY,Zeytinyağı 1L,313.0,230.93,0,0
2023-02-09,ZEYTY,Zeytinyağı 1L,344.0,236.77,0,0
2023-02-10,ZEYTY,Zeytinyağı 1L,359.0,239.43,0,0
2023-02-11,ZEYTY,Zeytinyağı 1L,219.0,243.73,0,0
2023-02-12,ZEYTY,Zeytinyağı 1L,252.0,229.55,0,0
2023-02-13,ZEYTY,Zeytinyağı 1L,283.0,244.64,0,0
2023-02-14,ZEYTY,Zeytinyağı 1L,328.0,245.43,0,0
2023-02-15,ZEYTY,Zeytinyağı 1L,359.0,239.07,0,0
2023-02-16,ZEYTY,Zeytinyağı 1L,451.0,244.79,1,0
2023-02-17,ZEYTY,Zeytinyağı 1L,334.0,240.7,0,0
2023-02-18,ZEYTY,Zeytinyağı 1L,226.0,236.61,0,0
2023-02-19,ZEYTY,Zeytinyağı 1L,221.0,234.28,0,0
2023-02-20,ZEYTY,Zeytinyağı 1L,302.0,236.9,0,0
2023-02-21,ZEYTY,Zeytinyağı 1L,310.0,239.37,0,0
2023-02-22,ZEYTY,Zeytinyağı 1L,315.5,241.19,0,0
2023-02-23,ZEYTY,Zeytinyağı 1L,321.0,238.32,0,0
2023-02-24,ZEYTY,Zeytinyağı 1L,314.0,237.44,0,0
2023-02-25,ZEYTY,Zeytinyağı 1L,234.0,231.42,0,0
2023-02-26,ZEYTY,Zeytinyağı 1L,236.0,242.16,0,0
2023-02-27,ZEYTY,Zeytinyağı 1L,323.0,244.1,0,0
2023-02-28,ZEYTY,Zeytinyağı 1L,322.0,241.49,0,0
2023-03-01,ZEYTY,Zeytinyağı 1L,278.0,242.56,0,0
2023-03-02,ZEYTY,Zeytinyağı 1L,358.0,235.07,0,0
2023-03-03,ZEYTY,Zeytinyağı 1L,314.0,227.63,0,0
2023-03-04,ZEYTY,Zeytinyağı 1L,225.0,245.1,0,0
2023-03-05,ZEYTY,Zeytinyağı 1L,229.0,237.61,0,0
2023-03-06,ZEYTY,Zeytinyağı 1L,319.0,237.93,0,0
2023-03-07,ZEYTY,Zeytinyağı 1L,346.0,236.41,0,0
2023-03-08,ZEYTY,Zeytinyağı 1L,315.0,246.58,0,0
2023-03-09,ZEYTY,Zeytinyağı 1L,305.0,233.18,0,0
2023-03-10,ZEYTY,Zeytinyağı 1L,331.0,239.01,0,0
2023-03-11,ZEYTY,Zeytinyağı 1L,213.0,235.13,0,0
2023-03-12,ZEYTY,Zeytinyağı 1L,244.0,242.48,0,0
2023-03-13,ZEYTY,Zeytinyağı 1L,284.0,237.12,0,0
2023-03-14,ZEYTY,Zeytinyağı 1L,338.0,255.95,0,0
2023-03-15,ZEYTY,Zeytinyağı 1L,340.0,238.96,0,0
2023-03-16,ZEYTY,Zeytinyağı 1L,340.0,239.71,0,0
2023-03-17,ZEYTY,Zeytinyağı 1L,320.0,241.14,0,0
2023-03-18,ZEYTY,Zeytinyağı 1L,201.0,239.9,0,0
2023-03-19,ZEYTY,Zeytinyağı 1L,210.0,249.84,0,0
2023-03-20,ZEYTY,Zeytinyağı 1L,313.0,234.04,0,0
2023-03-21,ZEYTY,Zeytinyağı 1L,317.0,236.03,0,0
2023-03-22,ZEYTY,Zeytinyağı 1L,343.0,244.03,0,0
2023-03-23,ZEYTY,Zeytinyağı 1L,310.0,244.72,0,0
2023-03-24,ZEYTY,Zeytinyağı 1L,329.0,241.1,0,0
2023-03-25,ZEYTY,Zeytinyağı 1L,238.0,237.54,0,0
2023-03-26,ZEYTY,Zeytinyağı 1L,264.0,233.98,0,0
2023-03-27,ZEYTY,Zeytinyağı 1L,313.0,239.12,0,0
2023-03-28,ZEYTY,Zeytinyağı 1L,302.0,237.43,0,0
2023-03-29,ZEYTY,Zeytinyağı 1L,342.0,252.18,0,0
2023-03-30,ZEYTY,Zeytinyağı 1L,356.0,233.8,0,0
2023-03-31,ZEYTY,Zeytinyağı 1L,311.0,247.1,0,0
2023-04-01,ZEYTY,Zeytinyağı 1L,227.0,242.89,0,0
2023-04-02,ZEYTY,Zeytinyağı 1L,213.0,251.01,0,0
2023-04-03,ZEYTY,Zeytinyağı 1L,307.0,242.26,0,0
2023-04-04,ZEYTY,Zeytinyağı 1L,374.0,234.7,0,0
2023-04-05,ZEYTY,Zeytinyağı 1L,324.0,235.98,0,0
2023-04-06,ZEYTY,Zeytinyağı 1L,416.0,233.34,1,0
2023-04-07,ZEYTY,Zeytinyağı 1L,297.0,243.87,0,0
2023-04-08,ZEYTY,Zeytinyağı 1L,222.0,244.74,0,0
2023-04-09,ZEYTY,Zeytinyağı 1L,252.0,247.58,0,0
2023-04-10,ZEYTY,Zeytinyağı 1L,320.0,239.19,0,0
2023-04-11,ZEYTY,Zeytinyağı 1L,467.0,242.99,1,0
2023-04-12,ZEYTY,Zeytinyağı 1L,467.0,242.24,0,0
2023-04-13,ZEYTY,Zeytinyağı 1L,467.0,241.06,0,0
2023-04-14,ZEYTY,Zeytinyağı 1L,467.0,248.6,0,0
2023-04-15,ZEYTY,Zeytinyağı 1L,373.0,245.78,0,0
2023-04-16,ZEYTY,Zeytinyağı 1L,361.0,241.7,0,0
2023-04-17,ZEYTY,Zeytinyağı 1L,467.0,237.25,0,0
2023-04-18,ZEYTY,Zeytinyağı 1L,467.0,229.09,0,0
2023-04-19,ZEYTY,Zeytinyağı 1L,440.0,248.19,0,0
2023-04-20,ZEYTY,Zeytinyağı 1L,467.0,244.67,0,0
2023-04-21,ZEYTY,Zeytinyağı 1L,212.0,241.0,0,1
2023-04-22,ZEYTY,Zeytinyağı 1L,123.0,243.83,0,1
2023-04-23,ZEYTY,Zeytinyağı 1L,123.0,238.19,0,1
2023-04-24,ZEYTY,Zeytinyağı 1L,145.0,245.18,0,1
2023-04-25,ZEYTY,Zeytinyağı 1L,310.0,251.25,0,0
2023-04-26,ZEYTY,Zeytinyağı 1L,431.0,255.31,1,0
2023-04-27,ZEYTY,Zeytinyağı 1L,302.0,238.53,0,0
2023-04-28,ZEYTY,Zeytinyağı 1L,359.0,232.3,0,0
2023-04-29,ZEYTY,Zeytinyağı 1L,209.0,251.11,0,0
2023-04-30,ZEYTY,Zeytinyağı 1L,229.0,242.31,0,0
2023-05-01,ZEYTY,Zeytinyağı 1L,123.0,238.81,0,1
2023-05-02,ZEYTY,Zeytinyağı 1L,310.0,242.53,0,0
2023-05-03,ZEYTY,Zeytinyağı 1L,324.0,241.73,0,0
2023-05-04,ZEYTY,Zeytinyağı 1L,311.0,250.66,0,0
2023-05-05,ZEYTY,Zeytinyağı 1L,337.0,244.59,0,0
2023-05-06,ZEYTY,Zeytinyağı 1L,216.0,246.53,0,0
2023-05-07,ZEYTY,Zeytinyağı 1L,237.0,244.37,0,0
2023-05-08,ZEYTY,Zeytinyağı 1L,351.0,238.46,0,0
2023-05-09,ZEYTY,Zeytinyağı 1L,300.0,251.02,0,0
2023-05-10,ZEYTY,Zeytinyağı 1L,335.0,245.05,0,0
2023-05-11,ZEYTY,Zeytinyağı 1L,331.0,241.51,0,0
2023-05-12,ZEYTY,Zeytinyağı 1L,281.0,245.04,0,0
2023-05-13,ZEYTY,Zeytinyağı 1L,207.0,246.56,0,0
2023-05-14,ZEYTY,Zeytinyağı 1L,215.0,248.97,0,0
2023-05-15,ZEYTY,Zeytinyağı 1L,353.0,243.66,0,0
2023-05-16,ZEYTY,Zeytinyağı 1L,291.0,246.95,0,0
2023-05-17,ZEYTY,Zeytinyağı 1L,303.0,239.62,0,0
2023-05-18,ZEYTY,Zeytinyağı 1L,328.0,246.59,0,0
2023-05-19,ZEYTY,Zeytinyağı 1L,123.0,240.6,0,1
2023-05-20,ZEYTY,Zeytinyağı 1L,224.0,246.18,0,0
2023-05-21,ZEYTY,Zeytinyağı 1L,228.0,255.43,0,0
2023-05-22,ZEYTY,Zeytinyağı 1L,289.0,253.82,0,0
2023-05-23,ZEYTY,Zeytinyağı 1L,392.0,237.29,1,0
2023-05-24,ZEYTY,Zeytinyağı 1L,363.0,250.9,0,0
2023-05-25,ZEYTY,Zeytinyağı 1L,307.0,241.31,0,0
2023-05-26,ZEYTY,Zeytinyağı 1L,272.0,239.48,0,0
2023-05-27,ZEYTY,Zeytinyağı 1L,232.0,248.8,0,0
2023-05-28,ZEYTY,Zeytinyağı 1L,202.0,245.4,0,0
2023-05-29,ZEYTY,Zeytinyağı 1L,306.0,253.47,0,0
2023-05-30,ZEYTY,Zeytinyağı 1L,282.0,248.11,0,0
2023-05-31,ZEYTY,Zeytinyağı 1L,326.0,244.62,0,0
2023-06-01,ZEYTY,Zeytinyağı 1L,339.0,247.23,0,0
2023-06-02,ZEYTY,Zeytinyağı 1L,304.0,248.12,0,0
2023-06-03,ZEYTY,Zeytinyağı 1L,241.0,246.73,0,0
2023-06-04,ZEYTY,Zeytinyağı 1L,240.0,246.97,0,0
2023-06-05,ZEYTY,Zeytinyağı 1L,299.0,239.64,0,0
2023-06-06,ZEYTY,Zeytinyağı 1L,356.0,235.08,0,0
2023-06-07,ZEYTY,Zeytinyağı 1L,357.0,250.11,0,0
2023-06-08,ZEYTY,Zeytinyağı 1L,277.0,247.62,0,0
2023-06-09,ZEYTY,Zeytinyağı 1L,339.0,241.12,0,0
2023-06-10,ZEYTY,Zeytinyağı 1L,235.0,246.91,0,0
2023-06-11,ZEYTY,Zeytinyağı 1L,239.0,248.13,0,0
2023-06-12,ZEYTY,Zeytinyağı 1L,429.0,246.98,1,0
2023-06-13,ZEYTY,Zeytinyağı 1L,323.0,251.29,0,0
2023-06-14,ZEYTY,Zeytinyağı 1L,314.0,239.96,0,0
2023-06-15,ZEYTY,Zeytinyağı 1L,361.0,244.87,0,0
2023-06-16,ZEYTY,Zeytinyağı 1L,330.0,246.45,0,0
2023-06-17,ZEYTY,Zeytinyağı 1L,254.0,240.57,0,0
2023-06-18,ZEYTY,Zeytinyağı 1L,237.0,243.58,0,0
2023-06-19,ZEYTY,Zeytinyağı 1L,348.0,254.18,0,0
2023-06-20,ZEYTY,Zeytinyağı 1L,287.0,238.9,0,0
2023-06-21,ZEYTY,Zeytinyağı 1L,302.0,246.69,0,0
2023-06-22,ZEYTY,Zeytinyağı 1L,336.0,250.28,0,0
2023-06-23,ZEYTY,Zeytinyağı 1L,316.0,247.96,0,0
2023-06-24,ZEYTY,Zeytinyağı 1L,293.0,255.82,0,0
2023-06-25,ZEYTY,Zeytinyağı 1L,310.5,245.9,0,0
2023-06-26,ZEYTY,Zeytinyağı 1L,328.0,247.83,0,0
2023-06-27,ZEYTY,Zeytinyağı 1L,306.0,243.3,0,0
2023-06-28,ZEYTY,Zeytinyağı 1L,138.0,241.87,0,1
2023-06-29,ZEYTY,Zeytinyağı 1L,123.0,244.99,0,1
2023-06-30,ZEYTY,Zeytinyağı 1L,133.0,249.83,0,1
2023-07-01,ZEYTY,Zeytinyağı 1L,133.0,254.37,1,1
2023-07-02,ZEYTY,Zeytinyağı 1L,196.0,240.44,0,0
2023-07-03,ZEYTY,Zeytinyağı 1L,318.0,244.27,0,0
2023-07-04,ZEYTY,Zeytinyağı 1L,335.0,252.58,0,0
2023-07-05,ZEYTY,Zeytinyağı 1L,299.0,253.6,0,0
2023-07-06,ZEYTY,Zeytinyağı 1L,354.0,252.83,0,0
2023-07-07,ZEYTY,Zeytinyağı 1L,370.0,250.735,0,0
2023-07-08,ZEYTY,Zeytinyağı 1L,247.0,248.64,0,0
2023-07-09,ZEYTY,Zeytinyağı 1L,264.0,243.95,0,0
2023-07-10,ZEYTY,Zeytinyağı 1L,357.0,242.43,0,0
2023-07-11,ZEYTY,Zeytinyağı 1L,309.0,252.46,0,0
2023-07-12,ZEYTY,Zeytinyağı 1L,341.0,258.31,0,0
2023-07-13,ZEYTY,Zeytinyağı 1L,294.0,251.78,0,0
2023-07-14,ZEYTY,Zeytinyağı 1L,257.0,259.12,0,0
2023-07-15,ZEYTY,Zeytinyağı 1L,220.0,253.76,0,0
2023-07-16,ZEYTY,Zeytinyağı 1L,254.0,245.65,0,0
2023-07-17,ZEYTY,Zeytinyağı 1L,301.0,253.91,0,0
2023-07-18,ZEYTY,Zeytinyağı 1L,363.0,254.3,0,0
2023-07-19,ZEYTY,Zeytinyağı 1L,378.0,244.27,0,0
2023-07-20,ZEYTY,Zeytinyağı 1L,318.0,241.75,0,0
2023-07-21,ZEYTY,Zeytinyağı 1L,312.0,251.46,0,0
2023-07-22,ZEYTY,Zeytinyağı 1L,244.0,250.46,0,0
2023-07-23,ZEYTY,Zeytinyağı 1L,255.0,248.28,0,0
2023-07-24,ZEYTY,Zeytinyağı 1L,341.0,248.15,0,0
2023-07-25,ZEYTY,Zeytinyağı 1L,356.0,255.07,0,0
2023-07-26,ZEYTY,Zeytinyağı 1L,304.0,253.34,0,0
2023-07-27,ZEYTY,Zeytinyağı 1L,311.0,252.11,0,0
2023-07-28,ZEYTY,Zeytinyağı 1L,333.0,243.16,0,0
2023-07-29,ZEYTY,Zeytinyağı 1L,254.0,245.11,0,0
2023-07-30,ZEYTY,Zeytinyağı 1L,274.0,253.77,1,0
2023-07-31,ZEYTY,Zeytinyağı 1L,310.5,245.63,0,0
2023-08-01,ZEYTY,Zeytinyağı 1L,347.0,247.53,0,0
2023-08-02,ZEYTY,Zeytinyağı 1L,310.0,248.69,0,0
2023-08-03,ZEYTY,Zeytinyağı 1L,273.0,256.48,0,0
2023-08-04,ZEYTY,Zeytinyağı 1L,320.0,256.23,0,0
2023-08-05,ZEYTY,Zeytinyağı 1L,229.0,249.72,0,0
2023-08-06,ZEYTY,Zeytinyağı 1L,216.0,257.9,0,0
2023-08-07,ZEYTY,Zeytinyağı 1L,349.0,250.31,0,0
2023-08-08,ZEYTY,Zeytinyağı 1L,310.0,242.25,0,0
2023-08-09,ZEYTY,Zeytinyağı 1L,311.0,249.65,0,0
2023-08-10,ZEYTY,Zeytinyağı 1L,326.0,246.37,0,0
2023-08-11,ZEYTY,Zeytinyağı 1L,326.0,253.78,0,0
2023-08-12,ZEYTY,Zeytinyağı 1L,220.0,256.0,0,0
2023-08-13,ZEYTY,Zeytinyağı 1L,276.0,244.39,0,0
2023-08-14,ZEYTY,Zeytinyağı 1L,300.0,247.43,0,0
2023-08-15,ZEYTY,Zeytinyağı 1L,364.0,242.07,0,0
2023-08-16,ZEYTY,Zeytinyağı 1L,328.0,249.16,0,0
2023-08-17,ZEYTY,Zeytinyağı 1L,362.0,250.14,0,0
2023-08-18,ZEYTY,Zeytinyağı 1L,398.0,250.11,0,0
2023-08-19,ZEYTY,Zeytinyağı 1L,351.0,251.75,1,0
2023-08-20,ZEYTY,Zeytinyağı 1L,239.0,255.19,0,0
2023-08-21,ZEYTY,Zeytinyağı 1L,464.0,248.27,1,0
2023-08-22,ZEYTY,Zeytinyağı 1L,320.0,253.85,0,0
2023-08-23,ZEYTY,Zeytinyağı 1L,368.0,252.19,0,0
2023-08-24,ZEYTY,Zeytinyağı 1L,358.0,261.83,0,0
2023-08-25,ZEYTY,Zeytinyağı 1L,318.0,260.86,0,0
2023-08-26,ZEYTY,Zeytinyağı 1L,265.0,255.09,0,0
2023-08-27,ZEYTY,Zeytinyağı 1L,230.0,247.12,0,0
2023-08-28,ZEYTY,Zeytinyağı 1L,309.0,260.45,0,0
2023-08-29,ZEYTY,Zeytinyağı 1L,376.0,245.02,0,0
2023-08-30,ZEYTY,Zeytinyağı 1L,139.0,257.87,0,1
2023-08-31,ZEYTY,Zeytinyağı 1L,323.0,251.68,0,0
2023-09-01,ZEYTY,Zeytinyağı 1L,360.0,253.4,0,0
2023-09-02,ZEYTY,Zeytinyağı 1L,123.0,253.25,0,0
2023-09-03,ZEYTY,Zeytinyağı 1L,228.0,247.59,0,0
2023-09-04,ZEYTY,Zeytinyağı 1L,292.0,250.3,0,0
2023-09-05,ZEYTY,Zeytinyağı 1L,330.0,251.48,0,0
2023-09-06,ZEYTY,Zeytinyağı 1L,375.0,254.97,0,0
2023-09-07,ZEYTY,Zeytinyağı 1L,349.0,254.74,0,0
2023-09-08,ZEYTY,Zeytinyağı 1L,362.0,252.79,0,0
2023-09-09,ZEYTY,Zeytinyağı 1L,238.0,264.64,0,0
2023-09-10,ZEYTY,Zeytinyağı 1L,218.0,247.58,0,0
2023-09-11,ZEYTY,Zeytinyağı 1L,331.0,254.09,0,0
2023-09-12,ZEYTY,Zeytinyağı 1L,331.0,256.27,0,0
2023-09-13,ZEYTY,Zeytinyağı 1L,409.0,252.84,1,0
2023-09-14,ZEYTY,Zeytinyağı 1L,367.0,254.9,0,0
2023-09-15,ZEYTY,Zeytinyağı 1L,333.0,258.1,0,0
2023-09-16,ZEYTY,Zeytinyağı 1L,221.0,258.22,0,0
2023-09-17,ZEYTY,Zeytinyağı 1L,290.0,250.51,1,0
2023-09-18,ZEYTY,Zeytinyağı 1L,309.0,252.52,0,0
2023-09-19,ZEYTY,Zeytinyağı 1L,307.0,259.34,0,0
2023-09-20,ZEYTY,Zeytinyağı 1L,369.0,249.22,0,0
2023-09-21,ZEYTY,Zeytinyağı 1L,323.0,251.07,0,0
2023-09-22,ZEYTY,Zeytinyağı 1L,290.0,255.71,0,0
2023-09-23,ZEYTY,Zeytinyağı 1L,240.0,259.76,0,0
2023-09-24,ZEYTY,Zeytinyağı 1L,216.0,261.47,0,0
2023-09-25,ZEYTY,Zeytinyağı 1L,320.0,254.14,0,0
2023-09-26,ZEYTY,Zeytinyağı 1L,282.0,255.04,0,0
2023-09-27,ZEYTY,Zeytinyağı 1L,283.0,254.33,0,0
2023-09-28,ZEYTY,Zeytinyağı 1L,265.0,255.66,0,0
2023-09-29,ZEYTY,Zeytinyağı 1L,340.0,244.51,0,0
2023-09-30,ZEYTY,Zeytinyağı 1L,210.0,251.2,0,0
2023-10-01,ZEYTY,Zeytinyağı 1L,234.0,260.51,0,0
2023-10-02,ZEYTY,Zeytinyağı 1L,315.0,258.55,0,0
2023-10-03,ZEYTY,Zeytinyağı 1L,304.0,267.81,0,0
2023-10-04,ZEYTY,Zeytinyağı 1L,318.0,263.13,0,0
2023-10-05,ZEYTY,Zeytinyağı 1L,332.0,245.91,0,0
2023-10-06,ZEYTY,Zeytinyağı 1L,123.0,255.99,0,0
2023-10-07,ZEYTY,Zeytinyağı 1L,307.0,249.77,1,0
2023-10-08,ZEYTY,Zeytinyağı 1L,183.0,256.31,0,0
2023-10-09,ZEYTY,Zeytinyağı 1L,307.0,259.96,0,0
2023-10-10,ZEYTY,Zeytinyağı 1L,344.0,247.89,0,0
2023-10-11,ZEYTY,Zeytinyağı 1L,351.0,254.62,0,0
2023-10-12,ZEYTY,Zeytinyağı 1L,320.0,257.04,0,0
2023-10-13,ZEYTY,Zeytinyağı 1L,332.0,254.1,0,0
2023-10-14,ZEYTY,Zeytinyağı 1L,279.0,252.84,0,0
2023-10-15,ZEYTY,Zeytinyağı 1L,226.0,258.13,0,0
2023-10-16,ZEYTY,Zeytinyağı 1L,347.0,255.26,0,0
2023-10-17,ZEYTY,Zeytinyağı 1L,320.0,254.57,0,0
2023-10-18,ZEYTY,Zeytinyağı 1L,331.0,252.16,0,0
2023-10-19,ZEYTY,Zeytinyağı 1L,343.0,257.08,0,0
2023-10-20,ZEYTY,Zeytinyağı 1L,308.0,252.4,0,0
2023-10-21,ZEYTY,Zeytinyağı 1L,233.0,259.48,0,0
2023-10-22,ZEYTY,Zeytinyağı 1L,252.0,250.87,0,0
2023-10-23,ZEYTY,Zeytinyağı 1L,459.0,246.89,1,0
2023-10-24,ZEYTY,Zeytinyağı 1L,368.0,249.17,0,0
2023-10-25,ZEYTY,Zeytinyağı 1L,349.0,247.81,0,0
2023-10-26,ZEYTY,Zeytinyağı 1L,310.0,255.36,0,0
2023-10-27,ZEYTY,Zeytinyağı 1L,336.0,256.79,0,0
2023-10-28,ZEYTY,Zeytinyağı 1L,213.0,251.28,0,0
2023-10-29,ZEYTY,Zeytinyağı 1L,123.0,259.31,0,1
2023-10-30,ZEYTY,Zeytinyağı 1L,467.0,253.06,1,0
2023-10-31,ZEYTY,Zeytinyağı 1L,349.0,251.16,0,0
2023-11-01,ZEYTY,Zeytinyağı 1L,333.0,253.19,0,0
2023-11-02,ZEYTY,Zeytinyağı 1L,349.0,259.61,0,0
2023-11-03,ZEYTY,Zeytinyağı 1L,371.0,255.3,0,0
2023-11-04,ZEYTY,Zeytinyağı 1L,233.0,253.37,0,0
2023-11-05,ZEYTY,Zeytinyağı 1L,208.0,257.72,0,0
2023-11-06,ZEYTY,Zeytinyağı 1L,324.0,255.07,0,0
2023-11-07,ZEYTY,Zeytinyağı 1L,382.0,254.39,0,0
2023-11-08,ZEYTY,Zeytinyağı 1L,350.0,252.37,0,0
2023-11-09,ZEYTY,Zeytinyağı 1L,123.0,261.14,0,0
2023-11-10,ZEYTY,Zeytinyağı 1L,300.0,252.37,0,0
2023-11-11,ZEYTY,Zeytinyağı 1L,196.0,254.22,0,0
2023-11-12,ZEYTY,Zeytinyağı 1L,272.0,251.79,1,0
2023-11-13,ZEYTY,Zeytinyağı 1L,336.0,263.94,0,0
2023-11-14,ZEYTY,Zeytinyağı 1L,335.0,261.13,0,0
2023-11-15,ZEYTY,Zeytinyağı 1L,357.0,258.01,0,0
2023-11-16,ZEYTY,Zeytinyağı 1L,323.0,254.08,0,0
2023-11-17,ZEYTY,Zeytinyağı 1L,286.0,261.14,0,0
2023-11-18,ZEYTY,Zeytinyağı 1L,229.0,273.3,0,0
2023-11-19,ZEYTY,Zeytinyağı 1L,251.0,258.16,0,0
2023-11-20,ZEYTY,Zeytinyağı 1L,321.0,262.21,0,0
2023-11-21,ZEYTY,Zeytinyağı 1L,281.0,258.24,0,0
2023-11-22,ZEYTY,Zeytinyağı 1L,333.0,254.77,0,0
2023-11-23,ZEYTY,Zeytinyağı 1L,351.0,260.0,0,0
2023-11-24,ZEYTY,Zeytinyağı 1L,284.0,257.16,0,0
2023-11-25,ZEYTY,Zeytinyağı 1L,255.0,263.29,0,0
2023-11-26,ZEYTY,Zeytinyağı 1L,225.0,262.55,0,0
2023-11-27,ZEYTY,Zeytinyağı 1L,255.5,263.37,0,0
2023-11-28,ZEYTY,Zeytinyağı 1L,286.0,258.65,0,0
2023-11-29,ZEYTY,Zeytinyağı 1L,336.0,255.09,0,0
2023-11-30,ZEYTY,Zeytinyağı 1L,324.0,249.9,0,0
2023-12-01,ZEYTY,Zeytinyağı 1L,359.0,260.22,0,0
2023-12-02,ZEYTY,Zeytinyağı 1L,244.0,265.1,0,0
2023-12-03,ZEYTY,Zeytinyağı 1L,245.0,247.22,0,0
2023-12-04,ZEYTY,Zeytinyağı 1L,441.0,262.11,1,0
2023-12-05,ZEYTY,Zeytinyağı 1L,300.0,249.59,0,0
2023-12-06,ZEYTY,Zeytinyağı 1L,268.0,252.57,0,0
2023-12-07,ZEYTY,Zeytinyağı 1L,300.0,258.66,0,0
2023-12-08,ZEYTY,Zeytinyağı 1L,316.0,272.33,0,0
2023-12-09,ZEYTY,Zeytinyağı 1L,200.0,265.51,0,0
2023-12-10,ZEYTY,Zeytinyağı 1L,230.0,256.14,0,0
2023-12-11,ZEYTY,Zeytinyağı 1L,272.0,254.25,0,0
2023-12-12,ZEYTY,Zeytinyağı 1L,314.0,257.89,0,0
2023-12-13,ZEYTY,Zeytinyağı 1L,330.0,268.7,0,0
2023-12-14,ZEYTY,Zeytinyağı 1L,334.0,261.64,0,0
2023-12-15,ZEYTY,Zeytinyağı 1L,318.0,262.4,0,0
2023-12-16,ZEYTY,Zeytinyağı 1L,232.0,257.63,0,0
2023-12-17,ZEYTY,Zeytinyağı 1L,249.0,265.37,0,0
2023-12-18,ZEYTY,Zeytinyağı 1L,459.0,258.19,1,0
2023-12-19,ZEYTY,Zeytinyağı 1L,321.0,258.49,0,0
2023-12-20,ZEYTY,Zeytinyağı 1L,315.0,257.11,0,0
2023-12-21,ZEYTY,Zeytinyağı 1L,322.0,266.61,0,0
2023-12-22,ZEYTY,Zeytinyağı 1L,283.0,260.41,0,0
2023-12-23,ZEYTY,Zeytinyağı 1L,224.0,258.17,0,0
2023-12-24,ZEYTY,Zeytinyağı 1L,229.0,255.54,0,0
2023-12-25,ZEYTY,Zeytinyağı 1L,322.0,257.69,0,0
2023-12-26,ZEYTY,Zeytinyağı 1L,296.0,260.62,0,0
2023-12-27,ZEYTY,Zeytinyağı 1L,322.0,257.98,0,0
2023-12-28,ZEYTY,Zeytinyağı 1L,327.0,266.29,0,0
2023-12-29,ZEYTY,Zeytinyağı 1L,330.0,256.75,0,0
2023-12-30,ZEYTY,Zeytinyağı 1L,245.0,269.15,0,0
2023-12-31,ZEYTY,Zeytinyağı 1L,242.0,263.18,0,0
2024-01-01,ZEYTY,Zeytinyağı 1L,139.0,267.9,0,1
2024-01-02,ZEYTY,Zeytinyağı 1L,347.0,263.42,0,0
2024-01-03,ZEYTY,Zeytinyağı 1L,282.0,254.9,0,0
2024-01-04,ZEYTY,Zeytinyağı 1L,322.0,261.43,0,0
2024-01-05,ZEYTY,Zeytinyağı 1L,461.0,257.84,1,0
2024-01-06,ZEYTY,Zeytinyağı 1L,219.0,251.03,0,0
2024-01-07,ZEYTY,Zeytinyağı 1L,199.0,258.28,0,0
2024-01-08,ZEYTY,Zeytinyağı 1L,285.0,268.68,0,0
2024-01-09,ZEYTY,Zeytinyağı 1L,467.0,257.88,0,0
2024-01-10,ZEYTY,Zeytinyağı 1L,292.0,264.39,0,0
2024-01-11,ZEYTY,Zeytinyağı 1L,328.0,264.65,0,0
2024-01-12,ZEYTY,Zeytinyağı 1L,331.0,273.35,0,0
2024-01-13,ZEYTY,Zeytinyağı 1L,213.0,260.49,0,0
2024-01-14,ZEYTY,Zeytinyağı 1L,214.0,257.41,0,0
2024-01-15,ZEYTY,Zeytinyağı 1L,321.0,268.53,0,0
2024-01-16,ZEYTY,Zeytinyağı 1L,359.0,264.39,0,0
2024-01-17,ZEYTY,Zeytinyağı 1L,353.0,249.17,0,0
2024-01-18,ZEYTY,Zeytinyağı 1L,327.0,261.86,0,0
2024-01-19,ZEYTY,Zeytinyağı 1L,301.0,257.31,0,0
2024-01-20,ZEYTY,Zeytinyağı 1L,272.0,264.27,0,0
2024-01-21,ZEYTY,Zeytinyağı 1L,252.0,267.03,0,0
2024-01-22,ZEYTY,Zeytinyağı 1L,412.0,260.84,1,0
2024-01-23,ZEYTY,Zeytinyağı 1L,308.0,257.83,0,0
2024-01-24,ZEYTY,Zeytinyağı 1L,302.0,251.23,0,0
2024-01-25,ZEYTY,Zeytinyağı 1L,316.0,259.12,0,0
2024-01-26,ZEYTY,Zeytinyağı 1L,330.0,262.82,0,0
2024-01-27,ZEYTY,Zeytinyağı 1L,218.0,262.12,0,0
2024-01-28,ZEYTY,Zeytinyağı 1L,218.0,251.97,0,0
2024-01-29,ZEYTY,Zeytinyağı 1L,332.0,257.23,0,0
2024-01-30,ZEYTY,Zeytinyağı 1L,344.0,267.17,0,0
2024-01-31,ZEYTY,Zeytinyağı 1L,317.0,266.44,0,0
2024-02-01,ZEYTY,Zeytinyağı 1L,301.0,259.8,0,0
2024-02-02,ZEYTY,Zeytinyağı 1L,346.0,254.69,0,0
2024-02-03,ZEYTY,Zeytinyağı 1L,206.0,261.76,0,0
2024-02-04,ZEYTY,Zeytinyağı 1L,337.5,258.4,0,0
2024-02-05,ZEYTY,Zeytinyağı 1L,467.0,263.04,1,0
2024-02-06,ZEYTY,Zeytinyağı 1L,263.0,261.06,0,0
2024-02-07,ZEYTY,Zeytinyağı 1L,316.0,261.96,0,0
2024-02-08,ZEYTY,Zeytinyağı 1L,304.0,261.84,0,0
2024-02-09,ZEYTY,Zeytinyağı 1L,322.0,264.24,0,0
2024-02-10,ZEYTY,Zeytinyağı 1L,236.0,263.03,0,0
2024-02-11,ZEYTY,Zeytinyağı 1L,220.0,260.97,0,0
2024-02-12,ZEYTY,Zeytinyağı 1L,335.0,270.57,0,0
2024-02-13,ZEYTY,Zeytinyağı 1L,352.0,267.72,0,0
2024-02-14,ZEYTY,Zeytinyağı 1L,344.0,266.21,0,0
2024-02-15,ZEYTY,Zeytinyağı 1L,326.0,255.18,0,0
2024-02-16,ZEYTY,Zeytinyağı 1L,363.0,262.61,0,0
2024-02-17,ZEYTY,Zeytinyağı 1L,217.0,268.54,0,0
2024-02-18,ZEYTY,Zeytinyağı 1L,232.0,265.68,0,0
2024-02-19,ZEYTY,Zeytinyağı 1L,294.0,266.18,0,0
2024-02-20,ZEYTY,Zeytinyağı 1L,315.0,265.75,0,0
2024-02-21,ZEYTY,Zeytinyağı 1L,302.0,265.41,0,0
2024-02-22,ZEYTY,Zeytinyağı 1L,351.0,260.9,0,0
2024-02-23,ZEYTY,Zeytinyağı 1L,295.0,258.51,0,0
2024-02-24,ZEYTY,Zeytinyağı 1L,215.0,263.86,0,0
2024-02-25,ZEYTY,Zeytinyağı 1L,231.0,259.52,0,0
2024-02-26,ZEYTY,Zeytinyağı 1L,295.0,256.31,0,0
2024-02-27,ZEYTY,Zeytinyağı 1L,332.0,275.19,0,0
2024-02-28,ZEYTY,Zeytinyağı 1L,331.0,260.46,0,0
2024-02-29,ZEYTY,Zeytinyağı 1L,346.0,267.47,0,0
2024-03-01,ZEYTY,Zeytinyağı 1L,346.0,263.87,0,0
2024-03-02,ZEYTY,Zeytinyağı 1L,210.0,253.82,0,0
2024-03-03,ZEYTY,Zeytinyağı 1L,235.0,265.55,0,0
2024-03-04,ZEYTY,Zeytinyağı 1L,327.0,259.92,0,0
2024-03-05,ZEYTY,Zeytinyağı 1L,313.0,261.51,0,0
2024-03-06,ZEYTY,Zeytinyağı 1L,344.0,270.32,0,0
2024-03-07,ZEYTY,Zeytinyağı 1L,293.0,259.67,0,0
2024-03-08,ZEYTY,Zeytinyağı 1L,320.0,262.85,0,0
2024-03-09,ZEYTY,Zeytinyağı 1L,248.0,261.61,0,0
2024-03-10,ZEYTY,Zeytinyağı 1L,299.5,267.01,0,0
2024-03-11,ZEYTY,Zeytinyağı 1L,351.0,258.51,0,0
2024-03-12,ZEYTY,Zeytinyağı 1L,342.0,250.34,0,0
2024-03-13,ZEYTY,Zeytinyağı 1L,310.0,270.33,0,0
2024-03-14,ZEYTY,Zeytinyağı 1L,319.0,272.2,0,0
2024-03-15,ZEYTY,Zeytinyağı 1L,329.0,265.84,0,0
2024-03-16,ZEYTY,Zeytinyağı 1L,254.0,282.5,0,0
2024-03-17,ZEYTY,Zeytinyağı 1L,212.0,269.37,0,0
2024-03-18,ZEYTY,Zeytinyağı 1L,300.0,266.48,0,0
2024-03-19,ZEYTY,Zeytinyağı 1L,324.0,270.16,0,0
2024-03-20,ZEYTY,Zeytinyağı 1L,323.0,259.88,0,0
2024-03-21,ZEYTY,Zeytinyağı 1L,325.0,261.41,0,0
2024-03-22,ZEYTY,Zeytinyağı 1L,321.0,261.42,0,0
2024-03-23,ZEYTY,Zeytinyağı 1L,228.0,270.05,0,0
2024-03-24,ZEYTY,Zeytinyağı 1L,233.0,264.05,0,0
2024-03-25,ZEYTY,Zeytinyağı 1L,292.0,269.91,0,0
2024-03-26,ZEYTY,Zeytinyağı 1L,355.0,267.66,0,0
2024-03-27,ZEYTY,Zeytinyağı 1L,322.0,269.39,0,0
2024-03-28,ZEYTY,Zeytinyağı 1L,332.0,269.82,0,0
2024-03-29,ZEYTY,Zeytinyağı 1L,269.0,270.49,0,0
2024-03-30,ZEYTY,Zeytinyağı 1L,334.0,258.26,1,0
2024-03-31,ZEYTY,Zeytinyağı 1L,367.0,258.59,0,0
2024-04-01,ZEYTY,Zeytinyağı 1L,458.0,264.81,0,0
2024-04-02,ZEYTY,Zeytinyağı 1L,467.0,268.62,0,0
2024-04-03,ZEYTY,Zeytinyağı 1L,467.0,278.08,0,0
2024-04-04,ZEYTY,Zeytinyağı 1L,467.0,274.58,0,0
2024-04-05,ZEYTY,Zeytinyağı 1L,467.0,263.43,0,0
2024-04-06,ZEYTY,Zeytinyağı 1L,356.0,270.05,0,0
2024-04-07,ZEYTY,Zeytinyağı 1L,338.0,268.52,0,0
2024-04-08,ZEYTY,Zeytinyağı 1L,467.0,262.75,0,0
2024-04-09,ZEYTY,Zeytinyağı 1L,467.0,266.04,0,0
2024-04-10,ZEYTY,Zeytinyağı 1L,318.0,268.8,0,1
2024-04-11,ZEYTY,Zeytinyağı 1L,142.0,259.73,0,1
2024-04-12,ZEYTY,Zeytinyağı 1L,126.0,268.09,0,1
2024-04-13,ZEYTY,Zeytinyağı 1L,123.0,269.82,0,1
2024-04-14,ZEYTY,Zeytinyağı 1L,239.0,271.69,0,0
2024-04-15,ZEYTY,Zeytinyağı 1L,356.0,271.49,0,0
2024-04-16,ZEYTY,Zeytinyağı 1L,428.0,272.45,1,0
2024-04-17,ZEYTY,Zeytinyağı 1L,364.0,261.77,0,0
2024-04-18,ZEYTY,Zeytinyağı 1L,309.0,266.58,0,0
2024-04-19,ZEYTY,Zeytinyağı 1L,445.0,258.62,1,0
2024-04-20,ZEYTY,Zeytinyağı 1L,201.0,268.79,0,0
2024-04-21,ZEYTY,Zeytinyağı 1L,220.0,270.49,0,0
2024-04-22,ZEYTY,Zeytinyağı 1L,306.0,282.56,0,0
2024-04-23,ZEYTY,Zeytinyağı 1L,123.0,265.87,0,1
2024-04-24,ZEYTY,Zeytinyağı 1L,311.0,275.13,0,0
2024-04-25,ZEYTY,Zeytinyağı 1L,339.0,264.45,0,0
2024-04-26,ZEYTY,Zeytinyağı 1L,337.0,261.0,0,0
2024-04-27,ZEYTY,Zeytinyağı 1L,240.0,278.04,0,0
2024-04-28,ZEYTY,Zeytinyağı 1L,245.0,271.97,0,0
2024-04-29,ZEYTY,Zeytinyağı 1L,352.0,277.8,0,0
2024-04-30,ZEYTY,Zeytinyağı 1L,344.0,271.05,0,0
2024-05-01,ZEYTY,Zeytinyağı 1L,136.0,263.99,0,1
2024-05-02,ZEYTY,Zeytinyağı 1L,312.0,263.42,0,0
2024-05-03,ZEYTY,Zeytinyağı 1L,331.0,252.31,0,0
2024-05-04,ZEYTY,Zeytinyağı 1L,250.0,265.5,0,0
2024-05-05,ZEYTY,Zeytinyağı 1L,123.0,271.13,0,0
2024-05-06,ZEYTY,Zeytinyağı 1L,348.0,263.27,0,0
2024-05-07,ZEYTY,Zeytinyağı 1L,341.0,280.5,0,0
2024-05-08,ZEYTY,Zeytinyağı 1L,325.0,273.49,0,0
2024-05-09,ZEYTY,Zeytinyağı 1L,341.0,266.48,0,0
2024-05-10,ZEYTY,Zeytinyağı 1L,310.0,261.26,0,0
2024-05-11,ZEYTY,Zeytinyağı 1L,216.0,259.9,0,0
2024-05-12,ZEYTY,Zeytinyağı 1L,239.0,272.97,0,0
2024-05-13,ZEYTY,Zeytinyağı 1L,275.0,269.86,0,0
2024-05-14,ZEYTY,Zeytinyağı 1L,311.0,259.48,0,0
2024-05-15,ZEYTY,Zeytinyağı 1L,304.0,266.05,0,0
2024-05-16,ZEYTY,Zeytinyağı 1L,299.0,273.02,0,0
2024-05-17,ZEYTY,Zeytinyağı 1L,267.0,266.6,0,0
2024-05-18,ZEYTY,Zeytinyağı 1L,209.0,268.34,0,0
2024-05-19,ZEYTY,Zeytinyağı 1L,123.0,270.42,0,1
2024-05-20,ZEYTY,Zeytinyağı 1L,428.0,270.63,1,0
2024-05-21,ZEYTY,Zeytinyağı 1L,334.0,279.17,0,0
2024-05-22,ZEYTY,Zeytinyağı 1L,289.0,260.26,0,0
2024-05-23,ZEYTY,Zeytinyağı 1L,297.0,270.57,0,0
2024-05-24,ZEYTY,Zeytinyağı 1L,356.0,254.29,0,0
2024-05-25,ZEYTY,Zeytinyağı 1L,239.0,274.31,0,0
2024-05-26,ZEYTY,Zeytinyağı 1L,237.0,267.19,0,0
2024-05-27,ZEYTY,Zeytinyağı 1L,326.0,266.74,0,0
2024-05-28,ZEYTY,Zeytinyağı 1L,360.0,265.64,0,0
2024-05-29,ZEYTY,Zeytinyağı 1L,353.0,262.19,0,0
2024-05-30,ZEYTY,Zeytinyağı 1L,309.0,270.97,0,0
2024-05-31,ZEYTY,Zeytinyağı 1L,340.0,271.73,0,0
2024-06-01,ZEYTY,Zeytinyağı 1L,247.0,278.3,0,0
2024-06-02,ZEYTY,Zeytinyağı 1L,242.0,266.14,0,0
2024-06-03,ZEYTY,Zeytinyağı 1L,374.0,280.88,0,0
2024-06-04,ZEYTY,Zeytinyağı 1L,359.0,276.03,0,0
2024-06-05,ZEYTY,Zeytinyağı 1L,369.0,274.96,0,0
2024-06-06,ZEYTY,Zeytinyağı 1L,301.0,268.76,0,0
2024-06-07,ZEYTY,Zeytinyağı 1L,315.0,271.68,0,0
2024-06-08,ZEYTY,Zeytinyağı 1L,227.0,265.65,0,0
2024-06-09,ZEYTY,Zeytinyağı 1L,244.0,284.94,0,0
2024-06-10,ZEYTY,Zeytinyağı 1L,304.0,273.48,0,0
2024-06-11,ZEYTY,Zeytinyağı 1L,315.0,261.57,0,0
2024-06-12,ZEYTY,Zeytinyağı 1L,346.0,279.47,0,0
2024-06-13,ZEYTY,Zeytinyağı 1L,357.0,274.98,0,0
2024-06-14,ZEYTY,Zeytinyağı 1L,375.0,268.58,0,0
2024-06-15,ZEYTY,Zeytinyağı 1L,268.0,271.46,0,0
2024-06-16,ZEYTY,Zeytinyağı 1L,123.0,274.34,0,1
2024-06-17,ZEYTY,Zeytinyağı 1L,123.0,267.93,0,1
2024-06-18,ZEYTY,Zeytinyağı 1L,135.0,278.4,0,1
2024-06-19,ZEYTY,Zeytinyağı 1L,139.0,260.01,0,1
2024-06-20,ZEYTY,Zeytinyağı 1L,401.0,269.28,1,0
2024-06-21,ZEYTY,Zeytinyağı 1L,340.0,281.41,0,0
2024-06-22,ZEYTY,Zeytinyağı 1L,233.0,270.75,0,0
2024-06-23,ZEYTY,Zeytinyağı 1L,216.0,264.17,0,0
2024-06-24,ZEYTY,Zeytinyağı 1L,325.0,279.48,0,0
2024-06-25,ZEYTY,Zeytinyağı 1L,282.0,272.67,0,0
2024-06-26,ZEYTY,Zeytinyağı 1L,354.0,265.43,0,0
2024-06-27,ZEYTY,Zeytinyağı 1L,123.0,274.75,0,0
2024-06-28,ZEYTY,Zeytinyağı 1L,331.0,280.08,0,0
2024-06-29,ZEYTY,Zeytinyağı 1L,235.0,275.41,0,0
2024-06-30,ZEYTY,Zeytinyağı 1L,263.0,284.11,0,0
2024-07-01,ZEYTY,Zeytinyağı 1L,343.0,273.89,0,0
2024-07-02,ZEYTY,Zeytinyağı 1L,353.0,280.92,0,0
2024-07-03,ZEYTY,Zeytinyağı 1L,278.0,281.62,0,0
2024-07-04,ZEYTY,Zeytinyağı 1L,324.0,275.69,0,0
2024-07-05,ZEYTY,Zeytinyağı 1L,379.0,282.84,0,0
2024-07-06,ZEYTY,Zeytinyağı 1L,271.0,273.49,0,0
2024-07-07,ZEYTY,Zeytinyağı 1L,243.0,283.13,0,0
2024-07-08,ZEYTY,Zeytinyağı 1L,337.0,286.97,0,0
2024-07-09,ZEYTY,Zeytinyağı 1L,361.0,272.34,0,0
2024-07-10,ZEYTY,Zeytinyağı 1L,340.0,271.65,0,0
2024-07-11,ZEYTY,Zeytinyağı 1L,338.0,281.37,0,0
2024-07-12,ZEYTY,Zeytinyağı 1L,347.0,264.45,0,0
2024-07-13,ZEYTY,Zeytinyağı 1L,258.0,269.98,0,0
2024-07-14,ZEYTY,Zeytinyağı 1L,269.0,277.68,0,0
2024-07-15,ZEYTY,Zeytinyağı 1L,367.0,278.9,0,0
2024-07-16,ZEYTY,Zeytinyağı 1L,467.0,270.33,1,0
2024-07-17,ZEYTY,Zeytinyağı 1L,319.0,284.86,0,0
2024-07-18,ZEYTY,Zeytinyağı 1L,323.0,284.01,0,0
2024-07-19,ZEYTY,Zeytinyağı 1L,346.0,269.54,0,0
2024-07-20,ZEYTY,Zeytinyağı 1L,259.0,278.2,0,0
2024-07-21,ZEYTY,Zeytinyağı 1L,250.0,269.07,0,0
2024-07-22,ZEYTY,Zeytinyağı 1L,297.0,270.65,0,0
2024-07-23,ZEYTY,Zeytinyağı 1L,317.0,269.39,0,0
2024-07-24,ZEYTY,Zeytinyağı 1L,332.0,277.42,0,0
2024-07-25,ZEYTY,Zeytinyağı 1L,347.0,266.53,0,0
2024-07-26,ZEYTY,Zeytinyağı 1L,355.0,268.23,0,0
2024-07-27,ZEYTY,Zeytinyağı 1L,221.0,271.34,0,0
2024-07-28,ZEYTY,Zeytinyağı 1L,310.0,279.23,1,0
2024-07-29,ZEYTY,Zeytinyağı 1L,278.0,273.16,0,0
2024-07-30,ZEYTY,Zeytinyağı 1L,360.0,280.17,0,0
2024-07-31,ZEYTY,Zeytinyağı 1L,296.0,275.07,0,0
2024-08-01,ZEYTY,Zeytinyağı 1L,348.0,281.76,1,0
2024-08-02,ZEYTY,Zeytinyağı 1L,400.0,272.68,0,0
2024-08-03,ZEYTY,Zeytinyağı 1L,256.0,271.37,0,0
2024-08-04,ZEYTY,Zeytinyağı 1L,249.0,278.41,0,0
2024-08-05,ZEYTY,Zeytinyağı 1L,348.0,276.94,0,0
2024-08-06,ZEYTY,Zeytinyağı 1L,336.0,276.95,0,0
2024-08-07,ZEYTY,Zeytinyağı 1L,302.0,283.85,0,0
2024-08-08,ZEYTY,Zeytinyağı 1L,360.0,281.22,0,0
2024-08-09,ZEYTY,Zeytinyağı 1L,368.0,279.51,0,0
2024-08-10,ZEYTY,Zeytinyağı 1L,205.0,275.22,0,0
2024-08-11,ZEYTY,Zeytinyağı 1L,222.0,275.4,0,0
2024-08-12,ZEYTY,Zeytinyağı 1L,304.0,271.83,0,0
2024-08-13,ZEYTY,Zeytinyağı 1L,322.0,273.3,0,0
2024-08-14,ZEYTY,Zeytinyağı 1L,357.0,262.88,0,0
2024-08-15,ZEYTY,Zeytinyağı 1L,354.0,288.33,0,0
2024-08-16,ZEYTY,Zeytinyağı 1L,336.0,275.02,0,0
2024-08-17,ZEYTY,Zeytinyağı 1L,243.0,273.88,0,0
2024-08-18,ZEYTY,Zeytinyağı 1L,304.0,276.07,1,0
2024-08-19,ZEYTY,Zeytinyağı 1L,298.0,285.65,0,0
2024-08-20,ZEYTY,Zeytinyağı 1L,335.0,280.39,0,0
2024-08-21,ZEYTY,Zeytinyağı 1L,347.0,287.0,0,0
2024-08-22,ZEYTY,Zeytinyağı 1L,331.0,274.56,0,0
2024-08-23,ZEYTY,Zeytinyağı 1L,414.0,276.85,1,0
2024-08-24,ZEYTY,Zeytinyağı 1L,207.0,272.45,0,0
2024-08-25,ZEYTY,Zeytinyağı 1L,243.0,271.65,0,0
2024-08-26,ZEYTY,Zeytinyağı 1L,284.0,278.49,0,0
2024-08-27,ZEYTY,Zeytinyağı 1L,353.0,276.14,0,0
2024-08-28,ZEYTY,Zeytinyağı 1L,321.0,276.07,0,0
2024-08-29,ZEYTY,Zeytinyağı 1L,323.0,274.76,0,0
2024-08-30,ZEYTY,Zeytinyağı 1L,137.0,273.58,0,1
2024-08-31,ZEYTY,Zeytinyağı 1L,227.0,289.97,0,0
2024-09-01,ZEYTY,Zeytinyağı 1L,229.0,275.48,0,0
2024-09-02,ZEYTY,Zeytinyağı 1L,350.0,273.5,0,0
2024-09-03,ZEYTY,Zeytinyağı 1L,308.0,264.23,0,0
2024-09-04,ZEYTY,Zeytinyağı 1L,314.0,281.99,0,0
2024-09-05,ZEYTY,Zeytinyağı 1L,333.0,272.97,0,0
2024-09-06,ZEYTY,Zeytinyağı 1L,327.0,282.62,0,0
2024-09-07,ZEYTY,Zeytinyağı 1L,238.0,273.21,0,0
2024-09-08,ZEYTY,Zeytinyağı 1L,244.0,275.5,0,0
2024-09-09,ZEYTY,Zeytinyağı 1L,255.0,286.04,0,0
2024-09-10,ZEYTY,Zeytinyağı 1L,277.0,278.48,0,0
2024-09-11,ZEYTY,Zeytinyağı 1L,310.0,291.51,0,0
2024-09-12,ZEYTY,Zeytinyağı 1L,321.0,282.16,0,0
2024-09-13,ZEYTY,Zeytinyağı 1L,284.5,273.61,0,0
2024-09-14,ZEYTY,Zeytinyağı 1L,248.0,286.96,0,0
2024-09-15,ZEYTY,Zeytinyağı 1L,231.0,289.03,0,0
2024-09-16,ZEYTY,Zeytinyağı 1L,315.0,279.88,0,0
2024-09-17,ZEYTY,Zeytinyağı 1L,295.0,276.75,0,0
2024-09-18,ZEYTY,Zeytinyağı 1L,302.0,278.89,0,0
2024-09-19,ZEYTY,Zeytinyağı 1L,326.0,280.95,0,0
2024-09-20,ZEYTY,Zeytinyağı 1L,365.0,280.16,0,0
2024-09-21,ZEYTY,Zeytinyağı 1L,244.0,278.42,0,0
2024-09-22,ZEYTY,Zeytinyağı 1L,254.0,290.13,0,0
2024-09-23,ZEYTY,Zeytinyağı 1L,314.0,285.19,0,0
2024-09-24,ZEYTY,Zeytinyağı 1L,288.0,283.44,0,0
2024-09-25,ZEYTY,Zeytinyağı 1L,329.0,281.69,0,0
2024-09-26,ZEYTY,Zeytinyağı 1L,348.0,279.1,0,0
2024-09-27,ZEYTY,Zeytinyağı 1L,364.0,272.3,0,0
2024-09-28,ZEYTY,Zeytinyağı 1L,467.0,284.14,0,0
2024-09-29,ZEYTY,Zeytinyağı 1L,239.0,278.35,0,0
2024-09-30,ZEYTY,Zeytinyağı 1L,325.0,287.74,0,0
2024-10-01,ZEYTY,Zeytinyağı 1L,319.0,280.12,0,0
2024-10-02,ZEYTY,Zeytinyağı 1L,313.0,289.34,0,0
2024-10-03,ZEYTY,Zeytinyağı 1L,360.0,279.29,0,0
2024-10-04,ZEYTY,Zeytinyağı 1L,467.0,280.35,1,0
2024-10-05,ZEYTY,Zeytinyağı 1L,226.0,274.5,0,0
2024-10-06,ZEYTY,Zeytinyağı 1L,218.0,287.97,0,0
2024-10-07,ZEYTY,Zeytinyağı 1L,329.0,278.89,0,0
2024-10-08,ZEYTY,Zeytinyağı 1L,311.0,274.27,0,0
2024-10-09,ZEYTY,Zeytinyağı 1L,323.0,280.5,0,0
2024-10-10,ZEYTY,Zeytinyağı 1L,362.0,287.11,0,0
2024-10-11,ZEYTY,Zeytinyağı 1L,325.0,275.21,0,0
2024-10-12,ZEYTY,Zeytinyağı 1L,258.0,283.85,0,0
2024-10-13,ZEYTY,Zeytinyağı 1L,235.0,284.17,0,0
2024-10-14,ZEYTY,Zeytinyağı 1L,339.0,283.95,0,0
2024-10-15,ZEYTY,Zeytinyağı 1L,327.0,275.08,0,0
2024-10-16,ZEYTY,Zeytinyağı 1L,317.0,288.53,0,0
2024-10-17,ZEYTY,Zeytinyağı 1L,316.0,281.15,0,0
2024-10-18,ZEYTY,Zeytinyağı 1L,323.0,267.51,0,0
2024-10-19,ZEYTY,Zeytinyağı 1L,298.0,282.25,1,0
2024-10-20,ZEYTY,Zeytinyağı 1L,214.0,274.15,0,0
2024-10-21,ZEYTY,Zeytinyağı 1L,373.0,284.99,0,0
2024-10-22,ZEYTY,Zeytinyağı 1L,288.0,288.53,0,0
2024-10-23,ZEYTY,Zeytinyağı 1L,305.0,285.64,0,0
2024-10-24,ZEYTY,Zeytinyağı 1L,310.0,277.63,0,0
2024-10-25,ZEYTY,Zeytinyağı 1L,347.0,284.94,0,0
2024-10-26,ZEYTY,Zeytinyağı 1L,229.0,280.49,0,0
2024-10-27,ZEYTY,Zeytinyağı 1L,241.0,283.72,0,0
2024-10-28,ZEYTY,Zeytinyağı 1L,390.0,287.8,1,0
2024-10-29,ZEYTY,Zeytinyağı 1L,123.0,281.36,0,1
2024-10-30,ZEYTY,Zeytinyağı 1L,316.0,281.03,0,0
2024-10-31,ZEYTY,Zeytinyağı 1L,302.0,281.13,0,0
2024-11-01,ZEYTY,Zeytinyağı 1L,268.0,273.09,0,0
2024-11-02,ZEYTY,Zeytinyağı 1L,222.0,280.79,0,0
2024-11-03,ZEYTY,Zeytinyağı 1L,255.0,277.79,0,0
2024-11-04,ZEYTY,Zeytinyağı 1L,359.0,276.82,0,0
2024-11-05,ZEYTY,Zeytinyağı 1L,367.0,290.88,1,0
2024-11-06,ZEYTY,Zeytinyağı 1L,312.0,282.32,0,0
2024-11-07,ZEYTY,Zeytinyağı 1L,285.0,265.46,0,0
2024-11-08,ZEYTY,Zeytinyağı 1L,374.0,286.31,0,0
2024-11-09,ZEYTY,Zeytinyağı 1L,236.0,287.1,0,0
2024-11-10,ZEYTY,Zeytinyağı 1L,261.0,281.96,0,0
2024-11-11,ZEYTY,Zeytinyağı 1L,415.0,294.27,1,0
2024-11-12,ZEYTY,Zeytinyağı 1L,268.0,270.93,0,0
2024-11-13,ZEYTY,Zeytinyağı 1L,321.0,289.75,0,0
2024-11-14,ZEYTY,Zeytinyağı 1L,276.0,283.39,0,0
2024-11-15,ZEYTY,Zeytinyağı 1L,315.0,278.17,0,0
2024-11-16,ZEYTY,Zeytinyağı 1L,467.0,283.67,0,0
2024-11-17,ZEYTY,Zeytinyağı 1L,216.0,276.7,0,0
2024-11-18,ZEYTY,Zeytinyağı 1L,329.0,289.46,0,0
2024-11-19,ZEYTY,Zeytinyağı 1L,299.0,286.16,0,0
2024-11-20,ZEYTY,Zeytinyağı 1L,309.0,266.06,0,0
2024-11-21,ZEYTY,Zeytinyağı 1L,331.0,277.94,0,0
2024-11-22,ZEYTY,Zeytinyağı 1L,340.0,301.5,0,0
2024-11-23,ZEYTY,Zeytinyağı 1L,241.0,298.46,0,0
2024-11-24,ZEYTY,Zeytinyağı 1L,237.0,279.48,0,0
2024-11-25,ZEYTY,Zeytinyağı 1L,370.0,293.2,0,0
2024-11-26,ZEYTY,Zeytinyağı 1L,329.0,279.93,0,0
2024-11-27,ZEYTY,Zeytinyağı 1L,344.0,275.16,0,0
2024-11-28,ZEYTY,Zeytinyağı 1L,323.0,292.12,0,0
2024-11-29,ZEYTY,Zeytinyağı 1L,332.0,279.61,0,0
2024-11-30,ZEYTY,Zeytinyağı 1L,232.0,285.83,0,0
2024-12-01,ZEYTY,Zeytinyağı 1L,227.0,284.54,0,0
2024-12-02,ZEYTY,Zeytinyağı 1L,341.0,289.25,0,0
2024-12-03,ZEYTY,Zeytinyağı 1L,296.0,278.09,0,0
2024-12-04,ZEYTY,Zeytinyağı 1L,341.0,282.29,0,0
2024-12-05,ZEYTY,Zeytinyağı 1L,306.0,284.65,0,0
2024-12-06,ZEYTY,Zeytinyağı 1L,314.0,285.36,0,0
2024-12-07,ZEYTY,Zeytinyağı 1L,236.0,288.94,0,0
2024-12-08,ZEYTY,Zeytinyağı 1L,235.0,282.22,0,0
2024-12-09,ZEYTY,Zeytinyağı 1L,308.0,291.55,0,0
2024-12-10,ZEYTY,Zeytinyağı 1L,321.0,286.44,0,0
2024-12-11,ZEYTY,Zeytinyağı 1L,306.0,286.65,0,0
2024-12-12,ZEYTY,Zeytinyağı 1L,351.0,284.92,0,0
2024-12-13,ZEYTY,Zeytinyağı 1L,288.0,279.03,0,0
2024-12-14,ZEYTY,Zeytinyağı 1L,209.0,277.08,0,0
2024-12-15,ZEYTY,Zeytinyağı 1L,204.0,287.88,0,0
2024-12-16,ZEYTY,Zeytinyağı 1L,339.0,282.87,0,0
2024-12-17,ZEYTY,Zeytinyağı 1L,313.0,287.01,0,0
2024-12-18,ZEYTY,Zeytinyağı 1L,315.0,285.79,0,0
2024-12-19,ZEYTY,Zeytinyağı 1L,317.0,283.49,0,0
2024-12-20,ZEYTY,Zeytinyağı 1L,343.0,297.58,0,0
2024-12-21,ZEYTY,Zeytinyağı 1L,221.0,299.04,0,0
2024-12-22,ZEYTY,Zeytinyağı 1L,123.0,284.49,0,0
2024-12-23,ZEYTY,Zeytinyağı 1L,372.0,280.43,0,0
2024-12-24,ZEYTY,Zeytinyağı 1L,372.0,282.14,0,0
2024-12-25,ZEYTY,Zeytinyağı 1L,467.0,278.09,0,0
2024-12-26,ZEYTY,Zeytinyağı 1L,321.0,283.31,0,0
2024-12-27,ZEYTY,Zeytinyağı 1L,334.0,290.59,0,0
2024-12-28,ZEYTY,Zeytinyağı 1L,228.0,283.02,0,0
2024-12-29,ZEYTY,Zeytinyağı 1L,214.0,283.64,0,0
2024-12-30,ZEYTY,Zeytinyağı 1L,349.0,280.46,0,0
2024-12-31,ZEYTY,Zeytinyağı 1L,364.0,275.16,0,0
